{
    "core_count": 1314,
    "border_count": 23,
    "noise_count": 65,
    "noise_ratio": 0.046362339514978604,
    "neighbor_hist": [
        0,
        31,
        21,
        21,
        5,
        5,
        5,
        9,
        8,
        3,
        17,
        6,
        7,
        6,
        4,
        5,
        4,
        4,
        4,
        4,
        8,
        2,
        2,
        3,
        7,
        10,
        4,
        5,
        9,
        6,
        1,
        7,
        4,
        1,
        2,
        2,
        6,
        2,
        2,
        3,
        5,
        8,
        3,
        6,
        2,
        3,
        2,
        0,
        3,
        1115
    ],
    "combined_score": 0.49919622075713516,
    "silhouette": 0.42234113054956884,
    "davies_bouldin": 1.532713298943338,
    "sse": 6300.950723410435,
    "weights": {
        "alpha": 0.47,
        "beta": 0.53,
        "gamma": 0.0
    }
}