{
    "clean_state": "raw",
    "best_k": 31,
    "best_cov_type": "tied",
    "best_combined": 0.5300597907615917,
    "best_silhouette": 0.25330165869355764,
    "best_db": 1.1444540903057538,
    "best_sse": 1709.0511818515924,
    "weights": {
        "alpha": 0.47,
        "beta": 0.53,
        "gamma": 0.0
    },
    "n_iter_final": 1,
    "ll_curve_final": [
        -6.5765122743263325,
        -6.54595439248107,
        -6.531583362592024,
        -6.5144378520897215,
        -6.493276999035622,
        -6.473466585179228,
        -6.460313533391628,
        -6.447304530145214,
        -6.413131971257222,
        -6.3939475844931,
        -6.388532132460152,
        -6.3820572176264125,
        -6.378519761812253,
        -6.375579352629674,
        -6.371811568832666,
        -6.366558116248143,
        -6.3589301036923755,
        -6.343944065174308,
        -6.327686239519585,
        -6.316115823273749,
        -6.294536265010309,
        -6.248856726308981,
        -6.245436357783606,
        -6.241962354064352,
        -6.232734207227916,
        -6.221205511155358,
        -6.2126846957833255,
        -6.201872709989695,
        -6.198202603581663,
        -6.196668920339482,
        -6.195577169298252,
        -6.194782098243079
    ],
    "total_runtime_sec": 26.225993394851685
}