{
    "clean_state": "raw",
    "best_k": 26,
    "best_cov_type": "tied",
    "best_combined": 0.34972055199840535,
    "best_silhouette": 0.10549291155994682,
    "best_db": 1.6836485281606426,
    "n_iter_final": 1,
    "ll_curve_final": [
        -20.48043451829315,
        -15.38072527461799,
        -9.953181827173227,
        -9.913434860094908,
        -9.890045787217357,
        -9.873506223159387,
        -9.860399777626453,
        -9.845251544513637,
        -9.820724313155722,
        -9.801953618447271,
        -9.77092881555028,
        -9.751302426992055,
        -9.748967928272277,
        -9.748345416647354
    ],
    "total_runtime_sec": 23.42936396598816
}