{
    "clean_state": "raw",
    "best_k": 5,
    "linkage": "single",
    "metric": "manhattan",
    "combined": 2.2623656289249543,
    "silhouette": 0.5877022834336283,
    "davies_bouldin": 0.2539986386938552,
    "intra_dist_mean": 2.9722335139624243,
    "inter_dist_mean": 8.867321889825297,
    "ratio_intra_inter": 0.335189536467887,
    "n_merge_steps": 83,
    "total_runtime_sec": 0.9191267490386963
}