{
    "clean_state": "raw",
    "best_k": 5,
    "linkage": "single",
    "metric": "manhattan",
    "combined": 2.2623656524585383,
    "silhouette": 0.5877022834336283,
    "davies_bouldin": 0.25399863565730235,
    "intra_dist_mean": 2.9722335139624243,
    "inter_dist_mean": 8.867321889825297,
    "ratio_intra_inter": 0.335189536467887,
    "n_merge_steps": 83,
    "h_max": 9.511677673206776,
    "total_runtime_sec": 0.5053198337554932
}