{
    "clean_state": "raw",
    "best_k": 6,
    "linkage": "single",
    "metric": "euclidean",
    "combined": 0.7604098329409308,
    "silhouette": 0.5125942840392008,
    "davies_bouldin": 0.308738579646693,
    "sse": 461.2865013210106,
    "weights": {
        "alpha": 0.47,
        "beta": 0.53,
        "gamma": 0.0
    },
    "intra_dist_mean": 2.715827407587007,
    "inter_dist_mean": 8.132199071819068,
    "ratio_intra_inter": 0.33395977934160154,
    "n_merge_steps": 99,
    "h_max": 8.611361055541423,
    "total_runtime_sec": 1.0520217418670654
}