{
    "n_trials": 31,
    "avg_iterations": 14.548387096774194,
    "median_iterations": 14.0,
    "avg_auc_delta": 10.755276603182303,
    "avg_geo_decay": 0.6816561853321781,
    "best_k": 42,
    "best_combined_score": 0.5824179008479421,
    "best_sse": 1571.2625046936366,
    "total_runtime_sec": 13.7145516872406
}