{
    "centroid_movements": [
        1.5305031750822113e-15
    ],
    "sse_list": [
        1626.9632771439256,
        1626.9632771439256
    ],
    "final_iteration": 2
}