{
    "n_trials": 30,
    "avg_iterations": 9.033333333333333,
    "median_iterations": 9.0,
    "avg_auc_delta": 8.276735810523814,
    "avg_geo_decay": 0.550052766075608,
    "best_k": 7,
    "best_combined_score": 0.5382127013240894,
    "best_sse": 1779.0681050377907,
    "weights": {
        "alpha": 0.47,
        "beta": 0.53,
        "gamma": 0.0
    },
    "total_runtime_sec": 1.724433422088623
}