{
    "n_trials": 30,
    "avg_iterations": 14.566666666666666,
    "median_iterations": 12.0,
    "avg_auc_delta": 5.882971894196808,
    "avg_geo_decay": 0.6282562738134959,
    "best_k": 41,
    "best_combined_score": 0.7347447558473403,
    "best_sse": 873.7883041948535,
    "total_runtime_sec": 2.4993896484375
}