{
    "centroid_movements": [
        9.50906992765227e-16
    ],
    "sse_list": [
        977.5879678904369,
        977.5879678904371
    ],
    "final_iteration": 2
}