{
    "n_trials": 31,
    "avg_iterations": 13.903225806451612,
    "median_iterations": 14.0,
    "avg_auc_delta": 8.379906840680059,
    "avg_geo_decay": 0.6694941883901558,
    "best_k": 41,
    "best_combined_score": 0.7106602558114873,
    "best_sse": 908.9231568987263,
    "total_runtime_sec": 6.8725996017456055
}