{
    "n_trials": 31,
    "avg_iterations": 18.93548387096774,
    "median_iterations": 17.0,
    "avg_auc_delta": 13.498979596107485,
    "avg_geo_decay": 0.7485744859529401,
    "best_k": 37,
    "best_combined_score": 0.5092349249666768,
    "best_sse": 2102.151329510422,
    "weights": {
        "alpha": 0.47,
        "beta": 0.53,
        "gamma": 0.0
    },
    "total_runtime_sec": 12.300854682922363
}