{
    "n_trials": 31,
    "avg_iterations": 12.64516129032258,
    "median_iterations": 12.0,
    "avg_auc_delta": 8.543442672116415,
    "avg_geo_decay": 0.6886981165738332,
    "best_k": 20,
    "best_combined_score": 0.514574107836059,
    "best_sse": 654.6735244524066,
    "weights": {
        "alpha": 0.47,
        "beta": 0.53,
        "gamma": 0.0
    },
    "total_runtime_sec": 6.401444673538208
}