{
    "n_trials": 31,
    "avg_iterations": 3.0,
    "median_iterations": 3.0,
    "avg_auc_delta": 0.0,
    "avg_geo_decay": 0.0,
    "best_k": 8,
    "best_combined_score": 0.6800039167168475,
    "best_sse": 117.84273809336798,
    "weights": {
        "alpha": 0.47,
        "beta": 0.53,
        "gamma": 0.0
    },
    "total_runtime_sec": 0.27571606636047363
}