{
    "clean_state": "raw",
    "best_k": 8,
    "best_cov_type": "tied",
    "best_combined": 0.728624040526754,
    "best_silhouette": 0.3178828047060345,
    "best_db": 0.8776816537763512,
    "n_iter_final": 1,
    "ll_curve_final": [
        -7.532672420544576,
        -7.479550702166563,
        -7.456344020934496,
        -7.421128122504824,
        -7.389853074067535,
        -7.363086733704806,
        -7.3351302590617085,
        -7.32429964556416,
        -7.322656092562168,
        -7.322151383467432
    ],
    "total_runtime_sec": 12.449751377105713
}