{
    "clean_state": "raw",
    "best_k": 20,
    "best_cov_type": "tied",
    "best_combined": 0.39587495330298705,
    "best_silhouette": 0.07229851277899142,
    "best_db": 2.11212947706951,
    "best_sse": 4471.316314378799,
    "weights": {
        "alpha": 0.47,
        "beta": 0.53,
        "gamma": 0.0
    },
    "n_iter_final": 1,
    "ll_curve_final": [
        -21.95728816869929,
        -20.42076360897221,
        -16.671172315716987,
        -16.583416888641533,
        -16.534816747590305,
        -16.44631359719739,
        -16.388061531899023,
        -16.302746590536923,
        -16.060201743513733,
        -14.791118511635773,
        -12.56276126170558,
        -12.551602560323284,
        -12.548955969245558,
        -12.547364143545282,
        -12.545600666039734,
        -12.543824823953308,
        -12.542110271206228,
        -12.540029161240017,
        -12.538062936730002,
        -12.53695902822287,
        -12.536434335213892
    ],
    "total_runtime_sec": 20.337509870529175
}