{
    "n_trials": 31,
    "avg_iterations": 9.32258064516129,
    "median_iterations": 8.0,
    "avg_auc_delta": 16.113724040704174,
    "avg_geo_decay": 0.5747241218462158,
    "best_k": 14,
    "best_combined_score": 0.5119068264564669,
    "best_sse": 2487.4588133859525,
    "weights": {
        "alpha": 0.47,
        "beta": 0.53,
        "gamma": 0.0
    },
    "total_runtime_sec": 3.530930280685425
}