{
    "clean_state": "raw",
    "best_k": 5,
    "linkage": "single",
    "metric": "manhattan",
    "combined": 2.0395986416274443,
    "silhouette": 0.5771326403492736,
    "davies_bouldin": 0.2855458428004098,
    "intra_dist_mean": 3.3474779010173443,
    "inter_dist_mean": 11.06106268997068,
    "ratio_intra_inter": 0.3026361928182793,
    "n_merge_steps": 1382,
    "total_runtime_sec": 52.60721564292908
}