{
    "clean_state": "raw",
    "best_k": 5,
    "linkage": "single",
    "metric": "manhattan",
    "combined": 2.0395986416275074,
    "silhouette": 0.5771326403493959,
    "davies_bouldin": 0.28554584280040946,
    "intra_dist_mean": 3.347477901016285,
    "inter_dist_mean": 11.06106268997068,
    "ratio_intra_inter": 0.30263619281818355,
    "n_merge_steps": 1382,
    "h_max": 10.585461988420487,
    "total_runtime_sec": 38.027045488357544
}