{
    "core_count": 2263,
    "border_count": 38,
    "noise_count": 109,
    "noise_ratio": 0.045228215767634854,
    "neighbor_hist": [
        0,
        39,
        42,
        34,
        32,
        23,
        16,
        20,
        11,
        8,
        4,
        9,
        20,
        16,
        17,
        18,
        10,
        17,
        10,
        24,
        7,
        27,
        3,
        15,
        17,
        13,
        16,
        16,
        6,
        18,
        24,
        17,
        6,
        3,
        9,
        6,
        5,
        6,
        4,
        2,
        3,
        5,
        4,
        4,
        3,
        6,
        9,
        15,
        21,
        1750
    ],
    "combined_score": 0.5474486044386685,
    "silhouette": 0.5400701513643829,
    "davies_bouldin": 1.294893746281837,
    "sse": 2078.820756956874,
    "weights": {
        "alpha": 0.47,
        "beta": 0.53,
        "gamma": 0.0
    }
}