{
    "clean_state": "raw",
    "best_k": 5,
    "linkage": "single",
    "metric": "euclidean",
    "combined": 2.2815907960505015,
    "silhouette": 0.5743221483630505,
    "davies_bouldin": 0.25069822943244696,
    "intra_dist_mean": 2.6726408286018986,
    "inter_dist_mean": 8.444255172488885,
    "ratio_intra_inter": 0.316504034282261,
    "n_merge_steps": 64,
    "total_runtime_sec": 0.789189338684082
}