{
    "clean_state": "raw",
    "best_k": 14,
    "linkage": "single",
    "metric": "euclidean",
    "combined": 0.6335793441066863,
    "silhouette": 0.2999044866568267,
    "davies_bouldin": 0.6135928878560037,
    "sse": 4558.444929929983,
    "weights": {
        "alpha": 0.47,
        "beta": 0.53,
        "gamma": 0.0
    },
    "intra_dist_mean": 5.052896030059165,
    "inter_dist_mean": 8.548598631277523,
    "ratio_intra_inter": 0.5910788712867032,
    "n_merge_steps": 357,
    "h_max": 7.653472888793777,
    "total_runtime_sec": 4.101093053817749
}