{
    "clean_state": "raw",
    "best_k": 13,
    "linkage": "single",
    "metric": "euclidean",
    "combined": 1.941977340531349,
    "silhouette": 0.4853041136837079,
    "davies_bouldin": 0.29423442633327007,
    "intra_dist_mean": 3.1909950689311635,
    "inter_dist_mean": 9.716230589506957,
    "ratio_intra_inter": 0.32841903447381643,
    "n_merge_steps": 1441,
    "total_runtime_sec": 53.83714842796326
}