{
    "clean_state": "raw",
    "best_k": 5,
    "linkage": "single",
    "metric": "manhattan",
    "combined": 2.7033102317657165,
    "silhouette": 0.6048652088546704,
    "davies_bouldin": 0.2082571782528963,
    "intra_dist_mean": 2.7422090990017756,
    "inter_dist_mean": 9.905524105610533,
    "ratio_intra_inter": 0.2768363460393074,
    "n_merge_steps": 141,
    "total_runtime_sec": 1.1477904319763184
}