{
    "clean_state": "raw",
    "best_k": 5,
    "linkage": "average",
    "metric": "manhattan",
    "combined": 2.70331018609608,
    "silhouette": 0.6048652088546702,
    "davies_bouldin": 0.20825718221437678,
    "intra_dist_mean": 2.7422090990017756,
    "inter_dist_mean": 9.905524105610533,
    "ratio_intra_inter": 0.2768363460393074,
    "n_merge_steps": 141,
    "h_max": 16.62464310783039,
    "total_runtime_sec": 0.8041698932647705
}