{
    "n_trials": 30,
    "avg_iterations": 14.4,
    "median_iterations": 14.5,
    "avg_auc_delta": 9.075570802725581,
    "avg_geo_decay": 0.70041727467082,
    "best_k": 37,
    "best_combined_score": 0.5174116320335806,
    "best_sse": 1975.3153094674092,
    "weights": {
        "alpha": 0.47,
        "beta": 0.53,
        "gamma": 0.0
    },
    "total_runtime_sec": 6.716770648956299
}