{
    "clean_state": "raw",
    "best_k": 30,
    "best_cov_type": "spherical",
    "best_combined": 0.572537708372986,
    "best_silhouette": 0.44691926172609153,
    "best_db": 1.0697239551658078,
    "best_sse": 2300.887703080771,
    "weights": {
        "alpha": 0.47,
        "beta": 0.53,
        "gamma": 0.0
    },
    "n_iter_final": 1,
    "ll_curve_final": [
        -2.949003334746947,
        -2.7913464270483956,
        -2.703130302412096,
        -2.659988849631978,
        -2.63485461716407,
        -2.6045524727592357,
        -2.5370814595084896,
        -2.5040471970296028,
        -2.480762511141376,
        -2.4379177259461615,
        -2.430560209066813,
        -2.4208822311542857,
        -2.4051222196360054,
        -2.3839450901003656,
        -2.3463506132300167,
        -2.331373822690779,
        -2.3155006613563853,
        -2.302002161838855,
        -2.2691660274666687,
        -2.2241647899234436,
        -2.206079447058859,
        -2.1709450394339997,
        -2.17067122476264
    ],
    "total_runtime_sec": 22.283007383346558
}