{
    "n_trials": 30,
    "avg_iterations": 11.3,
    "median_iterations": 11.0,
    "avg_auc_delta": 5.0683213754969225,
    "avg_geo_decay": 0.6650316168561357,
    "best_k": 13,
    "best_combined_score": 0.5270189656356195,
    "best_sse": 818.511116975334,
    "weights": {
        "alpha": 0.47,
        "beta": 0.53,
        "gamma": 0.0
    },
    "total_runtime_sec": 1.8834333419799805
}