{
    "n_trials": 31,
    "avg_iterations": 13.548387096774194,
    "median_iterations": 12.0,
    "avg_auc_delta": 22.17626960246987,
    "avg_geo_decay": 0.6536458902410157,
    "best_k": 31,
    "best_combined_score": 0.34276681742458104,
    "best_sse": 8021.26411781817,
    "total_runtime_sec": 13.313642978668213
}