{
    "centroid_movements": [
        0.0
    ],
    "sse_list": [
        8294.017290587377,
        8294.017290587377
    ],
    "final_iteration": 2
}