{
    "n_trials": 30,
    "avg_iterations": 13.9,
    "median_iterations": 12.5,
    "avg_auc_delta": 16.2175896920968,
    "avg_geo_decay": 0.6907433282769648,
    "best_k": 31,
    "best_combined_score": 0.3418749647975924,
    "best_sse": 7744.910608009439,
    "total_runtime_sec": 1.7958099842071533
}