{
    "n_trials": 30,
    "avg_iterations": 10.733333333333333,
    "median_iterations": 11.0,
    "avg_auc_delta": 5.331348668321409,
    "avg_geo_decay": 0.5703566943315066,
    "best_k": 45,
    "best_combined_score": 0.8325210755804653,
    "best_sse": 803.3177598339619,
    "total_runtime_sec": 3.3027591705322266
}