{
    "n_trials": 31,
    "avg_iterations": 13.741935483870968,
    "median_iterations": 12.0,
    "avg_auc_delta": 7.843777693014759,
    "avg_geo_decay": 0.6419314809293488,
    "best_k": 45,
    "best_combined_score": 0.7932732616698961,
    "best_sse": 919.5401461446838,
    "total_runtime_sec": 15.173585176467896
}