{
    "core_count": 1780,
    "border_count": 28,
    "noise_count": 25,
    "noise_ratio": 0.013638843426077468,
    "neighbor_hist": [
        0,
        3,
        2,
        1,
        0,
        3,
        0,
        2,
        8,
        2,
        5,
        2,
        1,
        2,
        5,
        5,
        12,
        6,
        2,
        0,
        0,
        3,
        1,
        19,
        3,
        0,
        1,
        0,
        8,
        3,
        0,
        11,
        13,
        0,
        1,
        0,
        5,
        5,
        1,
        1,
        2,
        0,
        1,
        0,
        0,
        3,
        0,
        0,
        2,
        1689
    ],
    "combined_score": 0.6482032813724933,
    "silhouette": 0.6688910184171485,
    "davies_bouldin": 0.8480710034424994,
    "sse": 4889.54364630066,
    "weights": {
        "alpha": 0.47,
        "beta": 0.53,
        "gamma": 0.0
    }
}