{
    "clean_state": "raw",
    "best_k": 7,
    "linkage": "single",
    "metric": "euclidean",
    "combined": 2.3913785748326575,
    "silhouette": 0.6023810236760075,
    "davies_bouldin": 0.23921292483301246,
    "intra_dist_mean": 3.3499155089121246,
    "inter_dist_mean": 11.31654789855709,
    "ratio_intra_inter": 0.29601920470278376,
    "n_merge_steps": 1191,
    "h_max": 6.0418359958292065,
    "total_runtime_sec": 27.31221294403076
}