{
    "clean_state": "raw",
    "best_k": 7,
    "linkage": "single",
    "metric": "euclidean",
    "combined": 2.391378574832603,
    "silhouette": 0.6023810236758976,
    "davies_bouldin": 0.23921292483301246,
    "intra_dist_mean": 3.349915508912992,
    "inter_dist_mean": 11.31654789855709,
    "ratio_intra_inter": 0.2960192047028604,
    "n_merge_steps": 1191,
    "total_runtime_sec": 46.03396773338318
}