{
    "core_count": 380,
    "border_count": 31,
    "noise_count": 28,
    "noise_ratio": 0.06378132118451026,
    "neighbor_hist": [
        0,
        7,
        9,
        6,
        7,
        4,
        13,
        2,
        5,
        6,
        8,
        17,
        3,
        5,
        6,
        4,
        8,
        3,
        6,
        2,
        0,
        3,
        3,
        1,
        3,
        8,
        8,
        7,
        2,
        1,
        3,
        4,
        1,
        1,
        2,
        1,
        5,
        1,
        1,
        5,
        5,
        7,
        1,
        2,
        3,
        3,
        2,
        6,
        0,
        229
    ],
    "combined_score": 0.5572883487924425,
    "silhouette": 0.4595440092426633,
    "davies_bouldin": 1.1705027224484585,
    "sse": 2098.4771039789057,
    "weights": {
        "alpha": 0.47,
        "beta": 0.53,
        "gamma": 0.0
    }
}