{
    "clean_state": "raw",
    "best_k": 15,
    "best_cov_type": "tied",
    "best_combined": 0.469444986916697,
    "best_silhouette": 0.17284137000713304,
    "best_db": 1.506986118308861,
    "best_sse": 8893.379075214498,
    "weights": {
        "alpha": 0.47,
        "beta": 0.53,
        "gamma": 0.0
    },
    "n_iter_final": 1,
    "ll_curve_final": [
        -18.243244127847344,
        -12.200536387352926,
        -11.931241038025707,
        -11.677613488211888,
        -11.576425525742769,
        -11.563015009686438,
        -11.548863640685774,
        -11.543689691377102,
        -11.534819855883677,
        -11.530485933230157,
        -11.530180191582355
    ],
    "total_runtime_sec": 9.389612197875977
}