{
    "clean_state": "raw",
    "best_k": 6,
    "best_cov_type": "tied",
    "best_combined": 0.5264714360690528,
    "best_silhouette": 0.279683446557992,
    "best_db": 1.19788985023763,
    "best_sse": 5672.840452558205,
    "weights": {
        "alpha": 0.47,
        "beta": 0.53,
        "gamma": 0.0
    },
    "n_iter_final": 1,
    "ll_curve_final": [
        -9.01071568059294,
        -8.947632110798201,
        -8.93227301945252,
        -8.919377753329771,
        -8.897598552150821,
        -8.858772019766597,
        -8.821510234977685,
        -8.801774677070355,
        -8.78989859200155,
        -8.785783924992181,
        -8.784663735815718,
        -8.784131977929635
    ],
    "total_runtime_sec": 26.35727620124817
}