{
    "clean_state": "raw",
    "best_k": 9,
    "best_cov_type": "tied",
    "best_combined": 0.6213915703316126,
    "best_silhouette": 0.26050720907190034,
    "best_db": 1.0180438793608242,
    "n_iter_final": 1,
    "ll_curve_final": [
        -8.428881708369103,
        -8.353466169317379,
        -8.336439558713455,
        -8.32768945265525,
        -8.324022198555818,
        -8.322883531795,
        -8.322410831190869
    ],
    "total_runtime_sec": 21.474844694137573
}