{
    "clean_state": "raw",
    "best_k": 16,
    "best_cov_type": "tied",
    "best_combined": 0.5715513869078023,
    "best_silhouette": 0.30682942284208237,
    "best_db": 0.9440109393747527,
    "best_sse": 763.7906310123151,
    "weights": {
        "alpha": 0.47,
        "beta": 0.53,
        "gamma": 0.0
    },
    "n_iter_final": 1,
    "ll_curve_final": [
        28.856916742682095,
        29.129257584442644,
        29.16938862022813,
        29.171917863477287,
        29.17192322821882
    ],
    "total_runtime_sec": 3.9303689002990723
}