{
    "n_trials": 31,
    "avg_iterations": 3.161290322580645,
    "median_iterations": 3.0,
    "avg_auc_delta": 3.9455262600737977,
    "avg_geo_decay": 0.243185277641519,
    "best_k": 8,
    "best_combined_score": 0.6776005166340455,
    "best_sse": 179.34304869949446,
    "weights": {
        "alpha": 0.47,
        "beta": 0.53,
        "gamma": 0.0
    },
    "total_runtime_sec": 1.2757768630981445
}