{
    "n_trials": 31,
    "avg_iterations": 6.903225806451613,
    "median_iterations": 6.0,
    "avg_auc_delta": 6.439947137307826,
    "avg_geo_decay": 0.44444016457143776,
    "best_k": 11,
    "best_combined_score": 0.5304756687682645,
    "best_sse": 2576.2245650572495,
    "weights": {
        "alpha": 0.47,
        "beta": 0.53,
        "gamma": 0.0
    },
    "total_runtime_sec": 41.90734934806824
}