{
    "n_trials": 31,
    "avg_iterations": 9.483870967741936,
    "median_iterations": 9.0,
    "avg_auc_delta": 6.635747471851508,
    "avg_geo_decay": 0.571625034390183,
    "best_k": 44,
    "best_combined_score": 0.6327487537078295,
    "best_sse": 721.1435031033789,
    "weights": {
        "alpha": 0.47,
        "beta": 0.53,
        "gamma": 0.0
    },
    "total_runtime_sec": 18.9669668674469
}