{
    "clean_state": "raw",
    "best_k": 8,
    "best_cov_type": "diag",
    "best_combined": 0.5375772173117356,
    "best_silhouette": 0.19262990189193296,
    "best_db": 1.0226863767289052,
    "best_sse": 255.44825883871647,
    "weights": {
        "alpha": 0.47,
        "beta": 0.53,
        "gamma": 0.0
    },
    "n_iter_final": 1,
    "ll_curve_final": [
        28.349803887302855,
        28.45287989650222,
        28.478338301386422,
        28.48800781973712,
        28.493970162089315,
        28.50914957083507,
        28.533159685203007,
        28.53973185826787,
        28.539951478320507
    ],
    "total_runtime_sec": 3.355769157409668
}