{
    "n_trials": 30,
    "avg_iterations": 3.0,
    "median_iterations": 3.0,
    "avg_auc_delta": 3.035551221280742,
    "avg_geo_decay": 0.1937874437902209,
    "best_k": 12,
    "best_combined_score": 1.4567191755959894,
    "best_sse": 84.63520076630881,
    "total_runtime_sec": 0.16358447074890137
}