{
    "n_trials": 31,
    "avg_iterations": 4.032258064516129,
    "median_iterations": 4.0,
    "avg_auc_delta": 4.177597222591233,
    "avg_geo_decay": 0.3317243631061943,
    "best_k": 12,
    "best_combined_score": 1.438372263825273,
    "best_sse": 85.31483439271125,
    "total_runtime_sec": 2.613332748413086
}