{
    "n_trials": 20,
    "avg_iterations": 2.6,
    "median_iterations": 3.0,
    "avg_auc_delta": 1.257858011710052,
    "avg_geo_decay": 0.09149225460149243,
    "best_k": 8,
    "best_combined_score": 0.7520132480326236,
    "best_sse": 49.57760163639598,
    "weights": {
        "alpha": 0.47,
        "beta": 0.53,
        "gamma": 0.0
    },
    "total_runtime_sec": 0.18752193450927734
}