{
    "core_count": 268,
    "border_count": 1,
    "noise_count": 17,
    "noise_ratio": 0.05944055944055944,
    "neighbor_hist": [
        0,
        11,
        6,
        1,
        0,
        5,
        10,
        9,
        0,
        0,
        10,
        0,
        0,
        0,
        0,
        0,
        0,
        0,
        0,
        0,
        0,
        0,
        0,
        0,
        0,
        0,
        0,
        0,
        1,
        0,
        3,
        27,
        0,
        0,
        0,
        1,
        0,
        0,
        1,
        0,
        0,
        0,
        0,
        0,
        0,
        0,
        0,
        0,
        0,
        201
    ],
    "combined_score": 0.5014441319614167,
    "silhouette": 0.752563196436707,
    "davies_bouldin": 1.750722348732834,
    "sse": 38.424054346508875,
    "weights": {
        "alpha": 0.47,
        "beta": 0.53,
        "gamma": 0.0
    }
}