{
    "clean_state": "raw",
    "best_k": 6,
    "linkage": "single",
    "metric": "manhattan",
    "combined": 2.9507479504970515,
    "silhouette": 0.7011762593800035,
    "davies_bouldin": 0.19229587196867293,
    "intra_dist_mean": 2.6294206399152267,
    "inter_dist_mean": 11.888765329932234,
    "ratio_intra_inter": 0.22116852061121414,
    "n_merge_steps": 401,
    "total_runtime_sec": 3.438237428665161
}