{
    "clean_state": "raw",
    "best_k": 13,
    "linkage": "single",
    "metric": "manhattan",
    "combined": 2.039509659255174,
    "silhouette": 0.5405821764651146,
    "davies_bouldin": 0.2826106441506533,
    "intra_dist_mean": 2.164729469946287,
    "inter_dist_mean": 7.717195245911426,
    "ratio_intra_inter": 0.28050728288789656,
    "n_merge_steps": 401,
    "h_max": 20.08715003900517,
    "total_runtime_sec": 2.2611145973205566
}