{
    "centroid_movements": [
        3.520762219259112e-16
    ],
    "sse_list": [
        1526.4545203130542,
        1526.4545203130542
    ],
    "final_iteration": 2
}