{
    "n_trials": 31,
    "avg_iterations": 11.387096774193548,
    "median_iterations": 11.0,
    "avg_auc_delta": 12.551794065131448,
    "avg_geo_decay": 0.6323099473965293,
    "best_k": 27,
    "best_combined_score": 0.5255519830636874,
    "best_sse": 1759.179630347201,
    "total_runtime_sec": 5.85599684715271
}