{
    "n_trials": 30,
    "avg_iterations": 9.666666666666666,
    "median_iterations": 10.0,
    "avg_auc_delta": 7.773375786943275,
    "avg_geo_decay": 0.549372537747939,
    "best_k": 27,
    "best_combined_score": 0.6531383568414281,
    "best_sse": 1486.811327916094,
    "total_runtime_sec": 1.144395351409912
}