{
    "n_trials": 31,
    "avg_iterations": 13.451612903225806,
    "median_iterations": 11.0,
    "avg_auc_delta": 20.776535850059595,
    "avg_geo_decay": 0.5254059517082853,
    "best_k": 10,
    "best_combined_score": 0.5638860566789983,
    "best_sse": 5108.232157990753,
    "weights": {
        "alpha": 0.47,
        "beta": 0.53,
        "gamma": 0.0
    },
    "total_runtime_sec": 85.77590870857239
}