{
    "core_count": 1583,
    "border_count": 61,
    "noise_count": 100,
    "noise_ratio": 0.05733944954128441,
    "neighbor_hist": [
        0,
        29,
        48,
        43,
        41,
        50,
        34,
        26,
        25,
        30,
        38,
        34,
        25,
        13,
        19,
        15,
        27,
        13,
        43,
        19,
        22,
        8,
        19,
        26,
        17,
        25,
        12,
        23,
        12,
        10,
        6,
        8,
        6,
        5,
        8,
        16,
        5,
        5,
        7,
        7,
        2,
        3,
        8,
        6,
        9,
        7,
        4,
        6,
        10,
        870
    ],
    "combined_score": 0.4302284838904407,
    "silhouette": 0.02324260173790505,
    "davies_bouldin": 1.6522605857194095,
    "sse": 5981.4662986253925,
    "weights": {
        "alpha": 0.47,
        "beta": 0.53,
        "gamma": 0.0
    }
}