{
    "clean_state": "raw",
    "best_k": 5,
    "linkage": "single",
    "metric": "euclidean",
    "combined": 0.5827578302769212,
    "silhouette": 0.23875676434047124,
    "davies_bouldin": 0.8059496929471328,
    "sse": 1243.5749114328146,
    "weights": {
        "alpha": 0.47,
        "beta": 0.53,
        "gamma": 0.0
    },
    "intra_dist_mean": 5.4502548379073215,
    "inter_dist_mean": 7.850213475608956,
    "ratio_intra_inter": 0.6942810988313717,
    "n_merge_steps": 84,
    "h_max": 6.102122826058304,
    "total_runtime_sec": 1.0512559413909912
}