{
    "clean_state": "raw",
    "best_k": 5,
    "linkage": "single",
    "metric": "manhattan",
    "combined": 1.4037728004247845,
    "silhouette": 0.32184268396128074,
    "davies_bouldin": 0.4023006905635545,
    "intra_dist_mean": 3.2846492687486366,
    "inter_dist_mean": 8.21892186837992,
    "ratio_intra_inter": 0.3996447856968974,
    "n_merge_steps": 322,
    "total_runtime_sec": 5.535427093505859
}