{
    "clean_state": "raw",
    "best_k": 6,
    "linkage": "single",
    "metric": "euclidean",
    "combined": 0.6574554743821691,
    "silhouette": 0.32531587106668414,
    "davies_bouldin": 0.5316050410371669,
    "sse": 17367.343870983423,
    "weights": {
        "alpha": 0.47,
        "beta": 0.53,
        "gamma": 0.0
    },
    "intra_dist_mean": 5.786143870520339,
    "inter_dist_mean": 10.984437961499669,
    "ratio_intra_inter": 0.5267583003154264,
    "n_merge_steps": 999,
    "h_max": 9.478449211521097,
    "total_runtime_sec": 27.486123085021973
}