{
    "clean_state": "raw",
    "best_k": 5,
    "linkage": "single",
    "metric": "manhattan",
    "combined": 1.5415197689991629,
    "silhouette": 0.3430353880396737,
    "davies_bouldin": 0.3649629508827899,
    "intra_dist_mean": 3.4727079535517795,
    "inter_dist_mean": 15.595873723992126,
    "ratio_intra_inter": 0.22266838107372394,
    "n_merge_steps": 2409,
    "h_max": 62.78332762396259,
    "total_runtime_sec": 139.01177740097046
}