{
    "clean_state": "raw",
    "best_k": 5,
    "linkage": "single",
    "metric": "euclidean",
    "combined": 1.5415197689991524,
    "silhouette": 0.34303538803965694,
    "davies_bouldin": 0.3649629508827904,
    "intra_dist_mean": 3.4727079535518643,
    "inter_dist_mean": 15.595873723992126,
    "ratio_intra_inter": 0.22266838107372938,
    "n_merge_steps": 2409,
    "total_runtime_sec": 155.89790105819702
}