{
    "n_trials": 31,
    "avg_iterations": 16.322580645161292,
    "median_iterations": 14.0,
    "avg_auc_delta": 11.198408531570307,
    "avg_geo_decay": 0.6697639579066859,
    "best_k": 11,
    "best_combined_score": 0.5150828443848523,
    "best_sse": 2861.2741716691703,
    "weights": {
        "alpha": 0.47,
        "beta": 0.53,
        "gamma": 0.0
    },
    "total_runtime_sec": 3.374986171722412
}