{
    "n_trials": 31,
    "avg_iterations": 14.741935483870968,
    "median_iterations": 13.0,
    "avg_auc_delta": 12.040577479636797,
    "avg_geo_decay": 0.6742786653908415,
    "best_k": 10,
    "best_combined_score": 0.5439388919272702,
    "best_sse": 3546.4815647768996,
    "weights": {
        "alpha": 0.47,
        "beta": 0.53,
        "gamma": 0.0
    },
    "total_runtime_sec": 19.453178644180298
}