{
    "clean_state": "raw",
    "best_k": 35,
    "best_cov_type": "spherical",
    "best_combined": 0.6184389101632791,
    "best_silhouette": 0.4402599960707497,
    "best_db": 0.8194615974389173,
    "best_sse": 1263.1387076406218,
    "weights": {
        "alpha": 0.47,
        "beta": 0.53,
        "gamma": 0.0
    },
    "n_iter_final": 1,
    "ll_curve_final": [
        -3.1006626143842824,
        -2.9708948341892554,
        -2.906621510408351,
        -2.8512357059632696,
        -2.8126497580870655,
        -2.77457563096887,
        -2.761461575098554,
        -2.751310548993037,
        -2.73955293431373,
        -2.7329954966862675,
        -2.7292180837403635,
        -2.7263167400113213,
        -2.725790819144133
    ],
    "total_runtime_sec": 69.73739790916443
}