{
    "n_trials": 31,
    "avg_iterations": 21.193548387096776,
    "median_iterations": 19.0,
    "avg_auc_delta": 13.562188529108807,
    "avg_geo_decay": 0.6922813502584192,
    "best_k": 48,
    "best_combined_score": 0.5387399543996514,
    "best_sse": 2275.202076297912,
    "total_runtime_sec": 13.912310361862183
}