{
    "n_trials": 30,
    "avg_iterations": 10.033333333333333,
    "median_iterations": 11.0,
    "avg_auc_delta": 7.921885660420922,
    "avg_geo_decay": 0.5512540668308109,
    "best_k": 28,
    "best_combined_score": 0.5744456647515598,
    "best_sse": 1512.6683106166925,
    "weights": {
        "alpha": 0.47,
        "beta": 0.53,
        "gamma": 0.0
    },
    "total_runtime_sec": 1.9646925926208496
}