{
    "n_trials": 31,
    "avg_iterations": 11.193548387096774,
    "median_iterations": 10.0,
    "avg_auc_delta": 16.0405996248177,
    "avg_geo_decay": 0.6158474939294648,
    "best_k": 21,
    "best_combined_score": 0.47241724782370076,
    "best_sse": 3455.748072457333,
    "weights": {
        "alpha": 0.47,
        "beta": 0.53,
        "gamma": 0.0
    },
    "total_runtime_sec": 5.171272277832031
}