{
    "n_trials": 31,
    "avg_iterations": 5.258064516129032,
    "median_iterations": 6.0,
    "avg_auc_delta": 8.544973523068434,
    "avg_geo_decay": 0.5675472670065846,
    "best_k": 11,
    "best_combined_score": 0.6581877789123975,
    "best_sse": 201.98621867184286,
    "weights": {
        "alpha": 0.47,
        "beta": 0.53,
        "gamma": 0.0
    },
    "total_runtime_sec": 0.4158589839935303
}