{
    "n_trials": 31,
    "avg_iterations": 7.516129032258065,
    "median_iterations": 8.0,
    "avg_auc_delta": 6.897742964502182,
    "avg_geo_decay": 0.5137559996878863,
    "best_k": 9,
    "best_combined_score": 0.5068739318502017,
    "best_sse": 2913.278466340354,
    "weights": {
        "alpha": 0.47,
        "beta": 0.53,
        "gamma": 0.0
    },
    "total_runtime_sec": 6.243325471878052
}