{
    "clean_state": "raw",
    "best_k": 9,
    "best_cov_type": "tied",
    "best_combined": 0.5525403618639643,
    "best_silhouette": 0.2784406437630164,
    "best_db": 1.0274562197723869,
    "best_sse": 4386.72853158713,
    "weights": {
        "alpha": 0.47,
        "beta": 0.53,
        "gamma": 0.0
    },
    "n_iter_final": 1,
    "ll_curve_final": [
        -8.77838322471832,
        -8.688388598396536,
        -8.665862674371466,
        -8.657853471412022,
        -8.6544330446167,
        -8.652700341161362,
        -8.651190637613048,
        -8.649888763797522,
        -8.648999520899553
    ],
    "total_runtime_sec": 28.665597438812256
}