{
    "clean_state": "raw",
    "best_k": 30,
    "best_cov_type": "tied",
    "best_combined": 0.6278325837915266,
    "best_silhouette": 0.3233045982799553,
    "best_db": 1.0725464299154777,
    "n_iter_final": 1,
    "ll_curve_final": [
        -6.081789195161137,
        -6.016948425966798,
        -5.977780156325267,
        -5.954794952875579,
        -5.94352851209928,
        -5.932717021234583,
        -5.921701362117332,
        -5.9181321920280165,
        -5.915420245104447,
        -5.9112549308510545,
        -5.908067705969002,
        -5.900661643349246,
        -5.897254743603012,
        -5.896793894562705
    ],
    "total_runtime_sec": 47.8644495010376
}