{
    "clean_state": "raw",
    "best_k": 26,
    "best_cov_type": "tied",
    "best_combined": 0.5122685104166684,
    "best_silhouette": 0.20889849475496702,
    "best_db": 1.2161016982978732,
    "best_sse": 6819.428774705252,
    "weights": {
        "alpha": 0.47,
        "beta": 0.53,
        "gamma": 0.0
    },
    "n_iter_final": 1,
    "ll_curve_final": [
        -15.940737120228606,
        -10.480850422496049,
        -10.418209691521218,
        -10.349819756715892,
        -10.289496262889413,
        -10.273143808588259,
        -10.112300728952958,
        -10.111282074430648,
        -10.110090660690258,
        -10.109260348359452
    ],
    "total_runtime_sec": 11.712742805480957
}