{
    "clean_state": "raw",
    "best_k": 21,
    "best_cov_type": "tied",
    "best_combined": 0.9053610771801637,
    "best_silhouette": 0.5864978794868397,
    "best_db": 0.8168437928608635,
    "n_iter_final": 1,
    "ll_curve_final": [
        -3.7264514040644556,
        0.3860102771406632,
        1.783582837258429,
        1.8841562508913996,
        1.8910919583790557,
        1.892475571620982,
        1.892529825183869
    ],
    "total_runtime_sec": 58.08146119117737
}