{
    "clean_state": "raw",
    "best_k": 6,
    "best_cov_type": "tied",
    "best_combined": 1.0533088875418595,
    "best_silhouette": 0.4773903613516981,
    "best_db": 0.6137878552567018,
    "n_iter_final": 1,
    "ll_curve_final": [
        -3.9142980045677547,
        -3.8730031954126356,
        -3.8286236426211273,
        -3.7329943798317515,
        -3.524338925727894,
        -3.5235636112239095
    ],
    "total_runtime_sec": 27.36792755126953
}