{
    "n_trials": 31,
    "avg_iterations": 7.935483870967742,
    "median_iterations": 8.0,
    "avg_auc_delta": 5.135062799551492,
    "avg_geo_decay": 0.5033675124823286,
    "best_k": 9,
    "best_combined_score": 0.5538084087297692,
    "best_sse": 1736.6070691494638,
    "weights": {
        "alpha": 0.47,
        "beta": 0.53,
        "gamma": 0.0
    },
    "total_runtime_sec": 10.601910829544067
}