{
    "n_trials": 31,
    "avg_iterations": 14.612903225806452,
    "median_iterations": 14.0,
    "avg_auc_delta": 10.885491150326606,
    "avg_geo_decay": 0.6443817216706583,
    "best_k": 28,
    "best_combined_score": 0.5551686024216936,
    "best_sse": 1040.3136786013526,
    "total_runtime_sec": 4.428265333175659
}