{
    "n_trials": 31,
    "avg_iterations": 4.806451612903226,
    "median_iterations": 5.0,
    "avg_auc_delta": 8.791399844584216,
    "avg_geo_decay": 0.3596510907935206,
    "best_k": 27,
    "best_combined_score": 0.6417106855773608,
    "best_sse": 1207.756428824282,
    "weights": {
        "alpha": 0.47,
        "beta": 0.53,
        "gamma": 0.0
    },
    "total_runtime_sec": 6.689239978790283
}