{
    "n_trials": 31,
    "avg_iterations": 13.709677419354838,
    "median_iterations": 13.0,
    "avg_auc_delta": 11.292604729526253,
    "avg_geo_decay": 0.6778250063930581,
    "best_k": 9,
    "best_combined_score": 0.5123042062126799,
    "best_sse": 2987.7005000468034,
    "weights": {
        "alpha": 0.47,
        "beta": 0.53,
        "gamma": 0.0
    },
    "total_runtime_sec": 3.5788419246673584
}