{
    "n_trials": 31,
    "avg_iterations": 4.032258064516129,
    "median_iterations": 4.0,
    "avg_auc_delta": 2.7164250380176407,
    "avg_geo_decay": 0.2653751260833988,
    "best_k": 8,
    "best_combined_score": 0.5606358145529393,
    "best_sse": 247.28859037902058,
    "weights": {
        "alpha": 0.47,
        "beta": 0.53,
        "gamma": 0.0
    },
    "total_runtime_sec": 0.28044986724853516
}