{
    "n_trials": 31,
    "avg_iterations": 4.161290322580645,
    "median_iterations": 4.0,
    "avg_auc_delta": 4.781906944303388,
    "avg_geo_decay": 0.28330085690067347,
    "best_k": 12,
    "best_combined_score": 0.4829901921721276,
    "best_sse": 6708.483959840544,
    "weights": {
        "alpha": 0.47,
        "beta": 0.53,
        "gamma": 0.0
    },
    "total_runtime_sec": 3.065324544906616
}