{
    "n_trials": 30,
    "avg_iterations": 6.7,
    "median_iterations": 6.0,
    "avg_auc_delta": 12.296698598825365,
    "avg_geo_decay": 0.41740916408742523,
    "best_k": 20,
    "best_combined_score": 0.35892411981505523,
    "best_sse": 3708.5254384528303,
    "total_runtime_sec": 0.38355445861816406
}