{
    "n_trials": 31,
    "avg_iterations": 10.129032258064516,
    "median_iterations": 10.0,
    "avg_auc_delta": 19.4470312623117,
    "avg_geo_decay": 0.6084014050956218,
    "best_k": 19,
    "best_combined_score": 0.36109734625762563,
    "best_sse": 3807.762764014671,
    "total_runtime_sec": 3.410827875137329
}