{
    "n_trials": 30,
    "avg_iterations": 8.4,
    "median_iterations": 8.0,
    "avg_auc_delta": 5.300587318107976,
    "avg_geo_decay": 0.5079888839931135,
    "best_k": 35,
    "best_combined_score": 0.5875052370969186,
    "best_sse": 886.1270491592022,
    "weights": {
        "alpha": 0.47,
        "beta": 0.53,
        "gamma": 0.0
    },
    "total_runtime_sec": 8.176637887954712
}