{
    "n_trials": 31,
    "avg_iterations": 13.612903225806452,
    "median_iterations": 12.0,
    "avg_auc_delta": 9.810416689746305,
    "avg_geo_decay": 0.6261583420960498,
    "best_k": 48,
    "best_combined_score": 0.6145927199361216,
    "best_sse": 975.6644113666989,
    "weights": {
        "alpha": 0.47,
        "beta": 0.53,
        "gamma": 0.0
    },
    "total_runtime_sec": 15.076886653900146
}