{
    "n_trials": 30,
    "avg_iterations": 11.466666666666667,
    "median_iterations": 10.0,
    "avg_auc_delta": 7.3626778360769425,
    "avg_geo_decay": 0.5985722881484192,
    "best_k": 28,
    "best_combined_score": 0.5737196737753947,
    "best_sse": 878.9276329808107,
    "weights": {
        "alpha": 0.47,
        "beta": 0.53,
        "gamma": 0.0
    },
    "total_runtime_sec": 1.878082036972046
}