{
    "centroid_movements": [
        1.6837707630627288e-15
    ],
    "sse_list": [
        811.7147289007762,
        811.7147289007762
    ],
    "final_iteration": 2
}