{
    "n_trials": 31,
    "avg_iterations": 10.741935483870968,
    "median_iterations": 10.0,
    "avg_auc_delta": 6.980347912139317,
    "avg_geo_decay": 0.5852876070629784,
    "best_k": 46,
    "best_combined_score": 0.8336551030221795,
    "best_sse": 833.6663067842409,
    "total_runtime_sec": 12.494978666305542
}