{
    "n_trials": 30,
    "avg_iterations": 8.4,
    "median_iterations": 8.0,
    "avg_auc_delta": 4.580047647280214,
    "avg_geo_decay": 0.5097038869453279,
    "best_k": 46,
    "best_combined_score": 0.8352499193665892,
    "best_sse": 779.8751028830077,
    "total_runtime_sec": 3.2633886337280273
}