{
    "clean_state": "raw",
    "best_k": 8,
    "best_cov_type": "tied",
    "best_combined": 0.737510351997825,
    "best_silhouette": 0.630918569839985,
    "best_db": 0.4708506745200798,
    "best_sse": 152.3800775645846,
    "weights": {
        "alpha": 0.47,
        "beta": 0.53,
        "gamma": 0.0
    },
    "n_iter_final": 1,
    "ll_curve_final": [
        16.733781024895766,
        16.76165888930448,
        16.773082936685743,
        16.775478171840767,
        16.778028493602736,
        16.781682853551334,
        16.782421429110126
    ],
    "total_runtime_sec": 6.490902900695801
}