{
    "clean_state": "raw",
    "best_k": 43,
    "linkage": "average",
    "metric": "euclidean",
    "combined": 1.035514558355865,
    "silhouette": 0.419349403910051,
    "davies_bouldin": 0.605444259107439,
    "intra_dist_mean": 1.4151893922797527,
    "inter_dist_mean": 3.680987231309489,
    "ratio_intra_inter": 0.38445919622924724,
    "n_merge_steps": 2230,
    "total_runtime_sec": 113.64579153060913
}