{
    "clean_state": "raw",
    "best_k": 43,
    "linkage": "average",
    "metric": "euclidean",
    "combined": 1.0355145592929982,
    "silhouette": 0.41934940391223174,
    "davies_bouldin": 0.605444258421202,
    "intra_dist_mean": 1.4151893922766445,
    "inter_dist_mean": 3.680987231309489,
    "ratio_intra_inter": 0.38445919622840286,
    "n_merge_steps": 2230,
    "h_max": 6.869363716776139,
    "total_runtime_sec": 114.13032555580139
}