{
    "n_trials": 31,
    "avg_iterations": 4.548387096774194,
    "median_iterations": 4.0,
    "avg_auc_delta": 5.624457273818014,
    "avg_geo_decay": 0.2956360357939794,
    "best_k": 11,
    "best_combined_score": 0.6996789265266422,
    "best_sse": 178.56219394516336,
    "weights": {
        "alpha": 0.47,
        "beta": 0.53,
        "gamma": 0.0
    },
    "total_runtime_sec": 0.5137619972229004
}