{
    "clean_state": "raw",
    "best_k": 16,
    "best_cov_type": "full",
    "best_combined": 2.448814613410642,
    "best_silhouette": 0.8069517888349762,
    "best_db": 0.24445828720542281,
    "n_iter_final": 1,
    "ll_curve_final": [
        27.852403282569753,
        27.852403282569753
    ],
    "total_runtime_sec": 2.7908735275268555
}