{
    "clean_state": "raw",
    "best_k": 10,
    "best_cov_type": "full",
    "best_combined": 0.8015843935072718,
    "best_silhouette": 0.6887839829656116,
    "best_db": 0.3036146354287547,
    "best_sse": 105.75104257165138,
    "weights": {
        "alpha": 0.47,
        "beta": 0.53,
        "gamma": 0.0
    },
    "n_iter_final": 1,
    "ll_curve_final": [
        26.578934550084764,
        26.578934548793022
    ],
    "total_runtime_sec": 1.4228222370147705
}