{
    "n_trials": 31,
    "avg_iterations": 4.064516129032258,
    "median_iterations": 4.0,
    "avg_auc_delta": 1.9335526047425862,
    "avg_geo_decay": 0.30180847683573625,
    "best_k": 15,
    "best_combined_score": 0.4166374380750149,
    "best_sse": 3979.9756040850307,
    "weights": {
        "alpha": 0.47,
        "beta": 0.53,
        "gamma": 0.0
    },
    "total_runtime_sec": 0.7663969993591309
}