{
    "core_count": 1839,
    "border_count": 17,
    "noise_count": 6,
    "noise_ratio": 0.00322234156820623,
    "neighbor_hist": [
        0,
        2,
        6,
        7,
        8,
        11,
        6,
        9,
        2,
        7,
        4,
        7,
        14,
        12,
        3,
        3,
        7,
        1,
        5,
        9,
        8,
        5,
        7,
        3,
        2,
        5,
        7,
        22,
        5,
        8,
        5,
        2,
        11,
        9,
        5,
        0,
        6,
        7,
        12,
        3,
        1,
        3,
        3,
        2,
        1,
        0,
        2,
        1,
        3,
        1591
    ],
    "combined_score": 0.5175406620241434,
    "silhouette": 0.24614461539535523,
    "davies_bouldin": 1.222431608862392,
    "sse": 8679.221729162326,
    "weights": {
        "alpha": 0.47,
        "beta": 0.53,
        "gamma": 0.0
    }
}