{
    "n_trials": 31,
    "avg_iterations": 8.161290322580646,
    "median_iterations": 8.0,
    "avg_auc_delta": 10.030379806702454,
    "avg_geo_decay": 0.4284567588700804,
    "best_k": 9,
    "best_combined_score": 0.569199170881325,
    "best_sse": 1836.8569117911813,
    "weights": {
        "alpha": 0.47,
        "beta": 0.53,
        "gamma": 0.0
    },
    "total_runtime_sec": 2.143068790435791
}