{
    "core_count": 462,
    "border_count": 92,
    "noise_count": 83,
    "noise_ratio": 0.130298273155416,
    "neighbor_hist": [
        0,
        23,
        25,
        17,
        10,
        8,
        13,
        10,
        7,
        7,
        3,
        7,
        4,
        4,
        4,
        2,
        2,
        2,
        10,
        5,
        7,
        5,
        5,
        7,
        9,
        8,
        4,
        5,
        5,
        4,
        2,
        3,
        0,
        1,
        1,
        5,
        4,
        0,
        1,
        4,
        2,
        2,
        6,
        2,
        1,
        1,
        3,
        1,
        2,
        374
    ],
    "combined_score": 0.4243067021252206,
    "silhouette": 0.2994039659706414,
    "davies_bouldin": 2.081843732879218,
    "sse": 2003.717321448698,
    "weights": {
        "alpha": 0.47,
        "beta": 0.53,
        "gamma": 0.0
    }
}