{
    "n_trials": 31,
    "avg_iterations": 3.935483870967742,
    "median_iterations": 4.0,
    "avg_auc_delta": 8.16958050616349,
    "avg_geo_decay": 0.3088322426092681,
    "best_k": 7,
    "best_combined_score": 0.4262463310196068,
    "best_sse": 634.4153258081419,
    "weights": {
        "alpha": 0.47,
        "beta": 0.53,
        "gamma": 0.0
    },
    "total_runtime_sec": 1.224424123764038
}