{
    "n_trials": 30,
    "avg_iterations": 15.933333333333334,
    "median_iterations": 14.5,
    "avg_auc_delta": 9.711104602171316,
    "avg_geo_decay": 0.7202455966144107,
    "best_k": 30,
    "best_combined_score": 0.5116052825823967,
    "best_sse": 1554.173614330517,
    "total_runtime_sec": 1.2931616306304932
}