{
    "n_trials": 31,
    "avg_iterations": 18.322580645161292,
    "median_iterations": 18.0,
    "avg_auc_delta": 13.236624775873805,
    "avg_geo_decay": 0.7452842175104724,
    "best_k": 30,
    "best_combined_score": 0.5110714273324884,
    "best_sse": 1554.375359036132,
    "total_runtime_sec": 7.2211480140686035
}