{
    "n_trials": 20,
    "avg_iterations": 4.3,
    "median_iterations": 4.0,
    "avg_auc_delta": 7.884520857708155,
    "avg_geo_decay": 0.37697754037166475,
    "best_k": 7,
    "best_combined_score": 0.4333432266614314,
    "best_sse": 701.5080161788317,
    "weights": {
        "alpha": 0.47,
        "beta": 0.53,
        "gamma": 0.0
    },
    "total_runtime_sec": 0.21057939529418945
}