{
    "core_count": 1950,
    "border_count": 58,
    "noise_count": 33,
    "noise_ratio": 0.016168544830965213,
    "neighbor_hist": [
        0,
        12,
        15,
        17,
        28,
        19,
        18,
        14,
        11,
        13,
        10,
        21,
        33,
        23,
        11,
        8,
        10,
        11,
        12,
        13,
        8,
        11,
        7,
        7,
        8,
        6,
        5,
        7,
        5,
        5,
        4,
        8,
        4,
        16,
        10,
        7,
        5,
        7,
        14,
        17,
        14,
        9,
        11,
        22,
        8,
        11,
        7,
        13,
        2,
        1484
    ],
    "combined_score": 0.48398727129567726,
    "silhouette": 0.31766918795493887,
    "davies_bouldin": 1.5524323855052526,
    "sse": 12072.578103485897,
    "weights": {
        "alpha": 0.47,
        "beta": 0.53,
        "gamma": 0.0
    }
}