{
    "n_trials": 31,
    "avg_iterations": 3.096774193548387,
    "median_iterations": 3.0,
    "avg_auc_delta": 0.12917295484653354,
    "avg_geo_decay": 0.12888478237912754,
    "best_k": 13,
    "best_combined_score": 0.409377745808682,
    "best_sse": 1897.9248862840986,
    "weights": {
        "alpha": 0.47,
        "beta": 0.53,
        "gamma": 0.0
    },
    "total_runtime_sec": 0.5800538063049316
}