{
    "n_trials": 31,
    "avg_iterations": 11.580645161290322,
    "median_iterations": 11.0,
    "avg_auc_delta": 12.026079235183698,
    "avg_geo_decay": 0.6161407966027802,
    "best_k": 29,
    "best_combined_score": 0.557545953580539,
    "best_sse": 1688.8051685117375,
    "weights": {
        "alpha": 0.47,
        "beta": 0.53,
        "gamma": 0.0
    },
    "total_runtime_sec": 13.310667991638184
}