{
    "core_count": 442,
    "border_count": 16,
    "noise_count": 43,
    "noise_ratio": 0.08582834331337326,
    "neighbor_hist": [
        0,
        15,
        20,
        9,
        15,
        6,
        4,
        4,
        1,
        1,
        8,
        5,
        5,
        7,
        4,
        5,
        1,
        3,
        6,
        6,
        3,
        2,
        4,
        2,
        1,
        4,
        1,
        2,
        1,
        2,
        4,
        2,
        1,
        1,
        2,
        4,
        3,
        3,
        4,
        1,
        2,
        1,
        3,
        2,
        2,
        1,
        1,
        3,
        2,
        312
    ],
    "combined_score": 0.43101397559084814,
    "silhouette": 0.3056141516269964,
    "davies_bouldin": 2.019137163568309,
    "sse": 1827.5226341194857,
    "weights": {
        "alpha": 0.47,
        "beta": 0.53,
        "gamma": 0.0
    }
}