{
    "clean_state": "raw",
    "best_k": 5,
    "linkage": "single",
    "metric": "euclidean",
    "combined": 1.1325582538398058,
    "silhouette": 0.23686750727523626,
    "davies_bouldin": 0.4930361113456131,
    "intra_dist_mean": 5.76971462655772,
    "inter_dist_mean": 9.834348427869662,
    "ratio_intra_inter": 0.5866900759999798,
    "n_merge_steps": 999,
    "h_max": 7.311423072702654,
    "total_runtime_sec": 18.849608898162842
}