{
    "clean_state": "raw",
    "best_k": 30,
    "linkage": "average",
    "metric": "euclidean",
    "combined": 0.6149780505951544,
    "silhouette": 0.3347589363051239,
    "davies_bouldin": 0.7392967497735604,
    "sse": 1002.5546727274941,
    "weights": {
        "alpha": 0.47,
        "beta": 0.53,
        "gamma": 0.0
    },
    "intra_dist_mean": 1.4116494171792493,
    "inter_dist_mean": 3.5399436693647273,
    "ratio_intra_inter": 0.3987773673901943,
    "n_merge_steps": 1049,
    "h_max": 4.967944416961471,
    "total_runtime_sec": 31.87750792503357
}