{
    "core_count": 211,
    "border_count": 8,
    "noise_count": 12,
    "noise_ratio": 0.05194805194805195,
    "neighbor_hist": [
        0,
        3,
        5,
        3,
        4,
        0,
        5,
        2,
        0,
        1,
        0,
        0,
        0,
        1,
        0,
        0,
        0,
        1,
        0,
        0,
        0,
        3,
        2,
        4,
        0,
        0,
        1,
        0,
        0,
        1,
        23,
        2,
        5,
        0,
        0,
        13,
        0,
        0,
        1,
        0,
        0,
        1,
        2,
        0,
        0,
        0,
        0,
        0,
        0,
        148
    ],
    "combined_score": 0.4849772105957835,
    "silhouette": 0.5147164250810911,
    "davies_bouldin": 1.7195742513006078,
    "sse": 403.0141431917107,
    "weights": {
        "alpha": 0.47,
        "beta": 0.53,
        "gamma": 0.0
    }
}