{
    "clean_state": "raw",
    "best_k": 9,
    "best_cov_type": "diag",
    "best_combined": 0.8031735749733475,
    "best_silhouette": 0.398111211463501,
    "best_db": 0.8276529179022675,
    "n_iter_final": 1,
    "ll_curve_final": [
        3.8179460898295585,
        4.118503738428513,
        4.150371300112448,
        4.156428015438889,
        4.159943929379238,
        4.165892833676806,
        4.166782931886386
    ],
    "total_runtime_sec": 39.54107904434204
}