{
    "clean_state": "raw",
    "best_k": 16,
    "best_cov_type": "spherical",
    "best_combined": 0.448846984224419,
    "best_silhouette": 0.07427865119186007,
    "best_db": 1.5526886813655807,
    "best_sse": 9294.637096921453,
    "weights": {
        "alpha": 0.47,
        "beta": 0.53,
        "gamma": 0.0
    },
    "n_iter_final": 1,
    "ll_curve_final": [
        -22.13222083294708,
        -21.80113730312537,
        -21.635694869740657,
        -21.57407408174858,
        -21.504047439501193,
        -21.38579071369482,
        -21.287147180548242,
        -21.263999084057144,
        -21.252725587345882,
        -21.244647808751434,
        -21.234265935578737,
        -21.22423945797122,
        -21.220877499892193,
        -21.21981617070976,
        -21.2192637946403
    ],
    "total_runtime_sec": 12.014116764068604
}