{
    "n_trials": 31,
    "avg_iterations": 9.548387096774194,
    "median_iterations": 8.0,
    "avg_auc_delta": 19.36602957225873,
    "avg_geo_decay": 0.5385738645703853,
    "best_k": 31,
    "best_combined_score": 0.5439264792074923,
    "best_sse": 4805.3743805198865,
    "total_runtime_sec": 8.403350353240967
}