{
    "n_trials": 31,
    "avg_iterations": 7.548387096774194,
    "median_iterations": 7.0,
    "avg_auc_delta": 11.391440669994337,
    "avg_geo_decay": 0.5417816687174821,
    "best_k": 15,
    "best_combined_score": 0.561096591593754,
    "best_sse": 844.7470970181006,
    "weights": {
        "alpha": 0.47,
        "beta": 0.53,
        "gamma": 0.0
    },
    "total_runtime_sec": 3.6550703048706055
}