{
    "n_trials": 31,
    "avg_iterations": 13.483870967741936,
    "median_iterations": 13.0,
    "avg_auc_delta": 10.279485502389972,
    "avg_geo_decay": 0.6049189402441032,
    "best_k": 10,
    "best_combined_score": 0.632981793462047,
    "best_sse": 1348.633639062516,
    "weights": {
        "alpha": 0.47,
        "beta": 0.53,
        "gamma": 0.0
    },
    "total_runtime_sec": 3.6012930870056152
}