{
    "n_trials": 30,
    "avg_iterations": 13.8,
    "median_iterations": 14.0,
    "avg_auc_delta": 6.9381758423991595,
    "avg_geo_decay": 0.6430470060372092,
    "best_k": 44,
    "best_combined_score": 0.6040066777718379,
    "best_sse": 1088.8284569727296,
    "weights": {
        "alpha": 0.47,
        "beta": 0.53,
        "gamma": 0.0
    },
    "total_runtime_sec": 5.351882457733154
}