{
    "n_trials": 31,
    "avg_iterations": 13.03225806451613,
    "median_iterations": 12.0,
    "avg_auc_delta": 17.901832115606247,
    "avg_geo_decay": 0.6504981592985303,
    "best_k": 28,
    "best_combined_score": 0.4535729091789402,
    "best_sse": 3423.371990666747,
    "total_runtime_sec": 7.635353326797485
}