{
    "clean_state": "raw",
    "best_k": 7,
    "linkage": "single",
    "metric": "manhattan",
    "combined": 1.022370469237397,
    "silhouette": 0.31823820932699975,
    "davies_bouldin": 0.5792055715391788,
    "intra_dist_mean": 5.164469523876108,
    "inter_dist_mean": 9.350568283043394,
    "ratio_intra_inter": 0.5523161125127509,
    "n_merge_steps": 226,
    "h_max": 11.955205732221577,
    "total_runtime_sec": 1.155970811843872
}