{
    "clean_state": "raw",
    "best_k": 6,
    "linkage": "single",
    "metric": "manhattan",
    "combined": 1.0366592595735695,
    "silhouette": 0.3802865035899029,
    "davies_bouldin": 0.5906562845894352,
    "intra_dist_mean": 5.188918457824513,
    "inter_dist_mean": 9.48772751377432,
    "ratio_intra_inter": 0.546908461514169,
    "n_merge_steps": 226,
    "total_runtime_sec": 3.265735387802124
}