{
    "n_trials": 31,
    "avg_iterations": 6.0,
    "median_iterations": 6.0,
    "avg_auc_delta": 20.661353540851266,
    "avg_geo_decay": 0.4541178589678668,
    "best_k": 12,
    "best_combined_score": 0.5797277807441719,
    "best_sse": 1541.275167549673,
    "weights": {
        "alpha": 0.47,
        "beta": 0.53,
        "gamma": 0.0
    },
    "total_runtime_sec": 2.0314669609069824
}