{
    "n_trials": 31,
    "avg_iterations": 10.096774193548388,
    "median_iterations": 11.0,
    "avg_auc_delta": 11.578392358888378,
    "avg_geo_decay": 0.6124027708605418,
    "best_k": 25,
    "best_combined_score": 0.5547356722271521,
    "best_sse": 1964.5934276919766,
    "weights": {
        "alpha": 0.47,
        "beta": 0.53,
        "gamma": 0.0
    },
    "total_runtime_sec": 9.294467687606812
}