{
    "n_trials": 31,
    "avg_iterations": 20.967741935483872,
    "median_iterations": 19.0,
    "avg_auc_delta": 13.846812794863453,
    "avg_geo_decay": 0.7249244839415552,
    "best_k": 47,
    "best_combined_score": 0.5053937435411624,
    "best_sse": 2327.414776233708,
    "total_runtime_sec": 17.786664485931396
}