{
    "n_trials": 30,
    "avg_iterations": 22.033333333333335,
    "median_iterations": 20.0,
    "avg_auc_delta": 10.65216962436623,
    "avg_geo_decay": 0.7547517663652512,
    "best_k": 47,
    "best_combined_score": 0.5009697146336851,
    "best_sse": 2237.399649480699,
    "total_runtime_sec": 6.605800628662109
}