{
    "clean_state": "raw",
    "best_k": 20,
    "best_cov_type": "tied",
    "best_combined": 1.0258930200185254,
    "best_silhouette": 0.6048212928894052,
    "best_db": 0.6911018405743937,
    "n_iter_final": 1,
    "ll_curve_final": [
        15.357956276573955,
        15.422995817360794,
        15.446215380130822,
        15.446487087184632
    ],
    "total_runtime_sec": 3.682050943374634
}