{
    "clean_state": "raw",
    "best_k": 11,
    "best_cov_type": "tied",
    "best_combined": 0.7296153867816604,
    "best_silhouette": 0.6162746656866381,
    "best_db": 0.4886807770260917,
    "best_sse": 401.6703905877573,
    "weights": {
        "alpha": 0.47,
        "beta": 0.53,
        "gamma": 0.0
    },
    "n_iter_final": 1,
    "ll_curve_final": [
        14.26228595887633,
        14.414165177059784,
        14.565710878782385,
        14.582000696775061,
        14.633773141733029,
        14.633816684678656
    ],
    "total_runtime_sec": 2.5220296382904053
}