{
    "core_count": 176,
    "border_count": 49,
    "noise_count": 120,
    "noise_ratio": 0.34782608695652173,
    "neighbor_hist": [
        0,
        12,
        24,
        19,
        15,
        9,
        15,
        15,
        25,
        20,
        15,
        12,
        18,
        17,
        7,
        6,
        3,
        7,
        5,
        5,
        2,
        1,
        4,
        0,
        2,
        1,
        2,
        6,
        5,
        0,
        3,
        5,
        5,
        0,
        2,
        7,
        3,
        5,
        7,
        1,
        5,
        1,
        1,
        1,
        5,
        2,
        1,
        0,
        0,
        19
    ],
    "combined_score": 0.38230691293588864,
    "silhouette": 0.07010554372468022,
    "davies_bouldin": 2.2778895674049036,
    "sse": 857.1646041492388,
    "weights": {
        "alpha": 0.47,
        "beta": 0.53,
        "gamma": 0.0
    }
}