{
    "n_trials": 31,
    "avg_iterations": 15.64516129032258,
    "median_iterations": 15.0,
    "avg_auc_delta": 9.434946779516762,
    "avg_geo_decay": 0.6588053105889242,
    "best_k": 47,
    "best_combined_score": 0.6066479129476883,
    "best_sse": 1120.8395308572065,
    "weights": {
        "alpha": 0.47,
        "beta": 0.53,
        "gamma": 0.0
    },
    "total_runtime_sec": 10.701324462890625
}