{
    "n_trials": 30,
    "avg_iterations": 12.3,
    "median_iterations": 9.5,
    "avg_auc_delta": 7.486040541920418,
    "avg_geo_decay": 0.556250997981283,
    "best_k": 19,
    "best_combined_score": 0.6649634010213865,
    "best_sse": 964.6935870734044,
    "total_runtime_sec": 0.3879265785217285
}