{
    "n_trials": 30,
    "avg_iterations": 14.033333333333333,
    "median_iterations": 14.0,
    "avg_auc_delta": 8.033329355873699,
    "avg_geo_decay": 0.6132457855635484,
    "best_k": 31,
    "best_combined_score": 0.5808401827969055,
    "best_sse": 1096.140010098184,
    "total_runtime_sec": 1.278550624847412
}