{
    "n_trials": 20,
    "avg_iterations": 8.55,
    "median_iterations": 9.0,
    "avg_auc_delta": 7.787085987419124,
    "avg_geo_decay": 0.6093290888031765,
    "best_k": 5,
    "best_combined_score": 0.5515685966689597,
    "best_sse": 1002.6038257784104,
    "weights": {
        "alpha": 0.47,
        "beta": 0.53,
        "gamma": 0.0
    },
    "total_runtime_sec": 2.188783645629883
}