{
    "n_trials": 31,
    "avg_iterations": 15.258064516129032,
    "median_iterations": 12.0,
    "avg_auc_delta": 10.929091981573652,
    "avg_geo_decay": 0.6416088247704821,
    "best_k": 31,
    "best_combined_score": 0.6048133441002664,
    "best_sse": 1166.4756345787093,
    "total_runtime_sec": 8.55718207359314
}