{
    "core_count": 430,
    "border_count": 1,
    "noise_count": 28,
    "noise_ratio": 0.06100217864923747,
    "neighbor_hist": [
        0,
        10,
        10,
        2,
        7,
        3,
        0,
        0,
        0,
        0,
        0,
        0,
        0,
        2,
        0,
        16,
        4,
        11,
        0,
        0,
        0,
        0,
        0,
        0,
        0,
        1,
        0,
        0,
        0,
        0,
        0,
        0,
        0,
        2,
        4,
        0,
        0,
        0,
        0,
        0,
        0,
        0,
        0,
        0,
        5,
        5,
        8,
        27,
        0,
        342
    ],
    "combined_score": 0.485320541391251,
    "silhouette": 0.5294819750059974,
    "davies_bouldin": 1.7281258452825363,
    "sse": 581.9088728788232,
    "weights": {
        "alpha": 0.47,
        "beta": 0.53,
        "gamma": 0.0
    }
}