{
    "n_trials": 31,
    "avg_iterations": 14.67741935483871,
    "median_iterations": 12.0,
    "avg_auc_delta": 9.909082868034815,
    "avg_geo_decay": 0.6535829198828966,
    "best_k": 21,
    "best_combined_score": 0.5718470428389261,
    "best_sse": 3052.8026590565223,
    "weights": {
        "alpha": 0.47,
        "beta": 0.53,
        "gamma": 0.0
    },
    "total_runtime_sec": 501.49021315574646
}