{
    "n_trials": 31,
    "avg_iterations": 17.677419354838708,
    "median_iterations": 18.0,
    "avg_auc_delta": 12.68808309902636,
    "avg_geo_decay": 0.680861491853389,
    "best_k": 41,
    "best_combined_score": 0.5951119151406632,
    "best_sse": 2019.411596121692,
    "weights": {
        "alpha": 0.47,
        "beta": 0.53,
        "gamma": 0.0
    },
    "total_runtime_sec": 137.55301690101624
}