{
    "clean_state": "raw",
    "best_k": 23,
    "best_cov_type": "tied",
    "best_combined": 0.35808703835728756,
    "best_silhouette": 0.10830892734654311,
    "best_db": 1.6451017154703664,
    "n_iter_final": 1,
    "ll_curve_final": [
        -20.950394640924273,
        -20.15714351170885,
        -19.668295937901807,
        -18.656361135864426,
        -14.873771776256381,
        -14.861696072583843,
        -14.847416144111023,
        -14.828689322390177,
        -14.815869251420638,
        -14.811558757596377,
        -14.808867106826467,
        -14.804438959072504,
        -14.802274178886305,
        -14.79927933968297,
        -14.79831324336415
    ],
    "total_runtime_sec": 19.865166902542114
}