{
    "clean_state": "raw",
    "best_k": 21,
    "best_cov_type": "tied",
    "best_combined": 0.5660531239424229,
    "best_silhouette": 0.309186123187519,
    "best_db": 0.9785194471644092,
    "best_sse": 1310.1727240083203,
    "weights": {
        "alpha": 0.47,
        "beta": 0.53,
        "gamma": 0.0
    },
    "n_iter_final": 1,
    "ll_curve_final": [
        -5.329375791627637,
        -5.246444669726654,
        -5.214154521619311,
        -5.20818437957162,
        -5.202167368510255,
        -5.182949377728405,
        -5.168805298267423,
        -5.16324066057591,
        -5.159271374001191,
        -5.156368266824851,
        -5.1539973368497565,
        -5.151903110262639,
        -5.1498775324712405,
        -5.147747508237736,
        -5.1453609228108155,
        -5.142567368485431,
        -5.139229883791204,
        -5.135286026007034,
        -5.130833932394093,
        -5.126150537668182,
        -5.121573112168034,
        -5.117327513948106,
        -5.1134179127469395,
        -5.1095677070781935,
        -5.105397671889638,
        -5.101291404038002,
        -5.098671895376041,
        -5.0973730232291175,
        -5.096508796188699
    ],
    "total_runtime_sec": 53.720152378082275
}