{
    "n_trials": 31,
    "avg_iterations": 12.129032258064516,
    "median_iterations": 12.0,
    "avg_auc_delta": 11.063027495358241,
    "avg_geo_decay": 0.609240332944275,
    "best_k": 28,
    "best_combined_score": 0.5550662226783866,
    "best_sse": 933.6597358481541,
    "weights": {
        "alpha": 0.47,
        "beta": 0.53,
        "gamma": 0.0
    },
    "total_runtime_sec": 4.707697153091431
}