{
    "clean_state": "raw",
    "best_k": 9,
    "best_cov_type": "tied",
    "best_combined": 0.6948966834017979,
    "best_silhouette": 0.574194787649979,
    "best_db": 0.5885512644083833,
    "best_sse": 98.4866512151463,
    "weights": {
        "alpha": 0.47,
        "beta": 0.53,
        "gamma": 0.0
    },
    "n_iter_final": 1,
    "ll_curve_final": [
        12.803732118061573,
        12.803825825071891
    ],
    "total_runtime_sec": 0.9592688083648682
}