{
    "clean_state": "raw",
    "best_k": 9,
    "best_cov_type": "tied",
    "best_combined": 1.375241421306585,
    "best_silhouette": 0.6016609774099602,
    "best_db": 0.46537128842247316,
    "n_iter_final": 1,
    "ll_curve_final": [
        16.82530457878035,
        16.825652406137248
    ],
    "total_runtime_sec": 0.6167654991149902
}