{
    "core_count": 1885,
    "border_count": 21,
    "noise_count": 9,
    "noise_ratio": 0.004699738903394256,
    "neighbor_hist": [
        0,
        1,
        1,
        9,
        8,
        0,
        7,
        0,
        3,
        1,
        7,
        18,
        13,
        5,
        2,
        1,
        3,
        9,
        3,
        6,
        4,
        11,
        4,
        8,
        26,
        9,
        8,
        12,
        0,
        3,
        3,
        7,
        9,
        7,
        10,
        8,
        8,
        6,
        3,
        8,
        10,
        4,
        4,
        3,
        0,
        2,
        2,
        0,
        4,
        1635
    ],
    "combined_score": 0.5506034252907767,
    "silhouette": 0.35807270669376695,
    "davies_bouldin": 1.1208148382011198,
    "sse": 6805.208125381938,
    "weights": {
        "alpha": 0.47,
        "beta": 0.53,
        "gamma": 0.0
    }
}