{
    "clean_state": "raw",
    "best_k": 26,
    "best_cov_type": "tied",
    "best_combined": 0.3423626892544656,
    "best_silhouette": 0.10491588439847326,
    "best_db": 1.7247044247424699,
    "n_iter_final": 1,
    "ll_curve_final": [
        -18.434665354546507,
        -13.079379418912271,
        -12.970903734295261,
        -12.814329427391563,
        -12.747483908674267,
        -12.687393124771022,
        -12.491061998794931,
        -12.05691391647843,
        -12.054791648682123,
        -12.053437685591149,
        -12.051906542559504,
        -12.049853486028747,
        -12.04836222539964,
        -12.047036436713265,
        -12.04508886710803,
        -12.042108649951679,
        -12.03841529505646,
        -12.035480969014452,
        -12.033761296098525,
        -12.032327479509433,
        -12.030326805915498,
        -12.026965036257803,
        -12.023996404141915,
        -12.02283025936745,
        -12.021716744720102,
        -12.019979628155912,
        -12.016735577200604,
        -12.010096391513917,
        -11.998885717743693,
        -11.991274058511898,
        -11.989511268478697,
        -11.988709876428807
    ],
    "total_runtime_sec": 20.42182183265686
}