{
    "clean_state": "raw",
    "best_k": 48,
    "best_cov_type": "diag",
    "best_combined": 0.7901476814660526,
    "best_silhouette": 0.8633155715610428,
    "best_db": 0.43605493815761776,
    "best_sse": 177.92646896099524,
    "weights": {
        "alpha": 0.47,
        "beta": 0.53,
        "gamma": 0.0
    },
    "n_iter_final": 1,
    "ll_curve_final": [
        10.910321366833701,
        10.913964365182961,
        10.917209750538893,
        10.91989409999226,
        10.92488974887841,
        10.928882456449136,
        10.930820904172606,
        10.931141493199945
    ],
    "total_runtime_sec": 11.827779293060303
}