{
    "centroid_movements": [
        0.0
    ],
    "sse_list": [
        828.3174128594508,
        828.3174128594508
    ],
    "final_iteration": 2
}