{
    "n_trials": 31,
    "avg_iterations": 8.290322580645162,
    "median_iterations": 7.0,
    "avg_auc_delta": 11.117680744812034,
    "avg_geo_decay": 0.5455117824041242,
    "best_k": 12,
    "best_combined_score": 0.4425056200538881,
    "best_sse": 771.2241520962084,
    "total_runtime_sec": 2.6915719509124756
}