{
    "n_trials": 30,
    "avg_iterations": 10.6,
    "median_iterations": 9.0,
    "avg_auc_delta": 5.713329341314162,
    "avg_geo_decay": 0.5782490757469801,
    "best_k": 20,
    "best_combined_score": 0.6042402458680808,
    "best_sse": 1398.0636035406142,
    "weights": {
        "alpha": 0.47,
        "beta": 0.53,
        "gamma": 0.0
    },
    "total_runtime_sec": 3.0048842430114746
}