{
    "n_trials": 30,
    "avg_iterations": 14.733333333333333,
    "median_iterations": 16.0,
    "avg_auc_delta": 8.17956280665505,
    "avg_geo_decay": 0.6799166207481322,
    "best_k": 28,
    "best_combined_score": 0.5525056752799726,
    "best_sse": 975.0515743689507,
    "total_runtime_sec": 0.9069209098815918
}