{
    "n_trials": 30,
    "avg_iterations": 15.633333333333333,
    "median_iterations": 14.0,
    "avg_auc_delta": 16.53613884545924,
    "avg_geo_decay": 0.74283190547304,
    "best_k": 17,
    "best_combined_score": 0.43667553570048445,
    "best_sse": 6424.57831877403,
    "weights": {
        "alpha": 0.47,
        "beta": 0.53,
        "gamma": 0.0
    },
    "total_runtime_sec": 1.7099008560180664
}