{
    "n_trials": 31,
    "avg_iterations": 13.741935483870968,
    "median_iterations": 14.0,
    "avg_auc_delta": 10.472566746609951,
    "avg_geo_decay": 0.6385329163308078,
    "best_k": 28,
    "best_combined_score": 0.5482295604861955,
    "best_sse": 977.8180627295233,
    "total_runtime_sec": 6.765758991241455
}