{
    "clean_state": "raw",
    "best_k": 18,
    "best_cov_type": "tied",
    "best_combined": 0.4462313366097145,
    "best_silhouette": 0.13269442808547702,
    "best_db": 1.662472607324703,
    "best_sse": 3598.0764865278757,
    "weights": {
        "alpha": 0.47,
        "beta": 0.53,
        "gamma": 0.0
    },
    "n_iter_final": 1,
    "ll_curve_final": [
        -13.842741861536739,
        -13.332547635665549,
        -13.228844041139043,
        -13.178900453535533,
        -13.169237672540378,
        -13.159285247786599,
        -13.151325834734605,
        -13.140635419372611,
        -13.126963322231,
        -13.106540451589778,
        -13.040773160184322,
        -13.030192992206478,
        -13.02021454864204,
        -13.017022810056725,
        -13.01671768658265
    ],
    "total_runtime_sec": 5.091180801391602
}