{
    "clean_state": "raw",
    "best_k": 34,
    "best_cov_type": "full",
    "best_combined": 1.3932929204657314,
    "best_silhouette": 0.60949624801587,
    "best_db": 0.4593288228716321,
    "n_iter_final": 1,
    "ll_curve_final": [
        7.829666799204901,
        7.868772217331333,
        7.894331409560028,
        7.907415050359179,
        7.909102772314507,
        7.915948871314399,
        7.955989239480939,
        8.014410213996323,
        8.027644277324551,
        8.12703361722501,
        8.149328496395492,
        8.149482247116646
    ],
    "total_runtime_sec": 52.63076114654541
}