{
    "clean_state": "raw",
    "best_k": 26,
    "best_cov_type": "tied",
    "best_combined": 0.6309761082800551,
    "best_silhouette": 0.5805437855819496,
    "best_db": 0.8681396985874603,
    "best_sse": 2921.5997020402474,
    "weights": {
        "alpha": 0.47,
        "beta": 0.53,
        "gamma": 0.0
    },
    "n_iter_final": 1,
    "ll_curve_final": [
        -3.739165817924743,
        -2.9607392491123656,
        -1.370782944245999,
        -1.027638557604442,
        -1.0043869629567272,
        -0.9917522173467105,
        -0.9850639606973395,
        -0.9849796579117315
    ],
    "total_runtime_sec": 24.259533166885376
}