{
    "n_trials": 30,
    "avg_iterations": 19.666666666666668,
    "median_iterations": 18.0,
    "avg_auc_delta": 10.803877806688325,
    "avg_geo_decay": 0.7059532229607882,
    "best_k": 47,
    "best_combined_score": 0.49550825493411144,
    "best_sse": 2340.0941392182917,
    "total_runtime_sec": 6.228085041046143
}