{
    "n_trials": 31,
    "avg_iterations": 18.677419354838708,
    "median_iterations": 17.0,
    "avg_auc_delta": 14.541959317586619,
    "avg_geo_decay": 0.7003489158854714,
    "best_k": 47,
    "best_combined_score": 0.5462781881285437,
    "best_sse": 2393.381863381367,
    "total_runtime_sec": 13.070464849472046
}