{
    "core_count": 4,
    "border_count": 16,
    "noise_count": 101,
    "noise_ratio": 0.8347107438016529,
    "neighbor_hist": [
        0,
        31,
        24,
        21,
        19,
        12,
        6,
        4,
        3,
        1
    ],
    "combined_score": 0.33366694246410833,
    "silhouette": -0.168113236411854,
    "davies_bouldin": 2.522715166176948,
    "sse": 25.36864041519798,
    "weights": {
        "alpha": 0.47,
        "beta": 0.53,
        "gamma": 0.0
    }
}