{
    "n_trials": 30,
    "avg_iterations": 8.766666666666667,
    "median_iterations": 7.0,
    "avg_auc_delta": 4.950247197093137,
    "avg_geo_decay": 0.5534321071111861,
    "best_k": 35,
    "best_combined_score": 0.569563871414401,
    "best_sse": 764.3884680693969,
    "weights": {
        "alpha": 0.47,
        "beta": 0.53,
        "gamma": 0.0
    },
    "total_runtime_sec": 8.76649808883667
}