{
    "centroid_movements": [
        0.0
    ],
    "sse_list": [
        9086.724648177875,
        9086.724648177875
    ],
    "final_iteration": 2
}