{
    "n_trials": 31,
    "avg_iterations": 13.67741935483871,
    "median_iterations": 13.0,
    "avg_auc_delta": 24.221212021372544,
    "avg_geo_decay": 0.6878385870967949,
    "best_k": 31,
    "best_combined_score": 0.3269922888329337,
    "best_sse": 8387.880369095361,
    "total_runtime_sec": 8.334384679794312
}