{
    "n_trials": 31,
    "avg_iterations": 10.419354838709678,
    "median_iterations": 10.0,
    "avg_auc_delta": 6.445134321403475,
    "avg_geo_decay": 0.4875957977707524,
    "best_k": 38,
    "best_combined_score": 0.5977724712776652,
    "best_sse": 1869.5431936886823,
    "weights": {
        "alpha": 0.47,
        "beta": 0.53,
        "gamma": 0.0
    },
    "total_runtime_sec": 98.59599447250366
}