{
    "clean_state": "raw",
    "best_k": 5,
    "linkage": "single",
    "metric": "manhattan",
    "combined": 1.2968074625364838,
    "silhouette": 0.348097984468247,
    "davies_bouldin": 0.44533175498141586,
    "intra_dist_mean": 5.674978590642225,
    "inter_dist_mean": 9.927329928252878,
    "ratio_intra_inter": 0.5716520586760029,
    "n_merge_steps": 999,
    "total_runtime_sec": 31.94292116165161
}