{
    "clean_state": "raw",
    "best_k": 5,
    "linkage": "single",
    "metric": "manhattan",
    "combined": 0.6056656101837516,
    "silhouette": 0.24710618529461129,
    "davies_bouldin": 0.6930775830278358,
    "sse": 13421.973167804816,
    "weights": {
        "alpha": 0.47,
        "beta": 0.53,
        "gamma": 0.0
    },
    "intra_dist_mean": 3.1452236481729154,
    "inter_dist_mean": 4.91331373327966,
    "ratio_intra_inter": 0.64014305190172,
    "n_merge_steps": 2375,
    "h_max": 3.7871534695838918,
    "total_runtime_sec": 139.89586186408997
}