{
    "clean_state": "raw",
    "best_k": 5,
    "linkage": "average",
    "metric": "euclidean",
    "combined": 1.6331401375533416,
    "silhouette": 0.7355129442216037,
    "davies_bouldin": 0.3951370747504758,
    "intra_dist_mean": 2.3554214600776455,
    "inter_dist_mean": 10.36410816054798,
    "ratio_intra_inter": 0.22726716313551867,
    "n_merge_steps": 983,
    "total_runtime_sec": 36.32258939743042
}