{
    "clean_state": "raw",
    "best_k": 29,
    "linkage": "single",
    "metric": "manhattan",
    "combined": 1.81479567304092,
    "silhouette": 0.36916606675780256,
    "davies_bouldin": 0.3067084549802422,
    "intra_dist_mean": 2.179699674237518,
    "inter_dist_mean": 8.691660406379262,
    "ratio_intra_inter": 0.25078058418360116,
    "n_merge_steps": 983,
    "h_max": 29.08386038293547,
    "total_runtime_sec": 18.908666610717773
}