{
    "clean_state": "raw",
    "best_k": 5,
    "linkage": "single",
    "metric": "manhattan",
    "combined": 0.8959336194479727,
    "silhouette": 0.7984556005388885,
    "davies_bouldin": 0.1197800864794362,
    "sse": 3045.5966887712984,
    "weights": {
        "alpha": 0.47,
        "beta": 0.53,
        "gamma": 0.0
    },
    "intra_dist_mean": 2.132120682074259,
    "inter_dist_mean": 11.466817019205688,
    "ratio_intra_inter": 0.18593831910834538,
    "n_merge_steps": 995,
    "h_max": 22.957674301345055,
    "total_runtime_sec": 20.69171690940857
}