{
    "n_trials": 20,
    "avg_iterations": 9.15,
    "median_iterations": 8.0,
    "avg_auc_delta": 7.916454620915585,
    "avg_geo_decay": 0.5326294953892736,
    "best_k": 8,
    "best_combined_score": 0.5576486175317832,
    "best_sse": 1916.5336839098104,
    "weights": {
        "alpha": 0.47,
        "beta": 0.53,
        "gamma": 0.0
    },
    "total_runtime_sec": 1.1590497493743896
}