{
    "centroid_movements": [
        1.6635527817120846e-15
    ],
    "sse_list": [
        772.5529218578902,
        772.55292185789
    ],
    "final_iteration": 2
}