{
    "n_trials": 30,
    "avg_iterations": 9.333333333333334,
    "median_iterations": 9.0,
    "avg_auc_delta": 5.4113146639389225,
    "avg_geo_decay": 0.4714121941547226,
    "best_k": 47,
    "best_combined_score": 0.8537443808121477,
    "best_sse": 712.1290471483044,
    "total_runtime_sec": 3.582430839538574
}