{
    "n_trials": 31,
    "avg_iterations": 11.419354838709678,
    "median_iterations": 10.0,
    "avg_auc_delta": 8.37507967824016,
    "avg_geo_decay": 0.5674164747978756,
    "best_k": 46,
    "best_combined_score": 0.8580118841439422,
    "best_sse": 789.0804022978049,
    "total_runtime_sec": 21.069471836090088
}