{
    "n_trials": 31,
    "avg_iterations": 11.451612903225806,
    "median_iterations": 11.0,
    "avg_auc_delta": 21.584770395534868,
    "avg_geo_decay": 0.595514543292303,
    "best_k": 29,
    "best_combined_score": 0.51300567211885,
    "best_sse": 5046.22506641415,
    "total_runtime_sec": 6.829133749008179
}