{
    "n_trials": 30,
    "avg_iterations": 8.566666666666666,
    "median_iterations": 8.0,
    "avg_auc_delta": 13.8445619043894,
    "avg_geo_decay": 0.5472935568758336,
    "best_k": 29,
    "best_combined_score": 0.5215234462849716,
    "best_sse": 4956.716757779144,
    "total_runtime_sec": 1.337209939956665
}