{
    "n_trials": 30,
    "avg_iterations": 10.9,
    "median_iterations": 10.0,
    "avg_auc_delta": 5.306016978134079,
    "avg_geo_decay": 0.5590527938186599,
    "best_k": 48,
    "best_combined_score": 0.6263956259074386,
    "best_sse": 932.868428051649,
    "weights": {
        "alpha": 0.47,
        "beta": 0.53,
        "gamma": 0.0
    },
    "total_runtime_sec": 5.899937868118286
}