{
    "core_count": 2121,
    "border_count": 172,
    "noise_count": 83,
    "noise_ratio": 0.03493265993265993,
    "neighbor_hist": [
        0,
        4,
        1,
        3,
        2,
        0,
        9,
        4,
        6,
        9,
        3,
        10,
        3,
        5,
        4,
        10,
        13,
        16,
        10,
        7,
        12,
        8,
        4,
        6,
        6,
        2,
        17,
        24,
        15,
        14,
        5,
        2,
        2,
        7,
        5,
        7,
        4,
        6,
        15,
        3,
        3,
        1,
        2,
        4,
        17,
        6,
        9,
        6,
        14,
        2031
    ],
    "combined_score": 0.49573670619601395,
    "silhouette": 0.290716672924326,
    "davies_bouldin": 1.431928797588237,
    "sse": 7950.951589664135,
    "weights": {
        "alpha": 0.47,
        "beta": 0.53,
        "gamma": 0.0
    }
}