{
    "n_trials": 31,
    "avg_iterations": 18.774193548387096,
    "median_iterations": 17.0,
    "avg_auc_delta": 13.37633638485178,
    "avg_geo_decay": 0.7316514283638209,
    "best_k": 35,
    "best_combined_score": 0.5015669459405667,
    "best_sse": 2219.8567540889894,
    "weights": {
        "alpha": 0.47,
        "beta": 0.53,
        "gamma": 0.0
    },
    "total_runtime_sec": 11.921834707260132
}