{
    "n_trials": 31,
    "avg_iterations": 14.67741935483871,
    "median_iterations": 14.0,
    "avg_auc_delta": 13.251438323299134,
    "avg_geo_decay": 0.6544167335885129,
    "best_k": 31,
    "best_combined_score": 0.5132148809237493,
    "best_sse": 1537.3031034394025,
    "total_runtime_sec": 4.6775126457214355
}