{
    "n_trials": 30,
    "avg_iterations": 7.966666666666667,
    "median_iterations": 7.0,
    "avg_auc_delta": 8.429408362972158,
    "avg_geo_decay": 0.539292484314562,
    "best_k": 19,
    "best_combined_score": 0.5514408603882821,
    "best_sse": 975.1159556069013,
    "weights": {
        "alpha": 0.47,
        "beta": 0.53,
        "gamma": 0.0
    },
    "total_runtime_sec": 0.7853479385375977
}