{
    "n_trials": 31,
    "avg_iterations": 8.709677419354838,
    "median_iterations": 8.0,
    "avg_auc_delta": 14.127169868649975,
    "avg_geo_decay": 0.6070449137774234,
    "best_k": 11,
    "best_combined_score": 0.40767071083539186,
    "best_sse": 1747.8599605277573,
    "weights": {
        "alpha": 0.47,
        "beta": 0.53,
        "gamma": 0.0
    },
    "total_runtime_sec": 1.6802232265472412
}