{
    "core_count": 2239,
    "border_count": 60,
    "noise_count": 86,
    "noise_ratio": 0.03605870020964361,
    "neighbor_hist": [
        0,
        46,
        22,
        19,
        33,
        26,
        20,
        18,
        17,
        11,
        14,
        15,
        11,
        10,
        4,
        10,
        7,
        8,
        21,
        13,
        12,
        13,
        9,
        4,
        12,
        12,
        8,
        4,
        6,
        16,
        8,
        22,
        23,
        8,
        5,
        4,
        7,
        4,
        4,
        10,
        3,
        7,
        7,
        8,
        5,
        8,
        6,
        11,
        6,
        1808
    ],
    "combined_score": 0.4646421074194176,
    "silhouette": 0.20229456160698167,
    "davies_bouldin": 1.5855768719922292,
    "sse": 13301.113876947693,
    "weights": {
        "alpha": 0.47,
        "beta": 0.53,
        "gamma": 0.0
    }
}