{
    "core_count": 1048,
    "border_count": 2,
    "noise_count": 0,
    "noise_ratio": 0.0,
    "neighbor_hist": [
        0,
        0,
        0,
        2,
        0,
        4,
        3,
        7,
        5,
        4,
        4,
        4,
        5,
        7,
        6,
        2,
        5,
        2,
        3,
        5,
        3,
        7,
        12,
        12,
        11,
        9,
        6,
        6,
        10,
        3,
        6,
        0,
        3,
        0,
        3,
        1,
        0,
        2,
        1,
        3,
        4,
        8,
        2,
        2,
        2,
        1,
        1,
        1,
        1,
        862
    ],
    "combined_score": 0.5949428175596202,
    "silhouette": 0.31312029635112276,
    "davies_bouldin": 0.8207200862458356,
    "sse": 4183.386343894895,
    "weights": {
        "alpha": 0.47,
        "beta": 0.53,
        "gamma": 0.0
    }
}