{
    "n_trials": 31,
    "avg_iterations": 17.774193548387096,
    "median_iterations": 17.0,
    "avg_auc_delta": 13.321106581526253,
    "avg_geo_decay": 0.7222983809634428,
    "best_k": 30,
    "best_combined_score": 0.5195180206850261,
    "best_sse": 2241.208840801658,
    "weights": {
        "alpha": 0.47,
        "beta": 0.53,
        "gamma": 0.0
    },
    "total_runtime_sec": 11.278671741485596
}