{
    "n_trials": 31,
    "avg_iterations": 5.580645161290323,
    "median_iterations": 5.0,
    "avg_auc_delta": 5.3449553595192185,
    "avg_geo_decay": 0.3757418954538871,
    "best_k": 17,
    "best_combined_score": 0.7138561180821693,
    "best_sse": 239.72851096866566,
    "weights": {
        "alpha": 0.47,
        "beta": 0.53,
        "gamma": 0.0
    },
    "total_runtime_sec": 3.38260817527771
}