{
    "n_trials": 31,
    "avg_iterations": 4.806451612903226,
    "median_iterations": 5.0,
    "avg_auc_delta": 4.577339412673025,
    "avg_geo_decay": 0.504020590402097,
    "best_k": 20,
    "best_combined_score": 0.5580435087209108,
    "best_sse": 2675.5512946681965,
    "weights": {
        "alpha": 0.47,
        "beta": 0.53,
        "gamma": 0.0
    },
    "total_runtime_sec": 10.884443283081055
}