{
    "n_trials": 31,
    "avg_iterations": 8.129032258064516,
    "median_iterations": 8.0,
    "avg_auc_delta": 7.854450577724331,
    "avg_geo_decay": 0.4903416197802914,
    "best_k": 36,
    "best_combined_score": 0.563689277260227,
    "best_sse": 1754.3597034174047,
    "weights": {
        "alpha": 0.47,
        "beta": 0.53,
        "gamma": 0.0
    },
    "total_runtime_sec": 12.555134296417236
}