{
    "n_trials": 31,
    "avg_iterations": 9.741935483870968,
    "median_iterations": 9.0,
    "avg_auc_delta": 6.95588419527649,
    "avg_geo_decay": 0.6013247331660679,
    "best_k": 45,
    "best_combined_score": 0.6392785148863641,
    "best_sse": 802.6624756461521,
    "weights": {
        "alpha": 0.47,
        "beta": 0.53,
        "gamma": 0.0
    },
    "total_runtime_sec": 20.243337869644165
}