{
    "n_trials": 31,
    "avg_iterations": 16.612903225806452,
    "median_iterations": 16.0,
    "avg_auc_delta": 12.597136006773065,
    "avg_geo_decay": 0.6631323142607991,
    "best_k": 10,
    "best_combined_score": 0.5358840975058612,
    "best_sse": 3712.94078979422,
    "weights": {
        "alpha": 0.47,
        "beta": 0.53,
        "gamma": 0.0
    },
    "total_runtime_sec": 5.478198289871216
}