{
    "core_count": 175,
    "border_count": 42,
    "noise_count": 162,
    "noise_ratio": 0.42744063324538256,
    "neighbor_hist": [
        0,
        64,
        31,
        20,
        29,
        33,
        9,
        10,
        8,
        4,
        3,
        9,
        11,
        6,
        3,
        6,
        0,
        1,
        3,
        3,
        7,
        2,
        3,
        2,
        9,
        4,
        1,
        1,
        2,
        4,
        5,
        6,
        10,
        6,
        7,
        6,
        2,
        10,
        1,
        5,
        3,
        3,
        2,
        5,
        5,
        2,
        0,
        0,
        1,
        12
    ],
    "combined_score": 0.35073657932745994,
    "silhouette": 0.02411051861830678,
    "davies_bouldin": 2.647684729160763,
    "sse": 856.7937576603362,
    "weights": {
        "alpha": 0.47,
        "beta": 0.53,
        "gamma": 0.0
    }
}