{
    "n_trials": 30,
    "avg_iterations": 7.966666666666667,
    "median_iterations": 7.5,
    "avg_auc_delta": 4.914648760022211,
    "avg_geo_decay": 0.5653627341799924,
    "best_k": 13,
    "best_combined_score": 0.709048721603798,
    "best_sse": 296.0982979528184,
    "total_runtime_sec": 0.18705487251281738
}