{
    "n_trials": 31,
    "avg_iterations": 10.064516129032258,
    "median_iterations": 10.0,
    "avg_auc_delta": 9.874002057806885,
    "avg_geo_decay": 0.5824931142595087,
    "best_k": 13,
    "best_combined_score": 0.7733658385632142,
    "best_sse": 308.15154499418963,
    "total_runtime_sec": 2.9304590225219727
}