{
    "n_trials": 30,
    "avg_iterations": 10.466666666666667,
    "median_iterations": 10.0,
    "avg_auc_delta": 7.446787586915474,
    "avg_geo_decay": 0.626891829634466,
    "best_k": 27,
    "best_combined_score": 0.520844176520562,
    "best_sse": 1324.9954312520017,
    "total_runtime_sec": 0.7485573291778564
}