{
    "n_trials": 31,
    "avg_iterations": 14.838709677419354,
    "median_iterations": 13.0,
    "avg_auc_delta": 12.209394515679607,
    "avg_geo_decay": 0.7057725362504725,
    "best_k": 27,
    "best_combined_score": 0.513414542363527,
    "best_sse": 1350.1435328300413,
    "total_runtime_sec": 6.838783502578735
}