{
    "n_trials": 30,
    "avg_iterations": 7.766666666666667,
    "median_iterations": 8.0,
    "avg_auc_delta": 12.511801693098432,
    "avg_geo_decay": 0.573280584526103,
    "best_k": 13,
    "best_combined_score": 0.4107293191980974,
    "best_sse": 1918.2810703009632,
    "weights": {
        "alpha": 0.47,
        "beta": 0.53,
        "gamma": 0.0
    },
    "total_runtime_sec": 0.48314952850341797
}