{
    "clean_state": "raw",
    "best_k": 5,
    "linkage": "single",
    "metric": "euclidean",
    "combined": 2.4001880428738334,
    "silhouette": 0.690707312893377,
    "davies_bouldin": 0.24332861241891995,
    "intra_dist_mean": 2.5805086166611853,
    "inter_dist_mean": 10.704597840487198,
    "ratio_intra_inter": 0.2410654426363296,
    "n_merge_steps": 169,
    "total_runtime_sec": 3.4713501930236816
}