{
    "n_trials": 30,
    "avg_iterations": 14.133333333333333,
    "median_iterations": 14.0,
    "avg_auc_delta": 9.168540371396391,
    "avg_geo_decay": 0.6942218826176505,
    "best_k": 31,
    "best_combined_score": 0.5190781987322783,
    "best_sse": 2172.1614942368506,
    "weights": {
        "alpha": 0.47,
        "beta": 0.53,
        "gamma": 0.0
    },
    "total_runtime_sec": 5.630321264266968
}