{
    "n_trials": 31,
    "avg_iterations": 13.709677419354838,
    "median_iterations": 13.0,
    "avg_auc_delta": 8.915747408238191,
    "avg_geo_decay": 0.5974170131514484,
    "best_k": 11,
    "best_combined_score": 0.5367376806528054,
    "best_sse": 1204.631710474595,
    "weights": {
        "alpha": 0.47,
        "beta": 0.53,
        "gamma": 0.0
    },
    "total_runtime_sec": 5.077632904052734
}