{
    "n_trials": 31,
    "avg_iterations": 9.516129032258064,
    "median_iterations": 10.0,
    "avg_auc_delta": 5.777234742869749,
    "avg_geo_decay": 0.5164406318451396,
    "best_k": 7,
    "best_combined_score": 0.5742992037271822,
    "best_sse": 3547.2271880553067,
    "weights": {
        "alpha": 0.47,
        "beta": 0.53,
        "gamma": 0.0
    },
    "total_runtime_sec": 15.608528137207031
}