{
    "n_trials": 31,
    "avg_iterations": 5.741935483870968,
    "median_iterations": 6.0,
    "avg_auc_delta": 4.502631914949843,
    "avg_geo_decay": 0.48567301717054945,
    "best_k": 9,
    "best_combined_score": 0.5600339949213119,
    "best_sse": 1023.6911505032657,
    "weights": {
        "alpha": 0.47,
        "beta": 0.53,
        "gamma": 0.0
    },
    "total_runtime_sec": 5.050830841064453
}