{
    "n_trials": 30,
    "avg_iterations": 10.733333333333333,
    "median_iterations": 10.5,
    "avg_auc_delta": 7.5076262532005815,
    "avg_geo_decay": 0.5395043009447152,
    "best_k": 33,
    "best_combined_score": 0.526000268362146,
    "best_sse": 1253.9243161949516,
    "total_runtime_sec": 1.259786605834961
}