{
    "n_trials": 31,
    "avg_iterations": 13.903225806451612,
    "median_iterations": 11.0,
    "avg_auc_delta": 11.215100894141067,
    "avg_geo_decay": 0.6163911037429679,
    "best_k": 33,
    "best_combined_score": 0.5401117629815351,
    "best_sse": 1270.9116399848278,
    "total_runtime_sec": 6.6769843101501465
}