{
    "core_count": 205,
    "border_count": 7,
    "noise_count": 19,
    "noise_ratio": 0.08225108225108226,
    "neighbor_hist": [
        0,
        11,
        4,
        6,
        1,
        2,
        2,
        6,
        1,
        1,
        0,
        4,
        4,
        3,
        0,
        0,
        0,
        0,
        0,
        0,
        0,
        0,
        0,
        0,
        3,
        3,
        0,
        0,
        0,
        0,
        5,
        0,
        0,
        0,
        0,
        0,
        0,
        0,
        0,
        0,
        0,
        1,
        29,
        1,
        0,
        4,
        0,
        3,
        1,
        136
    ],
    "combined_score": 0.5101114208337777,
    "silhouette": 0.6296274857673869,
    "davies_bouldin": 1.610447339117135,
    "sse": 506.09277872204274,
    "weights": {
        "alpha": 0.47,
        "beta": 0.53,
        "gamma": 0.0
    }
}