{
    "n_trials": 31,
    "avg_iterations": 3.5483870967741935,
    "median_iterations": 3.0,
    "avg_auc_delta": 3.1643533337641228,
    "avg_geo_decay": 0.3549014926086928,
    "best_k": 12,
    "best_combined_score": 0.7434514007271062,
    "best_sse": 75.65562405018493,
    "weights": {
        "alpha": 0.47,
        "beta": 0.53,
        "gamma": 0.0
    },
    "total_runtime_sec": 1.9318499565124512
}