{
    "n_trials": 31,
    "avg_iterations": 4.387096774193548,
    "median_iterations": 4.0,
    "avg_auc_delta": 4.940574802017009,
    "avg_geo_decay": 0.4089726081135814,
    "best_k": 21,
    "best_combined_score": 0.5432242707527688,
    "best_sse": 2689.1147790031578,
    "weights": {
        "alpha": 0.47,
        "beta": 0.53,
        "gamma": 0.0
    },
    "total_runtime_sec": 2.2142646312713623
}