{
    "clean_state": "raw",
    "best_k": 14,
    "best_cov_type": "tied",
    "best_combined": 0.5056966076365212,
    "best_silhouette": 0.22301254865293965,
    "best_db": 1.2808987604191822,
    "best_sse": 1601.5451651476646,
    "weights": {
        "alpha": 0.47,
        "beta": 0.53,
        "gamma": 0.0
    },
    "n_iter_final": 1,
    "ll_curve_final": [
        -7.552153480104406,
        -7.5142978366216,
        -7.486378985550238,
        -7.433279810901497,
        -7.349460213705073,
        -7.2755634477013365,
        -7.237313701691703,
        -7.214411070506395,
        -7.210444465390799,
        -7.208858152457995,
        -7.2074368322991935,
        -7.205248204704936,
        -7.202782986738818,
        -7.20091723641724,
        -7.198119090763833,
        -7.192279101423392,
        -7.184233210728336,
        -7.181090010011155,
        -7.1800506673152364,
        -7.179452408674613
    ],
    "total_runtime_sec": 10.743483066558838
}