{
    "clean_state": "raw",
    "best_k": 20,
    "best_cov_type": "tied",
    "best_combined": 0.353316322650099,
    "best_silhouette": 0.1304415779541841,
    "best_db": 1.7355354094711792,
    "n_iter_final": 1,
    "ll_curve_final": [
        -20.576790267053404,
        -14.950338641623684,
        -14.391001200179668,
        -14.166364493233155,
        -14.080761499081156,
        -14.050438195874449,
        -14.025909909648318,
        -13.917577802074208,
        -13.711767928273737,
        -13.18562237624218,
        -8.67741146162391,
        -8.675674721723484,
        -8.674710966479145
    ],
    "total_runtime_sec": 21.05158495903015
}