{
    "core_count": 1904,
    "border_count": 40,
    "noise_count": 34,
    "noise_ratio": 0.017189079878665317,
    "neighbor_hist": [
        0,
        10,
        21,
        10,
        15,
        18,
        18,
        11,
        9,
        9,
        15,
        10,
        14,
        13,
        28,
        18,
        15,
        18,
        15,
        14,
        10,
        14,
        9,
        9,
        10,
        13,
        5,
        6,
        6,
        12,
        9,
        6,
        10,
        5,
        17,
        11,
        14,
        17,
        16,
        23,
        10,
        11,
        14,
        22,
        8,
        15,
        5,
        6,
        16,
        1368
    ],
    "combined_score": 0.49889744871497704,
    "silhouette": 0.35968812583849014,
    "davies_bouldin": 1.4775187633633096,
    "sse": 11699.305308225394,
    "weights": {
        "alpha": 0.47,
        "beta": 0.53,
        "gamma": 0.0
    }
}