{
    "clean_state": "raw",
    "best_k": 22,
    "best_cov_type": "tied",
    "best_combined": 0.4486605190908736,
    "best_silhouette": 0.13523712222807274,
    "best_db": 1.312191451709877,
    "n_iter_final": 1,
    "ll_curve_final": [
        -12.914305930223662,
        -12.53364685780635,
        -11.092681107311757,
        -6.630158794708167,
        -6.60350810534447,
        -6.518677937332491,
        -6.5180636478861596
    ],
    "total_runtime_sec": 22.847288370132446
}