{
    "n_trials": 31,
    "avg_iterations": 3.3548387096774195,
    "median_iterations": 3.0,
    "avg_auc_delta": 5.3997481260857905,
    "avg_geo_decay": 0.21091702227979028,
    "best_k": 5,
    "best_combined_score": 0.4144738357796601,
    "best_sse": 443.5323782637363,
    "weights": {
        "alpha": 0.47,
        "beta": 0.53,
        "gamma": 0.0
    },
    "total_runtime_sec": 0.997575044631958
}