{
    "n_trials": 30,
    "avg_iterations": 10.4,
    "median_iterations": 10.0,
    "avg_auc_delta": 17.814215473911574,
    "avg_geo_decay": 0.6126938500306165,
    "best_k": 31,
    "best_combined_score": 0.340652765741229,
    "best_sse": 7854.556412021598,
    "total_runtime_sec": 1.6608045101165771
}