{
    "n_trials": 30,
    "avg_iterations": 9.066666666666666,
    "median_iterations": 8.0,
    "avg_auc_delta": 4.797719115371551,
    "avg_geo_decay": 0.5211056744300758,
    "best_k": 37,
    "best_combined_score": 0.6283498753213739,
    "best_sse": 1080.3684740574859,
    "weights": {
        "alpha": 0.47,
        "beta": 0.53,
        "gamma": 0.0
    },
    "total_runtime_sec": 5.3934221267700195
}