{
    "n_trials": 31,
    "avg_iterations": 19.193548387096776,
    "median_iterations": 19.0,
    "avg_auc_delta": 17.84548025332381,
    "avg_geo_decay": 0.7880108000373113,
    "best_k": 39,
    "best_combined_score": 0.5819870993906956,
    "best_sse": 1359.7741615018776,
    "weights": {
        "alpha": 0.47,
        "beta": 0.53,
        "gamma": 0.0
    },
    "total_runtime_sec": 525.6794016361237
}