{
    "n_trials": 30,
    "avg_iterations": 9.166666666666666,
    "median_iterations": 9.0,
    "avg_auc_delta": 5.6618183099384485,
    "avg_geo_decay": 0.563280217934599,
    "best_k": 48,
    "best_combined_score": 0.8974309242581268,
    "best_sse": 764.3564484352221,
    "total_runtime_sec": 3.8381145000457764
}