{
    "n_trials": 30,
    "avg_iterations": 11.666666666666666,
    "median_iterations": 12.0,
    "avg_auc_delta": 7.410594351045995,
    "avg_geo_decay": 0.5597448712414435,
    "best_k": 8,
    "best_combined_score": 0.580970012462655,
    "best_sse": 1925.9171789228205,
    "weights": {
        "alpha": 0.47,
        "beta": 0.53,
        "gamma": 0.0
    },
    "total_runtime_sec": 2.211470603942871
}