{
    "centroid_movements": [
        1.9564481766641332e-15
    ],
    "sse_list": [
        865.7338159952324,
        865.7338159952325
    ],
    "final_iteration": 2
}