{
    "core_count": 147,
    "border_count": 9,
    "noise_count": 13,
    "noise_ratio": 0.07692307692307693,
    "neighbor_hist": [
        0,
        6,
        0,
        3,
        5,
        0,
        0,
        0,
        3,
        5,
        0,
        0,
        5,
        0,
        0,
        0,
        0,
        0,
        0,
        0,
        0,
        0,
        0,
        1,
        2,
        22,
        0,
        0,
        0,
        0,
        0,
        22,
        4,
        0,
        0,
        0,
        0,
        0,
        0,
        0,
        0,
        0,
        0,
        0,
        0,
        0,
        0,
        0,
        0,
        91
    ],
    "combined_score": 0.4573392547005441,
    "silhouette": 0.5345060918268636,
    "davies_bouldin": 1.9697842559924563,
    "sse": 176.0517044133669,
    "weights": {
        "alpha": 0.47,
        "beta": 0.53,
        "gamma": 0.0
    }
}