{
    "clean_state": "raw",
    "best_k": 5,
    "linkage": "average",
    "metric": "manhattan",
    "combined": 1.608689835263684,
    "silhouette": 0.591242150511593,
    "davies_bouldin": 0.38078737018844055,
    "intra_dist_mean": 2.418514524284361,
    "inter_dist_mean": 7.4750201374014775,
    "ratio_intra_inter": 0.3235462219269391,
    "n_merge_steps": 94,
    "total_runtime_sec": 0.7453062534332275
}