{
    "n_trials": 30,
    "avg_iterations": 12.266666666666667,
    "median_iterations": 12.0,
    "avg_auc_delta": 9.29703528454437,
    "avg_geo_decay": 0.6168908626191765,
    "best_k": 29,
    "best_combined_score": 0.5092188098213255,
    "best_sse": 1680.708989570426,
    "weights": {
        "alpha": 0.47,
        "beta": 0.53,
        "gamma": 0.0
    },
    "total_runtime_sec": 2.9315733909606934
}