{
    "n_trials": 30,
    "avg_iterations": 12.1,
    "median_iterations": 11.0,
    "avg_auc_delta": 6.293418431551809,
    "avg_geo_decay": 0.5849145565575203,
    "best_k": 41,
    "best_combined_score": 0.7380182193780448,
    "best_sse": 1037.589712092045,
    "total_runtime_sec": 2.5775320529937744
}