{
    "centroid_movements": [
        1.5731799675104087e-15
    ],
    "sse_list": [
        1094.8156263775275,
        1094.8156263775275
    ],
    "final_iteration": 2
}