{
    "n_trials": 31,
    "avg_iterations": 12.548387096774194,
    "median_iterations": 13.0,
    "avg_auc_delta": 9.012550972344757,
    "avg_geo_decay": 0.6391277298470304,
    "best_k": 41,
    "best_combined_score": 0.7401257488112961,
    "best_sse": 1087.7837829926714,
    "total_runtime_sec": 6.908490419387817
}