{
    "n_trials": 31,
    "avg_iterations": 8.612903225806452,
    "median_iterations": 7.0,
    "avg_auc_delta": 9.321852407697158,
    "avg_geo_decay": 0.49906026335166337,
    "best_k": 12,
    "best_combined_score": 0.549955126355791,
    "best_sse": 3192.1482419221766,
    "weights": {
        "alpha": 0.47,
        "beta": 0.53,
        "gamma": 0.0
    },
    "total_runtime_sec": 16.975556135177612
}