{
    "n_trials": 30,
    "avg_iterations": 15.133333333333333,
    "median_iterations": 15.0,
    "avg_auc_delta": 7.970119157956081,
    "avg_geo_decay": 0.6999134942680143,
    "best_k": 48,
    "best_combined_score": 0.5754268319292678,
    "best_sse": 2422.586024863526,
    "total_runtime_sec": 4.775941371917725
}