{
    "n_trials": 31,
    "avg_iterations": 16.0,
    "median_iterations": 15.0,
    "avg_auc_delta": 13.05947185339894,
    "avg_geo_decay": 0.6961705772489648,
    "best_k": 48,
    "best_combined_score": 0.6103381920279118,
    "best_sse": 2346.193211251403,
    "total_runtime_sec": 16.179782152175903
}