{
    "n_trials": 20,
    "avg_iterations": 12.55,
    "median_iterations": 10.0,
    "avg_auc_delta": 9.02381518759235,
    "avg_geo_decay": 0.6154187148262859,
    "best_k": 12,
    "best_combined_score": 0.5381085256005769,
    "best_sse": 3406.9140594666023,
    "weights": {
        "alpha": 0.47,
        "beta": 0.53,
        "gamma": 0.0
    },
    "total_runtime_sec": 2.5380873680114746
}