{
    "n_trials": 31,
    "avg_iterations": 6.580645161290323,
    "median_iterations": 6.0,
    "avg_auc_delta": 9.948738688505522,
    "avg_geo_decay": 0.4720371163381846,
    "best_k": 29,
    "best_combined_score": 0.591199515143756,
    "best_sse": 1796.5111941359582,
    "weights": {
        "alpha": 0.47,
        "beta": 0.53,
        "gamma": 0.0
    },
    "total_runtime_sec": 6.980311393737793
}