{
    "core_count": 72,
    "border_count": 44,
    "noise_count": 85,
    "noise_ratio": 0.4228855721393035,
    "neighbor_hist": [
        0,
        21,
        18,
        16,
        13,
        8,
        6,
        1,
        6,
        6,
        5,
        3,
        6,
        4,
        3,
        4,
        8,
        0,
        1,
        3,
        3,
        4,
        1,
        2,
        0,
        1,
        1,
        3,
        2,
        1,
        2,
        0,
        1,
        1,
        0,
        0,
        2,
        1,
        2,
        0,
        4,
        3,
        1,
        1,
        4,
        0,
        3,
        4,
        1,
        21
    ],
    "combined_score": 0.43691305541607023,
    "silhouette": 0.12505519879927965,
    "davies_bouldin": 1.7420194918060767,
    "sse": 219.6566987613898,
    "weights": {
        "alpha": 0.47,
        "beta": 0.53,
        "gamma": 0.0
    }
}