{
    "n_trials": 30,
    "avg_iterations": 3.2333333333333334,
    "median_iterations": 3.0,
    "avg_auc_delta": 2.5764944418547144,
    "avg_geo_decay": 0.20435659059894667,
    "best_k": 11,
    "best_combined_score": 1.2410692806420476,
    "best_sse": 126.34032256712484,
    "total_runtime_sec": 0.14952468872070312
}