{
    "n_trials": 31,
    "avg_iterations": 7.612903225806452,
    "median_iterations": 7.0,
    "avg_auc_delta": 13.01806246569723,
    "avg_geo_decay": 0.5417273380812503,
    "best_k": 15,
    "best_combined_score": 0.5115792516476056,
    "best_sse": 1725.8547259357042,
    "weights": {
        "alpha": 0.47,
        "beta": 0.53,
        "gamma": 0.0
    },
    "total_runtime_sec": 3.5052788257598877
}