{
    "n_trials": 30,
    "avg_iterations": 6.933333333333334,
    "median_iterations": 5.5,
    "avg_auc_delta": 7.561235371454931,
    "avg_geo_decay": 0.439342868350646,
    "best_k": 31,
    "best_combined_score": 0.5677924687638699,
    "best_sse": 1533.5217151911497,
    "weights": {
        "alpha": 0.47,
        "beta": 0.53,
        "gamma": 0.0
    },
    "total_runtime_sec": 4.60725998878479
}