{
    "n_trials": 30,
    "avg_iterations": 17.366666666666667,
    "median_iterations": 14.0,
    "avg_auc_delta": 9.531741083309331,
    "avg_geo_decay": 0.6632900086588289,
    "best_k": 47,
    "best_combined_score": 0.4796572946739719,
    "best_sse": 2864.53717770836,
    "total_runtime_sec": 5.64208197593689
}