{
    "n_trials": 31,
    "avg_iterations": 20.516129032258064,
    "median_iterations": 19.0,
    "avg_auc_delta": 15.44285495939749,
    "avg_geo_decay": 0.7347448334942925,
    "best_k": 47,
    "best_combined_score": 0.5090667530471272,
    "best_sse": 2864.640502115865,
    "total_runtime_sec": 15.71762228012085
}