{
    "n_trials": 20,
    "avg_iterations": 14.0,
    "median_iterations": 13.5,
    "avg_auc_delta": 16.864669275954014,
    "avg_geo_decay": 0.6786687554231857,
    "best_k": 11,
    "best_combined_score": 0.405964218558803,
    "best_sse": 11920.695315832487,
    "weights": {
        "alpha": 0.47,
        "beta": 0.53,
        "gamma": 0.0
    },
    "total_runtime_sec": 2.0975966453552246
}