{
    "clean_state": "raw",
    "best_k": 14,
    "linkage": "single",
    "metric": "manhattan",
    "combined": 1.7841063245810538,
    "silhouette": 0.5280014858597096,
    "davies_bouldin": 0.32892452079340445,
    "intra_dist_mean": 2.179555699544583,
    "inter_dist_mean": 6.947197113175398,
    "ratio_intra_inter": 0.31373166242983513,
    "n_merge_steps": 253,
    "total_runtime_sec": 2.8752264976501465
}