{
    "n_trials": 31,
    "avg_iterations": 3.6774193548387095,
    "median_iterations": 4.0,
    "avg_auc_delta": 2.8613711389702625,
    "avg_geo_decay": 0.2517145917880817,
    "best_k": 10,
    "best_combined_score": 0.7679572554460798,
    "best_sse": 215.47651231413707,
    "weights": {
        "alpha": 0.47,
        "beta": 0.53,
        "gamma": 0.0
    },
    "total_runtime_sec": 0.44404006004333496
}