{
    "n_trials": 31,
    "avg_iterations": 13.129032258064516,
    "median_iterations": 12.0,
    "avg_auc_delta": 8.29309986151177,
    "avg_geo_decay": 0.669008348002858,
    "best_k": 28,
    "best_combined_score": 0.5742872031064366,
    "best_sse": 1154.833211114775,
    "weights": {
        "alpha": 0.47,
        "beta": 0.53,
        "gamma": 0.0
    },
    "total_runtime_sec": 6.9915549755096436
}