{
    "clean_state": "raw",
    "best_k": 9,
    "best_cov_type": "tied",
    "best_combined": 0.7183893015747573,
    "best_silhouette": 0.30287096070181063,
    "best_db": 0.8819060411669464,
    "n_iter_final": 1,
    "ll_curve_final": [
        -7.630142081245681,
        -7.539977924664218,
        -7.510182685514057,
        -7.496126598189622,
        -7.488705734769873,
        -7.48580448261991,
        -7.484296186451816,
        -7.4832112938141035,
        -7.48235714336842
    ],
    "total_runtime_sec": 75.50039720535278
}