{
    "n_trials": 31,
    "avg_iterations": 14.67741935483871,
    "median_iterations": 12.0,
    "avg_auc_delta": 10.276117562876076,
    "avg_geo_decay": 0.6780383358648424,
    "best_k": 35,
    "best_combined_score": 0.5559113625870051,
    "best_sse": 1269.854287783323,
    "weights": {
        "alpha": 0.47,
        "beta": 0.53,
        "gamma": 0.0
    },
    "total_runtime_sec": 7.399357318878174
}