{
    "n_trials": 31,
    "avg_iterations": 11.903225806451612,
    "median_iterations": 11.0,
    "avg_auc_delta": 23.967969316098543,
    "avg_geo_decay": 0.6492690960686764,
    "best_k": 29,
    "best_combined_score": 0.43960245438933054,
    "best_sse": 6806.343166852535,
    "weights": {
        "alpha": 0.47,
        "beta": 0.53,
        "gamma": 0.0
    },
    "total_runtime_sec": 7.018186092376709
}