{
    "n_trials": 30,
    "avg_iterations": 7.133333333333334,
    "median_iterations": 7.0,
    "avg_auc_delta": 6.890079512515964,
    "avg_geo_decay": 0.5186016469293282,
    "best_k": 22,
    "best_combined_score": 0.5590353024027284,
    "best_sse": 704.7444095801486,
    "total_runtime_sec": 0.3402845859527588
}