{
    "n_trials": 30,
    "avg_iterations": 11.333333333333334,
    "median_iterations": 12.0,
    "avg_auc_delta": 14.157305063446397,
    "avg_geo_decay": 0.6174226593476327,
    "best_k": 21,
    "best_combined_score": 0.48524607156477223,
    "best_sse": 3208.9067230428745,
    "weights": {
        "alpha": 0.47,
        "beta": 0.53,
        "gamma": 0.0
    },
    "total_runtime_sec": 1.0112602710723877
}