{
    "clean_state": "raw",
    "best_k": 12,
    "best_cov_type": "tied",
    "best_combined": 0.9540003609082742,
    "best_silhouette": 0.46091927995747134,
    "best_db": 0.691046109136257,
    "n_iter_final": 1,
    "ll_curve_final": [
        -3.728618348049621,
        -3.644189459165118,
        -3.6359195611704447,
        -3.629857390948827,
        -3.6242287029876312,
        -3.6167026881071114,
        -3.6051685273212484,
        -3.5809285966617797,
        -3.5270445580683516,
        -3.4727964820171775,
        -3.431932009466992,
        -3.4186173121101344,
        -3.4173443410186572,
        -3.416588860713907
    ],
    "total_runtime_sec": 16.082822561264038
}