{
    "clean_state": "raw",
    "best_k": 27,
    "best_cov_type": "tied",
    "best_combined": 0.6002115618281275,
    "best_silhouette": 0.3904180548999932,
    "best_db": 0.8679689415652374,
    "best_sse": 560.0142969187764,
    "weights": {
        "alpha": 0.47,
        "beta": 0.53,
        "gamma": 0.0
    },
    "n_iter_final": 1,
    "ll_curve_final": [
        -0.2945535968836446,
        -0.2670245207669943,
        -0.255639605034024,
        -0.24584514217569786,
        -0.23491244018062984,
        -0.22545477954546522,
        -0.22087870889918404,
        -0.21730920111759444,
        -0.21274847124277307,
        -0.2062609534844156,
        -0.19643328885346298,
        -0.17512916481121207,
        -0.13391081606925254,
        -0.11308262735278521,
        -0.10518872531754721,
        -0.10279437952991737,
        -0.10175620344025353,
        -0.10019464373945557,
        -0.09800784055603178,
        -0.09649837130530613,
        -0.0950932284422187,
        -0.09236825603024997,
        -0.09118908255603549,
        -0.09096361092808752
    ],
    "total_runtime_sec": 9.657878875732422
}