{
    "clean_state": "raw",
    "best_k": 9,
    "linkage": "single",
    "metric": "manhattan",
    "combined": 2.3064513152633266,
    "silhouette": 0.5193979624444572,
    "davies_bouldin": 0.24428944903793143,
    "intra_dist_mean": 3.8627482023756867,
    "inter_dist_mean": 14.424288689873787,
    "ratio_intra_inter": 0.2677947097028892,
    "n_merge_steps": 999,
    "total_runtime_sec": 41.25672435760498
}