{
    "n_trials": 31,
    "avg_iterations": 11.064516129032258,
    "median_iterations": 10.0,
    "avg_auc_delta": 7.773754201817111,
    "avg_geo_decay": 0.5745094173868645,
    "best_k": 32,
    "best_combined_score": 0.5928419976611151,
    "best_sse": 1173.3569927476572,
    "weights": {
        "alpha": 0.47,
        "beta": 0.53,
        "gamma": 0.0
    },
    "total_runtime_sec": 7.929863452911377
}