{
    "clean_state": "raw",
    "best_k": 8,
    "best_cov_type": "tied",
    "best_combined": 1.0086299610069278,
    "best_silhouette": 0.4494358305863899,
    "best_db": 0.6378266576383095,
    "n_iter_final": 1,
    "ll_curve_final": [
        -4.743604305048258,
        -4.718189442875064,
        -4.708187619033791,
        -4.702072122416492,
        -4.6975870169736735,
        -4.693912434138329,
        -4.690658036542768,
        -4.687670142858265,
        -4.685055931012154,
        -4.683052351683017,
        -4.681678547380177,
        -4.68075837740829
    ],
    "total_runtime_sec": 50.955666065216064
}