{
    "clean_state": "raw",
    "best_k": 13,
    "best_cov_type": "tied",
    "best_combined": 0.5390764699450982,
    "best_silhouette": 0.24102194375005062,
    "best_db": 1.0709134287274475,
    "best_sse": 1171.0613248003,
    "weights": {
        "alpha": 0.47,
        "beta": 0.53,
        "gamma": 0.0
    },
    "n_iter_final": 1,
    "ll_curve_final": [
        -7.799951969591831,
        -7.741888829709709,
        -7.687849181358964,
        -7.601963157468744,
        -7.527133471683497,
        -7.51128979276633,
        -7.508636437538383,
        -7.507334294003714,
        -7.506146533918542,
        -7.502619503114501,
        -7.483165948580153,
        -7.452456333447436,
        -7.444695472365248,
        -7.440547701477562,
        -7.4363060218812205,
        -7.433029819724234,
        -7.431396930118594,
        -7.429324035614728,
        -7.426010712255809,
        -7.422086990198452,
        -7.421001077088259,
        -7.420961906035381
    ],
    "total_runtime_sec": 7.488948583602905
}