{
    "n_trials": 31,
    "avg_iterations": 12.580645161290322,
    "median_iterations": 11.0,
    "avg_auc_delta": 23.021747406030798,
    "avg_geo_decay": 0.6346741715476698,
    "best_k": 29,
    "best_combined_score": 0.47051870244020394,
    "best_sse": 4891.601415316774,
    "total_runtime_sec": 7.5670390129089355
}