{
    "n_trials": 30,
    "avg_iterations": 11.266666666666667,
    "median_iterations": 9.5,
    "avg_auc_delta": 5.200834672654573,
    "avg_geo_decay": 0.5782016219144139,
    "best_k": 48,
    "best_combined_score": 0.6263956259074386,
    "best_sse": 932.868428051649,
    "weights": {
        "alpha": 0.47,
        "beta": 0.53,
        "gamma": 0.0
    },
    "total_runtime_sec": 6.733330011367798
}