{
    "n_trials": 30,
    "avg_iterations": 8.566666666666666,
    "median_iterations": 9.0,
    "avg_auc_delta": 13.685532013702888,
    "avg_geo_decay": 0.5526495221252681,
    "best_k": 29,
    "best_combined_score": 0.5215234462849716,
    "best_sse": 4956.716757779144,
    "total_runtime_sec": 1.2693305015563965
}