{
    "n_trials": 30,
    "avg_iterations": 7.5,
    "median_iterations": 5.0,
    "avg_auc_delta": 6.289636908700715,
    "avg_geo_decay": 0.5410112158617671,
    "best_k": 12,
    "best_combined_score": 1.0408404980855814,
    "best_sse": 234.25029366699482,
    "total_runtime_sec": 0.17018604278564453
}