{
    "clean_state": "raw",
    "best_k": 5,
    "linkage": "single",
    "metric": "euclidean",
    "combined": 1.1518226115455223,
    "silhouette": 0.38752287527265544,
    "davies_bouldin": 0.5218873424959294,
    "intra_dist_mean": 4.448514848234211,
    "inter_dist_mean": 11.664476440421007,
    "ratio_intra_inter": 0.3813728692372642,
    "n_merge_steps": 391,
    "total_runtime_sec": 9.519598960876465
}