{
    "clean_state": "raw",
    "best_k": 5,
    "linkage": "single",
    "metric": "manhattan",
    "combined": 1.430537086670875,
    "silhouette": 0.4720007092538594,
    "davies_bouldin": 0.41857231057638644,
    "intra_dist_mean": 4.479456647496607,
    "inter_dist_mean": 12.36086008032722,
    "ratio_intra_inter": 0.3623903691479747,
    "n_merge_steps": 391,
    "h_max": 28.734871033045685,
    "total_runtime_sec": 2.3004956245422363
}