{
    "clean_state": "raw",
    "best_k": 5,
    "linkage": "single",
    "metric": "manhattan",
    "combined": 2.9382750287940267,
    "silhouette": 0.6537900576676653,
    "davies_bouldin": 0.19146964440549502,
    "intra_dist_mean": 2.8803429864097825,
    "inter_dist_mean": 12.59479836110134,
    "ratio_intra_inter": 0.22869306072460893,
    "n_merge_steps": 209,
    "total_runtime_sec": 2.4819204807281494
}