{
    "n_trials": 30,
    "avg_iterations": 11.1,
    "median_iterations": 9.0,
    "avg_auc_delta": 6.3311411507274435,
    "avg_geo_decay": 0.5211840726877683,
    "best_k": 22,
    "best_combined_score": 0.655850843630216,
    "best_sse": 584.7414829852366,
    "total_runtime_sec": 0.4045445919036865
}