{
    "n_trials": 30,
    "avg_iterations": 11.633333333333333,
    "median_iterations": 14.0,
    "avg_auc_delta": 13.618939881393327,
    "avg_geo_decay": 0.5998629666974846,
    "best_k": 24,
    "best_combined_score": 0.5393064898307901,
    "best_sse": 4770.868252216358,
    "weights": {
        "alpha": 0.47,
        "beta": 0.53,
        "gamma": 0.0
    },
    "total_runtime_sec": 2.4476399421691895
}