{
    "n_trials": 31,
    "avg_iterations": 4.451612903225806,
    "median_iterations": 4.0,
    "avg_auc_delta": 3.3353366719630517,
    "avg_geo_decay": 0.3284489564464955,
    "best_k": 16,
    "best_combined_score": 0.41235514662346806,
    "best_sse": 11079.720752394742,
    "weights": {
        "alpha": 0.47,
        "beta": 0.53,
        "gamma": 0.0
    },
    "total_runtime_sec": 32.6051709651947
}