{
    "clean_state": "raw",
    "best_k": 12,
    "linkage": "single",
    "metric": "manhattan",
    "combined": 2.4684875126037475,
    "silhouette": 0.610640779278988,
    "davies_bouldin": 0.23114256623632246,
    "intra_dist_mean": 2.1674347158500686,
    "inter_dist_mean": 8.499121150280482,
    "ratio_intra_inter": 0.2550186869354469,
    "n_merge_steps": 259,
    "total_runtime_sec": 3.0890111923217773
}