{
    "clean_state": "raw",
    "best_k": 5,
    "linkage": "single",
    "metric": "euclidean",
    "combined": 2.599854027338694,
    "silhouette": 0.6580433426000692,
    "davies_bouldin": 0.22018358099856483,
    "intra_dist_mean": 2.673509368697602,
    "inter_dist_mean": 11.54724585547463,
    "ratio_intra_inter": 0.23152788138046276,
    "n_merge_steps": 259,
    "h_max": 16.092398969362087,
    "total_runtime_sec": 1.2873177528381348
}