{
    "clean_state": "raw",
    "best_k": 31,
    "best_cov_type": "diag",
    "best_combined": 0.6677927313705642,
    "best_silhouette": 0.6808806569757554,
    "best_db": 0.7702640873326863,
    "best_sse": 831.0033356195227,
    "weights": {
        "alpha": 0.47,
        "beta": 0.53,
        "gamma": 0.0
    },
    "n_iter_final": 1,
    "ll_curve_final": [
        30.702071736232128,
        31.07148333303759,
        31.09586273800515,
        31.13668399272958,
        31.21702496793315,
        31.21702494493863
    ],
    "total_runtime_sec": 5.785371780395508
}