{
    "clean_state": "raw",
    "best_k": 29,
    "best_cov_type": "full",
    "best_combined": 0.6253859884838977,
    "best_silhouette": 0.38913734530950045,
    "best_db": 1.1605847342456608,
    "n_iter_final": 1,
    "ll_curve_final": [
        21.981606789639223,
        22.41977698215534,
        22.77361847414531,
        23.122270440838633,
        23.198666955730896,
        23.362331392699218,
        23.663904703149267,
        23.709730343570584,
        23.818961651976274,
        23.818961815593997
    ],
    "total_runtime_sec": 18.33750081062317
}