{
    "clean_state": "raw",
    "best_k": 8,
    "best_cov_type": "spherical",
    "best_combined": 0.6755499280070489,
    "best_silhouette": 0.4634238389246737,
    "best_db": 0.5810305581845522,
    "best_sse": 1766.9725089073422,
    "weights": {
        "alpha": 0.47,
        "beta": 0.53,
        "gamma": 0.0
    },
    "n_iter_final": 1,
    "ll_curve_final": [
        -4.075121434862663,
        -4.065707258899654,
        -4.061047957596652,
        -4.05955505819121,
        -4.059338435058093
    ],
    "total_runtime_sec": 19.758582830429077
}