{
    "n_trials": 31,
    "avg_iterations": 19.741935483870968,
    "median_iterations": 18.0,
    "avg_auc_delta": 14.269557807526196,
    "avg_geo_decay": 0.7066341739436445,
    "best_k": 41,
    "best_combined_score": 0.5951119151406632,
    "best_sse": 2019.411596121692,
    "weights": {
        "alpha": 0.47,
        "beta": 0.53,
        "gamma": 0.0
    },
    "total_runtime_sec": 164.99761581420898
}