{
    "clean_state": "raw",
    "best_k": 12,
    "best_cov_type": "tied",
    "best_combined": 1.2540776566977532,
    "best_silhouette": 0.5939301563562293,
    "best_db": 0.5224045856479576,
    "n_iter_final": 1,
    "ll_curve_final": [
        10.496428960422229,
        10.54573089067774,
        10.563820336986995,
        10.573907501953189,
        10.576128046410462,
        10.576659196747606
    ],
    "total_runtime_sec": 3.4063334465026855
}