{
    "clean_state": "raw",
    "best_k": 12,
    "best_cov_type": "tied",
    "best_combined": 0.6693798184275741,
    "best_silhouette": 0.5442478373372964,
    "best_db": 0.6702067353698188,
    "best_sse": 186.02430356679164,
    "weights": {
        "alpha": 0.47,
        "beta": 0.53,
        "gamma": 0.0
    },
    "n_iter_final": 1,
    "ll_curve_final": [
        15.540770021692362,
        15.670141413378737,
        15.701294886123312,
        15.704116932631273,
        15.705667112980132,
        15.706545082428711
    ],
    "total_runtime_sec": 6.898050785064697
}