{
    "clean_state": "raw",
    "best_k": 7,
    "best_cov_type": "spherical",
    "best_combined": 0.43225922757866037,
    "best_silhouette": 0.08338415524526138,
    "best_db": 1.7278773720816578,
    "best_sse": 363.2327646114015,
    "weights": {
        "alpha": 0.47,
        "beta": 0.53,
        "gamma": 0.0
    },
    "n_iter_final": 1,
    "ll_curve_final": [
        -18.785930742088773,
        -18.769573710022733,
        -18.747391556680935,
        -18.71737025236302,
        -18.661356405078138,
        -18.608953090454076,
        -18.60723286590575,
        -18.6047073267957,
        -18.589953392446056,
        -18.510277835082753,
        -18.481831380218495,
        -18.47409109019807,
        -18.43410222880128,
        -18.370004895134088,
        -18.36853206962554,
        -18.368331151921772
    ],
    "total_runtime_sec": 0.8394639492034912
}