{
    "clean_state": "raw",
    "best_k": 5,
    "best_cov_type": "tied",
    "best_combined": 0.6529254188958391,
    "best_silhouette": 0.3335344607473631,
    "best_db": 1.0284718262586903,
    "n_iter_final": 1,
    "ll_curve_final": [
        -9.03795132729033,
        -8.970862459695539,
        -8.936744725768817,
        -8.915313618784399,
        -8.899879546961964,
        -8.880021147892494,
        -8.853309222150429,
        -8.829982485632437,
        -8.81333542529235,
        -8.791875519256857,
        -8.76550446224447,
        -8.749161695026155,
        -8.739159840384731,
        -8.724479624179715,
        -8.706456753039962,
        -8.694796973946437,
        -8.688659430974703,
        -8.679324023088135,
        -8.647604912118398,
        -8.616161050920839,
        -8.574628519962047,
        -8.566430267501039,
        -8.566355492950633
    ],
    "total_runtime_sec": 6.83843469619751
}