{
    "core_count": 2352,
    "border_count": 23,
    "noise_count": 1,
    "noise_ratio": 0.00042087542087542086,
    "neighbor_hist": [
        0,
        0,
        1,
        1,
        2,
        4,
        5,
        1,
        3,
        7,
        2,
        9,
        5,
        5,
        7,
        3,
        0,
        0,
        0,
        0,
        3,
        14,
        30,
        4,
        10,
        6,
        13,
        3,
        4,
        1,
        3,
        29,
        1,
        2,
        3,
        4,
        1,
        56,
        13,
        3,
        5,
        5,
        2,
        2,
        32,
        0,
        4,
        0,
        0,
        2068
    ],
    "combined_score": 0.5995790788288528,
    "silhouette": 0.33079895489333483,
    "davies_bouldin": 0.8141398271124115,
    "sse": 7018.511735932149,
    "weights": {
        "alpha": 0.47,
        "beta": 0.53,
        "gamma": 0.0
    }
}