{
    "clean_state": "raw",
    "best_k": 7,
    "linkage": "single",
    "metric": "manhattan",
    "combined": 2.1537427697503815,
    "silhouette": 0.5671915295235379,
    "davies_bouldin": 0.2673586614668533,
    "intra_dist_mean": 3.299083347772315,
    "inter_dist_mean": 10.571371978140256,
    "ratio_intra_inter": 0.31207712249591907,
    "n_merge_steps": 1441,
    "h_max": 10.814575138307875,
    "total_runtime_sec": 41.94914150238037
}