{
    "clean_state": "raw",
    "best_k": 7,
    "linkage": "single",
    "metric": "manhattan",
    "combined": 2.153742737582111,
    "silhouette": 0.5671915294922852,
    "davies_bouldin": 0.2673586660634374,
    "intra_dist_mean": 3.29908334777558,
    "inter_dist_mean": 10.571371978140256,
    "ratio_intra_inter": 0.31207712249622793,
    "n_merge_steps": 1441,
    "total_runtime_sec": 47.681979179382324
}