{
    "clean_state": "raw",
    "best_k": 6,
    "linkage": "single",
    "metric": "euclidean",
    "combined": 0.8897658764341596,
    "silhouette": 0.2047724983834887,
    "davies_bouldin": 0.6350177001037163,
    "intra_dist_mean": 4.1378679626134165,
    "inter_dist_mean": 7.1865377405587685,
    "ratio_intra_inter": 0.5757804539534934,
    "n_merge_steps": 36,
    "h_max": 7.418262684516434,
    "total_runtime_sec": 0.3552665710449219
}