{
    "clean_state": "raw",
    "best_k": 6,
    "linkage": "single",
    "metric": "euclidean",
    "combined": 0.88976587643416,
    "silhouette": 0.20477249838348874,
    "davies_bouldin": 0.6350177001037159,
    "intra_dist_mean": 4.1378679626134165,
    "inter_dist_mean": 7.1865377405587685,
    "ratio_intra_inter": 0.5757804539534934,
    "n_merge_steps": 36,
    "total_runtime_sec": 0.8832578659057617
}