{
    "n_trials": 30,
    "avg_iterations": 15.133333333333333,
    "median_iterations": 12.0,
    "avg_auc_delta": 6.513590703825913,
    "avg_geo_decay": 0.6588892654740592,
    "best_k": 48,
    "best_combined_score": 0.5930019023669899,
    "best_sse": 1933.5281885572308,
    "total_runtime_sec": 4.767289876937866
}