{
    "n_trials": 31,
    "avg_iterations": 17.64516129032258,
    "median_iterations": 16.0,
    "avg_auc_delta": 11.90921506525878,
    "avg_geo_decay": 0.7047006620242591,
    "best_k": 48,
    "best_combined_score": 0.6142284066019487,
    "best_sse": 2021.5792728496144,
    "total_runtime_sec": 12.963070154190063
}