{
    "centroid_movements": [
        1.4757063303480844e-15
    ],
    "sse_list": [
        2013.4110073645838,
        2013.4110073645836
    ],
    "final_iteration": 2
}