{
    "core_count": 1172,
    "border_count": 28,
    "noise_count": 31,
    "noise_ratio": 0.025182778229082048,
    "neighbor_hist": [
        0,
        7,
        1,
        2,
        6,
        3,
        1,
        3,
        7,
        2,
        9,
        5,
        13,
        1,
        2,
        0,
        3,
        18,
        4,
        9,
        7,
        6,
        8,
        12,
        11,
        4,
        17,
        3,
        10,
        10,
        6,
        4,
        5,
        4,
        4,
        9,
        1,
        3,
        10,
        4,
        0,
        4,
        1,
        5,
        7,
        6,
        1,
        2,
        1,
        970
    ],
    "combined_score": 0.5484592640233896,
    "silhouette": 0.3816408103109864,
    "davies_bouldin": 1.1564886418357356,
    "sse": 5079.939505520428,
    "weights": {
        "alpha": 0.47,
        "beta": 0.53,
        "gamma": 0.0
    }
}