{
    "clean_state": "raw",
    "best_k": 31,
    "best_cov_type": "full",
    "best_combined": 0.34125448948893555,
    "best_silhouette": 0.12652744482584793,
    "best_db": 1.798620886798316,
    "n_iter_final": 1,
    "ll_curve_final": [
        9.276329306075317,
        9.878037597382132,
        9.981428498844592,
        10.009760753524041,
        10.020171020958397,
        10.026294010710094,
        10.029120059500979,
        10.03071506845898,
        10.030750557820157
    ],
    "total_runtime_sec": 21.804760456085205
}