{
    "clean_state": "raw",
    "best_k": 16,
    "best_cov_type": "full",
    "best_combined": 1.1181895186706203,
    "best_silhouette": 0.6138625703142477,
    "best_db": 0.6163265645200774,
    "n_iter_final": 1,
    "ll_curve_final": [
        34.60304248446744,
        37.90294988719382,
        38.25705491767844,
        38.34459685019411,
        38.34502231035271
    ],
    "total_runtime_sec": 3.170858860015869
}