{
    "clean_state": "raw",
    "best_k": 12,
    "best_cov_type": "tied",
    "best_combined": 0.72383924726164,
    "best_silhouette": 0.6002937311086409,
    "best_db": 0.49835858367008273,
    "best_sse": 535.1082887002341,
    "weights": {
        "alpha": 0.47,
        "beta": 0.53,
        "gamma": 0.0
    },
    "n_iter_final": 1,
    "ll_curve_final": [
        13.490423962608226,
        13.551995624043421,
        13.589412055799583,
        13.919673334493842,
        14.110304480841476,
        14.380239472251834,
        14.443139764321424,
        14.443625895607976
    ],
    "total_runtime_sec": 2.8599722385406494
}