{
    "core_count": 358,
    "border_count": 44,
    "noise_count": 224,
    "noise_ratio": 0.35782747603833864,
    "neighbor_hist": [
        0,
        135,
        54,
        37,
        42,
        23,
        11,
        18,
        7,
        6,
        5,
        7,
        11,
        5,
        10,
        7,
        9,
        14,
        6,
        6,
        6,
        8,
        10,
        10,
        7,
        8,
        5,
        4,
        6,
        8,
        3,
        6,
        7,
        2,
        4,
        5,
        6,
        2,
        4,
        3,
        6,
        3,
        4,
        5,
        7,
        3,
        1,
        1,
        3,
        66
    ],
    "combined_score": 0.41327365686268697,
    "silhouette": -0.06005619151780212,
    "davies_bouldin": 1.6785743591088342,
    "sse": 487.96189710895806,
    "weights": {
        "alpha": 0.47,
        "beta": 0.53,
        "gamma": 0.0
    }
}