{
    "clean_state": "raw",
    "best_k": 5,
    "linkage": "single",
    "metric": "manhattan",
    "combined": 1.0666655138760357,
    "silhouette": 0.24544155042485558,
    "davies_bouldin": 0.5296920248825967,
    "intra_dist_mean": 5.792971990448355,
    "inter_dist_mean": 9.045995663428815,
    "ratio_intra_inter": 0.6403907547587673,
    "n_merge_steps": 999,
    "h_max": 14.611691784310791,
    "total_runtime_sec": 19.07768750190735
}