{
    "clean_state": "raw",
    "best_k": 5,
    "linkage": "single",
    "metric": "manhattan",
    "combined": 1.066665508309199,
    "silhouette": 0.24544155042485558,
    "davies_bouldin": 0.529692028006412,
    "intra_dist_mean": 5.792971990448355,
    "inter_dist_mean": 9.045995663428815,
    "ratio_intra_inter": 0.6403907547587673,
    "n_merge_steps": 999,
    "total_runtime_sec": 35.87652087211609
}