{
    "clean_state": "raw",
    "best_k": 11,
    "best_cov_type": "tied",
    "best_combined": 0.6068677788511992,
    "best_silhouette": 0.2988985150921548,
    "best_db": 1.093090849433432,
    "n_iter_final": 1,
    "ll_curve_final": [
        -7.765874231941686,
        -7.280068217192795,
        -5.346343627585109,
        -5.325704704283766,
        -5.314389784808154,
        -5.3070316538426505,
        -5.302932599256763,
        -5.300575447771534,
        -5.298834137868899,
        -5.297424202454757,
        -5.296246049347732,
        -5.295329371858876
    ],
    "total_runtime_sec": 19.977708101272583
}