{
    "clean_state": "raw",
    "best_k": 30,
    "best_cov_type": "spherical",
    "best_combined": 0.42135245994723974,
    "best_silhouette": 0.0493668163776902,
    "best_db": 1.787795671384461,
    "best_sse": 8749.850918459093,
    "weights": {
        "alpha": 0.47,
        "beta": 0.53,
        "gamma": 0.0
    },
    "n_iter_final": 1,
    "ll_curve_final": [
        -21.74646255474706,
        -21.64270172147286,
        -21.53061274701316,
        -21.396887375569783,
        -21.276675056744686,
        -21.205354029461144,
        -21.151661412652306,
        -21.090529613822216,
        -20.965450831445516,
        -20.9396078966423,
        -20.91576210490595,
        -20.88771378850828,
        -20.852364818176714,
        -20.822077042716018,
        -20.800683635483313,
        -20.788364719244647,
        -20.780174212442812,
        -20.7693547263829,
        -20.75974431668008,
        -20.75248378373163,
        -20.74540125691964,
        -20.737468385794024,
        -20.73020363266834,
        -20.7229802813424,
        -20.71775692576314,
        -20.714115250326685,
        -20.71218405635398,
        -20.710371537185296,
        -20.708825552686342,
        -20.707488026068155,
        -20.70631874913428,
        -20.705343451499292
    ],
    "total_runtime_sec": 6.679014205932617
}