{
    "n_trials": 31,
    "avg_iterations": 6.935483870967742,
    "median_iterations": 7.0,
    "avg_auc_delta": 14.124519082136475,
    "avg_geo_decay": 0.6365375401047018,
    "best_k": 17,
    "best_combined_score": 0.7110304389525186,
    "best_sse": 277.56858545576506,
    "weights": {
        "alpha": 0.47,
        "beta": 0.53,
        "gamma": 0.0
    },
    "total_runtime_sec": 2.0372705459594727
}