{
    "n_trials": 30,
    "avg_iterations": 6.566666666666666,
    "median_iterations": 6.0,
    "avg_auc_delta": 5.535142753775207,
    "avg_geo_decay": 0.2875525584476241,
    "best_k": 17,
    "best_combined_score": 0.6691741439974196,
    "best_sse": 773.3151858404021,
    "weights": {
        "alpha": 0.47,
        "beta": 0.53,
        "gamma": 0.0
    },
    "total_runtime_sec": 1.1844830513000488
}