{
    "n_trials": 31,
    "avg_iterations": 11.96774193548387,
    "median_iterations": 10.0,
    "avg_auc_delta": 12.086585332676302,
    "avg_geo_decay": 0.6034977315534207,
    "best_k": 30,
    "best_combined_score": 0.6949586380283912,
    "best_sse": 1002.1261191387293,
    "total_runtime_sec": 7.12246298789978
}