{
    "n_trials": 31,
    "avg_iterations": 9.387096774193548,
    "median_iterations": 8.0,
    "avg_auc_delta": 6.333952415474993,
    "avg_geo_decay": 0.5443257569300238,
    "best_k": 19,
    "best_combined_score": 0.528336517924199,
    "best_sse": 1333.859409714902,
    "weights": {
        "alpha": 0.47,
        "beta": 0.53,
        "gamma": 0.0
    },
    "total_runtime_sec": 54.994600772857666
}