{
    "clean_state": "raw",
    "best_k": 9,
    "best_cov_type": "tied",
    "best_combined": 0.703672668982659,
    "best_silhouette": 0.29629069574354316,
    "best_db": 0.9000457421250686,
    "n_iter_final": 1,
    "ll_curve_final": [
        -8.115671084082345,
        -8.04882022963182,
        -8.025319234044542,
        -8.009908160713966,
        -8.002457685600566,
        -7.999917363979645,
        -7.998157748713517,
        -7.996847816420893,
        -7.995849441465728
    ],
    "total_runtime_sec": 13.049827098846436
}