{
    "clean_state": "raw",
    "best_k": 18,
    "best_cov_type": "full",
    "best_combined": 0.5365691247543799,
    "best_silhouette": 0.24700518459348603,
    "best_db": 1.0941259718615195,
    "best_sse": 3650.39041842584,
    "weights": {
        "alpha": 0.47,
        "beta": 0.53,
        "gamma": 0.0
    },
    "n_iter_final": 1,
    "ll_curve_final": [
        27.657820929628794,
        28.38927053697799,
        28.641495677568074,
        28.641537973719494
    ],
    "total_runtime_sec": 12.783028841018677
}