{
    "n_trials": 31,
    "avg_iterations": 11.451612903225806,
    "median_iterations": 12.0,
    "avg_auc_delta": 12.587045360284074,
    "avg_geo_decay": 0.604164239692959,
    "best_k": 29,
    "best_combined_score": 0.5471958287884245,
    "best_sse": 1648.1470297141514,
    "weights": {
        "alpha": 0.47,
        "beta": 0.53,
        "gamma": 0.0
    },
    "total_runtime_sec": 7.363954067230225
}