{
    "clean_state": "raw",
    "best_k": 16,
    "linkage": "single",
    "metric": "euclidean",
    "combined": 2.451290286188893,
    "silhouette": 0.5668951348052643,
    "davies_bouldin": 0.230644038733558,
    "intra_dist_mean": 2.030109560685277,
    "inter_dist_mean": 8.694412310974428,
    "ratio_intra_inter": 0.23349589231264767,
    "n_merge_steps": 419,
    "total_runtime_sec": 10.895758628845215
}