{
    "clean_state": "raw",
    "best_k": 16,
    "linkage": "single",
    "metric": "euclidean",
    "combined": 2.4512904477020734,
    "silhouette": 0.5668951348052643,
    "davies_bouldin": 0.23064402154963173,
    "intra_dist_mean": 2.0301095606852777,
    "inter_dist_mean": 8.694412310974428,
    "ratio_intra_inter": 0.23349589231264778,
    "n_merge_steps": 419,
    "h_max": 20.518343189234088,
    "total_runtime_sec": 2.7682790756225586
}