{
    "clean_state": "raw",
    "best_k": 6,
    "linkage": "single",
    "metric": "manhattan",
    "combined": 0.8504375264954954,
    "silhouette": 0.6908620183407985,
    "davies_bouldin": 0.16969032449169294,
    "sse": 2148.670190854312,
    "weights": {
        "alpha": 0.47,
        "beta": 0.53,
        "gamma": 0.0
    },
    "intra_dist_mean": 2.6216567244321536,
    "inter_dist_mean": 14.651849618739233,
    "ratio_intra_inter": 0.17893008682528122,
    "n_merge_steps": 387,
    "h_max": 19.84035200999134,
    "total_runtime_sec": 3.9179534912109375
}