{
    "clean_state": "raw",
    "best_k": 29,
    "best_cov_type": "spherical",
    "best_combined": 0.7876311474526039,
    "best_silhouette": 0.3846005995119398,
    "best_db": 0.8398691281235063,
    "n_iter_final": 1,
    "ll_curve_final": [
        -3.175485491328628,
        -3.0995304221355573,
        -3.078697742449468,
        -3.0702699342094717,
        -3.0643215365904113,
        -3.0574722506306564,
        -3.0512127496505963,
        -3.0376875547399558,
        -3.020967444169079,
        -2.9926369101372434,
        -2.9906074874283757,
        -2.989490349495306,
        -2.989456994193387
    ],
    "total_runtime_sec": 13.632030963897705
}