{
    "n_trials": 30,
    "avg_iterations": 10.466666666666667,
    "median_iterations": 11.0,
    "avg_auc_delta": 6.661084981015434,
    "avg_geo_decay": 0.6478724685847735,
    "best_k": 28,
    "best_combined_score": 0.6781660504027188,
    "best_sse": 771.1940041887503,
    "total_runtime_sec": 0.8216784000396729
}