{
    "n_trials": 30,
    "avg_iterations": 9.1,
    "median_iterations": 9.0,
    "avg_auc_delta": 12.281327424736054,
    "avg_geo_decay": 0.5521760327112104,
    "best_k": 24,
    "best_combined_score": 0.49918693088291094,
    "best_sse": 3891.311654804744,
    "weights": {
        "alpha": 0.47,
        "beta": 0.53,
        "gamma": 0.0
    },
    "total_runtime_sec": 2.3831231594085693
}