{
    "n_trials": 31,
    "avg_iterations": 12.129032258064516,
    "median_iterations": 11.0,
    "avg_auc_delta": 9.996466612486016,
    "avg_geo_decay": 0.589252765808639,
    "best_k": 28,
    "best_combined_score": 0.6547692313867501,
    "best_sse": 826.713870284435,
    "total_runtime_sec": 8.661938428878784
}