{
    "n_trials": 31,
    "avg_iterations": 9.03225806451613,
    "median_iterations": 8.0,
    "avg_auc_delta": 13.628664583945392,
    "avg_geo_decay": 0.6107997786341091,
    "best_k": 10,
    "best_combined_score": 0.4033263459066155,
    "best_sse": 1953.1097274437966,
    "weights": {
        "alpha": 0.47,
        "beta": 0.53,
        "gamma": 0.0
    },
    "total_runtime_sec": 2.485069513320923
}