{
    "core_count": 1302,
    "border_count": 40,
    "noise_count": 60,
    "noise_ratio": 0.042796005706134094,
    "neighbor_hist": [
        0,
        36,
        24,
        25,
        15,
        13,
        13,
        13,
        15,
        6,
        13,
        14,
        7,
        11,
        7,
        12,
        12,
        23,
        8,
        5,
        8,
        3,
        1,
        8,
        8,
        6,
        5,
        5,
        4,
        6,
        5,
        7,
        4,
        6,
        5,
        3,
        3,
        4,
        1,
        3,
        2,
        3,
        8,
        3,
        4,
        4,
        6,
        4,
        3,
        998
    ],
    "combined_score": 0.48580236224747947,
    "silhouette": 0.28026445793937566,
    "davies_bouldin": 1.498541431222017,
    "sse": 7718.259871605448,
    "weights": {
        "alpha": 0.47,
        "beta": 0.53,
        "gamma": 0.0
    }
}