{
    "n_trials": 31,
    "avg_iterations": 5.967741935483871,
    "median_iterations": 5.0,
    "avg_auc_delta": 5.254460139587818,
    "avg_geo_decay": 0.3752622601357887,
    "best_k": 14,
    "best_combined_score": 0.7348547137216722,
    "best_sse": 241.8634796955704,
    "weights": {
        "alpha": 0.47,
        "beta": 0.53,
        "gamma": 0.0
    },
    "total_runtime_sec": 5.21380877494812
}