{
    "clean_state": "raw",
    "best_k": 7,
    "linkage": "single",
    "metric": "cosine",
    "combined": 1.0402956422903966,
    "silhouette": 0.20051251285537366,
    "davies_bouldin": 0.5318926073944562,
    "intra_dist_mean": 3.1661830015691743,
    "inter_dist_mean": 5.128703063402219,
    "ratio_intra_inter": 0.6173457426619297,
    "n_merge_steps": 2375,
    "total_runtime_sec": 119.10722589492798
}