{
    "n_trials": 31,
    "avg_iterations": 4.096774193548387,
    "median_iterations": 4.0,
    "avg_auc_delta": 5.343588531691425,
    "avg_geo_decay": 0.25828620823481857,
    "best_k": 12,
    "best_combined_score": 0.763756596916463,
    "best_sse": 222.50784538115002,
    "weights": {
        "alpha": 0.47,
        "beta": 0.53,
        "gamma": 0.0
    },
    "total_runtime_sec": 2.3508970737457275
}