{
    "clean_state": "raw",
    "best_k": 3,
    "best_cov_type": "tied",
    "best_combined": 2.2393021275386524,
    "best_silhouette": 0.7051465881225714,
    "best_db": 0.26500893563939804,
    "n_iter_final": 1,
    "ll_curve_final": [
        3.0790123415960933,
        3.0790123415960933
    ],
    "total_runtime_sec": 1.7539787292480469
}