{
    "n_trials": 30,
    "avg_iterations": 3.433333333333333,
    "median_iterations": 3.0,
    "avg_auc_delta": 2.3465837036198156,
    "avg_geo_decay": 0.21952062919523913,
    "best_k": 9,
    "best_combined_score": 0.7185808003781491,
    "best_sse": 156.5833442540218,
    "weights": {
        "alpha": 0.47,
        "beta": 0.53,
        "gamma": 0.0
    },
    "total_runtime_sec": 1.697678804397583
}