{
    "n_trials": 31,
    "avg_iterations": 4.935483870967742,
    "median_iterations": 5.0,
    "avg_auc_delta": 7.591996715533241,
    "avg_geo_decay": 0.4428134239890103,
    "best_k": 12,
    "best_combined_score": 1.0723569304053309,
    "best_sse": 166.47857428926602,
    "total_runtime_sec": 1.4573874473571777
}