{
    "n_trials": 30,
    "avg_iterations": 3.7666666666666666,
    "median_iterations": 4.0,
    "avg_auc_delta": 6.106328974427437,
    "avg_geo_decay": 0.2845579560207571,
    "best_k": 12,
    "best_combined_score": 0.9790151123558506,
    "best_sse": 177.26120499488093,
    "total_runtime_sec": 0.1655406951904297
}