{
    "clean_state": "raw",
    "best_k": 6,
    "linkage": "single",
    "metric": "manhattan",
    "combined": 2.0897818293980066,
    "silhouette": 0.5651029753808188,
    "davies_bouldin": 0.27666644835520254,
    "intra_dist_mean": 3.311789397882956,
    "inter_dist_mean": 10.50293048976922,
    "ratio_intra_inter": 0.31532050993849914,
    "n_merge_steps": 1441,
    "total_runtime_sec": 58.23760485649109
}