{
    "clean_state": "raw",
    "best_k": 6,
    "linkage": "single",
    "metric": "manhattan",
    "combined": 2.089781876172141,
    "silhouette": 0.5651029754121616,
    "davies_bouldin": 0.2766664411970129,
    "intra_dist_mean": 3.3117893978793025,
    "inter_dist_mean": 10.50293048976922,
    "ratio_intra_inter": 0.31532050993815125,
    "n_merge_steps": 1441,
    "h_max": 10.40836844969043,
    "total_runtime_sec": 40.63826036453247
}