{
    "clean_state": "raw",
    "best_k": 9,
    "best_cov_type": "tied",
    "best_combined": 0.8270064166204134,
    "best_silhouette": 0.36091949759512154,
    "best_db": 0.7733393811829141,
    "n_iter_final": 1,
    "ll_curve_final": [
        -5.590786756934173,
        -5.563761378032704,
        -5.55271369280826,
        -5.544456620178621,
        -5.537267671328881,
        -5.534912740337764,
        -5.533050534344558,
        -5.531022504071568,
        -5.529292280073054,
        -5.527637495477409,
        -5.5259217381665,
        -5.524018683560414,
        -5.521566006645237,
        -5.5178912769799044,
        -5.511032067643419,
        -5.4920617077616525,
        -5.408149975090196,
        -4.864458087979647,
        -4.2794446488026585,
        -4.2789601599676175
    ],
    "total_runtime_sec": 14.235816240310669
}