{
    "clean_state": "raw",
    "best_k": 21,
    "best_cov_type": "tied",
    "best_combined": 0.653877736113721,
    "best_silhouette": 0.4580013154582971,
    "best_db": 0.6690937415117936,
    "best_sse": 858.3090018589551,
    "weights": {
        "alpha": 0.47,
        "beta": 0.53,
        "gamma": 0.0
    },
    "n_iter_final": 1,
    "ll_curve_final": [
        -2.5321335867456964,
        -0.9570603090056067,
        -0.9260214506268204,
        -0.9011634483295622,
        -0.8578136448539534,
        -0.8255235795957475,
        -0.8234319966126832,
        -0.8220025793563297,
        -0.8216735693633089
    ],
    "total_runtime_sec": 9.482369661331177
}