{
    "clean_state": "raw",
    "best_k": 8,
    "best_cov_type": "spherical",
    "best_combined": 0.7231033754624668,
    "best_silhouette": 0.5116876214477264,
    "best_db": 0.4360500789769044,
    "best_sse": 139.9988017567925,
    "weights": {
        "alpha": 0.47,
        "beta": 0.53,
        "gamma": 0.0
    },
    "n_iter_final": 1,
    "ll_curve_final": [
        -4.369078490265498,
        -4.365976289753693,
        -4.3640194873418245,
        -4.361785457447816,
        -4.358135898837449,
        -4.352321312048472,
        -4.347536568709166,
        -4.345759226157597,
        -4.345021742640754
    ],
    "total_runtime_sec": 1.0534496307373047
}