{
    "clean_state": "raw",
    "best_k": 9,
    "best_cov_type": "tied",
    "best_combined": 1.5269393826569746,
    "best_silhouette": 0.6325410768451527,
    "best_db": 0.4129948518797389,
    "n_iter_final": 1,
    "ll_curve_final": [
        20.63467304871946,
        20.63866548441992,
        20.639367792324727
    ],
    "total_runtime_sec": 2.128277063369751
}