{
    "n_trials": 31,
    "avg_iterations": 10.935483870967742,
    "median_iterations": 10.0,
    "avg_auc_delta": 9.645907055579377,
    "avg_geo_decay": 0.5872776852843081,
    "best_k": 10,
    "best_combined_score": 0.5357587002042689,
    "best_sse": 1761.189616972169,
    "weights": {
        "alpha": 0.47,
        "beta": 0.53,
        "gamma": 0.0
    },
    "total_runtime_sec": 10.867195129394531
}