{
    "clean_state": "raw",
    "best_k": 11,
    "best_cov_type": "spherical",
    "best_combined": 0.5890631708410118,
    "best_silhouette": 0.27710109333105043,
    "best_db": 1.1098468126505525,
    "n_iter_final": 1,
    "ll_curve_final": [
        -6.262135531536782,
        -6.196697809634984,
        -6.168777097301366,
        -6.14797300872087,
        -6.140453610886477,
        -6.138077840481371,
        -6.137127668467102
    ],
    "total_runtime_sec": 5.7816386222839355
}