{
    "clean_state": "raw",
    "best_k": 30,
    "best_cov_type": "tied",
    "best_combined": 0.5267769760370502,
    "best_silhouette": 0.27470361564434415,
    "best_db": 1.1903967004661846,
    "best_sse": 3317.1715015487634,
    "weights": {
        "alpha": 0.47,
        "beta": 0.53,
        "gamma": 0.0
    },
    "n_iter_final": 1,
    "ll_curve_final": [
        8.859863505139044,
        9.042418758683711,
        9.118644069787747,
        9.26760361666806,
        9.284613420699475,
        9.335999399947228,
        9.398692425576519,
        9.432724091544333,
        9.444016522683997,
        9.446631412082544,
        9.448395689602378,
        9.449449339962086,
        9.449513045165528
    ],
    "total_runtime_sec": 19.950891733169556
}