{
    "n_trials": 31,
    "avg_iterations": 11.35483870967742,
    "median_iterations": 10.0,
    "avg_auc_delta": 5.05563652792631,
    "avg_geo_decay": 0.5464719160746773,
    "best_k": 5,
    "best_combined_score": 0.6108059638607674,
    "best_sse": 5106.229926906121,
    "weights": {
        "alpha": 0.47,
        "beta": 0.53,
        "gamma": 0.0
    },
    "total_runtime_sec": 7.023504734039307
}