{
    "clean_state": "raw",
    "best_k": 5,
    "linkage": "average",
    "metric": "euclidean",
    "combined": 1.83525464822605,
    "silhouette": 0.6767550562353652,
    "davies_bouldin": 0.3340287544536737,
    "intra_dist_mean": 4.764082109379389,
    "inter_dist_mean": 16.825729881932933,
    "ratio_intra_inter": 0.2831426715398935,
    "n_merge_steps": 773,
    "total_runtime_sec": 21.486721992492676
}