{
    "n_trials": 31,
    "avg_iterations": 13.580645161290322,
    "median_iterations": 11.0,
    "avg_auc_delta": 10.618305502334028,
    "avg_geo_decay": 0.6157222965596792,
    "best_k": 24,
    "best_combined_score": 0.5393934211138033,
    "best_sse": 1079.9447846355033,
    "weights": {
        "alpha": 0.47,
        "beta": 0.53,
        "gamma": 0.0
    },
    "total_runtime_sec": 4.968753814697266
}