{
    "clean_state": "raw",
    "best_k": 48,
    "best_cov_type": "diag",
    "best_combined": 0.8021256358000557,
    "best_silhouette": 0.7510365809447336,
    "best_db": 0.33936342816829274,
    "best_sse": 150.56676377701612,
    "weights": {
        "alpha": 0.47,
        "beta": 0.53,
        "gamma": 0.0
    },
    "n_iter_final": 1,
    "ll_curve_final": [
        9.31837038989573,
        9.322866959210586,
        9.325786744807113,
        9.326160575546858
    ],
    "total_runtime_sec": 9.502432823181152
}