{
    "clean_state": "raw",
    "best_k": 27,
    "best_cov_type": "tied",
    "best_combined": 0.3751660259424451,
    "best_silhouette": 0.1264939244311993,
    "best_db": 1.6029799334030488,
    "n_iter_final": 1,
    "ll_curve_final": [
        -17.753880643436606,
        -12.818450106573811,
        -12.749008203688915,
        -12.734888839084931,
        -12.726906704404962,
        -12.719232578333045,
        -12.712918870788904,
        -12.707388061397992,
        -12.698511163736676,
        -12.672375956431859,
        -12.649063982664982,
        -12.646297576198023,
        -12.642836120423615,
        -12.637176664911523,
        -12.625805211103236,
        -12.611435924977352,
        -12.600959722337867,
        -12.586286823388319,
        -12.550545259440915,
        -12.44493245832547,
        -12.365010104047535,
        -12.279722857424517,
        -12.278838417307076
    ],
    "total_runtime_sec": 23.12527060508728
}