{
    "clean_state": "raw",
    "best_k": 5,
    "linkage": "single",
    "metric": "manhattan",
    "combined": 1.0398118682503308,
    "silhouette": 0.2007729400073988,
    "davies_bouldin": 0.5322402406122012,
    "intra_dist_mean": 5.835743497979165,
    "inter_dist_mean": 9.720798598427477,
    "ratio_intra_inter": 0.6003358097474221,
    "n_merge_steps": 999,
    "h_max": 19.08327810168799,
    "total_runtime_sec": 19.281296014785767
}