{
    "clean_state": "raw",
    "best_k": 25,
    "best_cov_type": "tied",
    "best_combined": 0.2480239531573618,
    "best_silhouette": 0.02407374407898792,
    "best_db": 2.1187600508956095,
    "n_iter_final": 1,
    "ll_curve_final": [
        -23.0355398203011,
        -21.902188584016407,
        -21.11834446163468,
        -16.63790394500427,
        -16.148023816688557,
        -15.624097739461897,
        -11.177422788169428,
        -11.10552923441146,
        -11.041666007290326,
        -11.021170849585374,
        -10.960391665127283,
        -10.85359206874538,
        -10.841113053172597,
        -10.827304295997305,
        -10.816278422719405,
        -10.810814314300984,
        -10.802197726141651,
        -10.792036905025673,
        -10.790068795169805,
        -10.789076689381169
    ],
    "total_runtime_sec": 23.470508098602295
}