{
    "clean_state": "raw",
    "best_k": 7,
    "best_cov_type": "tied",
    "best_combined": 0.6984635012390698,
    "best_silhouette": 0.5946114548864772,
    "best_db": 0.5891108411196063,
    "best_sse": 3353.725377508586,
    "weights": {
        "alpha": 0.47,
        "beta": 0.53,
        "gamma": 0.0
    },
    "n_iter_final": 1,
    "ll_curve_final": [
        -4.7189565129237,
        -4.715453400938333,
        -4.715453390302986
    ],
    "total_runtime_sec": 27.397472620010376
}