{
    "core_count": 359,
    "border_count": 8,
    "noise_count": 25,
    "noise_ratio": 0.06377551020408163,
    "neighbor_hist": [
        0,
        9,
        9,
        9,
        2,
        4,
        6,
        8,
        0,
        4,
        1,
        0,
        3,
        0,
        2,
        0,
        0,
        0,
        4,
        1,
        4,
        3,
        1,
        1,
        0,
        0,
        2,
        3,
        3,
        1,
        0,
        0,
        2,
        1,
        1,
        2,
        0,
        0,
        7,
        0,
        0,
        0,
        0,
        5,
        1,
        0,
        0,
        0,
        0,
        293
    ],
    "combined_score": 0.4505179743389729,
    "silhouette": 0.5166765759951111,
    "davies_bouldin": 2.0186624429235556,
    "sse": 930.528156639699,
    "weights": {
        "alpha": 0.47,
        "beta": 0.53,
        "gamma": 0.0
    }
}