{
    "clean_state": "raw",
    "best_k": 28,
    "best_cov_type": "spherical",
    "best_combined": 0.5470842606624837,
    "best_silhouette": 0.23981962706776835,
    "best_db": 1.170481997134713,
    "n_iter_final": 1,
    "ll_curve_final": [
        -6.225992128514457,
        -6.142969916064031,
        -6.088495467445903,
        -6.053448439326607,
        -6.032310628457526,
        -6.022602602538885,
        -6.019032034885112,
        -6.016833912536905,
        -6.015147505932082,
        -6.013605455960019,
        -6.012205394703582,
        -6.010612185118298,
        -6.008978337144537,
        -6.007835775152396,
        -6.007150513140314
    ],
    "total_runtime_sec": 23.012453079223633
}