{
    "clean_state": "raw",
    "best_k": 19,
    "best_cov_type": "spherical",
    "best_combined": 0.5499967292142933,
    "best_silhouette": 0.28296186526754913,
    "best_db": 1.0481377736808575,
    "best_sse": 1973.2847199827713,
    "weights": {
        "alpha": 0.47,
        "beta": 0.53,
        "gamma": 0.0
    },
    "n_iter_final": 1,
    "ll_curve_final": [
        -10.684425592053149,
        -10.656840633843775,
        -10.599259150980505,
        -10.526081513608162,
        -10.522671964307191,
        -10.522541139118484
    ],
    "total_runtime_sec": 6.818494081497192
}