{
    "core_count": 946,
    "border_count": 60,
    "noise_count": 19,
    "noise_ratio": 0.018536585365853658,
    "neighbor_hist": [
        0,
        3,
        8,
        9,
        12,
        11,
        10,
        11,
        6,
        9,
        16,
        6,
        7,
        7,
        10,
        13,
        14,
        2,
        3,
        4,
        4,
        8,
        11,
        9,
        4,
        5,
        12,
        7,
        5,
        4,
        4,
        17,
        5,
        2,
        4,
        5,
        3,
        5,
        2,
        1,
        2,
        6,
        2,
        4,
        1,
        8,
        4,
        5,
        3,
        712
    ],
    "combined_score": 0.49355397500056364,
    "silhouette": 0.3073574014718355,
    "davies_bouldin": 1.4662512841934603,
    "sse": 5177.1388274292685,
    "weights": {
        "alpha": 0.47,
        "beta": 0.53,
        "gamma": 0.0
    }
}