{
    "n_trials": 31,
    "avg_iterations": 13.580645161290322,
    "median_iterations": 12.0,
    "avg_auc_delta": 10.824429511231438,
    "avg_geo_decay": 0.6354758104490699,
    "best_k": 10,
    "best_combined_score": 0.511371352922759,
    "best_sse": 3417.41069144472,
    "weights": {
        "alpha": 0.47,
        "beta": 0.53,
        "gamma": 0.0
    },
    "total_runtime_sec": 5.099745273590088
}