{
    "core_count": 1622,
    "border_count": 48,
    "noise_count": 29,
    "noise_ratio": 0.017068864037669218,
    "neighbor_hist": [
        0,
        5,
        9,
        10,
        9,
        13,
        16,
        15,
        14,
        13,
        12,
        11,
        14,
        10,
        9,
        8,
        7,
        7,
        10,
        14,
        18,
        9,
        9,
        10,
        14,
        15,
        5,
        4,
        2,
        7,
        5,
        0,
        9,
        5,
        1,
        5,
        10,
        2,
        4,
        1,
        4,
        6,
        11,
        7,
        9,
        7,
        5,
        5,
        2,
        1302
    ],
    "combined_score": 0.5041079018130945,
    "silhouette": 0.22857358435930322,
    "davies_bouldin": 1.2992214245394798,
    "sse": 8588.595096525274,
    "weights": {
        "alpha": 0.47,
        "beta": 0.53,
        "gamma": 0.0
    }
}