{
    "n_trials": 31,
    "avg_iterations": 6.225806451612903,
    "median_iterations": 6.0,
    "avg_auc_delta": 6.739538977841306,
    "avg_geo_decay": 0.3850892468347904,
    "best_k": 13,
    "best_combined_score": 0.5692491192775071,
    "best_sse": 1341.8482257079477,
    "weights": {
        "alpha": 0.47,
        "beta": 0.53,
        "gamma": 0.0
    },
    "total_runtime_sec": 3.1439671516418457
}