{
    "clean_state": "raw",
    "best_k": 19,
    "best_cov_type": "tied",
    "best_combined": 0.5353539702706337,
    "best_silhouette": 0.20762492500794705,
    "best_db": 1.1586370974779006,
    "n_iter_final": 1,
    "ll_curve_final": [
        11.716969194006062,
        13.485547942455563,
        13.503100538709843,
        13.516989434879228,
        13.547925428220331,
        13.56753519329795,
        13.574017285606377,
        13.587497560031236,
        13.592968492300844,
        13.5932507470174
    ],
    "total_runtime_sec": 14.777651071548462
}