{
    "n_trials": 31,
    "avg_iterations": 14.774193548387096,
    "median_iterations": 14.0,
    "avg_auc_delta": 12.508834361487606,
    "avg_geo_decay": 0.5969080127530475,
    "best_k": 49,
    "best_combined_score": 0.6330331634376318,
    "best_sse": 1373.4427001705567,
    "total_runtime_sec": 14.70072627067566
}