{
    "n_trials": 30,
    "avg_iterations": 15.133333333333333,
    "median_iterations": 14.0,
    "avg_auc_delta": 7.606940453665341,
    "avg_geo_decay": 0.6259628278154735,
    "best_k": 49,
    "best_combined_score": 0.6778470370259104,
    "best_sse": 1341.4403706514463,
    "total_runtime_sec": 5.90997576713562
}