{
    "n_trials": 30,
    "avg_iterations": 10.7,
    "median_iterations": 11.0,
    "avg_auc_delta": 15.471670822485988,
    "avg_geo_decay": 0.5913157756387697,
    "best_k": 21,
    "best_combined_score": 0.46014468516263196,
    "best_sse": 7963.462184187571,
    "weights": {
        "alpha": 0.47,
        "beta": 0.53,
        "gamma": 0.0
    },
    "total_runtime_sec": 3.643381118774414
}