{
    "clean_state": "raw",
    "best_k": 10,
    "best_cov_type": "tied",
    "best_combined": 1.5352344804247409,
    "best_silhouette": 0.6535663642645356,
    "best_db": 0.41375271035456196,
    "n_iter_final": 1,
    "ll_curve_final": [
        15.48875768602263,
        16.03280513903062,
        16.032842895060814
    ],
    "total_runtime_sec": 1.125800609588623
}