{
    "n_trials": 31,
    "avg_iterations": 12.161290322580646,
    "median_iterations": 12.0,
    "avg_auc_delta": 5.4719193078468695,
    "avg_geo_decay": 0.5822839908152483,
    "best_k": 9,
    "best_combined_score": 0.6780415785610998,
    "best_sse": 1377.5124160685373,
    "weights": {
        "alpha": 0.47,
        "beta": 0.53,
        "gamma": 0.0
    },
    "total_runtime_sec": 6.272152662277222
}