{
    "n_trials": 31,
    "avg_iterations": 4.516129032258065,
    "median_iterations": 5.0,
    "avg_auc_delta": 6.87258010981742,
    "avg_geo_decay": 0.24331280302162317,
    "best_k": 12,
    "best_combined_score": 0.4828650363438385,
    "best_sse": 1365.3213971636271,
    "weights": {
        "alpha": 0.47,
        "beta": 0.53,
        "gamma": 0.0
    },
    "total_runtime_sec": 0.6269471645355225
}