{
    "n_trials": 30,
    "avg_iterations": 13.666666666666666,
    "median_iterations": 12.0,
    "avg_auc_delta": 17.539219124184942,
    "avg_geo_decay": 0.6798358928904789,
    "best_k": 31,
    "best_combined_score": 0.32168725933811504,
    "best_sse": 7630.410471677831,
    "total_runtime_sec": 2.0401217937469482
}