{
    "n_trials": 30,
    "avg_iterations": 5.733333333333333,
    "median_iterations": 6.0,
    "avg_auc_delta": 4.161581671753721,
    "avg_geo_decay": 0.4025621076381552,
    "best_k": 10,
    "best_combined_score": 0.5563894876938551,
    "best_sse": 356.4075876578782,
    "weights": {
        "alpha": 0.47,
        "beta": 0.53,
        "gamma": 0.0
    },
    "total_runtime_sec": 0.756284236907959
}