{
    "clean_state": "raw",
    "best_k": 10,
    "linkage": "single",
    "metric": "euclidean",
    "combined": 0.6760573307269714,
    "silhouette": 0.3372968721571948,
    "davies_bouldin": 0.46463019712015347,
    "sse": 9308.919468459626,
    "weights": {
        "alpha": 0.47,
        "beta": 0.53,
        "gamma": 0.0
    },
    "intra_dist_mean": 3.4611083004206797,
    "inter_dist_mean": 8.732838378959471,
    "ratio_intra_inter": 0.3963325725527373,
    "n_merge_steps": 1401,
    "h_max": 6.4711160441179905,
    "total_runtime_sec": 60.947081089019775
}