{
    "n_trials": 30,
    "avg_iterations": 2.0,
    "median_iterations": 2.0,
    "avg_auc_delta": 0.0,
    "avg_geo_decay": 0.0,
    "best_k": 8,
    "best_combined_score": 1.8136011483798216,
    "best_sse": 62.85599487077707,
    "total_runtime_sec": 0.09527778625488281
}