{
    "n_trials": 31,
    "avg_iterations": 2.806451612903226,
    "median_iterations": 3.0,
    "avg_auc_delta": 2.571251564785342,
    "avg_geo_decay": 0.20869177803718478,
    "best_k": 8,
    "best_combined_score": 1.4304579126640609,
    "best_sse": 81.33973945342555,
    "total_runtime_sec": 1.365471601486206
}