{
    "n_trials": 31,
    "avg_iterations": 4.129032258064516,
    "median_iterations": 4.0,
    "avg_auc_delta": 3.128928912153996,
    "avg_geo_decay": 0.26306609551237925,
    "best_k": 17,
    "best_combined_score": 0.4389054199625833,
    "best_sse": 9762.439708915392,
    "weights": {
        "alpha": 0.47,
        "beta": 0.53,
        "gamma": 0.0
    },
    "total_runtime_sec": 3.092456340789795
}