{
    "n_trials": 30,
    "avg_iterations": 3.5,
    "median_iterations": 4.0,
    "avg_auc_delta": 2.5081470060718596,
    "avg_geo_decay": 0.3054825113917095,
    "best_k": 12,
    "best_combined_score": 0.7715356570399989,
    "best_sse": 48.60778903815916,
    "weights": {
        "alpha": 0.47,
        "beta": 0.53,
        "gamma": 0.0
    },
    "total_runtime_sec": 0.36930298805236816
}