{
    "n_trials": 30,
    "avg_iterations": 4.733333333333333,
    "median_iterations": 4.0,
    "avg_auc_delta": 2.370651482748693,
    "avg_geo_decay": 0.41057704222414837,
    "best_k": 15,
    "best_combined_score": 1.3699063965568374,
    "best_sse": 89.2676862834498,
    "total_runtime_sec": 0.18906426429748535
}