{
    "n_trials": 31,
    "avg_iterations": 4.709677419354839,
    "median_iterations": 4.0,
    "avg_auc_delta": 4.101271959761019,
    "avg_geo_decay": 0.4615172970223199,
    "best_k": 15,
    "best_combined_score": 1.5544031139576038,
    "best_sse": 92.8574035441521,
    "total_runtime_sec": 2.3732001781463623
}