{
    "core_count": 88,
    "border_count": 46,
    "noise_count": 866,
    "noise_ratio": 0.866,
    "neighbor_hist": [
        0,
        613,
        146,
        75,
        38,
        40,
        13,
        18,
        9,
        3,
        10,
        1,
        2,
        3,
        0,
        0,
        1,
        7,
        0,
        1,
        3,
        0,
        0,
        6,
        1,
        2,
        0,
        2,
        2,
        1,
        0,
        0,
        3
    ],
    "combined_score": 0.3520801089664378,
    "silhouette": -0.2098020045698047,
    "davies_bouldin": 2.114504565150659,
    "sse": 382.52389686693044,
    "weights": {
        "alpha": 0.47,
        "beta": 0.53,
        "gamma": 0.0
    }
}