{
    "n_trials": 30,
    "avg_iterations": 11.533333333333333,
    "median_iterations": 10.5,
    "avg_auc_delta": 14.970872099041886,
    "avg_geo_decay": 0.6087452613684735,
    "best_k": 27,
    "best_combined_score": 0.4567373069560433,
    "best_sse": 6962.66022782862,
    "weights": {
        "alpha": 0.47,
        "beta": 0.53,
        "gamma": 0.0
    },
    "total_runtime_sec": 3.0905044078826904
}