{
    "n_trials": 30,
    "avg_iterations": 12.8,
    "median_iterations": 13.0,
    "avg_auc_delta": 11.520154209420339,
    "avg_geo_decay": 0.6704163336592711,
    "best_k": 39,
    "best_combined_score": 0.5307946138674642,
    "best_sse": 2239.2506915910335,
    "total_runtime_sec": 2.4513700008392334
}