{
    "n_trials": 20,
    "avg_iterations": 3.45,
    "median_iterations": 3.0,
    "avg_auc_delta": 7.130753925080884,
    "avg_geo_decay": 0.23866231745197414,
    "best_k": 7,
    "best_combined_score": 0.41910756044605396,
    "best_sse": 647.2702794488488,
    "weights": {
        "alpha": 0.47,
        "beta": 0.53,
        "gamma": 0.0
    },
    "total_runtime_sec": 0.1930708885192871
}