{
    "n_trials": 31,
    "avg_iterations": 11.290322580645162,
    "median_iterations": 10.0,
    "avg_auc_delta": 10.643878307550283,
    "avg_geo_decay": 0.6326850796677427,
    "best_k": 19,
    "best_combined_score": 0.4496101319999634,
    "best_sse": 851.7323429011324,
    "total_runtime_sec": 3.4307711124420166
}