{
    "n_trials": 30,
    "avg_iterations": 7.566666666666666,
    "median_iterations": 7.0,
    "avg_auc_delta": 7.132730361485363,
    "avg_geo_decay": 0.5310377420023351,
    "best_k": 19,
    "best_combined_score": 0.5011566322582349,
    "best_sse": 774.5983790253855,
    "total_runtime_sec": 0.3097825050354004
}