{
    "core_count": 2198,
    "border_count": 46,
    "noise_count": 130,
    "noise_ratio": 0.05475989890480202,
    "neighbor_hist": [
        0,
        37,
        26,
        30,
        34,
        19,
        12,
        12,
        6,
        19,
        27,
        18,
        18,
        35,
        48,
        14,
        39,
        19,
        7,
        5,
        10,
        8,
        9,
        13,
        10,
        5,
        8,
        5,
        4,
        19,
        12,
        12,
        51,
        103,
        22,
        13,
        16,
        7,
        5,
        9,
        7,
        1,
        13,
        4,
        28,
        5,
        2,
        2,
        15,
        1531
    ],
    "combined_score": 0.5268899458755884,
    "silhouette": 0.3858298037637967,
    "davies_bouldin": 1.3011992142565676,
    "sse": 3366.6008517185314,
    "weights": {
        "alpha": 0.47,
        "beta": 0.53,
        "gamma": 0.0
    }
}