{
    "n_trials": 31,
    "avg_iterations": 17.483870967741936,
    "median_iterations": 16.0,
    "avg_auc_delta": 10.950253266019073,
    "avg_geo_decay": 0.6632397707406061,
    "best_k": 8,
    "best_combined_score": 0.5387761673436943,
    "best_sse": 4407.540199471492,
    "weights": {
        "alpha": 0.47,
        "beta": 0.53,
        "gamma": 0.0
    },
    "total_runtime_sec": 8.594130039215088
}