{
    "n_trials": 31,
    "avg_iterations": 10.419354838709678,
    "median_iterations": 9.0,
    "avg_auc_delta": 9.294189704552734,
    "avg_geo_decay": 0.5455966268803938,
    "best_k": 6,
    "best_combined_score": 0.5443040671654988,
    "best_sse": 1956.2521416507611,
    "weights": {
        "alpha": 0.47,
        "beta": 0.53,
        "gamma": 0.0
    },
    "total_runtime_sec": 2.1021957397460938
}