{
    "clean_state": "raw",
    "best_k": 17,
    "best_cov_type": "spherical",
    "best_combined": 0.5422832180169397,
    "best_silhouette": 0.2411476854330811,
    "best_db": 1.0503609754746583,
    "best_sse": 685.589295774315,
    "weights": {
        "alpha": 0.47,
        "beta": 0.53,
        "gamma": 0.0
    },
    "n_iter_final": 1,
    "ll_curve_final": [
        -6.751764498002108,
        -6.638064515191409,
        -6.600316372935877,
        -6.592109720703827,
        -6.591302358195853
    ],
    "total_runtime_sec": 6.773608446121216
}