{
    "clean_state": "raw",
    "best_k": 12,
    "best_cov_type": "diag",
    "best_combined": 0.6497294888687589,
    "best_silhouette": 0.3180053427038595,
    "best_db": 1.0188968325189458,
    "n_iter_final": 1,
    "ll_curve_final": [
        -3.7464731426650864,
        -3.6836643525069466,
        -3.5659175277864597,
        -3.1110345660396126,
        -3.027848810268208,
        -2.9962529243913294,
        -2.994737006891995,
        -2.9940131813971362
    ],
    "total_runtime_sec": 17.4256694316864
}