{
    "n_trials": 31,
    "avg_iterations": 13.806451612903226,
    "median_iterations": 13.0,
    "avg_auc_delta": 7.4515303687913645,
    "avg_geo_decay": 0.6333505555240013,
    "best_k": 35,
    "best_combined_score": 0.5791036318961428,
    "best_sse": 1025.1814541016956,
    "weights": {
        "alpha": 0.47,
        "beta": 0.53,
        "gamma": 0.0
    },
    "total_runtime_sec": 8.65466570854187
}