{
    "clean_state": "raw",
    "best_k": 7,
    "linkage": "single",
    "metric": "euclidean",
    "combined": 1.167477838079403,
    "silhouette": 0.3772532524849593,
    "davies_bouldin": 0.5108028615111936,
    "intra_dist_mean": 2.8416117816590853,
    "inter_dist_mean": 5.739087332182906,
    "ratio_intra_inter": 0.49513304419045345,
    "n_merge_steps": 1746,
    "total_runtime_sec": 60.21338200569153
}