{
    "clean_state": "raw",
    "best_k": 6,
    "linkage": "single",
    "metric": "euclidean",
    "combined": 1.0950836205079373,
    "silhouette": 0.3789301931347996,
    "davies_bouldin": 0.5521088480217856,
    "intra_dist_mean": 2.8416163184994168,
    "inter_dist_mean": 5.739595272756588,
    "ratio_intra_inter": 0.49509001653598517,
    "n_merge_steps": 1746,
    "h_max": 3.0060979365481986,
    "total_runtime_sec": 62.27660417556763
}