{
    "clean_state": "raw",
    "best_k": 5,
    "linkage": "average",
    "metric": "euclidean",
    "combined": 1.0276396913034826,
    "silhouette": 0.21913288728488123,
    "davies_bouldin": 0.544618853968178,
    "intra_dist_mean": 5.402670730986676,
    "inter_dist_mean": 7.936135832887073,
    "ratio_intra_inter": 0.6807684299703534,
    "n_merge_steps": 41,
    "total_runtime_sec": 1.0583367347717285
}