{
    "n_trials": 31,
    "avg_iterations": 3.774193548387097,
    "median_iterations": 3.0,
    "avg_auc_delta": 4.321383072941367,
    "avg_geo_decay": 0.46814638285957805,
    "best_k": 8,
    "best_combined_score": 0.6941644101283578,
    "best_sse": 413.34778283546507,
    "weights": {
        "alpha": 0.47,
        "beta": 0.53,
        "gamma": 0.0
    },
    "total_runtime_sec": 0.4763164520263672
}