{
    "clean_state": "raw",
    "best_k": 5,
    "linkage": "single",
    "metric": "euclidean",
    "combined": 0.9860854192463215,
    "silhouette": 0.23786236959239304,
    "davies_bouldin": 0.5765986950603512,
    "intra_dist_mean": 3.233997708460716,
    "inter_dist_mean": 5.1487564961729175,
    "ratio_intra_inter": 0.6281123822546134,
    "n_merge_steps": 1755,
    "h_max": 2.6426750228679774,
    "total_runtime_sec": 67.05385112762451
}