{
    "clean_state": "raw",
    "best_k": 8,
    "best_cov_type": "tied",
    "best_combined": 0.7157111295074237,
    "best_silhouette": 0.5732432237886571,
    "best_db": 0.508905477482579,
    "best_sse": 487.55793097953034,
    "weights": {
        "alpha": 0.47,
        "beta": 0.53,
        "gamma": 0.0
    },
    "n_iter_final": 1,
    "ll_curve_final": [
        9.924067934333506,
        9.996505006563567,
        10.001224407725767,
        10.00585075222097,
        10.009700176406408,
        10.009815816841003
    ],
    "total_runtime_sec": 2.6456916332244873
}