{
    "clean_state": "raw",
    "best_k": 5,
    "best_cov_type": "tied",
    "best_combined": 0.4929037506430481,
    "best_silhouette": 0.2253816493034457,
    "best_db": 1.3805390666760107,
    "best_sse": 3650.4811468314647,
    "weights": {
        "alpha": 0.47,
        "beta": 0.53,
        "gamma": 0.0
    },
    "n_iter_final": 1,
    "ll_curve_final": [
        -7.747304394022231,
        -7.723359279874023,
        -7.709004833908131,
        -7.706534060438641,
        -7.705784772610667
    ],
    "total_runtime_sec": 16.4682035446167
}