{
    "core_count": 721,
    "border_count": 4,
    "noise_count": 29,
    "noise_ratio": 0.038461538461538464,
    "neighbor_hist": [
        0,
        14,
        9,
        7,
        3,
        10,
        13,
        5,
        1,
        2,
        0,
        1,
        0,
        1,
        0,
        3,
        0,
        1,
        1,
        0,
        1,
        1,
        0,
        1,
        0,
        26,
        0,
        0,
        0,
        0,
        1,
        0,
        0,
        1,
        2,
        0,
        0,
        1,
        1,
        0,
        2,
        0,
        1,
        0,
        0,
        1,
        0,
        0,
        1,
        643
    ],
    "combined_score": 0.5191662479786084,
    "silhouette": 0.4917014819303336,
    "davies_bouldin": 1.4453063909403863,
    "sse": 1828.72470839715,
    "weights": {
        "alpha": 0.47,
        "beta": 0.53,
        "gamma": 0.0
    }
}