{
    "n_trials": 31,
    "avg_iterations": 4.032258064516129,
    "median_iterations": 4.0,
    "avg_auc_delta": 11.248231255527902,
    "avg_geo_decay": 0.9789227103201377,
    "best_k": 8,
    "best_combined_score": 0.7730330069541196,
    "best_sse": 62.51423460855963,
    "weights": {
        "alpha": 0.47,
        "beta": 0.53,
        "gamma": 0.0
    },
    "total_runtime_sec": 0.2440197467803955
}