{
    "clean_state": "raw",
    "best_k": 7,
    "linkage": "single",
    "metric": "manhattan",
    "combined": 2.159949432433516,
    "silhouette": 0.5723817011935403,
    "davies_bouldin": 0.26684334089073347,
    "intra_dist_mean": 3.278677682658196,
    "inter_dist_mean": 10.447542958819689,
    "ratio_intra_inter": 0.31382284768593005,
    "n_merge_steps": 1441,
    "h_max": 10.717525496946607,
    "total_runtime_sec": 43.2128005027771
}