{
    "clean_state": "raw",
    "best_k": 7,
    "linkage": "single",
    "metric": "manhattan",
    "combined": 2.159949381578498,
    "silhouette": 0.5723817011619896,
    "davies_bouldin": 0.2668433481307877,
    "intra_dist_mean": 3.27867768266118,
    "inter_dist_mean": 10.447542958819689,
    "ratio_intra_inter": 0.31382284768621566,
    "n_merge_steps": 1441,
    "total_runtime_sec": 56.16614842414856
}