{
    "n_trials": 31,
    "avg_iterations": 6.516129032258065,
    "median_iterations": 6.0,
    "avg_auc_delta": 13.575249863482977,
    "avg_geo_decay": 0.8431344916721761,
    "best_k": 10,
    "best_combined_score": 0.6966691949347618,
    "best_sse": 292.1642058554956,
    "weights": {
        "alpha": 0.47,
        "beta": 0.53,
        "gamma": 0.0
    },
    "total_runtime_sec": 7.9102349281311035
}