{
    "clean_state": "raw",
    "best_k": 8,
    "best_cov_type": "tied",
    "best_combined": 0.7126246035405558,
    "best_silhouette": 0.533333305655474,
    "best_db": 0.49098089975745185,
    "best_sse": 235.95225655370754,
    "weights": {
        "alpha": 0.47,
        "beta": 0.53,
        "gamma": 0.0
    },
    "n_iter_final": 1,
    "ll_curve_final": [
        9.801778221992416,
        10.033792202659171,
        10.111359618977918,
        10.112779453141618,
        10.113076792310965
    ],
    "total_runtime_sec": 5.754734039306641
}