{
    "clean_state": "raw",
    "best_k": 9,
    "best_cov_type": "tied",
    "best_combined": 1.0590892082060073,
    "best_silhouette": 0.5339125938057907,
    "best_db": 0.6312072038232401,
    "n_iter_final": 1,
    "ll_curve_final": [
        12.422596999798492,
        12.504626835435813,
        12.547541157547943,
        12.591322269813773,
        12.661982101656369,
        12.697825490148615,
        12.697857814209142
    ],
    "total_runtime_sec": 1.2333312034606934
}