{
    "clean_state": "raw",
    "best_k": 17,
    "best_cov_type": "spherical",
    "best_combined": 0.5321465056568623,
    "best_silhouette": 0.22098003397421737,
    "best_db": 1.0930346938143365,
    "best_sse": 828.1457616673823,
    "weights": {
        "alpha": 0.47,
        "beta": 0.53,
        "gamma": 0.0
    },
    "n_iter_final": 1,
    "ll_curve_final": [
        -6.916901826326791,
        -6.823284813900449,
        -6.792047291613445,
        -6.779814966597675,
        -6.7728038869810145,
        -6.7704072166104154,
        -6.769435662940959
    ],
    "total_runtime_sec": 3.0583157539367676
}