{
    "clean_state": "raw",
    "best_k": 5,
    "linkage": "single",
    "metric": "euclidean",
    "combined": 1.1037418254844924,
    "silhouette": 0.23068787680804462,
    "davies_bouldin": 0.5058691510125544,
    "intra_dist_mean": 5.8324355936177446,
    "inter_dist_mean": 10.131600525777614,
    "ratio_intra_inter": 0.5756677416147457,
    "n_merge_steps": 999,
    "h_max": 8.636116961860251,
    "total_runtime_sec": 19.958983659744263
}