{
    "clean_state": "raw",
    "best_k": 10,
    "linkage": "single",
    "metric": "manhattan",
    "combined": 2.354156839930418,
    "silhouette": 0.6182825636815343,
    "davies_bouldin": 0.2444969174058874,
    "intra_dist_mean": 2.1679600076821073,
    "inter_dist_mean": 8.64499654584933,
    "ratio_intra_inter": 0.25077627228466,
    "n_merge_steps": 257,
    "total_runtime_sec": 3.4757001399993896
}