{
    "clean_state": "raw",
    "best_k": 10,
    "linkage": "single",
    "metric": "manhattan",
    "combined": 2.3541568249437668,
    "silhouette": 0.6182825636815259,
    "davies_bouldin": 0.2444969191976532,
    "intra_dist_mean": 2.1679600076821077,
    "inter_dist_mean": 8.64499654584933,
    "ratio_intra_inter": 0.25077627228466004,
    "n_merge_steps": 257,
    "h_max": 16.09903955297921,
    "total_runtime_sec": 1.4239568710327148
}