{
    "core_count": 858,
    "border_count": 51,
    "noise_count": 82,
    "noise_ratio": 0.08274470232088799,
    "neighbor_hist": [
        0,
        12,
        10,
        9,
        1,
        0,
        0,
        0,
        0,
        1,
        9,
        0,
        0,
        1,
        1,
        2,
        0,
        0,
        1,
        0,
        0,
        0,
        2,
        0,
        1,
        2,
        1,
        2,
        0,
        6,
        6,
        3,
        2,
        1,
        0,
        1,
        0,
        0,
        1,
        2,
        6,
        0,
        1,
        49,
        1,
        8,
        0,
        2,
        3,
        844
    ],
    "combined_score": 0.5475288883202596,
    "silhouette": 0.386560879729155,
    "davies_bouldin": 1.1668892762432241,
    "sse": 1410.3415663170965,
    "weights": {
        "alpha": 0.47,
        "beta": 0.53,
        "gamma": 0.0
    }
}