{
    "clean_state": "raw",
    "best_k": 5,
    "linkage": "single",
    "metric": "euclidean",
    "combined": 1.0761801665951234,
    "silhouette": 0.239710737859742,
    "davies_bouldin": 0.5228349209606271,
    "intra_dist_mean": 5.812953766022265,
    "inter_dist_mean": 9.388177508200753,
    "ratio_intra_inter": 0.6191780844518459,
    "n_merge_steps": 999,
    "h_max": 8.257535810320352,
    "total_runtime_sec": 18.426666975021362
}