{
    "clean_state": "raw",
    "best_k": 5,
    "linkage": "single",
    "metric": "euclidean",
    "combined": 1.07618016639707,
    "silhouette": 0.239710737859742,
    "davies_bouldin": 0.5228349210689054,
    "intra_dist_mean": 5.8129537660222645,
    "inter_dist_mean": 9.388177508200753,
    "ratio_intra_inter": 0.6191780844518459,
    "n_merge_steps": 999,
    "total_runtime_sec": 29.455950498580933
}