{
    "clean_state": "raw",
    "best_k": 14,
    "best_cov_type": "tied",
    "best_combined": 0.6679034086366715,
    "best_silhouette": 0.3056335309306891,
    "best_db": 0.9707104748854671,
    "n_iter_final": 1,
    "ll_curve_final": [
        -7.600242950203065,
        -7.515334976354899,
        -7.480199349652854,
        -7.463035152271467,
        -7.4539125037044265,
        -7.447588370746486,
        -7.443130345320917,
        -7.439852424368964,
        -7.436888530055837,
        -7.433559612607562,
        -7.430364023161586,
        -7.428393756035358,
        -7.427108983016776,
        -7.426022831292352,
        -7.425036355339254
    ],
    "total_runtime_sec": 38.431137800216675
}