{
    "n_trials": 31,
    "avg_iterations": 7.225806451612903,
    "median_iterations": 6.0,
    "avg_auc_delta": 6.425250799611069,
    "avg_geo_decay": 0.37266801120836474,
    "best_k": 32,
    "best_combined_score": 0.571646312401056,
    "best_sse": 2431.7957021747757,
    "weights": {
        "alpha": 0.47,
        "beta": 0.53,
        "gamma": 0.0
    },
    "total_runtime_sec": 75.7068817615509
}