{
    "clean_state": "raw",
    "best_k": 5,
    "linkage": "single",
    "metric": "euclidean",
    "combined": 1.1300865330864407,
    "silhouette": 0.3220316548731055,
    "davies_bouldin": 0.5159582237755139,
    "intra_dist_mean": 5.473875262748721,
    "inter_dist_mean": 9.713944674618707,
    "ratio_intra_inter": 0.5635069424526055,
    "n_merge_steps": 376,
    "h_max": 6.9632148957600295,
    "total_runtime_sec": 2.2353906631469727
}