{
    "clean_state": "raw",
    "best_k": 6,
    "best_cov_type": "tied",
    "best_combined": 0.5403163122556922,
    "best_silhouette": 0.2755120935562293,
    "best_db": 1.1015260971191747,
    "best_sse": 1670.0679354021172,
    "weights": {
        "alpha": 0.47,
        "beta": 0.53,
        "gamma": 0.0
    },
    "n_iter_final": 1,
    "ll_curve_final": [
        -7.490617151670313,
        -7.479959607068422,
        -7.475677784068542,
        -7.472673238809666,
        -7.469628395159618,
        -7.465779036136805,
        -7.460269163460277,
        -7.452154871424574,
        -7.442952551322131,
        -7.437566278948071,
        -7.4363508637209845,
        -7.4360638897947995
    ],
    "total_runtime_sec": 5.572353839874268
}