{
    "clean_state": "raw",
    "best_k": 5,
    "linkage": "single",
    "metric": "euclidean",
    "combined": 2.520817171613631,
    "silhouette": 0.6227861731957903,
    "davies_bouldin": 0.2263033174079113,
    "intra_dist_mean": 1.936931917396636,
    "inter_dist_mean": 7.488368889014559,
    "ratio_intra_inter": 0.2586587207579821,
    "n_merge_steps": 73,
    "h_max": 9.837891806901435,
    "total_runtime_sec": 0.4213690757751465
}