{
    "clean_state": "raw",
    "best_k": 5,
    "linkage": "average",
    "metric": "euclidean",
    "combined": 0.8494300179792609,
    "silhouette": 0.694788691373914,
    "davies_bouldin": 0.17475208267872241,
    "sse": 248.9805179886025,
    "weights": {
        "alpha": 0.47,
        "beta": 0.53,
        "gamma": 0.0
    },
    "intra_dist_mean": 2.257968178411085,
    "inter_dist_mean": 10.263261641334436,
    "ratio_intra_inter": 0.2200049318938811,
    "n_merge_steps": 73,
    "h_max": 14.310544205981122,
    "total_runtime_sec": 0.8927223682403564
}