{
    "clean_state": "raw",
    "best_k": 5,
    "linkage": "single",
    "metric": "euclidean",
    "combined": 2.5208171716136367,
    "silhouette": 0.6227861731957903,
    "davies_bouldin": 0.2263033174079107,
    "intra_dist_mean": 1.9369319173966364,
    "inter_dist_mean": 7.488368889014559,
    "ratio_intra_inter": 0.25865872075798213,
    "n_merge_steps": 73,
    "total_runtime_sec": 0.8553299903869629
}