{
    "clean_state": "raw",
    "best_k": 5,
    "linkage": "single",
    "metric": "euclidean",
    "combined": 1.574691528924261,
    "silhouette": 0.42698021705869155,
    "davies_bouldin": 0.36732256704150273,
    "intra_dist_mean": 3.626340160473175,
    "inter_dist_mean": 7.706126227627096,
    "ratio_intra_inter": 0.47057886846856684,
    "n_merge_steps": 1385,
    "total_runtime_sec": 39.24494194984436
}