{
    "clean_state": "raw",
    "best_k": 5,
    "linkage": "single",
    "metric": "manhattan",
    "combined": 1.5254460210101388,
    "silhouette": 0.41361319817716297,
    "davies_bouldin": 0.3791787138226054,
    "intra_dist_mean": 3.6277161276226755,
    "inter_dist_mean": 7.468857423979067,
    "ratio_intra_inter": 0.4857123280965655,
    "n_merge_steps": 1385,
    "h_max": 8.04317620478499,
    "total_runtime_sec": 37.131911277770996
}