{
    "core_count": 586,
    "border_count": 20,
    "noise_count": 83,
    "noise_ratio": 0.1204644412191582,
    "neighbor_hist": [
        0,
        32,
        27,
        23,
        21,
        21,
        30,
        38,
        31,
        20,
        35,
        29,
        24,
        23,
        18,
        11,
        13,
        6,
        17,
        15,
        15,
        10,
        9,
        0,
        7,
        6,
        11,
        6,
        13,
        11,
        10,
        7,
        5,
        5,
        9,
        9,
        5,
        10,
        6,
        10,
        3,
        11,
        3,
        4,
        8,
        3,
        8,
        5,
        3,
        43
    ],
    "combined_score": 0.41413053043399073,
    "silhouette": 0.08407694926288345,
    "davies_bouldin": 1.9200009160930531,
    "sse": 1874.103574773088,
    "weights": {
        "alpha": 0.47,
        "beta": 0.53,
        "gamma": 0.0
    }
}