{
    "clean_state": "raw",
    "best_k": 47,
    "best_cov_type": "full",
    "best_combined": 1.5175334651895669,
    "best_silhouette": 0.7176482561925756,
    "best_db": 0.4315146033553959,
    "n_iter_final": 1,
    "ll_curve_final": [
        11.287412094101626,
        11.289434765362849,
        11.290546678457856,
        11.291573693254938,
        11.29298065961802,
        11.29579653555115,
        11.304122838506492,
        11.33395548712336,
        11.3920248448389,
        11.410363529585522,
        11.42362785087296,
        11.440106039279677,
        11.44708431013573,
        11.44804251097441
    ],
    "total_runtime_sec": 19.853007793426514
}