{
    "clean_state": "raw",
    "best_k": 42,
    "best_cov_type": "tied",
    "best_combined": 0.6436773737193627,
    "best_silhouette": 0.5990307321020989,
    "best_db": 0.8221079429383398,
    "best_sse": 1403.356194287291,
    "weights": {
        "alpha": 0.47,
        "beta": 0.53,
        "gamma": 0.0
    },
    "n_iter_final": 1,
    "ll_curve_final": [
        -0.8879032687034291,
        0.5932324117838046,
        3.6071297357153385,
        3.6416125900786547,
        3.671959908868144,
        3.685404083690812,
        3.6936150594109796,
        3.6945403486553197
    ],
    "total_runtime_sec": 26.4231219291687
}