{
    "clean_state": "raw",
    "best_k": 6,
    "linkage": "single",
    "metric": "manhattan",
    "combined": 0.996676151015089,
    "silhouette": 0.18302480680562896,
    "davies_bouldin": 0.5523862409635237,
    "intra_dist_mean": 5.796369507187675,
    "inter_dist_mean": 9.368877729224746,
    "ratio_intra_inter": 0.6186834405049594,
    "n_merge_steps": 999,
    "h_max": 16.32509186235453,
    "total_runtime_sec": 17.981436252593994
}