{
    "n_trials": 31,
    "avg_iterations": 13.387096774193548,
    "median_iterations": 13.0,
    "avg_auc_delta": 11.515085872249506,
    "avg_geo_decay": 0.653414813270019,
    "best_k": 29,
    "best_combined_score": 0.5219187991935288,
    "best_sse": 1707.7150488002846,
    "weights": {
        "alpha": 0.47,
        "beta": 0.53,
        "gamma": 0.0
    },
    "total_runtime_sec": 6.426182508468628
}