{
    "clean_state": "raw",
    "best_k": 9,
    "best_cov_type": "tied",
    "best_combined": 0.5599714326989267,
    "best_silhouette": 0.28787388006460973,
    "best_db": 0.9923023598180986,
    "best_sse": 7219.832642411334,
    "weights": {
        "alpha": 0.47,
        "beta": 0.53,
        "gamma": 0.0
    },
    "n_iter_final": 1,
    "ll_curve_final": [
        -8.791104373946949,
        -8.692523522703258,
        -8.646832301646278,
        -8.635221474996458,
        -8.628824831908265,
        -8.624837502582654,
        -8.622581179818908,
        -8.621113800997819,
        -8.62008173466252,
        -8.619350033003384
    ],
    "total_runtime_sec": 34.54346489906311
}