{
    "n_trials": 20,
    "avg_iterations": 3.95,
    "median_iterations": 4.0,
    "avg_auc_delta": 2.8477871087193423,
    "avg_geo_decay": 0.14998152415336227,
    "best_k": 10,
    "best_combined_score": 0.7407525789066178,
    "best_sse": 412.7970453488484,
    "weights": {
        "alpha": 0.47,
        "beta": 0.53,
        "gamma": 0.0
    },
    "total_runtime_sec": 0.3927903175354004
}