{
    "n_trials": 30,
    "avg_iterations": 2.0,
    "median_iterations": 2.0,
    "avg_auc_delta": 0.0,
    "avg_geo_decay": 0.0,
    "best_k": 11,
    "best_combined_score": 1.4281222725259881,
    "best_sse": 86.829657340809,
    "total_runtime_sec": 0.14123129844665527
}