{
    "n_trials": 31,
    "avg_iterations": 4.032258064516129,
    "median_iterations": 4.0,
    "avg_auc_delta": 4.112002861467122,
    "avg_geo_decay": 0.3549899425025567,
    "best_k": 11,
    "best_combined_score": 1.3698249186420157,
    "best_sse": 98.83282923276505,
    "total_runtime_sec": 2.2904999256134033
}