{
    "n_trials": 31,
    "avg_iterations": 11.451612903225806,
    "median_iterations": 10.0,
    "avg_auc_delta": 22.87417939685405,
    "avg_geo_decay": 0.6083443095272317,
    "best_k": 27,
    "best_combined_score": 0.45128083171496186,
    "best_sse": 7263.52488812048,
    "weights": {
        "alpha": 0.47,
        "beta": 0.53,
        "gamma": 0.0
    },
    "total_runtime_sec": 25.540956258773804
}