{
    "n_trials": 30,
    "avg_iterations": 2.3333333333333335,
    "median_iterations": 2.0,
    "avg_auc_delta": 1.23198928874609,
    "avg_geo_decay": 0.07682141952187947,
    "best_k": 11,
    "best_combined_score": 1.398785076398605,
    "best_sse": 97.68756057757231,
    "total_runtime_sec": 0.22706079483032227
}