{
    "clean_state": "raw",
    "best_k": 5,
    "linkage": "single",
    "metric": "euclidean",
    "combined": 1.7108392157871413,
    "silhouette": 0.6992279519240845,
    "davies_bouldin": 0.36731613943938035,
    "intra_dist_mean": 2.0407680712429443,
    "inter_dist_mean": 7.5022216052409885,
    "ratio_intra_inter": 0.27202183281509695,
    "n_merge_steps": 1641,
    "total_runtime_sec": 68.50880551338196
}