{
    "clean_state": "raw",
    "best_k": 5,
    "linkage": "single",
    "metric": "euclidean",
    "combined": 0.7448529550774564,
    "silhouette": 0.48914078033702363,
    "davies_bouldin": 0.34209504697360504,
    "sse": 7153.275197059222,
    "weights": {
        "alpha": 0.47,
        "beta": 0.53,
        "gamma": 0.0
    },
    "intra_dist_mean": 3.426132850607525,
    "inter_dist_mean": 9.353295164270971,
    "ratio_intra_inter": 0.36630222722947753,
    "n_merge_steps": 1042,
    "h_max": 6.319616473776824,
    "total_runtime_sec": 24.403706073760986
}