{
    "clean_state": "raw",
    "best_k": 5,
    "linkage": "average",
    "metric": "euclidean",
    "combined": 1.710839215787489,
    "silhouette": 0.6992279519247809,
    "davies_bouldin": 0.36731613943938046,
    "intra_dist_mean": 2.040768071241944,
    "inter_dist_mean": 7.5022216052409885,
    "ratio_intra_inter": 0.27202183281496356,
    "n_merge_steps": 1641,
    "h_max": 9.239903842807964,
    "total_runtime_sec": 58.77437376976013
}