{
    "clean_state": "raw",
    "best_k": 31,
    "best_cov_type": "full",
    "best_combined": 0.615516911790316,
    "best_silhouette": 0.5810849367414967,
    "best_db": 0.9436269154549719,
    "best_sse": 1411.702112864068,
    "weights": {
        "alpha": 0.47,
        "beta": 0.53,
        "gamma": 0.0
    },
    "n_iter_final": 1,
    "ll_curve_final": [
        27.60103426262505,
        27.824228933465246,
        28.276816261728243,
        28.59310213783604,
        28.613282428069482,
        28.61408871882347
    ],
    "total_runtime_sec": 11.570508003234863
}