{
    "clean_state": "raw",
    "best_k": 31,
    "best_cov_type": "tied",
    "best_combined": 1.3271751292169494,
    "best_silhouette": 0.7148046368825883,
    "best_db": 0.5155846755489918,
    "n_iter_final": 1,
    "ll_curve_final": [
        9.135345581435198,
        9.366904148907128,
        9.4932363380095,
        9.495731589946207,
        9.49776971593267,
        9.500425392903326,
        9.50460238668844,
        9.509608973810918,
        9.512871173261509,
        9.513957330519435,
        9.51411193756101
    ],
    "total_runtime_sec": 13.0151047706604
}