{
    "clean_state": "raw",
    "best_k": 41,
    "linkage": "average",
    "metric": "euclidean",
    "combined": 0.9165560524173427,
    "silhouette": 0.4232099217192109,
    "davies_bouldin": 0.7092690627588719,
    "intra_dist_mean": 1.1880028987020796,
    "inter_dist_mean": 3.5399320746675325,
    "ratio_intra_inter": 0.33560047866548975,
    "n_merge_steps": 1741,
    "h_max": 5.775275973473898,
    "total_runtime_sec": 92.3414831161499
}