{
    "clean_state": "raw",
    "best_k": 5,
    "linkage": "single",
    "metric": "euclidean",
    "combined": 1.1363357808973091,
    "silhouette": 0.24413177911348075,
    "davies_bouldin": 0.49296543678245824,
    "intra_dist_mean": 3.232239631885426,
    "inter_dist_mean": 5.363210716119999,
    "ratio_intra_inter": 0.6026687749130951,
    "n_merge_steps": 1741,
    "total_runtime_sec": 81.48486852645874
}