{
    "n_trials": 31,
    "avg_iterations": 6.645161290322581,
    "median_iterations": 6.0,
    "avg_auc_delta": 12.953922613646194,
    "avg_geo_decay": 0.5939434736225401,
    "best_k": 17,
    "best_combined_score": 0.7110304389525186,
    "best_sse": 277.56858545576506,
    "weights": {
        "alpha": 0.47,
        "beta": 0.53,
        "gamma": 0.0
    },
    "total_runtime_sec": 1.9145469665527344
}