{
    "n_trials": 30,
    "avg_iterations": 2.966666666666667,
    "median_iterations": 3.0,
    "avg_auc_delta": 2.6345976388568735,
    "avg_geo_decay": 0.18520366953812237,
    "best_k": 10,
    "best_combined_score": 1.2151724417140264,
    "best_sse": 110.13931146938687,
    "total_runtime_sec": 0.13996362686157227
}