{
    "n_trials": 31,
    "avg_iterations": 5.129032258064516,
    "median_iterations": 5.0,
    "avg_auc_delta": 4.25747756914836,
    "avg_geo_decay": 0.42452917035830523,
    "best_k": 10,
    "best_combined_score": 0.9052150419918592,
    "best_sse": 221.6677536530041,
    "total_runtime_sec": 3.1008238792419434
}