{
    "n_trials": 30,
    "avg_iterations": 2.4,
    "median_iterations": 2.0,
    "avg_auc_delta": 1.1623067821692572,
    "avg_geo_decay": 0.029867619628680155,
    "best_k": 12,
    "best_combined_score": 0.8121887287834656,
    "best_sse": 168.16213315545554,
    "weights": {
        "alpha": 0.47,
        "beta": 0.53,
        "gamma": 0.0
    },
    "total_runtime_sec": 0.394237756729126
}