{
    "core_count": 885,
    "border_count": 2,
    "noise_count": 113,
    "noise_ratio": 0.113,
    "neighbor_hist": [
        0,
        36,
        31,
        27,
        21,
        30,
        6,
        0,
        8,
        18,
        30,
        22,
        0,
        39,
        0,
        15,
        0,
        14,
        3,
        0,
        21,
        0,
        45,
        0,
        0,
        25,
        0,
        0,
        0,
        0,
        0,
        30,
        33,
        1,
        0,
        0,
        0,
        0,
        0,
        0,
        0,
        0,
        0,
        0,
        44,
        0,
        0,
        0,
        0,
        501
    ],
    "combined_score": 0.5389290411884842,
    "silhouette": 0.6902939000582325,
    "davies_bouldin": 1.4517274383816396,
    "sse": 103.0506142299077,
    "weights": {
        "alpha": 0.47,
        "beta": 0.53,
        "gamma": 0.0
    }
}