{
    "n_trials": 31,
    "avg_iterations": 11.64516129032258,
    "median_iterations": 10.0,
    "avg_auc_delta": 11.93688157635416,
    "avg_geo_decay": 0.6264350137139281,
    "best_k": 9,
    "best_combined_score": 0.5270858046092711,
    "best_sse": 3200.6618640570077,
    "weights": {
        "alpha": 0.47,
        "beta": 0.53,
        "gamma": 0.0
    },
    "total_runtime_sec": 3.426762580871582
}