{
    "clean_state": "raw",
    "best_k": 5,
    "linkage": "single",
    "metric": "euclidean",
    "combined": 1.4541235044960312,
    "silhouette": 0.39292084170788166,
    "davies_bouldin": 0.3975627546862873,
    "intra_dist_mean": 5.706611039441959,
    "inter_dist_mean": 11.459545496888087,
    "ratio_intra_inter": 0.49797882830441464,
    "n_merge_steps": 999,
    "total_runtime_sec": 36.19685888290405
}