{
    "n_trials": 30,
    "avg_iterations": 15.466666666666667,
    "median_iterations": 14.0,
    "avg_auc_delta": 9.022430887751948,
    "avg_geo_decay": 0.6157704132425,
    "best_k": 49,
    "best_combined_score": 0.5782961140343954,
    "best_sse": 2135.2100097122134,
    "total_runtime_sec": 5.912157297134399
}