{
    "n_trials": 31,
    "avg_iterations": 19.741935483870968,
    "median_iterations": 18.0,
    "avg_auc_delta": 16.424934139616553,
    "avg_geo_decay": 0.7181083425863543,
    "best_k": 49,
    "best_combined_score": 0.5112855357315687,
    "best_sse": 2303.383911927148,
    "total_runtime_sec": 12.837883472442627
}