{
    "n_trials": 30,
    "avg_iterations": 13.033333333333333,
    "median_iterations": 12.0,
    "avg_auc_delta": 17.913474823654,
    "avg_geo_decay": 0.6937613257974784,
    "best_k": 12,
    "best_combined_score": 0.416334436189804,
    "best_sse": 11695.60259961718,
    "weights": {
        "alpha": 0.47,
        "beta": 0.53,
        "gamma": 0.0
    },
    "total_runtime_sec": 2.5234274864196777
}