{
    "core_count": 27,
    "border_count": 5,
    "noise_count": 159,
    "noise_ratio": 0.8324607329842932,
    "neighbor_hist": [
        0,
        100,
        42,
        1,
        9,
        12,
        6,
        2,
        5,
        2,
        1,
        8,
        3
    ],
    "combined_score": 0.343901578509371,
    "silhouette": -0.16826281035300913,
    "davies_bouldin": 2.3540452983097313,
    "sse": 33.764627723361365,
    "weights": {
        "alpha": 0.47,
        "beta": 0.53,
        "gamma": 0.0
    }
}