{
    "n_trials": 31,
    "avg_iterations": 11.129032258064516,
    "median_iterations": 10.0,
    "avg_auc_delta": 7.574328050096785,
    "avg_geo_decay": 0.6360344697573532,
    "best_k": 46,
    "best_combined_score": 0.6317138150066655,
    "best_sse": 722.4000834641395,
    "weights": {
        "alpha": 0.47,
        "beta": 0.53,
        "gamma": 0.0
    },
    "total_runtime_sec": 14.147918224334717
}