{
    "clean_state": "raw",
    "best_k": 5,
    "linkage": "single",
    "metric": "euclidean",
    "combined": 4.7350524762280735,
    "silhouette": 0.8020039839438828,
    "davies_bouldin": 0.11536552280973641,
    "intra_dist_mean": 3.017893633205761,
    "inter_dist_mean": 21.72302928096794,
    "ratio_intra_inter": 0.13892600309891726,
    "n_merge_steps": 993,
    "total_runtime_sec": 24.195730686187744
}