{
    "clean_state": "raw",
    "best_k": 5,
    "linkage": "single",
    "metric": "manhattan",
    "combined": 4.735052336430881,
    "silhouette": 0.8020039839438905,
    "davies_bouldin": 0.11536552653091532,
    "intra_dist_mean": 3.0178936332056385,
    "inter_dist_mean": 21.72302928096794,
    "ratio_intra_inter": 0.13892600309891162,
    "n_merge_steps": 993,
    "h_max": 22.468344474745674,
    "total_runtime_sec": 15.757331132888794
}