{
    "n_trials": 31,
    "avg_iterations": 10.32258064516129,
    "median_iterations": 10.0,
    "avg_auc_delta": 9.312427921558626,
    "avg_geo_decay": 0.5962591163478664,
    "best_k": 18,
    "best_combined_score": 0.5289663758068147,
    "best_sse": 741.0531675663754,
    "weights": {
        "alpha": 0.47,
        "beta": 0.53,
        "gamma": 0.0
    },
    "total_runtime_sec": 11.071964025497437
}