{
    "clean_state": "raw",
    "best_k": 8,
    "best_cov_type": "tied",
    "best_combined": 0.623711225196058,
    "best_silhouette": 0.29159950846547317,
    "best_db": 1.0462188718595828,
    "n_iter_final": 1,
    "ll_curve_final": [
        -6.339589198387694,
        -4.86473358668382,
        -4.836388039764603,
        -4.817769206908458,
        -4.807142883634022,
        -4.804023020276496,
        -4.802087931077591,
        -4.799292839296551,
        -4.794509176038233,
        -4.785319024870867,
        -4.777547981953282,
        -4.774816997164668,
        -4.773708215954528,
        -4.7732373142165825
    ],
    "total_runtime_sec": 32.28343915939331
}