{
    "clean_state": "raw",
    "best_k": 18,
    "best_cov_type": "spherical",
    "best_combined": 0.5072559288015601,
    "best_silhouette": 0.21515972014477433,
    "best_db": 1.2600577103884905,
    "best_sse": 1654.1022511679164,
    "weights": {
        "alpha": 0.47,
        "beta": 0.53,
        "gamma": 0.0
    },
    "n_iter_final": 1,
    "ll_curve_final": [
        -7.981633129932585,
        -7.879276468786436,
        -7.828093866733886,
        -7.801292422338837,
        -7.789012293076657,
        -7.7801843779231605,
        -7.77031840840102,
        -7.757057221875033,
        -7.742279201158929,
        -7.728138667712115,
        -7.716942895032855,
        -7.707768181872401,
        -7.700073500385824,
        -7.692855636840701,
        -7.686347930824863,
        -7.681285754376727,
        -7.677715927869224,
        -7.675319663851248,
        -7.673820358965373,
        -7.672781616040342,
        -7.672041138738768
    ],
    "total_runtime_sec": 5.846339225769043
}