{
    "n_trials": 31,
    "avg_iterations": 12.580645161290322,
    "median_iterations": 11.0,
    "avg_auc_delta": 9.08547135525838,
    "avg_geo_decay": 0.5998444495154042,
    "best_k": 36,
    "best_combined_score": 0.5785746876345776,
    "best_sse": 1817.1408502941533,
    "weights": {
        "alpha": 0.47,
        "beta": 0.53,
        "gamma": 0.0
    },
    "total_runtime_sec": 11.751513242721558
}