{
    "centroid_movements": [
        2.170737994499924e-15
    ],
    "sse_list": [
        1842.3532366534328,
        1842.353236653433
    ],
    "final_iteration": 2
}