{
    "n_trials": 31,
    "avg_iterations": 13.548387096774194,
    "median_iterations": 13.0,
    "avg_auc_delta": 10.270357893729825,
    "avg_geo_decay": 0.645914569274167,
    "best_k": 48,
    "best_combined_score": 0.6113118060101986,
    "best_sse": 1916.8341502231551,
    "total_runtime_sec": 12.98420786857605
}