{
    "n_trials": 30,
    "avg_iterations": 10.6,
    "median_iterations": 9.0,
    "avg_auc_delta": 5.9785406477682965,
    "avg_geo_decay": 0.5160761387409598,
    "best_k": 48,
    "best_combined_score": 0.6986745165025741,
    "best_sse": 1567.647787242863,
    "total_runtime_sec": 4.098723888397217
}