{
    "n_trials": 31,
    "avg_iterations": 15.483870967741936,
    "median_iterations": 14.0,
    "avg_auc_delta": 13.687154228104344,
    "avg_geo_decay": 0.6159415928230875,
    "best_k": 12,
    "best_combined_score": 0.5081663204657464,
    "best_sse": 2869.657488715801,
    "weights": {
        "alpha": 0.47,
        "beta": 0.53,
        "gamma": 0.0
    },
    "total_runtime_sec": 3.7620625495910645
}