{
    "n_trials": 31,
    "avg_iterations": 3.806451612903226,
    "median_iterations": 4.0,
    "avg_auc_delta": 4.826067361842301,
    "avg_geo_decay": 0.34997547221218606,
    "best_k": 10,
    "best_combined_score": 0.7213204413919331,
    "best_sse": 104.44918521342433,
    "weights": {
        "alpha": 0.47,
        "beta": 0.53,
        "gamma": 0.0
    },
    "total_runtime_sec": 1.1835522651672363
}