{
    "n_trials": 31,
    "avg_iterations": 15.451612903225806,
    "median_iterations": 15.0,
    "avg_auc_delta": 10.42502991727541,
    "avg_geo_decay": 0.6663745652654337,
    "best_k": 16,
    "best_combined_score": 0.5295039712086183,
    "best_sse": 2793.4976563492764,
    "weights": {
        "alpha": 0.47,
        "beta": 0.53,
        "gamma": 0.0
    },
    "total_runtime_sec": 5.632950067520142
}