{
    "clean_state": "raw",
    "best_k": 5,
    "linkage": "single",
    "metric": "euclidean",
    "combined": 1.6870955224738977,
    "silhouette": 0.4853244234314276,
    "davies_bouldin": 0.3461565143063266,
    "intra_dist_mean": 5.474721810375442,
    "inter_dist_mean": 11.7482928095884,
    "ratio_intra_inter": 0.46600147775571,
    "n_merge_steps": 894,
    "total_runtime_sec": 26.019561290740967
}