{
    "clean_state": "raw",
    "best_k": 5,
    "linkage": "single",
    "metric": "manhattan",
    "combined": 1.6179321519569447,
    "silhouette": 0.45447322851109495,
    "davies_bouldin": 0.3595323249734604,
    "intra_dist_mean": 5.477588785383782,
    "inter_dist_mean": 11.429877891959629,
    "ratio_intra_inter": 0.47923423479760213,
    "n_merge_steps": 894,
    "h_max": 20.03927536020182,
    "total_runtime_sec": 12.485920429229736
}