{
    "clean_state": "raw",
    "best_k": 18,
    "best_cov_type": "tied",
    "best_combined": 0.2833393022492786,
    "best_silhouette": 0.05389902819004774,
    "best_db": 1.9501556735137175,
    "n_iter_final": 1,
    "ll_curve_final": [
        -22.674009814866057,
        -22.52006158106587,
        -22.45632330323395,
        -22.428245616678957,
        -22.41180877421456,
        -22.398694231565194,
        -22.38764206115093,
        -22.371936499845592,
        -22.358029756239702,
        -22.35102363197648,
        -22.341679109011128,
        -22.31163885774318,
        -22.264188390337207,
        -22.030058291164725,
        -20.40244760376928,
        -16.620987693943455,
        -16.605369688554195,
        -16.59020835710557,
        -16.573420157325614,
        -16.54985440981239,
        -16.506635397985324,
        -16.462550750655655,
        -16.4326223824079,
        -16.409123501399357,
        -16.40840478278987
    ],
    "total_runtime_sec": 26.194507598876953
}