{
    "clean_state": "raw",
    "best_k": 24,
    "best_cov_type": "tied",
    "best_combined": 0.3557582857714011,
    "best_silhouette": 0.09014543819821792,
    "best_db": 1.609344152531536,
    "n_iter_final": 1,
    "ll_curve_final": [
        -20.832597395829204,
        -19.89141250758488,
        -14.194730195787828,
        -14.081943085054538,
        -13.944232086114958,
        -13.937352074910054,
        -13.934108882545415,
        -13.929659545868775,
        -13.926138375578855,
        -13.924588379770789,
        -13.923959177338858
    ],
    "total_runtime_sec": 19.911526679992676
}