{
    "clean_state": "raw",
    "best_k": 5,
    "linkage": "single",
    "metric": "manhattan",
    "combined": 2.876574639978726,
    "silhouette": 0.6005576387225389,
    "davies_bouldin": 0.19407709161293668,
    "intra_dist_mean": 3.318108394793501,
    "inter_dist_mean": 20.825361458057937,
    "ratio_intra_inter": 0.15933017064198277,
    "n_merge_steps": 2409,
    "total_runtime_sec": 128.48211097717285
}