{
    "centroid_movements": [
        0.0
    ],
    "sse_list": [
        610.6725088898959,
        610.6725088898959
    ],
    "final_iteration": 2
}