{
    "n_trials": 31,
    "avg_iterations": 4.548387096774194,
    "median_iterations": 4.0,
    "avg_auc_delta": 9.126925751073285,
    "avg_geo_decay": 0.42652852203698305,
    "best_k": 7,
    "best_combined_score": 0.2760844550918173,
    "best_sse": 578.1979824694941,
    "total_runtime_sec": 2.2851452827453613
}