{
    "n_trials": 20,
    "avg_iterations": 4.0,
    "median_iterations": 4.0,
    "avg_auc_delta": 6.21686014196041,
    "avg_geo_decay": 0.4299369989360011,
    "best_k": 7,
    "best_combined_score": 0.33077032560133474,
    "best_sse": 590.7875672513014,
    "total_runtime_sec": 0.08000063896179199
}