{
    "n_trials": 31,
    "avg_iterations": 5.354838709677419,
    "median_iterations": 6.0,
    "avg_auc_delta": 6.515698192235731,
    "avg_geo_decay": 0.5980778024796544,
    "best_k": 25,
    "best_combined_score": 0.49572551017027155,
    "best_sse": 4927.922908274453,
    "weights": {
        "alpha": 0.47,
        "beta": 0.53,
        "gamma": 0.0
    },
    "total_runtime_sec": 2.022381067276001
}