{
    "n_trials": 31,
    "avg_iterations": 4.612903225806452,
    "median_iterations": 4.0,
    "avg_auc_delta": 4.360210271127293,
    "avg_geo_decay": 0.41273378121302673,
    "best_k": 9,
    "best_combined_score": 0.9659425241400509,
    "best_sse": 152.20044863823284,
    "total_runtime_sec": 1.0688304901123047
}