{
    "n_trials": 30,
    "avg_iterations": 3.7666666666666666,
    "median_iterations": 3.0,
    "avg_auc_delta": 2.6511120957862304,
    "avg_geo_decay": 0.2701082562484858,
    "best_k": 9,
    "best_combined_score": 1.2140375942079384,
    "best_sse": 140.87912200499926,
    "total_runtime_sec": 0.112152099609375
}