{
    "n_trials": 31,
    "avg_iterations": 6.935483870967742,
    "median_iterations": 7.0,
    "avg_auc_delta": 11.716584174294356,
    "avg_geo_decay": 0.48131727333661006,
    "best_k": 31,
    "best_combined_score": 0.66465593713004,
    "best_sse": 1822.6903729086516,
    "total_runtime_sec": 7.638096570968628
}