{
    "n_trials": 30,
    "avg_iterations": 4.766666666666667,
    "median_iterations": 5.0,
    "avg_auc_delta": 5.857519684395601,
    "avg_geo_decay": 0.28517978746430045,
    "best_k": 31,
    "best_combined_score": 0.6279138162263554,
    "best_sse": 1259.3167138179958,
    "weights": {
        "alpha": 0.47,
        "beta": 0.53,
        "gamma": 0.0
    },
    "total_runtime_sec": 1.5503911972045898
}