{
    "n_trials": 30,
    "avg_iterations": 6.233333333333333,
    "median_iterations": 5.5,
    "avg_auc_delta": 8.318289002778803,
    "avg_geo_decay": 0.4476726722230843,
    "best_k": 31,
    "best_combined_score": 0.7571325456582768,
    "best_sse": 1613.4405225962014,
    "total_runtime_sec": 1.0716841220855713
}