{
    "n_trials": 31,
    "avg_iterations": 14.741935483870968,
    "median_iterations": 14.0,
    "avg_auc_delta": 9.64529217428128,
    "avg_geo_decay": 0.6969465347075752,
    "best_k": 29,
    "best_combined_score": 0.5809998630521515,
    "best_sse": 1383.9666094356278,
    "weights": {
        "alpha": 0.47,
        "beta": 0.53,
        "gamma": 0.0
    },
    "total_runtime_sec": 6.806553602218628
}