{
    "n_trials": 31,
    "avg_iterations": 12.64516129032258,
    "median_iterations": 11.0,
    "avg_auc_delta": 9.147290975863132,
    "avg_geo_decay": 0.5796231060671112,
    "best_k": 10,
    "best_combined_score": 0.5732388573836805,
    "best_sse": 1616.40602632552,
    "weights": {
        "alpha": 0.47,
        "beta": 0.53,
        "gamma": 0.0
    },
    "total_runtime_sec": 2.92975115776062
}