{
    "n_trials": 30,
    "avg_iterations": 5.3,
    "median_iterations": 3.0,
    "avg_auc_delta": 9.786089275222075,
    "avg_geo_decay": 0.4701553469985864,
    "best_k": 9,
    "best_combined_score": 0.4417391341849465,
    "best_sse": 818.9321057701688,
    "weights": {
        "alpha": 0.47,
        "beta": 0.53,
        "gamma": 0.0
    },
    "total_runtime_sec": 0.34463047981262207
}