{
    "clean_state": "raw",
    "best_k": 12,
    "linkage": "single",
    "metric": "manhattan",
    "combined": 1.795496297909443,
    "silhouette": 0.5318261211415294,
    "davies_bouldin": 0.3268864274885425,
    "intra_dist_mean": 2.8811099366252497,
    "inter_dist_mean": 9.410998030134373,
    "ratio_intra_inter": 0.30614286894966086,
    "n_merge_steps": 786,
    "total_runtime_sec": 18.957558631896973
}