{
    "n_trials": 31,
    "avg_iterations": 5.0,
    "median_iterations": 5.0,
    "avg_auc_delta": 5.593437178167184,
    "avg_geo_decay": 0.3620223375411865,
    "best_k": 12,
    "best_combined_score": 0.7019265772984646,
    "best_sse": 185.58780532146622,
    "weights": {
        "alpha": 0.47,
        "beta": 0.53,
        "gamma": 0.0
    },
    "total_runtime_sec": 1.8315446376800537
}