{
    "n_trials": 31,
    "avg_iterations": 10.387096774193548,
    "median_iterations": 10.0,
    "avg_auc_delta": 7.974717645112393,
    "avg_geo_decay": 0.5687153073661011,
    "best_k": 45,
    "best_combined_score": 0.6083882177095686,
    "best_sse": 1028.9634962912296,
    "weights": {
        "alpha": 0.47,
        "beta": 0.53,
        "gamma": 0.0
    },
    "total_runtime_sec": 11.022413730621338
}