{
    "core_count": 794,
    "border_count": 56,
    "noise_count": 61,
    "noise_ratio": 0.06695938529088913,
    "neighbor_hist": [
        0,
        31,
        16,
        16,
        9,
        14,
        9,
        7,
        15,
        7,
        11,
        10,
        4,
        3,
        4,
        3,
        3,
        6,
        6,
        6,
        9,
        4,
        8,
        15,
        10,
        8,
        8,
        8,
        3,
        3,
        6,
        7,
        9,
        4,
        5,
        3,
        5,
        3,
        7,
        1,
        2,
        6,
        1,
        2,
        1,
        3,
        0,
        4,
        8,
        578
    ],
    "combined_score": 0.45758425315724993,
    "silhouette": 0.33256208018325906,
    "davies_bouldin": 1.7924185894370754,
    "sse": 4564.71008383972,
    "weights": {
        "alpha": 0.47,
        "beta": 0.53,
        "gamma": 0.0
    }
}