{
    "n_trials": 31,
    "avg_iterations": 6.516129032258065,
    "median_iterations": 6.0,
    "avg_auc_delta": 5.703288849845458,
    "avg_geo_decay": 0.4782776322828289,
    "best_k": 8,
    "best_combined_score": 0.5480755803966958,
    "best_sse": 1057.9618288250924,
    "weights": {
        "alpha": 0.47,
        "beta": 0.53,
        "gamma": 0.0
    },
    "total_runtime_sec": 1.2637438774108887
}