{
    "clean_state": "raw",
    "best_k": 45,
    "best_cov_type": "spherical",
    "best_combined": 0.804891286737087,
    "best_silhouette": 0.4430272607776729,
    "best_db": 0.8570777343956454,
    "n_iter_final": 1,
    "ll_curve_final": [
        -2.1622292018667117,
        -2.0261962982740225,
        -1.9326676220082588,
        -1.876723196752893,
        -1.8298180357703189,
        -1.8099214810988575,
        -1.8060602910793873,
        -1.8014725023675833,
        -1.7986546381834294,
        -1.7970949240415655,
        -1.796430820950434
    ],
    "total_runtime_sec": 23.927759408950806
}