{
    "n_trials": 30,
    "avg_iterations": 15.566666666666666,
    "median_iterations": 15.0,
    "avg_auc_delta": 8.088002079462077,
    "avg_geo_decay": 0.6629729843801709,
    "best_k": 31,
    "best_combined_score": 0.4880199203933878,
    "best_sse": 1453.3141812590225,
    "total_runtime_sec": 1.4131505489349365
}