{
    "n_trials": 31,
    "avg_iterations": 9.096774193548388,
    "median_iterations": 9.0,
    "avg_auc_delta": 21.00997031873697,
    "avg_geo_decay": 0.4512712495220178,
    "best_k": 41,
    "best_combined_score": 0.6386320468366996,
    "best_sse": 2643.3950859131164,
    "weights": {
        "alpha": 0.47,
        "beta": 0.53,
        "gamma": 0.0
    },
    "total_runtime_sec": 98.58309006690979
}