{
    "n_trials": 31,
    "avg_iterations": 15.612903225806452,
    "median_iterations": 17.0,
    "avg_auc_delta": 19.637643479305304,
    "avg_geo_decay": 0.7095560553118567,
    "best_k": 45,
    "best_combined_score": 0.505417476321608,
    "best_sse": 3551.63087808305,
    "weights": {
        "alpha": 0.47,
        "beta": 0.53,
        "gamma": 0.0
    },
    "total_runtime_sec": 254.96040511131287
}