{
    "core_count": 1711,
    "border_count": 24,
    "noise_count": 1,
    "noise_ratio": 0.000576036866359447,
    "neighbor_hist": [
        0,
        0,
        1,
        3,
        1,
        4,
        2,
        6,
        8,
        4,
        5,
        2,
        1,
        9,
        12,
        9,
        12,
        6,
        6,
        4,
        3,
        5,
        2,
        6,
        20,
        19,
        6,
        6,
        1,
        6,
        1,
        6,
        5,
        4,
        3,
        2,
        7,
        2,
        17,
        4,
        6,
        4,
        3,
        4,
        3,
        3,
        9,
        3,
        5,
        1476
    ],
    "combined_score": 0.5991377405006981,
    "silhouette": 0.3030364069392235,
    "davies_bouldin": 0.7880628479889646,
    "sse": 6933.970702226965,
    "weights": {
        "alpha": 0.47,
        "beta": 0.53,
        "gamma": 0.0
    }
}