{
    "n_trials": 30,
    "avg_iterations": 11.5,
    "median_iterations": 12.0,
    "avg_auc_delta": 7.487883941325771,
    "avg_geo_decay": 0.642047620157674,
    "best_k": 6,
    "best_combined_score": 0.5703931924801154,
    "best_sse": 1966.252244252536,
    "weights": {
        "alpha": 0.47,
        "beta": 0.53,
        "gamma": 0.0
    },
    "total_runtime_sec": 1.9136981964111328
}