{
    "centroid_movements": [
        1.7035490193181047e-15
    ],
    "sse_list": [
        1720.9782952917838,
        1720.9782952917838
    ],
    "final_iteration": 2
}