{
    "n_trials": 30,
    "avg_iterations": 14.8,
    "median_iterations": 13.0,
    "avg_auc_delta": 7.094653841799597,
    "avg_geo_decay": 0.694140476355778,
    "best_k": 48,
    "best_combined_score": 0.6626330364400383,
    "best_sse": 1438.5371357532551,
    "total_runtime_sec": 4.932336330413818
}