{
    "n_trials": 31,
    "avg_iterations": 14.193548387096774,
    "median_iterations": 13.0,
    "avg_auc_delta": 10.382969789888012,
    "avg_geo_decay": 0.6500506707317715,
    "best_k": 48,
    "best_combined_score": 0.6927978428990061,
    "best_sse": 1572.4915651664337,
    "total_runtime_sec": 9.338330745697021
}