{
    "clean_state": "raw",
    "best_k": 44,
    "best_cov_type": "spherical",
    "best_combined": 0.6318694268534288,
    "best_silhouette": 0.5057591885303141,
    "best_db": 0.8081804601008721,
    "best_sse": 861.9883994153871,
    "weights": {
        "alpha": 0.47,
        "beta": 0.53,
        "gamma": 0.0
    },
    "n_iter_final": 1,
    "ll_curve_final": [
        -1.7634028628292242,
        -1.6089184681888062,
        -1.5080451412839113,
        -1.4228661111505785,
        -1.2606087842673963,
        -1.138427465468433,
        -0.9670556186347867,
        -0.8503250858819561,
        -0.635711270890652,
        -0.6210841065630015,
        -0.6203246621729783
    ],
    "total_runtime_sec": 21.3536114692688
}