{
    "core_count": 1812,
    "border_count": 5,
    "noise_count": 8,
    "noise_ratio": 0.004383561643835616,
    "neighbor_hist": [
        0,
        1,
        3,
        0,
        0,
        9,
        2,
        3,
        3,
        0,
        2,
        9,
        3,
        12,
        3,
        0,
        4,
        7,
        2,
        1,
        1,
        17,
        1,
        0,
        4,
        15,
        3,
        0,
        0,
        7,
        8,
        14,
        4,
        0,
        2,
        4,
        5,
        3,
        4,
        3,
        0,
        1,
        0,
        1,
        1,
        0,
        1,
        1,
        1,
        1660
    ],
    "combined_score": 0.6532588298926904,
    "silhouette": 0.6508280697648141,
    "davies_bouldin": 0.8139162354543432,
    "sse": 4631.289082616466,
    "weights": {
        "alpha": 0.47,
        "beta": 0.53,
        "gamma": 0.0
    }
}