{
    "n_trials": 31,
    "avg_iterations": 12.35483870967742,
    "median_iterations": 11.0,
    "avg_auc_delta": 7.573938397866574,
    "avg_geo_decay": 0.5921009684681898,
    "best_k": 15,
    "best_combined_score": 0.5846680711051848,
    "best_sse": 3232.006793758679,
    "weights": {
        "alpha": 0.47,
        "beta": 0.53,
        "gamma": 0.0
    },
    "total_runtime_sec": 82.5161383152008
}