{
    "clean_state": "raw",
    "best_k": 5,
    "linkage": "single",
    "metric": "manhattan",
    "combined": 0.746258064042187,
    "silhouette": 0.4382889440927009,
    "davies_bouldin": 0.29521635409995983,
    "sse": 3232.871540960013,
    "weights": {
        "alpha": 0.47,
        "beta": 0.53,
        "gamma": 0.0
    },
    "intra_dist_mean": 3.3097970537635115,
    "inter_dist_mean": 11.230559916273528,
    "ratio_intra_inter": 0.29471344959098517,
    "n_merge_steps": 518,
    "h_max": 20.188626709869986,
    "total_runtime_sec": 6.45328164100647
}