{
    "clean_state": "raw",
    "best_k": 9,
    "linkage": "single",
    "metric": "manhattan",
    "combined": 1.7612864688867464,
    "silhouette": 0.6364224865949659,
    "davies_bouldin": 0.3464822838988387,
    "intra_dist_mean": 2.237214473000375,
    "inter_dist_mean": 7.717158137548788,
    "ratio_intra_inter": 0.28990133843631394,
    "n_merge_steps": 1876,
    "total_runtime_sec": 86.16510462760925
}