{
    "clean_state": "raw",
    "best_k": 29,
    "linkage": "single",
    "metric": "euclidean",
    "combined": 0.9053634238619789,
    "silhouette": 0.0944664931849525,
    "davies_bouldin": 0.5826621802195066,
    "intra_dist_mean": 2.845768417306258,
    "inter_dist_mean": 4.630795281732804,
    "ratio_intra_inter": 0.6145312509346734,
    "n_merge_steps": 1256,
    "total_runtime_sec": 33.281553983688354
}