{
    "clean_state": "raw",
    "best_k": 5,
    "linkage": "single",
    "metric": "euclidean",
    "combined": 1.128846667059689,
    "silhouette": 0.2721116965242641,
    "davies_bouldin": 0.5036307654472342,
    "intra_dist_mean": 3.17124446043579,
    "inter_dist_mean": 5.387422732478127,
    "ratio_intra_inter": 0.5886385045148445,
    "n_merge_steps": 1256,
    "h_max": 2.919273988108065,
    "total_runtime_sec": 31.56807279586792
}