{
    "n_trials": 31,
    "avg_iterations": 12.64516129032258,
    "median_iterations": 12.0,
    "avg_auc_delta": 10.017673836130133,
    "avg_geo_decay": 0.6098708445429523,
    "best_k": 38,
    "best_combined_score": 0.6110147582743997,
    "best_sse": 1516.4525352313065,
    "weights": {
        "alpha": 0.47,
        "beta": 0.53,
        "gamma": 0.0
    },
    "total_runtime_sec": 406.4293830394745
}