{
    "clean_state": "raw",
    "best_k": 10,
    "linkage": "single",
    "metric": "euclidean",
    "combined": 2.534477712873301,
    "silhouette": 0.6486389528659066,
    "davies_bouldin": 0.22622814591107895,
    "intra_dist_mean": 2.424950049472593,
    "inter_dist_mean": 11.013832812532415,
    "ratio_intra_inter": 0.22017313053027932,
    "n_merge_steps": 952,
    "h_max": 8.779917188620495,
    "total_runtime_sec": 17.29344916343689
}