{
    "clean_state": "raw",
    "best_k": 7,
    "linkage": "average",
    "metric": "manhattan",
    "combined": 2.5217729434333247,
    "silhouette": 0.7561645931202527,
    "davies_bouldin": 0.23324260929593707,
    "intra_dist_mean": 2.4352099651550407,
    "inter_dist_mean": 11.101287340530135,
    "ratio_intra_inter": 0.21936284418690935,
    "n_merge_steps": 952,
    "total_runtime_sec": 26.324901342391968
}