{
    "n_trials": 31,
    "avg_iterations": 12.612903225806452,
    "median_iterations": 12.0,
    "avg_auc_delta": 23.37497631427236,
    "avg_geo_decay": 0.6612806947092092,
    "best_k": 31,
    "best_combined_score": 0.34619224403898924,
    "best_sse": 8460.016353361165,
    "total_runtime_sec": 6.772035598754883
}