{
    "n_trials": 30,
    "avg_iterations": 12.7,
    "median_iterations": 13.0,
    "avg_auc_delta": 17.868174603234266,
    "avg_geo_decay": 0.6913244792199897,
    "best_k": 31,
    "best_combined_score": 0.317920754432808,
    "best_sse": 8320.48601394587,
    "total_runtime_sec": 1.9720189571380615
}