{
    "n_trials": 31,
    "avg_iterations": 10.193548387096774,
    "median_iterations": 10.0,
    "avg_auc_delta": 6.937561495939191,
    "avg_geo_decay": 0.6268918103071185,
    "best_k": 42,
    "best_combined_score": 0.6456574169112097,
    "best_sse": 825.9804096776146,
    "weights": {
        "alpha": 0.47,
        "beta": 0.53,
        "gamma": 0.0
    },
    "total_runtime_sec": 16.430005073547363
}