{
    "n_trials": 31,
    "avg_iterations": 12.129032258064516,
    "median_iterations": 12.0,
    "avg_auc_delta": 7.844979856698726,
    "avg_geo_decay": 0.6213941931594654,
    "best_k": 22,
    "best_combined_score": 0.5694518291520683,
    "best_sse": 837.5050217729206,
    "weights": {
        "alpha": 0.47,
        "beta": 0.53,
        "gamma": 0.0
    },
    "total_runtime_sec": 4.251394510269165
}