{
    "n_trials": 31,
    "avg_iterations": 3.225806451612903,
    "median_iterations": 3.0,
    "avg_auc_delta": 0.2999392671107761,
    "avg_geo_decay": 0.052782160440344984,
    "best_k": 11,
    "best_combined_score": 0.3982088484631853,
    "best_sse": 1678.8541372313546,
    "weights": {
        "alpha": 0.47,
        "beta": 0.53,
        "gamma": 0.0
    },
    "total_runtime_sec": 0.5664241313934326
}