{
    "clean_state": "raw",
    "best_k": 11,
    "best_cov_type": "tied",
    "best_combined": 0.3064834191242681,
    "best_silhouette": 0.08953678133402639,
    "best_db": 1.910474927433002,
    "n_iter_final": 1,
    "ll_curve_final": [
        -21.71212344272434,
        -16.256856898455375,
        -16.14925266265853,
        -16.028036794860824,
        -15.96550789775652,
        -15.925453765903898,
        -15.908692607547055,
        -15.907431179700245,
        -15.906715612121848
    ],
    "total_runtime_sec": 22.28937554359436
}