{
    "n_trials": 31,
    "avg_iterations": 4.548387096774194,
    "median_iterations": 4.0,
    "avg_auc_delta": 4.609139332177081,
    "avg_geo_decay": 0.22069762020545772,
    "best_k": 24,
    "best_combined_score": 0.44463561103831495,
    "best_sse": 8963.548629272773,
    "weights": {
        "alpha": 0.47,
        "beta": 0.53,
        "gamma": 0.0
    },
    "total_runtime_sec": 2.407017469406128
}