{
    "clean_state": "raw",
    "best_k": 12,
    "best_cov_type": "tied",
    "best_combined": 0.7378144999272226,
    "best_silhouette": 0.6118448360418497,
    "best_db": 0.4569274337849693,
    "best_sse": 195.5631062424912,
    "weights": {
        "alpha": 0.47,
        "beta": 0.53,
        "gamma": 0.0
    },
    "n_iter_final": 1,
    "ll_curve_final": [
        15.30503509956866,
        15.357732783811997,
        15.37168095398099,
        15.399925747495828,
        15.59300673185838,
        15.995597631128243,
        15.995630861262876
    ],
    "total_runtime_sec": 1.4153659343719482
}