{
    "clean_state": "raw",
    "best_k": 8,
    "best_cov_type": "spherical",
    "best_combined": 1.937510859739631,
    "best_silhouette": 0.6982119572163776,
    "best_db": 0.3147812034195231,
    "n_iter_final": 1,
    "ll_curve_final": [
        0.14007702279691145,
        0.14011632300244065
    ],
    "total_runtime_sec": 0.572420597076416
}