{
    "core_count": 51,
    "border_count": 2,
    "noise_count": 16,
    "noise_ratio": 0.2318840579710145,
    "neighbor_hist": [
        0,
        6,
        10,
        2,
        0,
        4,
        0,
        2,
        0,
        0,
        4,
        6,
        0,
        0,
        0,
        0,
        0,
        0,
        0,
        0,
        0,
        0,
        0,
        0,
        0,
        0,
        0,
        0,
        0,
        0,
        0,
        0,
        0,
        0,
        0,
        35
    ],
    "combined_score": 0.5420038316702314,
    "silhouette": 0.5546279532344691,
    "davies_bouldin": 1.340300250029122,
    "sse": 9.858021428382447,
    "weights": {
        "alpha": 0.47,
        "beta": 0.53,
        "gamma": 0.0
    }
}