{
    "centroid_movements": [
        1.4587002855319573e-15
    ],
    "sse_list": [
        1095.6900572221125,
        1095.6900572221127
    ],
    "final_iteration": 2
}