{
    "n_trials": 30,
    "avg_iterations": 19.566666666666666,
    "median_iterations": 17.0,
    "avg_auc_delta": 10.738602936161017,
    "avg_geo_decay": 0.6717658332809775,
    "best_k": 10,
    "best_combined_score": 0.5538479436177196,
    "best_sse": 6009.723794581866,
    "weights": {
        "alpha": 0.47,
        "beta": 0.53,
        "gamma": 0.0
    },
    "total_runtime_sec": 6.571115016937256
}