{
    "n_trials": 31,
    "avg_iterations": 11.516129032258064,
    "median_iterations": 11.0,
    "avg_auc_delta": 8.883768842246766,
    "avg_geo_decay": 0.5993567036557893,
    "best_k": 48,
    "best_combined_score": 0.7176634870365227,
    "best_sse": 1168.533316894945,
    "total_runtime_sec": 15.430071115493774
}