{
    "core_count": 958,
    "border_count": 4,
    "noise_count": 38,
    "noise_ratio": 0.038,
    "neighbor_hist": [
        0,
        9,
        13,
        13,
        7,
        10,
        20,
        5,
        18,
        27,
        11,
        17,
        19,
        9,
        7,
        9,
        4,
        34,
        16,
        18,
        13,
        16,
        14,
        16,
        1,
        12,
        10,
        12,
        10,
        6,
        9,
        9,
        4,
        2,
        7,
        5,
        3,
        3,
        7,
        3,
        7,
        8,
        3,
        5,
        21,
        3,
        7,
        6,
        6,
        506
    ],
    "combined_score": 0.44614404574834066,
    "silhouette": 0.25066435815436233,
    "davies_bouldin": 1.8109962491972305,
    "sse": 2789.2114084004534,
    "weights": {
        "alpha": 0.47,
        "beta": 0.53,
        "gamma": 0.0
    }
}