{
    "clean_state": "raw",
    "best_k": 28,
    "linkage": "average",
    "metric": "euclidean",
    "combined": 0.8399383935459092,
    "silhouette": 0.31572604649772734,
    "davies_bouldin": 0.7330568171406758,
    "intra_dist_mean": 1.3587903357731925,
    "inter_dist_mean": 3.4753783266475398,
    "ratio_intra_inter": 0.3909762356961965,
    "n_merge_steps": 857,
    "h_max": 4.92396374829945,
    "total_runtime_sec": 13.878873348236084
}