{
    "n_trials": 31,
    "avg_iterations": 13.451612903225806,
    "median_iterations": 11.0,
    "avg_auc_delta": 16.892166306016033,
    "avg_geo_decay": 0.6076556457162179,
    "best_k": 31,
    "best_combined_score": 0.4985369262129543,
    "best_sse": 3634.728365921408,
    "weights": {
        "alpha": 0.47,
        "beta": 0.53,
        "gamma": 0.0
    },
    "total_runtime_sec": 8.206327438354492
}