{
    "centroid_movements": [
        1.3283800762039158e-15
    ],
    "sse_list": [
        1432.3228495297014,
        1432.322849529701
    ],
    "final_iteration": 2
}