{
    "n_trials": 31,
    "avg_iterations": 15.741935483870968,
    "median_iterations": 13.0,
    "avg_auc_delta": 10.09712815093226,
    "avg_geo_decay": 0.6487288897854214,
    "best_k": 47,
    "best_combined_score": 0.6880668920746869,
    "best_sse": 1500.1247786864938,
    "total_runtime_sec": 9.603605508804321
}