{
    "n_trials": 30,
    "avg_iterations": 10.766666666666667,
    "median_iterations": 10.0,
    "avg_auc_delta": 5.88601572912555,
    "avg_geo_decay": 0.5583829691945961,
    "best_k": 47,
    "best_combined_score": 0.6939881886580532,
    "best_sse": 1331.0705238268033,
    "total_runtime_sec": 3.692812204360962
}