{
    "n_trials": 31,
    "avg_iterations": 8.161290322580646,
    "median_iterations": 8.0,
    "avg_auc_delta": 8.3555363363211,
    "avg_geo_decay": 0.4023299516459148,
    "best_k": 16,
    "best_combined_score": 0.5659083352511093,
    "best_sse": 2059.123004452488,
    "weights": {
        "alpha": 0.47,
        "beta": 0.53,
        "gamma": 0.0
    },
    "total_runtime_sec": 130.14082956314087
}