{
    "clean_state": "raw",
    "best_k": 9,
    "best_cov_type": "full",
    "best_combined": 0.47515647076034084,
    "best_silhouette": 0.1571171474422402,
    "best_db": 1.2607227716856841,
    "n_iter_final": 1,
    "ll_curve_final": [
        30.217554963714626,
        30.217554963714626
    ],
    "total_runtime_sec": 0.9467010498046875
}