{
    "clean_state": "raw",
    "best_k": 25,
    "best_cov_type": "spherical",
    "best_combined": 0.5866253028119625,
    "best_silhouette": 0.33225993516282015,
    "best_db": 0.8850898643591083,
    "best_sse": 781.9417785340759,
    "weights": {
        "alpha": 0.47,
        "beta": 0.53,
        "gamma": 0.0
    },
    "n_iter_final": 1,
    "ll_curve_final": [
        -4.822403092051501,
        -4.770574505066855,
        -4.721692701166385,
        -4.70903063038034,
        -4.697809216924443,
        -4.689929922998739,
        -4.6492924795125194,
        -4.630964083660191,
        -4.620166790816505,
        -4.618044887542922,
        -4.616021146610271,
        -4.614848131628658,
        -4.614169169841534
    ],
    "total_runtime_sec": 6.182757377624512
}