{
    "clean_state": "raw",
    "best_k": 7,
    "linkage": "single",
    "metric": "euclidean",
    "combined": 1.1087499860008765,
    "silhouette": 0.3331019133484053,
    "davies_bouldin": 0.5306734399390289,
    "intra_dist_mean": 5.347617372535402,
    "inter_dist_mean": 10.547483487439857,
    "ratio_intra_inter": 0.5070040999735093,
    "n_merge_steps": 611,
    "h_max": 8.563831343932959,
    "total_runtime_sec": 4.855774879455566
}