{
    "core_count": 1632,
    "border_count": 40,
    "noise_count": 48,
    "noise_ratio": 0.027906976744186046,
    "neighbor_hist": [
        0,
        22,
        20,
        19,
        27,
        23,
        13,
        33,
        20,
        11,
        29,
        24,
        43,
        36,
        25,
        31,
        44,
        18,
        24,
        18,
        24,
        11,
        7,
        13,
        13,
        12,
        10,
        8,
        8,
        15,
        17,
        16,
        6,
        21,
        13,
        11,
        16,
        17,
        19,
        6,
        15,
        11,
        7,
        2,
        2,
        5,
        12,
        4,
        7,
        912
    ],
    "combined_score": 0.5200065732979926,
    "silhouette": 0.25838324553994074,
    "davies_bouldin": 1.2189856149333218,
    "sse": 4155.371842819593,
    "weights": {
        "alpha": 0.47,
        "beta": 0.53,
        "gamma": 0.0
    }
}