{
    "clean_state": "raw",
    "best_k": 39,
    "linkage": "average",
    "metric": "euclidean",
    "combined": 0.8785133572086995,
    "silhouette": 0.41802804046086073,
    "davies_bouldin": 0.7468267291446611,
    "intra_dist_mean": 1.1357060166612247,
    "inter_dist_mean": 3.523457984192939,
    "ratio_intra_inter": 0.32232710642668266,
    "n_merge_steps": 1536,
    "total_runtime_sec": 81.34487247467041
}