{
    "clean_state": "raw",
    "best_k": 24,
    "best_cov_type": "tied",
    "best_combined": 0.6411010387100723,
    "best_silhouette": 0.3030563028697862,
    "best_db": 1.0212983868098886,
    "n_iter_final": 1,
    "ll_curve_final": [
        -5.943427520575688,
        -5.802002122836298,
        -5.6435753819041485,
        -5.570915388930758,
        -5.5414143221561,
        -5.511969546846006,
        -5.470732681579819,
        -5.469080895370358,
        -5.467972038729905,
        -5.466995880371425
    ],
    "total_runtime_sec": 26.996541261672974
}