{
    "clean_state": "raw",
    "best_k": 8,
    "best_cov_type": "tied",
    "best_combined": 0.7520165670500369,
    "best_silhouette": 0.29739416685381725,
    "best_db": 0.8287483059511663,
    "n_iter_final": 1,
    "ll_curve_final": [
        -6.896049216336334,
        -6.652435347607236,
        -6.602442699009898,
        -6.576654399181359,
        -6.558994282278759,
        -6.552606647746569,
        -6.552189546066507
    ],
    "total_runtime_sec": 14.828856945037842
}