{
    "clean_state": "raw",
    "best_k": 7,
    "linkage": "single",
    "metric": "manhattan",
    "combined": 2.3978446619975613,
    "silhouette": 0.5625085726496482,
    "davies_bouldin": 0.23622898683977997,
    "intra_dist_mean": 2.856449795924489,
    "inter_dist_mean": 9.440979542789828,
    "ratio_intra_inter": 0.30255862572074804,
    "n_merge_steps": 174,
    "h_max": 14.424005820031875,
    "total_runtime_sec": 0.8828654289245605
}