{
    "clean_state": "raw",
    "best_k": 5,
    "linkage": "single",
    "metric": "euclidean",
    "combined": 2.601340511840618,
    "silhouette": 0.6217062440046339,
    "davies_bouldin": 0.2182941509384594,
    "intra_dist_mean": 2.9619851098699597,
    "inter_dist_mean": 10.452863305094121,
    "ratio_intra_inter": 0.28336590878655954,
    "n_merge_steps": 174,
    "total_runtime_sec": 2.150235652923584
}