{
    "clean_state": "raw",
    "best_k": 5,
    "linkage": "single",
    "metric": "euclidean",
    "combined": 1.9547209826341991,
    "silhouette": 0.6503696683335233,
    "davies_bouldin": 0.3068357829743421,
    "intra_dist_mean": 3.2131004989474667,
    "inter_dist_mean": 11.361038672298053,
    "ratio_intra_inter": 0.28281749509239673,
    "n_merge_steps": 2288,
    "h_max": 8.442363309060871,
    "total_runtime_sec": 121.39296555519104
}