{
    "clean_state": "raw",
    "best_k": 5,
    "linkage": "single",
    "metric": "manhattan",
    "combined": 1.954720982634195,
    "silhouette": 0.650369668333515,
    "davies_bouldin": 0.3068357829743421,
    "intra_dist_mean": 3.213100498947544,
    "inter_dist_mean": 11.361038672298053,
    "ratio_intra_inter": 0.2828174950924035,
    "n_merge_steps": 2288,
    "total_runtime_sec": 141.79457426071167
}