{
    "clean_state": "raw",
    "best_k": 17,
    "best_cov_type": "spherical",
    "best_combined": 0.5620777100533214,
    "best_silhouette": 0.29929442954797053,
    "best_db": 0.9917808332188452,
    "best_sse": 2555.2788577170263,
    "weights": {
        "alpha": 0.47,
        "beta": 0.53,
        "gamma": 0.0
    },
    "n_iter_final": 1,
    "ll_curve_final": [
        -10.159635067580595,
        -10.103431309500301,
        -10.045718414784053,
        -10.043679172331988,
        -10.025976912828021,
        -9.963629914372278,
        -9.903187503938959,
        -9.842260284589727,
        -9.84070056253596,
        -9.834932610864662,
        -9.80746686036244,
        -9.772959169808983,
        -9.768022373672173,
        -9.767916872131487
    ],
    "total_runtime_sec": 7.2617881298065186
}