{
    "clean_state": "raw",
    "best_k": 5,
    "linkage": "single",
    "metric": "manhattan",
    "combined": 0.6311022852663993,
    "silhouette": 0.32187024492342087,
    "davies_bouldin": 0.647953834221082,
    "sse": 6765.79810430052,
    "weights": {
        "alpha": 0.47,
        "beta": 0.53,
        "gamma": 0.0
    },
    "intra_dist_mean": 5.600025820851494,
    "inter_dist_mean": 9.225155190417446,
    "ratio_intra_inter": 0.6070386573732512,
    "n_merge_steps": 396,
    "h_max": 16.91519853297525,
    "total_runtime_sec": 4.588993310928345
}