{
    "clean_state": "raw",
    "best_k": 30,
    "best_cov_type": "tied",
    "best_combined": 0.6513951788159581,
    "best_silhouette": 0.33930602830638273,
    "best_db": 1.0378995999862588,
    "n_iter_final": 1,
    "ll_curve_final": [
        -5.233911391874563,
        -5.155926172823214,
        -5.118840776940568,
        -5.082419706845217,
        -5.005044204748212,
        -4.96185091484545,
        -4.9282841423031725,
        -4.910303627916531,
        -4.901553648667109,
        -4.89214064477911,
        -4.879597634159913,
        -4.870345608669957,
        -4.861910983872417,
        -4.843592936088653,
        -4.804276950500687,
        -4.7314174009144185,
        -4.6483334559538,
        -4.556587017880069,
        -4.514427429548219,
        -4.4937535997169,
        -4.485379503812569,
        -4.471978808333482,
        -4.460762435274358,
        -4.454748971433027,
        -4.45172310016776,
        -4.450398101554696,
        -4.447435487802182,
        -4.447252115300213
    ],
    "total_runtime_sec": 60.163161516189575
}