{
    "clean_state": "raw",
    "best_k": 24,
    "best_cov_type": "tied",
    "best_combined": 0.6370065569685481,
    "best_silhouette": 0.31139549546597983,
    "best_db": 1.0388340923868153,
    "n_iter_final": 1,
    "ll_curve_final": [
        -5.488921356564386,
        -5.3695084537370095,
        -5.32326765134719,
        -5.269933913990056,
        -5.243340146084422,
        -5.234324196346377,
        -5.2279354922303805,
        -5.220493041516074,
        -5.208589856445143,
        -5.19645777230167,
        -5.182300423719988,
        -5.1720398635077585,
        -5.17022974373889,
        -5.167436586426363,
        -5.16220160540126,
        -5.150940966044274,
        -5.1253530352746255,
        -5.080633141365001,
        -5.060212549796783,
        -5.055042596164327,
        -5.051831389779339,
        -5.046816106052214,
        -5.0363953643302235,
        -5.021763649132048,
        -5.011499415964937,
        -5.0086183851437545,
        -5.008420957238722
    ],
    "total_runtime_sec": 18.367793083190918
}