{
    "n_trials": 31,
    "avg_iterations": 11.483870967741936,
    "median_iterations": 12.0,
    "avg_auc_delta": 9.600685528135116,
    "avg_geo_decay": 0.5885290435278746,
    "best_k": 38,
    "best_combined_score": 0.6110147582743997,
    "best_sse": 1516.4525352313065,
    "weights": {
        "alpha": 0.47,
        "beta": 0.53,
        "gamma": 0.0
    },
    "total_runtime_sec": 376.0873682498932
}