{
    "n_trials": 31,
    "avg_iterations": 3.6129032258064515,
    "median_iterations": 3.0,
    "avg_auc_delta": 3.6571037444417955,
    "avg_geo_decay": 0.43306595491943417,
    "best_k": 8,
    "best_combined_score": 0.71738680305961,
    "best_sse": 98.64535559921953,
    "weights": {
        "alpha": 0.47,
        "beta": 0.53,
        "gamma": 0.0
    },
    "total_runtime_sec": 1.3255279064178467
}