{
    "n_trials": 31,
    "avg_iterations": 3.774193548387097,
    "median_iterations": 4.0,
    "avg_auc_delta": 4.39488129325958,
    "avg_geo_decay": 0.3190568210173651,
    "best_k": 10,
    "best_combined_score": 0.7077459416366292,
    "best_sse": 104.10582878101985,
    "weights": {
        "alpha": 0.47,
        "beta": 0.53,
        "gamma": 0.0
    },
    "total_runtime_sec": 1.519819974899292
}