{
    "n_trials": 31,
    "avg_iterations": 12.709677419354838,
    "median_iterations": 12.0,
    "avg_auc_delta": 9.74500253752082,
    "avg_geo_decay": 0.6076087272115629,
    "best_k": 38,
    "best_combined_score": 0.6110147582743997,
    "best_sse": 1516.4525352313065,
    "weights": {
        "alpha": 0.47,
        "beta": 0.53,
        "gamma": 0.0
    },
    "total_runtime_sec": 380.8126599788666
}