{
    "core_count": 264,
    "border_count": 63,
    "noise_count": 673,
    "noise_ratio": 0.673,
    "neighbor_hist": [
        0,
        423,
        134,
        102,
        37,
        27,
        13,
        29,
        23,
        28,
        12,
        12,
        8,
        5,
        6,
        10,
        12,
        10,
        8,
        10,
        1,
        1,
        4,
        7,
        2,
        2,
        3,
        0,
        2,
        0,
        3,
        1,
        0,
        1,
        0,
        1,
        6,
        0,
        3,
        3,
        1,
        1,
        2,
        1,
        0,
        0,
        2,
        3,
        0,
        41
    ],
    "combined_score": 0.3687653178787054,
    "silhouette": -0.1283697786289439,
    "davies_bouldin": 2.0817222423943673,
    "sse": 823.9814988940144,
    "weights": {
        "alpha": 0.47,
        "beta": 0.53,
        "gamma": 0.0
    }
}