{
    "n_trials": 30,
    "avg_iterations": 9.5,
    "median_iterations": 9.0,
    "avg_auc_delta": 4.710549906686228,
    "avg_geo_decay": 0.5253409487347999,
    "best_k": 40,
    "best_combined_score": 0.6339257492330981,
    "best_sse": 888.7387765022092,
    "weights": {
        "alpha": 0.47,
        "beta": 0.53,
        "gamma": 0.0
    },
    "total_runtime_sec": 21.824732065200806
}