{
    "n_trials": 31,
    "avg_iterations": 15.903225806451612,
    "median_iterations": 15.0,
    "avg_auc_delta": 25.21259459428852,
    "avg_geo_decay": 0.7325156323310982,
    "best_k": 31,
    "best_combined_score": 0.27596227761950975,
    "best_sse": 9829.734849764702,
    "total_runtime_sec": 7.788364410400391
}