{
    "n_trials": 31,
    "avg_iterations": 8.32258064516129,
    "median_iterations": 7.0,
    "avg_auc_delta": 8.906839450206078,
    "avg_geo_decay": 0.3931666543279601,
    "best_k": 9,
    "best_combined_score": 0.5300259047873974,
    "best_sse": 4370.002279952164,
    "weights": {
        "alpha": 0.47,
        "beta": 0.53,
        "gamma": 0.0
    },
    "total_runtime_sec": 10.19936728477478
}