{
    "clean_state": "raw",
    "best_k": 7,
    "linkage": "single",
    "metric": "euclidean",
    "combined": 1.8565059303022164,
    "silhouette": 0.646792993583614,
    "davies_bouldin": 0.3261345792225243,
    "intra_dist_mean": 1.22999659047177,
    "inter_dist_mean": 5.041588005645071,
    "ratio_intra_inter": 0.24397007234512175,
    "n_merge_steps": 74,
    "total_runtime_sec": 1.3704564571380615
}