{
    "clean_state": "raw",
    "best_k": 5,
    "linkage": "single",
    "metric": "manhattan",
    "combined": 3.5578723829517647,
    "silhouette": 0.6476492313695285,
    "davies_bouldin": 0.15460501389641979,
    "intra_dist_mean": 3.325915132934854,
    "inter_dist_mean": 22.50807170720099,
    "ratio_intra_inter": 0.14776544060283267,
    "n_merge_steps": 2409,
    "h_max": 18.933858764759314,
    "total_runtime_sec": 128.35409092903137
}