{
    "clean_state": "raw",
    "best_k": 5,
    "linkage": "single",
    "metric": "manhattan",
    "combined": 0.6323650110622429,
    "silhouette": 0.19870912179643466,
    "davies_bouldin": 0.5041288066416479,
    "sse": 17600.896579750675,
    "weights": {
        "alpha": 0.47,
        "beta": 0.53,
        "gamma": 0.0
    },
    "intra_dist_mean": 5.810729012446675,
    "inter_dist_mean": 10.534905296868354,
    "ratio_intra_inter": 0.5515691739700254,
    "n_merge_steps": 999,
    "h_max": 17.07001159472441,
    "total_runtime_sec": 21.869580507278442
}