{
    "clean_state": "raw",
    "best_k": 5,
    "linkage": "single",
    "metric": "manhattan",
    "combined": 3.557872533238406,
    "silhouette": 0.647649231369519,
    "davies_bouldin": 0.15460500671190378,
    "intra_dist_mean": 3.3259151329349406,
    "inter_dist_mean": 22.50807170720099,
    "ratio_intra_inter": 0.14776544060283653,
    "n_merge_steps": 2409,
    "total_runtime_sec": 157.41386222839355
}