{
    "centroid_movements": [
        2.0108019317268436e-15
    ],
    "sse_list": [
        1800.0853549367848,
        1800.0853549367848
    ],
    "final_iteration": 2
}