{
    "n_trials": 30,
    "avg_iterations": 12.3,
    "median_iterations": 14.0,
    "avg_auc_delta": 6.819951553890055,
    "avg_geo_decay": 0.583995094868437,
    "best_k": 48,
    "best_combined_score": 0.6925276445953945,
    "best_sse": 1610.5687999781455,
    "total_runtime_sec": 4.733844518661499
}