{
    "n_trials": 30,
    "avg_iterations": 10.733333333333333,
    "median_iterations": 9.0,
    "avg_auc_delta": 7.263818512001655,
    "avg_geo_decay": 0.5748676928157628,
    "best_k": 28,
    "best_combined_score": 0.5737196737753947,
    "best_sse": 878.9276329808107,
    "weights": {
        "alpha": 0.47,
        "beta": 0.53,
        "gamma": 0.0
    },
    "total_runtime_sec": 1.9792959690093994
}