{
    "n_trials": 31,
    "avg_iterations": 14.935483870967742,
    "median_iterations": 14.0,
    "avg_auc_delta": 10.469627252803006,
    "avg_geo_decay": 0.6553251516306599,
    "best_k": 10,
    "best_combined_score": 0.5627215759605197,
    "best_sse": 1658.1015955799032,
    "weights": {
        "alpha": 0.47,
        "beta": 0.53,
        "gamma": 0.0
    },
    "total_runtime_sec": 3.4741275310516357
}