{
    "n_trials": 30,
    "avg_iterations": 6.466666666666667,
    "median_iterations": 6.0,
    "avg_auc_delta": 7.157427460262808,
    "avg_geo_decay": 0.5991851771963017,
    "best_k": 7,
    "best_combined_score": 0.4932045533800453,
    "best_sse": 337.428959721618,
    "weights": {
        "alpha": 0.47,
        "beta": 0.53,
        "gamma": 0.0
    },
    "total_runtime_sec": 0.27147817611694336
}