{
    "n_trials": 30,
    "avg_iterations": 13.266666666666667,
    "median_iterations": 11.5,
    "avg_auc_delta": 8.606684420793679,
    "avg_geo_decay": 0.6023977640344158,
    "best_k": 38,
    "best_combined_score": 0.509318104125341,
    "best_sse": 2101.740684960996,
    "total_runtime_sec": 2.466306209564209
}