{
    "clean_state": "raw",
    "best_k": 38,
    "linkage": "single",
    "metric": "euclidean",
    "combined": 0.9441885824507432,
    "silhouette": 0.2830256532193634,
    "davies_bouldin": 0.622916534306046,
    "intra_dist_mean": 2.0396964042587618,
    "inter_dist_mean": 4.013630929899692,
    "ratio_intra_inter": 0.5081923176003702,
    "n_merge_steps": 2375,
    "total_runtime_sec": 146.70474100112915
}