{
    "clean_state": "raw",
    "best_k": 38,
    "linkage": "single",
    "metric": "euclidean",
    "combined": 0.9441885854965036,
    "silhouette": 0.2830256532244826,
    "davies_bouldin": 0.6229165319443699,
    "intra_dist_mean": 2.039696404255467,
    "inter_dist_mean": 4.013630929899692,
    "ratio_intra_inter": 0.5081923175995493,
    "n_merge_steps": 2375,
    "h_max": 2.817834926229537,
    "total_runtime_sec": 130.89854836463928
}