{
    "clean_state": "raw",
    "best_k": 5,
    "linkage": "single",
    "metric": "manhattan",
    "combined": 0.994488071967809,
    "silhouette": 0.18786759718542637,
    "davies_bouldin": 0.5552136220797674,
    "intra_dist_mean": 5.459832702483025,
    "inter_dist_mean": 10.527601567860284,
    "ratio_intra_inter": 0.5186207577565274,
    "n_merge_steps": 337,
    "total_runtime_sec": 7.258035659790039
}