{
    "n_trials": 31,
    "avg_iterations": 17.06451612903226,
    "median_iterations": 16.0,
    "avg_auc_delta": 12.57270714931183,
    "avg_geo_decay": 0.6684009413452304,
    "best_k": 13,
    "best_combined_score": 0.5027193720266723,
    "best_sse": 6492.2961677622025,
    "weights": {
        "alpha": 0.47,
        "beta": 0.53,
        "gamma": 0.0
    },
    "total_runtime_sec": 7.547436714172363
}