{
    "clean_state": "raw",
    "best_k": 15,
    "best_cov_type": "tied",
    "best_combined": 0.5529260869336136,
    "best_silhouette": 0.37727016496780547,
    "best_db": 1.1246235331625978,
    "best_sse": 3701.5742783431856,
    "weights": {
        "alpha": 0.47,
        "beta": 0.53,
        "gamma": 0.0
    },
    "n_iter_final": 1,
    "ll_curve_final": [
        -6.33865371774449,
        -5.066537195687903,
        -4.4245550740242505,
        -4.396354191771234,
        -4.307931402326693,
        -4.200818923902585,
        -4.192541353035913,
        -4.188902577442291,
        -4.185269033274672,
        -4.179297519074691,
        -4.16435355733392,
        -4.149232523780124,
        -4.14004201759361,
        -4.0711480671645575,
        -3.4533547091495183,
        -0.027776018702515965,
        -0.026563699626223288,
        -0.026084699197079387
    ],
    "total_runtime_sec": 32.56855654716492
}