{
    "clean_state": "raw",
    "best_k": 12,
    "best_cov_type": "tied",
    "best_combined": 0.3135703662168387,
    "best_silhouette": 0.07653321182130239,
    "best_db": 1.8161757015011697,
    "n_iter_final": 1,
    "ll_curve_final": [
        -21.603430290977258,
        -16.563688190969906,
        -16.4945405721848,
        -16.38575993437318,
        -16.298903687736846,
        -16.259914493213223,
        -16.243170945274898,
        -16.22057228355535,
        -16.2058696714113,
        -16.201966548473862,
        -16.20161478489629
    ],
    "total_runtime_sec": 2.6607186794281006
}