{
    "clean_state": "raw",
    "best_k": 8,
    "linkage": "single",
    "metric": "euclidean",
    "combined": 1.0918689949431133,
    "silhouette": 0.20883797992977293,
    "davies_bouldin": 0.5063547495865626,
    "intra_dist_mean": 3.1084987410841425,
    "inter_dist_mean": 5.319289372036282,
    "ratio_intra_inter": 0.584382334494728,
    "n_merge_steps": 887,
    "total_runtime_sec": 19.208678007125854
}