{
    "clean_state": "raw",
    "best_k": 8,
    "linkage": "single",
    "metric": "euclidean",
    "combined": 1.091868994943155,
    "silhouette": 0.20883797992985517,
    "davies_bouldin": 0.5063547495865622,
    "intra_dist_mean": 3.108498741083817,
    "inter_dist_mean": 5.319289372036282,
    "ratio_intra_inter": 0.5843823344946668,
    "n_merge_steps": 887,
    "h_max": 3.0927754652615165,
    "total_runtime_sec": 18.148096323013306
}