{
    "n_trials": 31,
    "avg_iterations": 13.064516129032258,
    "median_iterations": 12.0,
    "avg_auc_delta": 9.49612993314864,
    "avg_geo_decay": 0.6505525014218763,
    "best_k": 31,
    "best_combined_score": 0.542590472536701,
    "best_sse": 951.774935518556,
    "weights": {
        "alpha": 0.47,
        "beta": 0.53,
        "gamma": 0.0
    },
    "total_runtime_sec": 9.837007761001587
}