{
    "centroid_movements": [
        1.5958993437628824e-15
    ],
    "sse_list": [
        8294.017290587377,
        8294.017290587377
    ],
    "final_iteration": 2
}