{
    "n_trials": 30,
    "avg_iterations": 11.466666666666667,
    "median_iterations": 10.0,
    "avg_auc_delta": 15.525315128592714,
    "avg_geo_decay": 0.6311708887843263,
    "best_k": 31,
    "best_combined_score": 0.3418749647975924,
    "best_sse": 7744.910608009439,
    "total_runtime_sec": 1.7120516300201416
}