{
    "n_trials": 30,
    "avg_iterations": 3.7333333333333334,
    "median_iterations": 4.0,
    "avg_auc_delta": 5.835818687527734,
    "avg_geo_decay": 0.28633496151096083,
    "best_k": 6,
    "best_combined_score": 0.46230373001598457,
    "best_sse": 207.97395898886185,
    "total_runtime_sec": 0.09551692008972168
}