{
    "centroid_movements": [
        0.0
    ],
    "sse_list": [
        216.27484914139703,
        216.27484914139703
    ],
    "final_iteration": 2
}