{
    "n_trials": 31,
    "avg_iterations": 13.387096774193548,
    "median_iterations": 13.0,
    "avg_auc_delta": 13.056747128634425,
    "avg_geo_decay": 0.6470403064295276,
    "best_k": 7,
    "best_combined_score": 0.5447426590019919,
    "best_sse": 7871.937085201711,
    "weights": {
        "alpha": 0.47,
        "beta": 0.53,
        "gamma": 0.0
    },
    "total_runtime_sec": 85.23846888542175
}