{
    "clean_state": "raw",
    "best_k": 27,
    "best_cov_type": "tied",
    "best_combined": 0.5843404639393094,
    "best_silhouette": 0.39647988001237305,
    "best_db": 0.958886862204847,
    "best_sse": 1608.9852600488966,
    "weights": {
        "alpha": 0.47,
        "beta": 0.53,
        "gamma": 0.0
    },
    "n_iter_final": 1,
    "ll_curve_final": [
        -2.54667353443273,
        -2.485741795510942,
        -2.43955679139397,
        -2.276484908391623,
        -2.14859258883325,
        -2.1384965914695075,
        -2.1332381042730226,
        -2.082091158484773,
        -2.0339731111996326,
        -2.0333683212012392
    ],
    "total_runtime_sec": 21.95288610458374
}