{
    "clean_state": "raw",
    "best_k": 18,
    "best_cov_type": "full",
    "best_combined": 0.36684218332178997,
    "best_silhouette": 0.10956483149678464,
    "best_db": 1.6022571697980839,
    "n_iter_final": 1,
    "ll_curve_final": [
        12.593355953216623,
        12.856994195954295,
        12.987241804615168,
        13.037588420770243,
        13.048122768487636,
        13.048177552511435
    ],
    "total_runtime_sec": 9.885396480560303
}