{
    "centroid_movements": [
        0.0
    ],
    "sse_list": [
        419.42313026705136,
        419.42313026705136
    ],
    "final_iteration": 2
}