{
    "clean_state": "raw",
    "best_k": 14,
    "linkage": "single",
    "metric": "euclidean",
    "combined": 0.8147065177524773,
    "silhouette": 0.13855195893891914,
    "davies_bouldin": 0.670753308754524,
    "intra_dist_mean": 2.9218460664154713,
    "inter_dist_mean": 4.539874868367521,
    "ratio_intra_inter": 0.6435961675449184,
    "n_merge_steps": 865,
    "total_runtime_sec": 37.51353216171265
}