{
    "clean_state": "raw",
    "best_k": 5,
    "linkage": "single",
    "metric": "manhattan",
    "combined": 0.748194080099623,
    "silhouette": 0.4841560680688064,
    "davies_bouldin": 0.32678308411326434,
    "sse": 6295.782989233326,
    "weights": {
        "alpha": 0.47,
        "beta": 0.53,
        "gamma": 0.0
    },
    "intra_dist_mean": 3.4446273356979535,
    "inter_dist_mean": 10.674855612688198,
    "ratio_intra_inter": 0.32268608219893163,
    "n_merge_steps": 898,
    "h_max": 11.815317974139852,
    "total_runtime_sec": 64.04788208007812
}