{
    "clean_state": "raw",
    "best_k": 5,
    "linkage": "single",
    "metric": "manhattan",
    "combined": 2.0411860566572138,
    "silhouette": 0.6179059693753233,
    "davies_bouldin": 0.28864476039099,
    "intra_dist_mean": 2.7554121331229986,
    "inter_dist_mean": 9.895862955321729,
    "ratio_intra_inter": 0.27844081365748236,
    "n_merge_steps": 152,
    "total_runtime_sec": 2.600991725921631
}