{
    "clean_state": "raw",
    "best_k": 5,
    "linkage": "single",
    "metric": "manhattan",
    "combined": 0.7929755699906718,
    "silhouette": 0.5497634850516929,
    "davies_bouldin": 0.23495987213570185,
    "sse": 643.4117240223092,
    "weights": {
        "alpha": 0.47,
        "beta": 0.53,
        "gamma": 0.0
    },
    "intra_dist_mean": 2.618720461132502,
    "inter_dist_mean": 10.819998256486103,
    "ratio_intra_inter": 0.24202595962180073,
    "n_merge_steps": 135,
    "h_max": 15.228267480897468,
    "total_runtime_sec": 7.774249315261841
}