{
    "clean_state": "raw",
    "best_k": 7,
    "linkage": "single",
    "metric": "euclidean",
    "combined": 1.922277505271431,
    "silhouette": 0.6166910354822166,
    "davies_bouldin": 0.30980239803358256,
    "intra_dist_mean": 2.4460790181041667,
    "inter_dist_mean": 8.653430756641647,
    "ratio_intra_inter": 0.2826715885172455,
    "n_merge_steps": 152,
    "h_max": 8.80417719673506,
    "total_runtime_sec": 0.8523263931274414
}