{
    "n_trials": 31,
    "avg_iterations": 6.774193548387097,
    "median_iterations": 7.0,
    "avg_auc_delta": 5.577579532507507,
    "avg_geo_decay": 0.8927564639247183,
    "best_k": 10,
    "best_combined_score": 0.5493035649796598,
    "best_sse": 1142.9645965154905,
    "weights": {
        "alpha": 0.47,
        "beta": 0.53,
        "gamma": 0.0
    },
    "total_runtime_sec": 1.3952827453613281
}