{
    "n_trials": 31,
    "avg_iterations": 3.3225806451612905,
    "median_iterations": 3.0,
    "avg_auc_delta": 0.8324796597620098,
    "avg_geo_decay": 0.15577728471360677,
    "best_k": 39,
    "best_combined_score": 0.6621438389542487,
    "best_sse": 1962.1431578129616,
    "weights": {
        "alpha": 0.47,
        "beta": 0.53,
        "gamma": 0.0
    },
    "total_runtime_sec": 22.244441270828247
}