{
    "core_count": 82,
    "border_count": 50,
    "noise_count": 868,
    "noise_ratio": 0.868,
    "neighbor_hist": [
        0,
        630,
        126,
        63,
        52,
        21,
        26,
        11,
        14,
        7,
        10,
        10,
        5,
        7,
        4,
        6,
        1,
        0,
        3,
        1,
        3
    ],
    "combined_score": 0.3459617977352407,
    "silhouette": -0.21124062336275967,
    "davies_bouldin": 2.2051841659971445,
    "sse": 191.6306213350604,
    "weights": {
        "alpha": 0.47,
        "beta": 0.53,
        "gamma": 0.0
    }
}