{
    "n_trials": 31,
    "avg_iterations": 6.290322580645161,
    "median_iterations": 6.0,
    "avg_auc_delta": 7.430073841205169,
    "avg_geo_decay": 0.3636955242165722,
    "best_k": 13,
    "best_combined_score": 0.5692491192775071,
    "best_sse": 1341.8482257079477,
    "weights": {
        "alpha": 0.47,
        "beta": 0.53,
        "gamma": 0.0
    },
    "total_runtime_sec": 2.4712891578674316
}