{
    "n_trials": 31,
    "avg_iterations": 4.387096774193548,
    "median_iterations": 4.0,
    "avg_auc_delta": 4.647190338064971,
    "avg_geo_decay": 0.3200716834262316,
    "best_k": 9,
    "best_combined_score": 0.5243503618997253,
    "best_sse": 640.4427908234404,
    "weights": {
        "alpha": 0.47,
        "beta": 0.53,
        "gamma": 0.0
    },
    "total_runtime_sec": 0.49338746070861816
}