{
    "n_trials": 31,
    "avg_iterations": 14.258064516129032,
    "median_iterations": 15.0,
    "avg_auc_delta": 23.479160611141438,
    "avg_geo_decay": 0.6698235466716365,
    "best_k": 30,
    "best_combined_score": 0.3200217455027515,
    "best_sse": 7859.127406814792,
    "total_runtime_sec": 8.395802736282349
}