{
    "centroid_movements": [
        1.5740878335736165e-15
    ],
    "sse_list": [
        8432.052221961938,
        8432.052221961938
    ],
    "final_iteration": 2
}