{
    "n_trials": 31,
    "avg_iterations": 3.6129032258064515,
    "median_iterations": 4.0,
    "avg_auc_delta": 6.694359240287533,
    "avg_geo_decay": 0.48209241585691226,
    "best_k": 11,
    "best_combined_score": 0.5140858885305855,
    "best_sse": 512.1248723556519,
    "weights": {
        "alpha": 0.47,
        "beta": 0.53,
        "gamma": 0.0
    },
    "total_runtime_sec": 0.33580923080444336
}