{
    "core_count": 800,
    "border_count": 17,
    "noise_count": 43,
    "noise_ratio": 0.05,
    "neighbor_hist": [
        0,
        1,
        3,
        2,
        9,
        5,
        9,
        7,
        10,
        5,
        9,
        10,
        19,
        4,
        1,
        6,
        8,
        2,
        5,
        5,
        0,
        4,
        4,
        3,
        6,
        7,
        1,
        3,
        7,
        6,
        2,
        6,
        2,
        1,
        3,
        4,
        10,
        4,
        5,
        2,
        2,
        3,
        7,
        6,
        4,
        1,
        5,
        5,
        1,
        626
    ],
    "combined_score": 0.5506435724493127,
    "silhouette": 0.3895342955878962,
    "davies_bouldin": 1.150134246293437,
    "sse": 3926.6290001466127,
    "weights": {
        "alpha": 0.47,
        "beta": 0.53,
        "gamma": 0.0
    }
}