{
    "clean_state": "raw",
    "best_k": 10,
    "best_cov_type": "tied",
    "best_combined": 0.6091631802986536,
    "best_silhouette": 0.2815421043470318,
    "best_db": 1.067481646203964,
    "n_iter_final": 1,
    "ll_curve_final": [
        -8.718166810623034,
        -8.654714808890187,
        -8.639631517788237,
        -8.632855947078342,
        -8.626738941088728,
        -8.62494079577168,
        -8.624193693102642
    ],
    "total_runtime_sec": 4.542414903640747
}