{
    "clean_state": "raw",
    "best_k": 12,
    "best_cov_type": "full",
    "best_combined": 0.4203829116671599,
    "best_silhouette": 0.09648743741355723,
    "best_db": 1.870756025302036,
    "best_sse": 1610.121725276003,
    "weights": {
        "alpha": 0.47,
        "beta": 0.53,
        "gamma": 0.0
    },
    "n_iter_final": 1,
    "ll_curve_final": [
        18.69672058525012,
        18.69672058525012
    ],
    "total_runtime_sec": 7.380521059036255
}