{
    "n_trials": 31,
    "avg_iterations": 14.096774193548388,
    "median_iterations": 13.0,
    "avg_auc_delta": 13.030229880138046,
    "avg_geo_decay": 0.6421996459517033,
    "best_k": 28,
    "best_combined_score": 0.52829558583666,
    "best_sse": 3484.398100868373,
    "weights": {
        "alpha": 0.47,
        "beta": 0.53,
        "gamma": 0.0
    },
    "total_runtime_sec": 147.77516293525696
}