{
    "clean_state": "raw",
    "best_k": 8,
    "linkage": "single",
    "metric": "euclidean",
    "combined": 1.245442863428113,
    "silhouette": 0.44516601350623425,
    "davies_bouldin": 0.48882551870336066,
    "intra_dist_mean": 2.7445420965928085,
    "inter_dist_mean": 6.112902020081392,
    "ratio_intra_inter": 0.44897531280172825,
    "n_merge_steps": 2131,
    "h_max": 6.257169441511097,
    "total_runtime_sec": 104.58461880683899
}