{
    "clean_state": "raw",
    "best_k": 10,
    "linkage": "single",
    "metric": "manhattan",
    "combined": 0.7378053047263424,
    "silhouette": 0.42974799916505235,
    "davies_bouldin": 0.31681622539044463,
    "sse": 9613.547112577377,
    "weights": {
        "alpha": 0.47,
        "beta": 0.53,
        "gamma": 0.0
    },
    "intra_dist_mean": 3.32895881763921,
    "inter_dist_mean": 9.632011513553143,
    "ratio_intra_inter": 0.34561408205904937,
    "n_merge_steps": 1401,
    "h_max": 10.448203592796823,
    "total_runtime_sec": 42.15698599815369
}