{
    "n_trials": 31,
    "avg_iterations": 7.451612903225806,
    "median_iterations": 7.0,
    "avg_auc_delta": 6.275889645353764,
    "avg_geo_decay": 0.6205347696259481,
    "best_k": 10,
    "best_combined_score": 0.5570091875540406,
    "best_sse": 1259.6103681047105,
    "weights": {
        "alpha": 0.47,
        "beta": 0.53,
        "gamma": 0.0
    },
    "total_runtime_sec": 5.405451536178589
}