{
    "n_trials": 31,
    "avg_iterations": 6.064516129032258,
    "median_iterations": 6.0,
    "avg_auc_delta": 5.483350292492105,
    "avg_geo_decay": 0.45330823936762743,
    "best_k": 13,
    "best_combined_score": 0.5331176432948813,
    "best_sse": 777.6108414514792,
    "weights": {
        "alpha": 0.47,
        "beta": 0.53,
        "gamma": 0.0
    },
    "total_runtime_sec": 2.59818959236145
}