{
    "core_count": 2341,
    "border_count": 0,
    "noise_count": 35,
    "noise_ratio": 0.014730639730639731,
    "neighbor_hist": [
        0,
        2,
        12,
        9,
        12,
        15,
        18,
        21,
        24,
        18,
        10,
        11,
        0,
        13,
        0,
        0,
        0,
        0,
        0,
        0,
        0,
        0,
        1,
        25,
        21,
        25,
        26,
        27,
        4,
        54,
        0,
        0,
        0,
        33,
        0,
        35,
        0,
        37,
        38,
        0,
        40,
        41,
        0,
        43,
        0,
        0,
        46,
        0,
        0,
        1715
    ],
    "combined_score": 0.6527806808773239,
    "silhouette": 0.8683833018352574,
    "davies_bouldin": 0.9411308001388715,
    "sse": 116.18535399916315,
    "weights": {
        "alpha": 0.47,
        "beta": 0.53,
        "gamma": 0.0
    }
}