{
    "n_trials": 31,
    "avg_iterations": 11.193548387096774,
    "median_iterations": 10.0,
    "avg_auc_delta": 11.061332472330305,
    "avg_geo_decay": 0.6303226813606613,
    "best_k": 19,
    "best_combined_score": 0.549978927238314,
    "best_sse": 639.755041364893,
    "total_runtime_sec": 5.642029523849487
}