{
    "n_trials": 30,
    "avg_iterations": 10.366666666666667,
    "median_iterations": 10.5,
    "avg_auc_delta": 6.576136435370964,
    "avg_geo_decay": 0.5779263788863435,
    "best_k": 19,
    "best_combined_score": 0.5570437030038121,
    "best_sse": 632.8531895430955,
    "total_runtime_sec": 0.3172450065612793
}