{
    "n_trials": 31,
    "avg_iterations": 11.129032258064516,
    "median_iterations": 11.0,
    "avg_auc_delta": 18.769599940344456,
    "avg_geo_decay": 0.6502207628351825,
    "best_k": 18,
    "best_combined_score": 0.4211317400850076,
    "best_sse": 3994.0319950208877,
    "weights": {
        "alpha": 0.47,
        "beta": 0.53,
        "gamma": 0.0
    },
    "total_runtime_sec": 19.7930691242218
}