{
    "core_count": 893,
    "border_count": 21,
    "noise_count": 86,
    "noise_ratio": 0.086,
    "neighbor_hist": [
        0,
        52,
        11,
        22,
        22,
        13,
        9,
        10,
        27,
        5,
        7,
        11,
        7,
        24,
        20,
        6,
        16,
        7,
        23,
        4,
        4,
        2,
        1,
        0,
        3,
        18,
        12,
        2,
        4,
        2,
        4,
        4,
        7,
        9,
        6,
        10,
        5,
        4,
        5,
        1,
        2,
        0,
        9,
        9,
        15,
        10,
        55,
        10,
        5,
        486
    ],
    "combined_score": 0.5329577536525452,
    "silhouette": 0.7080716876534389,
    "davies_bouldin": 1.501873845208012,
    "sse": 107.2810149946293,
    "weights": {
        "alpha": 0.47,
        "beta": 0.53,
        "gamma": 0.0
    }
}