{
    "n_trials": 31,
    "avg_iterations": 4.612903225806452,
    "median_iterations": 4.0,
    "avg_auc_delta": 5.620105687818813,
    "avg_geo_decay": 0.25204196603944223,
    "best_k": 12,
    "best_combined_score": 0.5261197969036961,
    "best_sse": 2802.739997204168,
    "weights": {
        "alpha": 0.47,
        "beta": 0.53,
        "gamma": 0.0
    },
    "total_runtime_sec": 3.3351268768310547
}