{
    "n_trials": 30,
    "avg_iterations": 13.366666666666667,
    "median_iterations": 14.0,
    "avg_auc_delta": 6.552043901438281,
    "avg_geo_decay": 0.6482578210371838,
    "best_k": 27,
    "best_combined_score": 0.5479889166376176,
    "best_sse": 887.4809945884691,
    "weights": {
        "alpha": 0.47,
        "beta": 0.53,
        "gamma": 0.0
    },
    "total_runtime_sec": 7.039918422698975
}