{
    "n_trials": 30,
    "avg_iterations": 5.966666666666667,
    "median_iterations": 5.0,
    "avg_auc_delta": 7.734732692741924,
    "avg_geo_decay": 0.41106132088126895,
    "best_k": 19,
    "best_combined_score": 0.6134990430047123,
    "best_sse": 1023.9239654996396,
    "total_runtime_sec": 0.3149266242980957
}