{
    "n_trials": 31,
    "avg_iterations": 10.612903225806452,
    "median_iterations": 9.0,
    "avg_auc_delta": 10.961597893776977,
    "avg_geo_decay": 0.5957551916281019,
    "best_k": 19,
    "best_combined_score": 0.5344350836220985,
    "best_sse": 1117.758829570646,
    "total_runtime_sec": 3.7140395641326904
}