{
    "centroid_movements": [
        1.0964602557138067e-15
    ],
    "sse_list": [
        1131.4843260621892,
        1131.4843260621892
    ],
    "final_iteration": 2
}