{
    "n_trials": 30,
    "avg_iterations": 9.666666666666666,
    "median_iterations": 8.0,
    "avg_auc_delta": 6.294644393850185,
    "avg_geo_decay": 0.5073265660619812,
    "best_k": 48,
    "best_combined_score": 0.8574651120558229,
    "best_sse": 959.5768302149012,
    "total_runtime_sec": 3.957087755203247
}