{
    "n_trials": 31,
    "avg_iterations": 11.903225806451612,
    "median_iterations": 11.0,
    "avg_auc_delta": 7.703724098290747,
    "avg_geo_decay": 0.5949130384165633,
    "best_k": 48,
    "best_combined_score": 0.7937077350943487,
    "best_sse": 1187.2985670270716,
    "total_runtime_sec": 15.849117994308472
}