{
    "n_trials": 30,
    "avg_iterations": 12.966666666666667,
    "median_iterations": 13.0,
    "avg_auc_delta": 5.5403705450928635,
    "avg_geo_decay": 0.60417239526233,
    "best_k": 8,
    "best_combined_score": 0.5770134218032863,
    "best_sse": 3674.9839825582876,
    "weights": {
        "alpha": 0.47,
        "beta": 0.53,
        "gamma": 0.0
    },
    "total_runtime_sec": 13.317854166030884
}