{
    "n_trials": 31,
    "avg_iterations": 11.258064516129032,
    "median_iterations": 10.0,
    "avg_auc_delta": 10.849468010212467,
    "avg_geo_decay": 0.6372566254914901,
    "best_k": 19,
    "best_combined_score": 0.5194908901037727,
    "best_sse": 854.7898535068877,
    "total_runtime_sec": 6.419562816619873
}