{
    "n_trials": 30,
    "avg_iterations": 9.333333333333334,
    "median_iterations": 9.0,
    "avg_auc_delta": 7.530017647107368,
    "avg_geo_decay": 0.5767188963989407,
    "best_k": 19,
    "best_combined_score": 0.5133773653439705,
    "best_sse": 808.0399050121632,
    "total_runtime_sec": 0.3074824810028076
}