{
    "n_trials": 31,
    "avg_iterations": 15.096774193548388,
    "median_iterations": 15.0,
    "avg_auc_delta": 12.81960334306015,
    "avg_geo_decay": 0.6542080243281918,
    "best_k": 33,
    "best_combined_score": 0.5368490909911872,
    "best_sse": 1496.2123140101478,
    "weights": {
        "alpha": 0.47,
        "beta": 0.53,
        "gamma": 0.0
    },
    "total_runtime_sec": 24.029740571975708
}