{
    "n_trials": 31,
    "avg_iterations": 13.35483870967742,
    "median_iterations": 13.0,
    "avg_auc_delta": 10.407274486029527,
    "avg_geo_decay": 0.6243804512033961,
    "best_k": 24,
    "best_combined_score": 0.5429062767726227,
    "best_sse": 1048.440394701711,
    "weights": {
        "alpha": 0.47,
        "beta": 0.53,
        "gamma": 0.0
    },
    "total_runtime_sec": 4.921005725860596
}