{
    "clean_state": "raw",
    "best_k": 39,
    "best_cov_type": "tied",
    "best_combined": 0.6072191426674789,
    "best_silhouette": 0.3282256018985039,
    "best_db": 1.128397300885285,
    "n_iter_final": 1,
    "ll_curve_final": [
        -2.7233988996446867,
        0.5073339577480727,
        0.9921195390076087,
        1.0061270984481852,
        1.0195004332257644,
        1.0375611290357765,
        1.0605157714326532,
        1.0794014518662132,
        1.0909400370444,
        1.0981075340530937,
        1.105432240040448,
        1.1107876731609165,
        1.112151772736712,
        1.1131182176796561
    ],
    "total_runtime_sec": 22.328696250915527
}