{
    "n_trials": 30,
    "avg_iterations": 4.2,
    "median_iterations": 4.0,
    "avg_auc_delta": 4.659479555777627,
    "avg_geo_decay": 0.4280376559431093,
    "best_k": 11,
    "best_combined_score": 0.6966220895483688,
    "best_sse": 170.86403932675293,
    "weights": {
        "alpha": 0.47,
        "beta": 0.53,
        "gamma": 0.0
    },
    "total_runtime_sec": 0.39289093017578125
}