{
    "n_trials": 30,
    "avg_iterations": 3.566666666666667,
    "median_iterations": 3.0,
    "avg_auc_delta": 4.633894600848516,
    "avg_geo_decay": 0.22198828071734278,
    "best_k": 20,
    "best_combined_score": 1.1872210775017642,
    "best_sse": 257.3255163777088,
    "total_runtime_sec": 0.2682030200958252
}