{
    "n_trials": 31,
    "avg_iterations": 5.193548387096774,
    "median_iterations": 5.0,
    "avg_auc_delta": 7.7098867964324205,
    "avg_geo_decay": 0.41131730789819787,
    "best_k": 20,
    "best_combined_score": 1.0413205857161503,
    "best_sse": 304.56218245353955,
    "total_runtime_sec": 3.6741366386413574
}