{
    "clean_state": "raw",
    "best_k": 12,
    "linkage": "single",
    "metric": "manhattan",
    "combined": 2.7180966180188246,
    "silhouette": 0.5916053161243381,
    "davies_bouldin": 0.20641590503282556,
    "intra_dist_mean": 2.5038797337428984,
    "inter_dist_mean": 10.78439311614636,
    "ratio_intra_inter": 0.23217622974016638,
    "n_merge_steps": 397,
    "h_max": 19.976368959140608,
    "total_runtime_sec": 2.160188913345337
}