{
    "clean_state": "raw",
    "best_k": 5,
    "linkage": "single",
    "metric": "manhattan",
    "combined": 2.419836547469428,
    "silhouette": 0.591726063324768,
    "davies_bouldin": 0.23540783172619525,
    "intra_dist_mean": 3.254278997247651,
    "inter_dist_mean": 12.662990621105827,
    "ratio_intra_inter": 0.2569913454585822,
    "n_merge_steps": 2335,
    "h_max": 43.741472661187196,
    "total_runtime_sec": 120.09201765060425
}