{
    "clean_state": "raw",
    "best_k": 5,
    "linkage": "single",
    "metric": "manhattan",
    "combined": 2.4198365197312293,
    "silhouette": 0.5917260633247519,
    "davies_bouldin": 0.23540783480052146,
    "intra_dist_mean": 3.254278997247784,
    "inter_dist_mean": 12.662990621105827,
    "ratio_intra_inter": 0.2569913454585927,
    "n_merge_steps": 2335,
    "total_runtime_sec": 128.12950015068054
}