{
    "n_trials": 30,
    "avg_iterations": 3.3,
    "median_iterations": 3.0,
    "avg_auc_delta": 3.804501914352953,
    "avg_geo_decay": 0.15385157404010355,
    "best_k": 10,
    "best_combined_score": 1.0448586858588267,
    "best_sse": 128.52330944344317,
    "total_runtime_sec": 0.13210558891296387
}