{
    "n_trials": 31,
    "avg_iterations": 4.0,
    "median_iterations": 3.0,
    "avg_auc_delta": 4.8798215272946495,
    "avg_geo_decay": 0.38069364914304427,
    "best_k": 10,
    "best_combined_score": 0.9802503026252556,
    "best_sse": 184.48544035420753,
    "total_runtime_sec": 2.51881742477417
}