{
    "n_trials": 31,
    "avg_iterations": 4.935483870967742,
    "median_iterations": 5.0,
    "avg_auc_delta": 4.476886031009284,
    "avg_geo_decay": 0.2906665785080471,
    "best_k": 23,
    "best_combined_score": 0.4484884573764824,
    "best_sse": 8844.355575194159,
    "weights": {
        "alpha": 0.47,
        "beta": 0.53,
        "gamma": 0.0
    },
    "total_runtime_sec": 3.6542956829071045
}