{
    "core_count": 378,
    "border_count": 73,
    "noise_count": 286,
    "noise_ratio": 0.3880597014925373,
    "neighbor_hist": [
        0,
        104,
        75,
        47,
        36,
        18,
        17,
        29,
        9,
        24,
        18,
        20,
        21,
        9,
        11,
        8,
        11,
        10,
        3,
        3,
        13,
        11,
        6,
        3,
        1,
        3,
        2,
        5,
        8,
        4,
        4,
        7,
        4,
        8,
        9,
        4,
        3,
        3,
        5,
        7,
        2,
        2,
        5,
        2,
        5,
        5,
        1,
        3,
        11,
        118
    ],
    "combined_score": 0.38074847185910077,
    "silhouette": 0.02775669630156229,
    "davies_bouldin": 2.229797091883418,
    "sse": 1318.5151669565116,
    "weights": {
        "alpha": 0.47,
        "beta": 0.53,
        "gamma": 0.0
    }
}