{
    "clean_state": "raw",
    "best_k": 6,
    "linkage": "single",
    "metric": "manhattan",
    "combined": 1.1400983197402625,
    "silhouette": 0.20322928571252893,
    "davies_bouldin": 0.481471217246539,
    "intra_dist_mean": 3.1731971194973796,
    "inter_dist_mean": 5.516942529795819,
    "ratio_intra_inter": 0.5751731330096426,
    "n_merge_steps": 1725,
    "total_runtime_sec": 82.53225350379944
}