{
    "clean_state": "raw",
    "best_k": 5,
    "linkage": "single",
    "metric": "manhattan",
    "combined": 1.2739300722687952,
    "silhouette": 0.3236980367558084,
    "davies_bouldin": 0.4496075157926899,
    "intra_dist_mean": 5.759646970686354,
    "inter_dist_mean": 10.344682427867882,
    "ratio_intra_inter": 0.5567736864661686,
    "n_merge_steps": 999,
    "h_max": 15.271325198948688,
    "total_runtime_sec": 18.431564569473267
}