{
    "clean_state": "raw",
    "best_k": 9,
    "best_cov_type": "tied",
    "best_combined": 0.5647647080334858,
    "best_silhouette": 0.2918743533113819,
    "best_db": 0.9679697039238054,
    "best_sse": 6969.009128626161,
    "weights": {
        "alpha": 0.47,
        "beta": 0.53,
        "gamma": 0.0
    },
    "n_iter_final": 1,
    "ll_curve_final": [
        -8.679985993895263,
        -8.615875323355546,
        -8.595590864212767,
        -8.585734429977043,
        -8.580940502675025,
        -8.578920640986407,
        -8.57795261991551
    ],
    "total_runtime_sec": 54.67422437667847
}