{
    "clean_state": "raw",
    "best_k": 27,
    "best_cov_type": "tied",
    "best_combined": 0.7194668759470879,
    "best_silhouette": 0.36331690980601616,
    "best_db": 0.9296990906712097,
    "n_iter_final": 1,
    "ll_curve_final": [
        -4.654043920979425,
        -4.504464249754855,
        -4.397164640814198,
        -4.298010013678553,
        -4.260359510658189,
        -4.250389063865216,
        -4.248577705158804,
        -4.247347431223221,
        -4.245584880040847,
        -4.243665721269348,
        -4.2428420818881865
    ],
    "total_runtime_sec": 57.611310958862305
}