{
    "n_trials": 20,
    "avg_iterations": 9.85,
    "median_iterations": 10.5,
    "avg_auc_delta": 8.269585641111847,
    "avg_geo_decay": 0.5563160648252096,
    "best_k": 9,
    "best_combined_score": 0.5490901003310624,
    "best_sse": 3206.5931303209945,
    "weights": {
        "alpha": 0.47,
        "beta": 0.53,
        "gamma": 0.0
    },
    "total_runtime_sec": 1.375387191772461
}