{
    "n_trials": 30,
    "avg_iterations": 12.466666666666667,
    "median_iterations": 12.0,
    "avg_auc_delta": 8.792762261390067,
    "avg_geo_decay": 0.6345936444906238,
    "best_k": 28,
    "best_combined_score": 0.5580775773332778,
    "best_sse": 1081.6866661612767,
    "total_runtime_sec": 0.8467707633972168
}