{
    "n_trials": 31,
    "avg_iterations": 13.419354838709678,
    "median_iterations": 12.0,
    "avg_auc_delta": 12.37235087576698,
    "avg_geo_decay": 0.655967033000022,
    "best_k": 28,
    "best_combined_score": 0.5588347023093498,
    "best_sse": 1078.255584265733,
    "total_runtime_sec": 4.9271345138549805
}