{
    "n_trials": 31,
    "avg_iterations": 6.612903225806452,
    "median_iterations": 7.0,
    "avg_auc_delta": 6.812827497551394,
    "avg_geo_decay": 0.3676279794580746,
    "best_k": 9,
    "best_combined_score": 0.5800465148450414,
    "best_sse": 1730.3784974240846,
    "weights": {
        "alpha": 0.47,
        "beta": 0.53,
        "gamma": 0.0
    },
    "total_runtime_sec": 4.218866348266602
}