{
    "n_trials": 31,
    "avg_iterations": 4.741935483870968,
    "median_iterations": 5.0,
    "avg_auc_delta": 1.5070610742799797,
    "avg_geo_decay": 0.07504183821968954,
    "best_k": 27,
    "best_combined_score": 0.6457173002296717,
    "best_sse": 2016.380909074234,
    "weights": {
        "alpha": 0.47,
        "beta": 0.53,
        "gamma": 0.0
    },
    "total_runtime_sec": 39.47948932647705
}