{
    "n_trials": 31,
    "avg_iterations": 12.03225806451613,
    "median_iterations": 10.0,
    "avg_auc_delta": 10.936635111738612,
    "avg_geo_decay": 0.4995080380420201,
    "best_k": 9,
    "best_combined_score": 0.6051462856399668,
    "best_sse": 6213.788025388138,
    "weights": {
        "alpha": 0.47,
        "beta": 0.53,
        "gamma": 0.0
    },
    "total_runtime_sec": 8.129192352294922
}