{
    "clean_state": "raw",
    "best_k": 5,
    "linkage": "single",
    "metric": "manhattan",
    "combined": 1.8220110043381166,
    "silhouette": 0.576746493827753,
    "davies_bouldin": 0.32602222889957727,
    "intra_dist_mean": 5.201418330880283,
    "inter_dist_mean": 13.168488522725724,
    "ratio_intra_inter": 0.39498977592633044,
    "n_merge_steps": 999,
    "h_max": 19.46579706116708,
    "total_runtime_sec": 20.234392166137695
}