{
    "clean_state": "raw",
    "best_k": 5,
    "linkage": "single",
    "metric": "manhattan",
    "combined": 1.8220110043381144,
    "silhouette": 0.576746493827731,
    "davies_bouldin": 0.32602222889957544,
    "intra_dist_mean": 5.201418330880578,
    "inter_dist_mean": 13.168488522725724,
    "ratio_intra_inter": 0.39498977592635287,
    "n_merge_steps": 999,
    "total_runtime_sec": 30.00405526161194
}