{
    "clean_state": "raw",
    "best_k": 19,
    "best_cov_type": "spherical",
    "best_combined": 0.4706237062240219,
    "best_silhouette": 0.17602341834823132,
    "best_db": 1.306806905834639,
    "n_iter_final": 1,
    "ll_curve_final": [
        -17.777724817880056,
        -17.58357483857597,
        -17.523582620052153,
        -17.480256857473194,
        -17.4201281346677,
        -17.392719888341446,
        -17.38956796622333,
        -17.386570731943003,
        -17.383209629177728,
        -17.38226375372644
    ],
    "total_runtime_sec": 4.628256797790527
}