{
    "clean_state": "raw",
    "best_k": 8,
    "best_cov_type": "spherical",
    "best_combined": 0.622642485789819,
    "best_silhouette": 0.3575674856064063,
    "best_db": 0.7238550081503166,
    "best_sse": 1796.091443742045,
    "weights": {
        "alpha": 0.47,
        "beta": 0.53,
        "gamma": 0.0
    },
    "n_iter_final": 1,
    "ll_curve_final": [
        -4.612984512604471,
        -4.608825866294042,
        -4.60731569552099,
        -4.6063510468785855
    ],
    "total_runtime_sec": 13.647532939910889
}