{
    "clean_state": "raw",
    "best_k": 5,
    "linkage": "single",
    "metric": "euclidean",
    "combined": 0.6510682354964696,
    "silhouette": 0.2679215129015682,
    "davies_bouldin": 0.49918209068684727,
    "sse": 7077.687141346568,
    "weights": {
        "alpha": 0.47,
        "beta": 0.53,
        "gamma": 0.0
    },
    "intra_dist_mean": 5.624254502640817,
    "inter_dist_mean": 9.102694883545805,
    "ratio_intra_inter": 0.6178669695725716,
    "n_merge_steps": 407,
    "h_max": 7.024575413379056,
    "total_runtime_sec": 5.0450119972229
}