{
    "core_count": 948,
    "border_count": 4,
    "noise_count": 48,
    "noise_ratio": 0.048,
    "neighbor_hist": [
        0,
        9,
        13,
        13,
        7,
        10,
        20,
        5,
        18,
        27,
        11,
        17,
        19,
        9,
        7,
        9,
        4,
        34,
        16,
        18,
        13,
        16,
        14,
        16,
        1,
        12,
        10,
        12,
        10,
        6,
        9,
        9,
        4,
        2,
        7,
        5,
        3,
        3,
        7,
        3,
        7,
        8,
        3,
        5,
        21,
        3,
        7,
        6,
        6,
        506
    ],
    "combined_score": 0.4578165585602245,
    "silhouette": 0.24215996750290908,
    "davies_bouldin": 1.6934615938185587,
    "sse": 2782.0992471429167,
    "weights": {
        "alpha": 0.47,
        "beta": 0.53,
        "gamma": 0.0
    }
}