{
    "clean_state": "raw",
    "best_k": 42,
    "best_cov_type": "tied",
    "best_combined": 0.5651015869807602,
    "best_silhouette": 0.3236140879308941,
    "best_db": 0.9988991410398329,
    "best_sse": 1345.5289916693098,
    "weights": {
        "alpha": 0.47,
        "beta": 0.53,
        "gamma": 0.0
    },
    "n_iter_final": 1,
    "ll_curve_final": [
        -4.9600527218542485,
        -4.861153299630637,
        -4.815525290115087,
        -4.803764771804613,
        -4.800320322742784,
        -4.7965827530056035,
        -4.792845923561288,
        -4.789363393606551,
        -4.781479788984997,
        -4.7586778886883145,
        -4.755315898850376,
        -4.75214757528075,
        -4.750216324890806,
        -4.749714851201496
    ],
    "total_runtime_sec": 32.82256269454956
}