{
    "core_count": 134,
    "border_count": 7,
    "noise_count": 10,
    "noise_ratio": 0.06622516556291391,
    "neighbor_hist": [
        0,
        5,
        3,
        4,
        5,
        4,
        0,
        2,
        1,
        2,
        0,
        0,
        1,
        2,
        8,
        2,
        0,
        4,
        3,
        8,
        2,
        0,
        2,
        0,
        0,
        0,
        0,
        0,
        0,
        0,
        0,
        0,
        0,
        0,
        0,
        0,
        0,
        0,
        0,
        0,
        0,
        0,
        0,
        0,
        0,
        0,
        0,
        1,
        0,
        92
    ],
    "combined_score": 0.53687235053057,
    "silhouette": 0.543366621101271,
    "davies_bouldin": 1.365249095589314,
    "sse": 257.32370145903786,
    "weights": {
        "alpha": 0.47,
        "beta": 0.53,
        "gamma": 0.0
    }
}