{
    "clean_state": "raw",
    "best_k": 5,
    "linkage": "average",
    "metric": "euclidean",
    "combined": 1.3372555360192426,
    "silhouette": 0.5101733555566114,
    "davies_bouldin": 0.4620351031102012,
    "intra_dist_mean": 3.682735471559878,
    "inter_dist_mean": 11.553452361605244,
    "ratio_intra_inter": 0.3187562778895535,
    "n_merge_steps": 999,
    "total_runtime_sec": 24.295442581176758
}