{
    "n_trials": 31,
    "avg_iterations": 4.354838709677419,
    "median_iterations": 4.0,
    "avg_auc_delta": 8.31993387373857,
    "avg_geo_decay": 0.25893689611615767,
    "best_k": 26,
    "best_combined_score": 0.5276390360145988,
    "best_sse": 1981.0565793638355,
    "weights": {
        "alpha": 0.47,
        "beta": 0.53,
        "gamma": 0.0
    },
    "total_runtime_sec": 3.7170350551605225
}