{
    "core_count": 95,
    "border_count": 6,
    "noise_count": 31,
    "noise_ratio": 0.23484848484848486,
    "neighbor_hist": [
        0,
        19,
        13,
        2,
        3,
        1,
        7,
        0,
        0,
        4,
        1,
        0,
        0,
        1,
        1,
        3,
        0,
        0,
        18,
        0,
        0,
        0,
        0,
        0,
        0,
        0,
        0,
        0,
        0,
        0,
        0,
        0,
        0,
        0,
        0,
        0,
        0,
        0,
        0,
        0,
        0,
        0,
        0,
        0,
        0,
        0,
        0,
        0,
        0,
        59
    ],
    "combined_score": 0.47263051115327986,
    "silhouette": 0.42880256825800506,
    "davies_bouldin": 1.7508002707133756,
    "sse": 64.28349420306363,
    "weights": {
        "alpha": 0.47,
        "beta": 0.53,
        "gamma": 0.0
    }
}