{
    "clean_state": "raw",
    "best_k": 24,
    "linkage": "single",
    "metric": "manhattan",
    "combined": 0.9948431182680233,
    "silhouette": 0.13912819058999865,
    "davies_bouldin": 0.5403775375707153,
    "intra_dist_mean": 2.94579872958505,
    "inter_dist_mean": 4.796810748292509,
    "ratio_intra_inter": 0.6141161042538594,
    "n_merge_steps": 1785,
    "total_runtime_sec": 108.42419338226318
}