{
    "clean_state": "raw",
    "best_k": 5,
    "linkage": "single",
    "metric": "manhattan",
    "combined": 2.036801301423785,
    "silhouette": 0.6213133711886708,
    "davies_bouldin": 0.289662867997731,
    "intra_dist_mean": 2.7723340941600787,
    "inter_dist_mean": 9.703773436382635,
    "ratio_intra_inter": 0.28569649861830054,
    "n_merge_steps": 152,
    "total_runtime_sec": 1.556140422821045
}