{
    "clean_state": "raw",
    "best_k": 5,
    "linkage": "single",
    "metric": "manhattan",
    "combined": 2.0368013483938676,
    "silhouette": 0.6213133711886708,
    "davies_bouldin": 0.2896628601157214,
    "intra_dist_mean": 2.7723340941600787,
    "inter_dist_mean": 9.703773436382638,
    "ratio_intra_inter": 0.28569649861830043,
    "n_merge_steps": 152,
    "h_max": 11.827553199898086,
    "total_runtime_sec": 0.8859443664550781
}