{
    "core_count": 84,
    "border_count": 43,
    "noise_count": 130,
    "noise_ratio": 0.5058365758754864,
    "neighbor_hist": [
        0,
        31,
        37,
        41,
        23,
        18,
        23,
        18,
        9,
        20,
        6,
        4,
        7,
        4,
        3,
        4,
        5,
        1,
        1,
        1,
        0,
        0,
        0,
        0,
        0,
        1
    ],
    "combined_score": 0.3886837572884897,
    "silhouette": 0.0035262895419913903,
    "davies_bouldin": 2.086959872182705,
    "sse": 147.5577214915154,
    "weights": {
        "alpha": 0.47,
        "beta": 0.53,
        "gamma": 0.0
    }
}