{
    "n_trials": 31,
    "avg_iterations": 4.483870967741935,
    "median_iterations": 4.0,
    "avg_auc_delta": 5.905552098070637,
    "avg_geo_decay": 0.4015599376473098,
    "best_k": 13,
    "best_combined_score": 0.7339091797359318,
    "best_sse": 240.18646795423558,
    "weights": {
        "alpha": 0.47,
        "beta": 0.53,
        "gamma": 0.0
    },
    "total_runtime_sec": 8.067100286483765
}