{
    "clean_state": "raw",
    "best_k": 5,
    "linkage": "single",
    "metric": "euclidean",
    "combined": 0.9632398690924165,
    "silhouette": 0.18047129945021262,
    "davies_bouldin": 0.5727349180080292,
    "intra_dist_mean": 5.837540448897571,
    "inter_dist_mean": 8.758486988793159,
    "ratio_intra_inter": 0.6665010128309006,
    "n_merge_steps": 999,
    "h_max": 6.570713600117723,
    "total_runtime_sec": 17.82242226600647
}