{
    "clean_state": "raw",
    "best_k": 45,
    "linkage": "single",
    "metric": "euclidean",
    "combined": 0.8730307209865421,
    "silhouette": 0.8251933115990934,
    "davies_bouldin": 0.18947381799443452,
    "sse": 309.84369562949564,
    "weights": {
        "alpha": 0.47,
        "beta": 0.53,
        "gamma": 0.0
    },
    "intra_dist_mean": 0.49989497861892346,
    "inter_dist_mean": 3.8352663821141157,
    "ratio_intra_inter": 0.13034165787025093,
    "n_merge_steps": 2375,
    "h_max": 3.0488453340166695,
    "total_runtime_sec": 128.05335450172424
}