{
    "clean_state": "raw",
    "best_k": 5,
    "linkage": "single",
    "metric": "euclidean",
    "combined": 0.9632398638416434,
    "silhouette": 0.1804712994502126,
    "davies_bouldin": 0.572734921452802,
    "intra_dist_mean": 5.837540448897571,
    "inter_dist_mean": 8.758486988793159,
    "ratio_intra_inter": 0.6665010128309006,
    "n_merge_steps": 999,
    "total_runtime_sec": 26.886905908584595
}