{
    "centroid_movements": [
        8.892145836244097e-16
    ],
    "sse_list": [
        829.8387307229747,
        829.8387307229747
    ],
    "final_iteration": 2
}