{
    "n_trials": 30,
    "avg_iterations": 9.9,
    "median_iterations": 9.0,
    "avg_auc_delta": 7.13116621087296,
    "avg_geo_decay": 0.6001901799596101,
    "best_k": 16,
    "best_combined_score": 0.5399099329709066,
    "best_sse": 824.6003760080993,
    "weights": {
        "alpha": 0.47,
        "beta": 0.53,
        "gamma": 0.0
    },
    "total_runtime_sec": 0.7108480930328369
}