{
    "n_trials": 30,
    "avg_iterations": 11.466666666666667,
    "median_iterations": 12.0,
    "avg_auc_delta": 4.979401106514813,
    "avg_geo_decay": 0.6012987897508365,
    "best_k": 35,
    "best_combined_score": 0.7268644076486075,
    "best_sse": 726.3564967674181,
    "total_runtime_sec": 1.5151333808898926
}