{
    "centroid_movements": [
        6.516522547089323e-16
    ],
    "sse_list": [
        445.3086438009174,
        445.3086438009174
    ],
    "final_iteration": 2
}