{
    "n_trials": 31,
    "avg_iterations": 12.03225806451613,
    "median_iterations": 12.0,
    "avg_auc_delta": 5.7095519896894675,
    "avg_geo_decay": 0.6325827137487978,
    "best_k": 39,
    "best_combined_score": 0.66355191985038,
    "best_sse": 438.5130903406118,
    "total_runtime_sec": 9.236422061920166
}