{
    "n_trials": 30,
    "avg_iterations": 10.166666666666666,
    "median_iterations": 10.0,
    "avg_auc_delta": 3.9718847010172373,
    "avg_geo_decay": 0.5758054986832277,
    "best_k": 39,
    "best_combined_score": 0.663502515639468,
    "best_sse": 405.8643217364859,
    "total_runtime_sec": 2.042964458465576
}