{
    "n_trials": 30,
    "avg_iterations": 13.266666666666667,
    "median_iterations": 11.0,
    "avg_auc_delta": 6.181587007255697,
    "avg_geo_decay": 0.7279749960637696,
    "best_k": 8,
    "best_combined_score": 0.62327907653557,
    "best_sse": 1214.574689314144,
    "weights": {
        "alpha": 0.47,
        "beta": 0.53,
        "gamma": 0.0
    },
    "total_runtime_sec": 0.7980499267578125
}