{
    "n_trials": 31,
    "avg_iterations": 4.32258064516129,
    "median_iterations": 4.0,
    "avg_auc_delta": 5.583924839184848,
    "avg_geo_decay": 0.4233738792022861,
    "best_k": 11,
    "best_combined_score": 0.696038910602643,
    "best_sse": 223.9757517330537,
    "weights": {
        "alpha": 0.47,
        "beta": 0.53,
        "gamma": 0.0
    },
    "total_runtime_sec": 1.7354481220245361
}