{
    "n_trials": 31,
    "avg_iterations": 5.870967741935484,
    "median_iterations": 5.0,
    "avg_auc_delta": 10.601334248297768,
    "avg_geo_decay": 0.45423511668067396,
    "best_k": 9,
    "best_combined_score": 0.46872343366040337,
    "best_sse": 902.1472506485666,
    "weights": {
        "alpha": 0.47,
        "beta": 0.53,
        "gamma": 0.0
    },
    "total_runtime_sec": 1.3812694549560547
}