{
    "clean_state": "raw",
    "best_k": 5,
    "linkage": "single",
    "metric": "euclidean",
    "combined": 1.9501795954138057,
    "silhouette": 0.48330332066403536,
    "davies_bouldin": 0.29264959017252756,
    "intra_dist_mean": 3.431441231708432,
    "inter_dist_mean": 15.347219383953,
    "ratio_intra_inter": 0.2235871623296212,
    "n_merge_steps": 2346,
    "total_runtime_sec": 168.9470682144165
}