{
    "clean_state": "raw",
    "best_k": 6,
    "linkage": "single",
    "metric": "manhattan",
    "combined": 2.749802906331889,
    "silhouette": 0.6472432879051235,
    "davies_bouldin": 0.2060851791055611,
    "intra_dist_mean": 2.4758432416173566,
    "inter_dist_mean": 9.152929382825011,
    "ratio_intra_inter": 0.2704973607971755,
    "n_merge_steps": 133,
    "h_max": 12.951436273718024,
    "total_runtime_sec": 0.8036682605743408
}