{
    "clean_state": "raw",
    "best_k": 5,
    "linkage": "average",
    "metric": "euclidean",
    "combined": 0.821366313364804,
    "silhouette": 0.737425901269195,
    "davies_bouldin": 0.2763270055723387,
    "sse": 1054.101971797112,
    "weights": {
        "alpha": 0.47,
        "beta": 0.53,
        "gamma": 0.0
    },
    "intra_dist_mean": 2.49352048101737,
    "inter_dist_mean": 11.830457796434517,
    "ratio_intra_inter": 0.21077125872243596,
    "n_merge_steps": 235,
    "h_max": 15.676104826807991,
    "total_runtime_sec": 2.064253091812134
}