{
    "n_trials": 31,
    "avg_iterations": 13.806451612903226,
    "median_iterations": 14.0,
    "avg_auc_delta": 8.126277651644061,
    "avg_geo_decay": 0.6765518608749704,
    "best_k": 27,
    "best_combined_score": 0.5870049254804605,
    "best_sse": 1012.6426437532468,
    "total_runtime_sec": 6.5015482902526855
}