{
    "n_trials": 30,
    "avg_iterations": 14.866666666666667,
    "median_iterations": 14.0,
    "avg_auc_delta": 6.764455226763194,
    "avg_geo_decay": 0.6961501324622053,
    "best_k": 29,
    "best_combined_score": 0.6109076639661007,
    "best_sse": 849.3229809460106,
    "total_runtime_sec": 0.995084285736084
}