{
    "n_trials": 20,
    "avg_iterations": 11.65,
    "median_iterations": 12.0,
    "avg_auc_delta": 7.886711495743991,
    "avg_geo_decay": 0.6297149858406651,
    "best_k": 9,
    "best_combined_score": 0.5383189164967728,
    "best_sse": 2663.0805384198834,
    "weights": {
        "alpha": 0.47,
        "beta": 0.53,
        "gamma": 0.0
    },
    "total_runtime_sec": 5.667389869689941
}