{
    "n_trials": 30,
    "avg_iterations": 4.866666666666666,
    "median_iterations": 5.0,
    "avg_auc_delta": 3.3729494791763157,
    "avg_geo_decay": 0.22468771375107652,
    "best_k": 10,
    "best_combined_score": 0.7511397440379808,
    "best_sse": 374.4176518402511,
    "weights": {
        "alpha": 0.47,
        "beta": 0.53,
        "gamma": 0.0
    },
    "total_runtime_sec": 1.0960369110107422
}