{
    "n_trials": 31,
    "avg_iterations": 16.806451612903224,
    "median_iterations": 17.0,
    "avg_auc_delta": 13.468825401344075,
    "avg_geo_decay": 0.7084676804535254,
    "best_k": 30,
    "best_combined_score": 0.5872761869769431,
    "best_sse": 2141.259648518232,
    "weights": {
        "alpha": 0.47,
        "beta": 0.53,
        "gamma": 0.0
    },
    "total_runtime_sec": 173.0389425754547
}