{
    "n_trials": 31,
    "avg_iterations": 14.838709677419354,
    "median_iterations": 15.0,
    "avg_auc_delta": 9.702248336859201,
    "avg_geo_decay": 0.6717294646399106,
    "best_k": 24,
    "best_combined_score": 0.5462404890072297,
    "best_sse": 905.9018070898567,
    "total_runtime_sec": 4.77889347076416
}