{
    "n_trials": 30,
    "avg_iterations": 16.566666666666666,
    "median_iterations": 15.0,
    "avg_auc_delta": 7.249955111893741,
    "avg_geo_decay": 0.7269305549821989,
    "best_k": 24,
    "best_combined_score": 0.47582558720297696,
    "best_sse": 963.9880677139006,
    "total_runtime_sec": 0.5354156494140625
}