{
    "centroid_movements": [
        4.912974545134612e-16
    ],
    "sse_list": [
        1055.7590479822163,
        1055.7590479822163
    ],
    "final_iteration": 2
}