{
    "n_trials": 20,
    "avg_iterations": 12.4,
    "median_iterations": 11.0,
    "avg_auc_delta": 7.19112893418791,
    "avg_geo_decay": 0.6085612002514182,
    "best_k": 9,
    "best_combined_score": 0.5533493098659543,
    "best_sse": 2544.0141082357686,
    "weights": {
        "alpha": 0.47,
        "beta": 0.53,
        "gamma": 0.0
    },
    "total_runtime_sec": 1.7027411460876465
}