{
    "clean_state": "raw",
    "best_k": 47,
    "best_cov_type": "tied",
    "best_combined": 0.573571325781077,
    "best_silhouette": 0.3495878215154915,
    "best_db": 0.9753837307291136,
    "best_sse": 1830.4096227725247,
    "weights": {
        "alpha": 0.47,
        "beta": 0.53,
        "gamma": 0.0
    },
    "n_iter_final": 1,
    "ll_curve_final": [
        -4.9060002189261365,
        -4.652246591364055,
        -4.598667837686157,
        -4.583899637393351,
        -4.57327870941826,
        -4.567084121210785,
        -4.5645806171500585,
        -4.563080579022025,
        -4.562369421708527
    ],
    "total_runtime_sec": 37.48572587966919
}