{
    "n_trials": 31,
    "avg_iterations": 13.709677419354838,
    "median_iterations": 14.0,
    "avg_auc_delta": 10.36808945523915,
    "avg_geo_decay": 0.6557556393777548,
    "best_k": 12,
    "best_combined_score": 0.5186450736465038,
    "best_sse": 1580.483292681384,
    "weights": {
        "alpha": 0.47,
        "beta": 0.53,
        "gamma": 0.0
    },
    "total_runtime_sec": 10.9165780544281
}