{
    "n_trials": 31,
    "avg_iterations": 4.870967741935484,
    "median_iterations": 4.0,
    "avg_auc_delta": 6.804087869553738,
    "avg_geo_decay": 0.28964138903097236,
    "best_k": 19,
    "best_combined_score": 0.5192667676246533,
    "best_sse": 4919.362034517066,
    "weights": {
        "alpha": 0.47,
        "beta": 0.53,
        "gamma": 0.0
    },
    "total_runtime_sec": 5.3504319190979
}