{
    "clean_state": "raw",
    "best_k": 6,
    "linkage": "single",
    "metric": "euclidean",
    "combined": 3.055963175602804,
    "silhouette": 0.6301696706723662,
    "davies_bouldin": 0.18242327382957177,
    "intra_dist_mean": 3.7595978478675542,
    "inter_dist_mean": 18.28739701087726,
    "ratio_intra_inter": 0.20558408862842303,
    "n_merge_steps": 999,
    "h_max": 10.330854757343737,
    "total_runtime_sec": 19.9648494720459
}