{
    "n_trials": 31,
    "avg_iterations": 6.548387096774194,
    "median_iterations": 7.0,
    "avg_auc_delta": 6.44632134088692,
    "avg_geo_decay": 0.36668215077804694,
    "best_k": 32,
    "best_combined_score": 0.5817777770606863,
    "best_sse": 1716.1620671820654,
    "weights": {
        "alpha": 0.47,
        "beta": 0.53,
        "gamma": 0.0
    },
    "total_runtime_sec": 25.722179651260376
}