{
    "clean_state": "raw",
    "best_k": 5,
    "linkage": "single",
    "metric": "euclidean",
    "combined": 0.8269175126593686,
    "silhouette": 0.09638292908187646,
    "davies_bouldin": 0.6420743228098091,
    "intra_dist_mean": 5.7671136775285365,
    "inter_dist_mean": 8.204050560059919,
    "ratio_intra_inter": 0.7029593047127336,
    "n_merge_steps": 160,
    "total_runtime_sec": 1.9281046390533447
}