{
    "n_trials": 30,
    "avg_iterations": 6.9,
    "median_iterations": 7.0,
    "avg_auc_delta": 9.320839748533047,
    "avg_geo_decay": 0.5091271674349208,
    "best_k": 19,
    "best_combined_score": 0.6477183697865904,
    "best_sse": 942.3535884780368,
    "weights": {
        "alpha": 0.47,
        "beta": 0.53,
        "gamma": 0.0
    },
    "total_runtime_sec": 1.3199248313903809
}