{
    "n_trials": 30,
    "avg_iterations": 10.133333333333333,
    "median_iterations": 9.0,
    "avg_auc_delta": 5.505899693574581,
    "avg_geo_decay": 0.5266929613909116,
    "best_k": 28,
    "best_combined_score": 0.7743480967189301,
    "best_sse": 485.8195023313112,
    "total_runtime_sec": 0.8714005947113037
}