{
    "n_trials": 30,
    "avg_iterations": 3.533333333333333,
    "median_iterations": 4.0,
    "avg_auc_delta": 2.398863726775518,
    "avg_geo_decay": 0.38378542713261254,
    "best_k": 8,
    "best_combined_score": 1.4526113327809207,
    "best_sse": 42.57267685381427,
    "total_runtime_sec": 0.11812210083007812
}