{
    "n_trials": 30,
    "avg_iterations": 4.1,
    "median_iterations": 4.0,
    "avg_auc_delta": 3.405452125007301,
    "avg_geo_decay": 0.15957543188657847,
    "best_k": 11,
    "best_combined_score": 0.7287083835069391,
    "best_sse": 225.4256817019475,
    "weights": {
        "alpha": 0.47,
        "beta": 0.53,
        "gamma": 0.0
    },
    "total_runtime_sec": 2.4097259044647217
}