{
    "core_count": 843,
    "border_count": 68,
    "noise_count": 142,
    "noise_ratio": 0.13485280151946819,
    "neighbor_hist": [
        0,
        86,
        49,
        46,
        29,
        25,
        17,
        23,
        30,
        21,
        17,
        20,
        20,
        10,
        12,
        11,
        12,
        12,
        12,
        11,
        12,
        13,
        13,
        13,
        21,
        11,
        15,
        13,
        6,
        10,
        5,
        6,
        4,
        6,
        4,
        3,
        2,
        3,
        2,
        9,
        3,
        7,
        9,
        2,
        3,
        9,
        6,
        7,
        2,
        371
    ],
    "combined_score": 0.46648843315621397,
    "silhouette": 0.18415660677686055,
    "davies_bouldin": 1.5469093452418898,
    "sse": 2008.1543420244304,
    "weights": {
        "alpha": 0.47,
        "beta": 0.53,
        "gamma": 0.0
    }
}