{
    "n_trials": 30,
    "avg_iterations": 8.733333333333333,
    "median_iterations": 10.0,
    "avg_auc_delta": 5.946491189206441,
    "avg_geo_decay": 0.5562694875119342,
    "best_k": 8,
    "best_combined_score": 0.5437216407792801,
    "best_sse": 565.8566234938517,
    "weights": {
        "alpha": 0.47,
        "beta": 0.53,
        "gamma": 0.0
    },
    "total_runtime_sec": 1.1728789806365967
}