{
    "n_trials": 30,
    "avg_iterations": 10.066666666666666,
    "median_iterations": 8.0,
    "avg_auc_delta": 6.8524535593456,
    "avg_geo_decay": 0.5657579964829786,
    "best_k": 32,
    "best_combined_score": 0.5758099150016869,
    "best_sse": 1281.1317473386723,
    "total_runtime_sec": 1.066617727279663
}