{
    "centroid_movements": [
        1.2773267355887448e-15
    ],
    "sse_list": [
        1362.2434858968154,
        1362.2434858968159
    ],
    "final_iteration": 2
}