{
    "clean_state": "raw",
    "best_k": 21,
    "best_cov_type": "diag",
    "best_combined": 0.7335694524600449,
    "best_silhouette": 0.7704705074471121,
    "best_db": 0.5703115629862621,
    "best_sse": 1070.7707757063336,
    "weights": {
        "alpha": 0.47,
        "beta": 0.53,
        "gamma": 0.0
    },
    "n_iter_final": 1,
    "ll_curve_final": [
        4.792380715014008,
        4.792380715182128
    ],
    "total_runtime_sec": 14.666140794754028
}