{
    "core_count": 88,
    "border_count": 64,
    "noise_count": 843,
    "noise_ratio": 0.8472361809045226,
    "neighbor_hist": [
        0,
        508,
        163,
        53,
        29,
        36,
        14,
        19,
        26,
        23,
        13,
        13,
        6,
        4,
        6,
        8,
        4,
        3,
        3,
        2,
        3,
        5,
        3,
        6,
        0,
        0,
        3,
        1,
        3,
        1,
        2,
        0,
        0,
        1,
        1,
        0,
        0,
        3,
        0,
        0,
        1,
        6,
        2,
        2,
        3,
        2,
        5,
        1,
        1,
        7
    ],
    "combined_score": 0.3173942082623796,
    "silhouette": -0.1569898769599613,
    "davies_bouldin": 2.84076273943696,
    "sse": 545.7086583370218,
    "weights": {
        "alpha": 0.47,
        "beta": 0.53,
        "gamma": 0.0
    }
}