{
    "n_trials": 31,
    "avg_iterations": 14.935483870967742,
    "median_iterations": 13.0,
    "avg_auc_delta": 10.766934150560346,
    "avg_geo_decay": 0.6794055327954506,
    "best_k": 46,
    "best_combined_score": 0.557731172096627,
    "best_sse": 1759.9972897738671,
    "weights": {
        "alpha": 0.47,
        "beta": 0.53,
        "gamma": 0.0
    },
    "total_runtime_sec": 8.809553384780884
}