{
    "clean_state": "raw",
    "best_k": 5,
    "linkage": "single",
    "metric": "euclidean",
    "combined": 0.7601574022921272,
    "silhouette": 0.640739571102673,
    "davies_bouldin": 0.40114084324986726,
    "sse": 9925.112743228223,
    "weights": {
        "alpha": 0.47,
        "beta": 0.53,
        "gamma": 0.0
    },
    "intra_dist_mean": 3.4823802321567157,
    "inter_dist_mean": 10.13669128718558,
    "ratio_intra_inter": 0.3435421020031127,
    "n_merge_steps": 1401,
    "h_max": 4.908882160548025,
    "total_runtime_sec": 43.50112581253052
}