{
    "clean_state": "raw",
    "best_k": 33,
    "linkage": "single",
    "metric": "manhattan",
    "combined": 0.9080052507560866,
    "silhouette": 0.0884403021639117,
    "davies_bouldin": 0.5788476788828942,
    "intra_dist_mean": 3.0321777091614615,
    "inter_dist_mean": 4.532342953959667,
    "ratio_intra_inter": 0.669008885682788,
    "n_merge_steps": 2375,
    "h_max": 3.060885814908077,
    "total_runtime_sec": 132.08442854881287
}