{
    "clean_state": "raw",
    "best_k": 5,
    "linkage": "single",
    "metric": "euclidean",
    "combined": 1.1870997726838528,
    "silhouette": 0.2801010480886254,
    "davies_bouldin": 0.4775324567107647,
    "intra_dist_mean": 5.7691753685853016,
    "inter_dist_mean": 10.048549751782547,
    "ratio_intra_inter": 0.5741301492348498,
    "n_merge_steps": 999,
    "total_runtime_sec": 36.361937522888184
}