{
    "clean_state": "raw",
    "best_k": 48,
    "linkage": "single",
    "metric": "cosine",
    "combined": 0.8729905829528024,
    "silhouette": 0.8341899742525796,
    "davies_bouldin": 0.19433947226766213,
    "sse": 290.73658873159695,
    "weights": {
        "alpha": 0.47,
        "beta": 0.53,
        "gamma": 0.0
    },
    "intra_dist_mean": 0.464187881903324,
    "inter_dist_mean": 3.8178181753765448,
    "ratio_intra_inter": 0.12158459637942824,
    "n_merge_steps": 2375,
    "h_max": 0.34688239952282995,
    "total_runtime_sec": 127.30979323387146
}