{
    "clean_state": "raw",
    "best_k": 5,
    "linkage": "single",
    "metric": "euclidean",
    "combined": 1.187099774158149,
    "silhouette": 0.2801010480886254,
    "davies_bouldin": 0.47753245603837585,
    "intra_dist_mean": 5.7691753685853016,
    "inter_dist_mean": 10.048549751782547,
    "ratio_intra_inter": 0.5741301492348498,
    "n_merge_steps": 999,
    "h_max": 6.680512051683303,
    "total_runtime_sec": 18.332764625549316
}