{
    "n_trials": 30,
    "avg_iterations": 14.166666666666666,
    "median_iterations": 12.0,
    "avg_auc_delta": 6.896513131716849,
    "avg_geo_decay": 0.6542286093096382,
    "best_k": 48,
    "best_combined_score": 0.6842736002020091,
    "best_sse": 1255.5388122570412,
    "total_runtime_sec": 4.562149524688721
}