{
    "centroid_movements": [
        1.7736340828862232e-15
    ],
    "sse_list": [
        1330.9201428186566,
        1330.9201428186564
    ],
    "final_iteration": 2
}