{
    "n_trials": 20,
    "avg_iterations": 12.0,
    "median_iterations": 13.0,
    "avg_auc_delta": 8.923744809572714,
    "avg_geo_decay": 0.6026266113096268,
    "best_k": 10,
    "best_combined_score": 0.5349075364211855,
    "best_sse": 4044.009778622528,
    "weights": {
        "alpha": 0.47,
        "beta": 0.53,
        "gamma": 0.0
    },
    "total_runtime_sec": 2.426783561706543
}