{
    "clean_state": "raw",
    "best_k": 18,
    "linkage": "single",
    "metric": "euclidean",
    "combined": 1.3029163857293717,
    "silhouette": 0.33022277102836656,
    "davies_bouldin": 0.43944261090910747,
    "intra_dist_mean": 2.82354777120368,
    "inter_dist_mean": 6.853870762829158,
    "ratio_intra_inter": 0.41196396443836025,
    "n_merge_steps": 762,
    "h_max": 6.387464936209997,
    "total_runtime_sec": 6.966046571731567
}