{
    "clean_state": "raw",
    "best_k": 18,
    "linkage": "single",
    "metric": "euclidean",
    "combined": 1.302916371756976,
    "silhouette": 0.33022277102798586,
    "davies_bouldin": 0.43944261630544734,
    "intra_dist_mean": 2.823547771205637,
    "inter_dist_mean": 6.853870762829158,
    "ratio_intra_inter": 0.4119639644386458,
    "n_merge_steps": 762,
    "total_runtime_sec": 28.935564517974854
}