{
    "n_trials": 30,
    "avg_iterations": 7.933333333333334,
    "median_iterations": 7.5,
    "avg_auc_delta": 11.190610489697727,
    "avg_geo_decay": 0.48446546762830106,
    "best_k": 30,
    "best_combined_score": 0.5204328860772525,
    "best_sse": 3217.923532247877,
    "weights": {
        "alpha": 0.47,
        "beta": 0.53,
        "gamma": 0.0
    },
    "total_runtime_sec": 2.559434175491333
}