{
    "n_trials": 30,
    "avg_iterations": 12.133333333333333,
    "median_iterations": 11.0,
    "avg_auc_delta": 6.585623767073329,
    "avg_geo_decay": 0.6310551898846761,
    "best_k": 30,
    "best_combined_score": 0.6355887290576681,
    "best_sse": 814.8445053923858,
    "total_runtime_sec": 1.0325407981872559
}