{
    "n_trials": 31,
    "avg_iterations": 13.35483870967742,
    "median_iterations": 12.0,
    "avg_auc_delta": 10.110803120339524,
    "avg_geo_decay": 0.6395258441425319,
    "best_k": 30,
    "best_combined_score": 0.6491246285239141,
    "best_sse": 806.7826624937172,
    "total_runtime_sec": 7.1156487464904785
}