{
    "n_trials": 31,
    "avg_iterations": 4.580645161290323,
    "median_iterations": 4.0,
    "avg_auc_delta": 8.90518920344632,
    "avg_geo_decay": 0.2796512182451722,
    "best_k": 26,
    "best_combined_score": 0.5276390360145988,
    "best_sse": 1981.0565793638355,
    "weights": {
        "alpha": 0.47,
        "beta": 0.53,
        "gamma": 0.0
    },
    "total_runtime_sec": 2.1348183155059814
}