{
    "core_count": 2099,
    "border_count": 92,
    "noise_count": 185,
    "noise_ratio": 0.07786195286195287,
    "neighbor_hist": [
        0,
        94,
        62,
        73,
        48,
        58,
        36,
        19,
        26,
        39,
        27,
        30,
        25,
        37,
        69,
        33,
        16,
        16,
        22,
        19,
        10,
        21,
        34,
        34,
        26,
        64,
        43,
        46,
        23,
        15,
        18,
        15,
        24,
        32,
        8,
        25,
        22,
        16,
        10,
        14,
        7,
        7,
        8,
        11,
        8,
        24,
        6,
        4,
        4,
        1048
    ],
    "combined_score": 0.4919248111082706,
    "silhouette": 0.2584723176753052,
    "davies_bouldin": 1.4262143791730866,
    "sse": 2964.729226949382,
    "weights": {
        "alpha": 0.47,
        "beta": 0.53,
        "gamma": 0.0
    }
}