{
    "n_trials": 31,
    "avg_iterations": 4.612903225806452,
    "median_iterations": 5.0,
    "avg_auc_delta": 2.9916030386744525,
    "avg_geo_decay": 0.45817862461199177,
    "best_k": 18,
    "best_combined_score": 0.4789480299366799,
    "best_sse": 3667.045415643602,
    "weights": {
        "alpha": 0.47,
        "beta": 0.53,
        "gamma": 0.0
    },
    "total_runtime_sec": 1.0858898162841797
}