{
    "clean_state": "raw",
    "best_k": 9,
    "best_cov_type": "tied",
    "best_combined": 0.7031715243962697,
    "best_silhouette": 0.5969555302947532,
    "best_db": 0.5726567932344859,
    "best_sse": 328.15788081502393,
    "weights": {
        "alpha": 0.47,
        "beta": 0.53,
        "gamma": 0.0
    },
    "n_iter_final": 1,
    "ll_curve_final": [
        10.51672776784422,
        10.533638233631304,
        10.534680523596208,
        10.534900138353013
    ],
    "total_runtime_sec": 1.5417544841766357
}