{
    "clean_state": "raw",
    "best_k": 9,
    "best_cov_type": "tied",
    "best_combined": 1.182349827412884,
    "best_silhouette": 0.5388980955458812,
    "best_db": 0.547704647812005,
    "n_iter_final": 1,
    "ll_curve_final": [
        13.297666516292459,
        13.324784316817032,
        13.359542646319138,
        13.366140996255371,
        13.366460347763033
    ],
    "total_runtime_sec": 1.4917917251586914
}