{
    "clean_state": "raw",
    "best_k": 5,
    "linkage": "average",
    "metric": "euclidean",
    "combined": 1.1881921755813938,
    "silhouette": 0.43764444580834944,
    "davies_bouldin": 0.5157989461289709,
    "intra_dist_mean": 4.904408702380528,
    "inter_dist_mean": 10.45568606758442,
    "ratio_intra_inter": 0.46906617802777295,
    "n_merge_steps": 212,
    "h_max": 16.43310688106062,
    "total_runtime_sec": 1.0191013813018799
}