{
    "core_count": 450,
    "border_count": 67,
    "noise_count": 483,
    "noise_ratio": 0.483,
    "neighbor_hist": [
        0,
        316,
        129,
        64,
        41,
        47,
        40,
        28,
        27,
        20,
        14,
        22,
        15,
        22,
        19,
        10,
        13,
        13,
        14,
        15,
        12,
        7,
        17,
        17,
        4,
        9,
        10,
        7,
        7,
        3,
        3,
        5,
        3,
        1,
        3,
        6,
        2,
        1,
        1,
        3,
        1,
        1,
        2,
        1,
        1,
        0,
        1,
        1,
        1,
        1
    ],
    "combined_score": 0.38398184664372764,
    "silhouette": -0.07973170666567712,
    "davies_bouldin": 1.986506657235667,
    "sse": 1906.9123167239459,
    "weights": {
        "alpha": 0.47,
        "beta": 0.53,
        "gamma": 0.0
    }
}