{
    "n_trials": 31,
    "avg_iterations": 13.387096774193548,
    "median_iterations": 12.0,
    "avg_auc_delta": 9.332842418219194,
    "avg_geo_decay": 0.6062261028666526,
    "best_k": 7,
    "best_combined_score": 0.5503387763811811,
    "best_sse": 1858.1112852098217,
    "weights": {
        "alpha": 0.47,
        "beta": 0.53,
        "gamma": 0.0
    },
    "total_runtime_sec": 5.215444803237915
}