{
    "n_trials": 31,
    "avg_iterations": 14.0,
    "median_iterations": 13.0,
    "avg_auc_delta": 11.544059434337145,
    "avg_geo_decay": 0.6689577587774812,
    "best_k": 42,
    "best_combined_score": 0.5504685574740229,
    "best_sse": 2286.5333535594204,
    "weights": {
        "alpha": 0.47,
        "beta": 0.53,
        "gamma": 0.0
    },
    "total_runtime_sec": 12.577192783355713
}