{
    "clean_state": "raw",
    "best_k": 5,
    "linkage": "single",
    "metric": "euclidean",
    "combined": 2.406373110220009,
    "silhouette": 0.5700711870848153,
    "davies_bouldin": 0.2357003522867453,
    "intra_dist_mean": 2.6752983954171277,
    "inter_dist_mean": 9.10050483410617,
    "ratio_intra_inter": 0.29397252616036823,
    "n_merge_steps": 104,
    "h_max": 10.443818258230609,
    "total_runtime_sec": 0.8064475059509277
}