{
    "n_trials": 30,
    "avg_iterations": 11.133333333333333,
    "median_iterations": 10.0,
    "avg_auc_delta": 7.400799024104916,
    "avg_geo_decay": 0.6039425458168061,
    "best_k": 28,
    "best_combined_score": 0.5737196737753947,
    "best_sse": 878.9276329808107,
    "weights": {
        "alpha": 0.47,
        "beta": 0.53,
        "gamma": 0.0
    },
    "total_runtime_sec": 1.40191650390625
}