{
    "n_trials": 31,
    "avg_iterations": 16.258064516129032,
    "median_iterations": 16.0,
    "avg_auc_delta": 10.571101435542335,
    "avg_geo_decay": 0.6581084167316987,
    "best_k": 48,
    "best_combined_score": 0.6519505660759786,
    "best_sse": 1508.2146394604317,
    "total_runtime_sec": 16.917600870132446
}