{
    "centroid_movements": [
        1.9129649981292035e-15
    ],
    "sse_list": [
        1587.7092917661978,
        1587.7092917661978
    ],
    "final_iteration": 2
}