{
    "n_trials": 30,
    "avg_iterations": 16.9,
    "median_iterations": 16.5,
    "avg_auc_delta": 6.668080582196778,
    "avg_geo_decay": 0.6877636035707074,
    "best_k": 48,
    "best_combined_score": 0.6552299003462945,
    "best_sse": 1433.11303397768,
    "total_runtime_sec": 5.364130973815918
}