{
    "clean_state": "raw",
    "best_k": 40,
    "linkage": "single",
    "metric": "euclidean",
    "combined": 1.0351797481290013,
    "silhouette": 0.27018130984932154,
    "davies_bouldin": 0.5555005651940377,
    "intra_dist_mean": 1.9729268663010555,
    "inter_dist_mean": 3.9266990009777154,
    "ratio_intra_inter": 0.5024390374228609,
    "n_merge_steps": 2375,
    "total_runtime_sec": 144.5986557006836
}