{
    "clean_state": "raw",
    "best_k": 5,
    "linkage": "single",
    "metric": "manhattan",
    "combined": 0.8056973579018605,
    "silhouette": 0.632745688159278,
    "davies_bouldin": 0.25555375647373696,
    "sse": 4154.439672555042,
    "weights": {
        "alpha": 0.47,
        "beta": 0.53,
        "gamma": 0.0
    },
    "intra_dist_mean": 3.263844000120498,
    "inter_dist_mean": 10.68476516990095,
    "ratio_intra_inter": 0.3054670784262495,
    "n_merge_steps": 625,
    "h_max": 12.349627299987826,
    "total_runtime_sec": 36.96839618682861
}