{
    "clean_state": "raw",
    "best_k": 40,
    "linkage": "single",
    "metric": "euclidean",
    "combined": 1.035179742313398,
    "silhouette": 0.2701813098638618,
    "davies_bouldin": 0.5555005687876925,
    "intra_dist_mean": 1.972926866275249,
    "inter_dist_mean": 3.9266990009777154,
    "ratio_intra_inter": 0.5024390374162889,
    "n_merge_steps": 2375,
    "h_max": 2.8093022161009467,
    "total_runtime_sec": 130.03098940849304
}