{
    "n_trials": 31,
    "avg_iterations": 11.35483870967742,
    "median_iterations": 10.0,
    "avg_auc_delta": 15.001316077373938,
    "avg_geo_decay": 0.6454829263296602,
    "best_k": 12,
    "best_combined_score": 0.5851137233996396,
    "best_sse": 3068.655982313827,
    "weights": {
        "alpha": 0.47,
        "beta": 0.53,
        "gamma": 0.0
    },
    "total_runtime_sec": 53.551780223846436
}