{
    "clean_state": "raw",
    "best_k": 5,
    "linkage": "single",
    "metric": "manhattan",
    "combined": 2.350560067489625,
    "silhouette": 0.5151574297794933,
    "davies_bouldin": 0.23889367164160608,
    "intra_dist_mean": 3.330187783902894,
    "inter_dist_mean": 14.2333110343337,
    "ratio_intra_inter": 0.2339714052387077,
    "n_merge_steps": 1127,
    "total_runtime_sec": 36.81648373603821
}