{
    "clean_state": "raw",
    "best_k": 7,
    "linkage": "single",
    "metric": "manhattan",
    "combined": 0.6825712193588319,
    "silhouette": 0.4384858601241924,
    "davies_bouldin": 0.5312899988089032,
    "sse": 11618.816057588114,
    "weights": {
        "alpha": 0.47,
        "beta": 0.53,
        "gamma": 0.0
    },
    "intra_dist_mean": 5.394052772980099,
    "inter_dist_mean": 10.4527149761193,
    "ratio_intra_inter": 0.5160432275540906,
    "n_merge_steps": 723,
    "h_max": 17.73400818831012,
    "total_runtime_sec": 11.815574884414673
}