{
    "core_count": 2305,
    "border_count": 23,
    "noise_count": 82,
    "noise_ratio": 0.03402489626556016,
    "neighbor_hist": [
        0,
        36,
        29,
        16,
        24,
        25,
        17,
        19,
        14,
        15,
        14,
        16,
        13,
        12,
        19,
        6,
        16,
        12,
        7,
        15,
        6,
        7,
        7,
        5,
        6,
        4,
        2,
        5,
        1,
        3,
        5,
        5,
        34,
        3,
        4,
        6,
        6,
        7,
        7,
        9,
        11,
        12,
        6,
        37,
        8,
        4,
        9,
        6,
        3,
        1857
    ],
    "combined_score": 0.5111402962904872,
    "silhouette": 0.43465052071218174,
    "davies_bouldin": 1.4550909254448172,
    "sse": 4077.4821505629493,
    "weights": {
        "alpha": 0.47,
        "beta": 0.53,
        "gamma": 0.0
    }
}