{
    "n_trials": 31,
    "avg_iterations": 16.29032258064516,
    "median_iterations": 16.0,
    "avg_auc_delta": 12.71022046462621,
    "avg_geo_decay": 0.6866173316386295,
    "best_k": 33,
    "best_combined_score": 0.5077955006941791,
    "best_sse": 2184.7169126084946,
    "weights": {
        "alpha": 0.47,
        "beta": 0.53,
        "gamma": 0.0
    },
    "total_runtime_sec": 8.940751314163208
}