{
    "core_count": 1728,
    "border_count": 12,
    "noise_count": 2,
    "noise_ratio": 0.001148105625717566,
    "neighbor_hist": [
        0,
        0,
        2,
        4,
        7,
        1,
        0,
        2,
        5,
        5,
        4,
        4,
        2,
        1,
        22,
        35,
        19,
        8,
        11,
        20,
        5,
        5,
        17,
        4,
        10,
        1,
        4,
        10,
        1,
        9,
        17,
        8,
        5,
        4,
        2,
        1,
        2,
        0,
        1,
        2,
        1,
        9,
        3,
        9,
        5,
        10,
        5,
        12,
        6,
        1422
    ],
    "combined_score": 0.6208058566081456,
    "silhouette": 0.30222530707623607,
    "davies_bouldin": 0.6772985896378629,
    "sse": 6300.936909734304,
    "weights": {
        "alpha": 0.47,
        "beta": 0.53,
        "gamma": 0.0
    }
}