{
    "clean_state": "raw",
    "best_k": 33,
    "best_cov_type": "spherical",
    "best_combined": 0.5061620777864169,
    "best_silhouette": 0.22543810932693517,
    "best_db": 1.2708320407647746,
    "n_iter_final": 1,
    "ll_curve_final": [
        -5.389585777516086,
        -5.2694357343252145,
        -5.210201298892501,
        -5.161173528829705,
        -5.136708157961646,
        -5.125325907836694,
        -5.117383721347003,
        -5.109934234459586,
        -5.101076762204019,
        -5.0950565750570975,
        -5.092985996546526,
        -5.0920562281544655
    ],
    "total_runtime_sec": 27.771490812301636
}