{
    "clean_state": "raw",
    "best_k": 8,
    "linkage": "single",
    "metric": "euclidean",
    "combined": 1.5459038713742244,
    "silhouette": 0.4386932468832299,
    "davies_bouldin": 0.37691550875714686,
    "intra_dist_mean": 3.027307911036035,
    "inter_dist_mean": 6.2980624431802985,
    "ratio_intra_inter": 0.48067289556863635,
    "n_merge_steps": 440,
    "h_max": 4.480807082706739,
    "total_runtime_sec": 2.885876178741455
}