{
    "clean_state": "raw",
    "best_k": 8,
    "linkage": "single",
    "metric": "euclidean",
    "combined": 1.545903880346566,
    "silhouette": 0.4386932468828575,
    "davies_bouldin": 0.37691550620777714,
    "intra_dist_mean": 3.027307911038271,
    "inter_dist_mean": 6.2980624431802985,
    "ratio_intra_inter": 0.4806728955689914,
    "n_merge_steps": 440,
    "total_runtime_sec": 14.423634767532349
}