{
    "clean_state": "raw",
    "best_k": 8,
    "linkage": "single",
    "metric": "euclidean",
    "combined": 0.6123837827597756,
    "silhouette": 0.2601680353933831,
    "davies_bouldin": 0.6736427096905391,
    "sse": 9305.003434686965,
    "weights": {
        "alpha": 0.47,
        "beta": 0.53,
        "gamma": 0.0
    },
    "intra_dist_mean": 3.1184950399902363,
    "inter_dist_mean": 6.062126733936718,
    "ratio_intra_inter": 0.5144226072562798,
    "n_merge_steps": 1698,
    "h_max": 3.2163994145834582,
    "total_runtime_sec": 80.32446932792664
}