{
    "clean_state": "raw",
    "best_k": 5,
    "linkage": "single",
    "metric": "manhattan",
    "combined": 0.8047474327072365,
    "silhouette": 0.11680829667054785,
    "davies_bouldin": 0.6699330059903239,
    "intra_dist_mean": 5.843452891151288,
    "inter_dist_mean": 7.557821075433769,
    "ratio_intra_inter": 0.7731663442184808,
    "n_merge_steps": 377,
    "total_runtime_sec": 6.125105381011963
}