{
    "core_count": 671,
    "border_count": 41,
    "noise_count": 288,
    "noise_ratio": 0.288,
    "neighbor_hist": [
        0,
        188,
        64,
        51,
        26,
        40,
        27,
        29,
        35,
        24,
        15,
        15,
        19,
        12,
        16,
        16,
        11,
        5,
        13,
        13,
        11,
        8,
        9,
        6,
        14,
        6,
        12,
        7,
        4,
        6,
        7,
        6,
        3,
        4,
        1,
        5,
        4,
        5,
        6,
        4,
        4,
        1,
        2,
        1,
        5,
        1,
        2,
        2,
        4,
        231
    ],
    "combined_score": 0.40898802714375454,
    "silhouette": 0.03908237846975344,
    "davies_bouldin": 1.9064434023282817,
    "sse": 2371.068679732608,
    "weights": {
        "alpha": 0.47,
        "beta": 0.53,
        "gamma": 0.0
    }
}