{
    "n_trials": 31,
    "avg_iterations": 4.387096774193548,
    "median_iterations": 4.0,
    "avg_auc_delta": 6.780292702900136,
    "avg_geo_decay": 0.3666336464169398,
    "best_k": 11,
    "best_combined_score": 0.7315649495320157,
    "best_sse": 219.1749275713824,
    "weights": {
        "alpha": 0.47,
        "beta": 0.53,
        "gamma": 0.0
    },
    "total_runtime_sec": 1.609316110610962
}