{
    "core_count": 132,
    "border_count": 77,
    "noise_count": 791,
    "noise_ratio": 0.791,
    "neighbor_hist": [
        0,
        471,
        115,
        78,
        40,
        35,
        26,
        20,
        13,
        9,
        15,
        7,
        10,
        9,
        10,
        10,
        5,
        7,
        2,
        7,
        3,
        3,
        3,
        5,
        2,
        3,
        4,
        2,
        3,
        1,
        4,
        1,
        1,
        4,
        1,
        1,
        2,
        0,
        2,
        1,
        0,
        2,
        0,
        3,
        0,
        0,
        2,
        1,
        2,
        55
    ],
    "combined_score": 0.28317952629557025,
    "silhouette": -0.13277532092464678,
    "davies_bouldin": 3.6177570712537506,
    "sse": 908.0639360833264,
    "weights": {
        "alpha": 0.47,
        "beta": 0.53,
        "gamma": 0.0
    }
}