{
    "core_count": 2322,
    "border_count": 38,
    "noise_count": 50,
    "noise_ratio": 0.02074688796680498,
    "neighbor_hist": [
        0,
        18,
        14,
        14,
        19,
        11,
        12,
        14,
        18,
        10,
        7,
        9,
        8,
        7,
        10,
        5,
        4,
        2,
        6,
        4,
        6,
        5,
        5,
        7,
        7,
        5,
        3,
        4,
        5,
        4,
        4,
        5,
        4,
        8,
        5,
        5,
        3,
        3,
        40,
        2,
        3,
        5,
        1,
        3,
        2,
        2,
        6,
        2,
        7,
        2057
    ],
    "combined_score": 0.5305289891107191,
    "silhouette": 0.4920330177748212,
    "davies_bouldin": 1.367732583606721,
    "sse": 11266.27252391283,
    "weights": {
        "alpha": 0.47,
        "beta": 0.53,
        "gamma": 0.0
    }
}