{
    "n_trials": 31,
    "avg_iterations": 17.193548387096776,
    "median_iterations": 17.0,
    "avg_auc_delta": 11.46434032781926,
    "avg_geo_decay": 0.6459951984527316,
    "best_k": 10,
    "best_combined_score": 0.5395190265718234,
    "best_sse": 6080.935843753251,
    "weights": {
        "alpha": 0.47,
        "beta": 0.53,
        "gamma": 0.0
    },
    "total_runtime_sec": 7.944745779037476
}