{
    "clean_state": "raw",
    "best_k": 6,
    "linkage": "average",
    "metric": "manhattan",
    "combined": 3.950647959436427,
    "silhouette": 0.7456183629412908,
    "davies_bouldin": 0.13974917010773757,
    "intra_dist_mean": 2.498197854806257,
    "inter_dist_mean": 14.404319873377904,
    "ratio_intra_inter": 0.17343393348430552,
    "n_merge_steps": 315,
    "total_runtime_sec": 4.588269948959351
}