{
    "n_trials": 31,
    "avg_iterations": 14.096774193548388,
    "median_iterations": 14.0,
    "avg_auc_delta": 9.153595544940869,
    "avg_geo_decay": 0.6473602628095918,
    "best_k": 43,
    "best_combined_score": 0.6013363257703986,
    "best_sse": 1155.2359951266822,
    "weights": {
        "alpha": 0.47,
        "beta": 0.53,
        "gamma": 0.0
    },
    "total_runtime_sec": 11.922957420349121
}