{
    "n_trials": 31,
    "avg_iterations": 9.741935483870968,
    "median_iterations": 10.0,
    "avg_auc_delta": 11.081834821716232,
    "avg_geo_decay": 0.5332268619420307,
    "best_k": 8,
    "best_combined_score": 0.592774345262766,
    "best_sse": 3750.821114814082,
    "weights": {
        "alpha": 0.47,
        "beta": 0.53,
        "gamma": 0.0
    },
    "total_runtime_sec": 125.68848752975464
}