{
    "n_trials": 31,
    "avg_iterations": 5.064516129032258,
    "median_iterations": 5.0,
    "avg_auc_delta": 5.762180137649356,
    "avg_geo_decay": 0.9027443972703802,
    "best_k": 8,
    "best_combined_score": 0.6352750306126971,
    "best_sse": 169.88964056342985,
    "weights": {
        "alpha": 0.47,
        "beta": 0.53,
        "gamma": 0.0
    },
    "total_runtime_sec": 0.2782292366027832
}