{
    "clean_state": "raw",
    "best_k": 7,
    "linkage": "single",
    "metric": "manhattan",
    "combined": 0.7970136266113323,
    "silhouette": 0.5889130238747066,
    "davies_bouldin": 0.251102428653972,
    "sse": 501.147208129317,
    "weights": {
        "alpha": 0.47,
        "beta": 0.53,
        "gamma": 0.0
    },
    "intra_dist_mean": 2.3610141183147872,
    "inter_dist_mean": 8.500368644471836,
    "ratio_intra_inter": 0.27775432067290173,
    "n_merge_steps": 132,
    "h_max": 12.82102510141289,
    "total_runtime_sec": 1.194810152053833
}