{
    "clean_state": "raw",
    "best_k": 5,
    "linkage": "average",
    "metric": "manhattan",
    "combined": 3.3854632923481103,
    "silhouette": 0.734781070189635,
    "davies_bouldin": 0.16566863697979345,
    "intra_dist_mean": 2.5162508600817692,
    "inter_dist_mean": 13.046968129343476,
    "ratio_intra_inter": 0.1928609647188733,
    "n_merge_steps": 404,
    "total_runtime_sec": 7.1093456745147705
}