{
    "clean_state": "raw",
    "best_k": 5,
    "linkage": "single",
    "metric": "manhattan",
    "combined": 3.385463162013774,
    "silhouette": 0.7347810701896614,
    "davies_bouldin": 0.1656686441341322,
    "intra_dist_mean": 2.5162508600815,
    "inter_dist_mean": 13.046968129343476,
    "ratio_intra_inter": 0.19286096471885267,
    "n_merge_steps": 404,
    "h_max": 20.184652036457358,
    "total_runtime_sec": 2.265904426574707
}