{
    "clean_state": "raw",
    "best_k": 5,
    "linkage": "single",
    "metric": "euclidean",
    "combined": 1.0276396969387853,
    "silhouette": 0.21913288728488123,
    "davies_bouldin": 0.5446188506252072,
    "intra_dist_mean": 5.402670730986676,
    "inter_dist_mean": 7.936135832887073,
    "ratio_intra_inter": 0.6807684299703534,
    "n_merge_steps": 41,
    "h_max": 6.842127605150423,
    "total_runtime_sec": 0.3010835647583008
}