{
    "n_trials": 31,
    "avg_iterations": 5.161290322580645,
    "median_iterations": 5.0,
    "avg_auc_delta": 4.220389517861766,
    "avg_geo_decay": 0.2643176747534983,
    "best_k": 10,
    "best_combined_score": 0.5384220693208883,
    "best_sse": 946.8840518073312,
    "weights": {
        "alpha": 0.47,
        "beta": 0.53,
        "gamma": 0.0
    },
    "total_runtime_sec": 4.955348491668701
}