{
    "core_count": 143,
    "border_count": 29,
    "noise_count": 236,
    "noise_ratio": 0.5784313725490197,
    "neighbor_hist": [
        0,
        156,
        54,
        39,
        16,
        19,
        15,
        8,
        4,
        3,
        1,
        4,
        4,
        4,
        2,
        12,
        3,
        8,
        7,
        1,
        1,
        3,
        1,
        4,
        0,
        1,
        4,
        2,
        3,
        1,
        4,
        1,
        2,
        2,
        3,
        1,
        2,
        1,
        3,
        2,
        1,
        4,
        0,
        2
    ],
    "combined_score": 0.37547349511149547,
    "silhouette": -0.035646981018017374,
    "davies_bouldin": 2.1859567102743127,
    "sse": 356.66824972785827,
    "weights": {
        "alpha": 0.47,
        "beta": 0.53,
        "gamma": 0.0
    }
}