{
    "n_trials": 30,
    "avg_iterations": 8.9,
    "median_iterations": 8.0,
    "avg_auc_delta": 7.357656798560805,
    "avg_geo_decay": 0.5551634563983495,
    "best_k": 11,
    "best_combined_score": 0.5775627944268766,
    "best_sse": 1584.9925026021842,
    "weights": {
        "alpha": 0.47,
        "beta": 0.53,
        "gamma": 0.0
    },
    "total_runtime_sec": 1.4730327129364014
}