{
    "centroid_movements": [
        1.1143407776375335e-15
    ],
    "sse_list": [
        1364.7877921272595,
        1364.7877921272595
    ],
    "final_iteration": 2
}