{
    "n_trials": 31,
    "avg_iterations": 19.29032258064516,
    "median_iterations": 16.0,
    "avg_auc_delta": 10.538266864951988,
    "avg_geo_decay": 0.6940078250954181,
    "best_k": 42,
    "best_combined_score": 0.6479674524057588,
    "best_sse": 1430.715733985085,
    "total_runtime_sec": 9.718729257583618
}