{
    "n_trials": 31,
    "avg_iterations": 15.96774193548387,
    "median_iterations": 17.0,
    "avg_auc_delta": 11.508264490472099,
    "avg_geo_decay": 0.6534499370109772,
    "best_k": 21,
    "best_combined_score": 0.5901919757357629,
    "best_sse": 2778.5608723630244,
    "weights": {
        "alpha": 0.47,
        "beta": 0.53,
        "gamma": 0.0
    },
    "total_runtime_sec": 124.2864761352539
}