{
    "clean_state": "raw",
    "best_k": 5,
    "linkage": "single",
    "metric": "manhattan",
    "combined": 3.694201128942193,
    "silhouette": 0.7489613918753546,
    "davies_bouldin": 0.15061509247255336,
    "intra_dist_mean": 3.9132175823956743,
    "inter_dist_mean": 20.546496882590457,
    "ratio_intra_inter": 0.19045668002467359,
    "n_merge_steps": 999,
    "h_max": 16.612569575953895,
    "total_runtime_sec": 17.210777282714844
}