{
    "clean_state": "raw",
    "best_k": 5,
    "linkage": "single",
    "metric": "manhattan",
    "combined": 0.821524116517431,
    "silhouette": 0.6461469371015345,
    "davies_bouldin": 0.2192816697606518,
    "sse": 8226.999728455703,
    "weights": {
        "alpha": 0.47,
        "beta": 0.53,
        "gamma": 0.0
    },
    "intra_dist_mean": 3.755499078415874,
    "inter_dist_mean": 17.181260903580895,
    "ratio_intra_inter": 0.21858110993663682,
    "n_merge_steps": 999,
    "h_max": 14.934405226520594,
    "total_runtime_sec": 22.636709451675415
}