{
    "core_count": 808,
    "border_count": 14,
    "noise_count": 61,
    "noise_ratio": 0.06908267270668177,
    "neighbor_hist": [
        0,
        35,
        21,
        8,
        11,
        12,
        7,
        2,
        11,
        4,
        2,
        3,
        1,
        2,
        2,
        1,
        2,
        7,
        20,
        2,
        9,
        4,
        1,
        2,
        3,
        1,
        3,
        2,
        3,
        3,
        1,
        3,
        4,
        6,
        1,
        3,
        4,
        3,
        3,
        1,
        5,
        0,
        5,
        2,
        4,
        3,
        1,
        2,
        2,
        646
    ],
    "combined_score": 0.5352510836404787,
    "silhouette": 0.5654194520417418,
    "davies_bouldin": 1.3920830718420476,
    "sse": 2598.951943779301,
    "weights": {
        "alpha": 0.47,
        "beta": 0.53,
        "gamma": 0.0
    }
}