{
    "clean_state": "raw",
    "best_k": 17,
    "best_cov_type": "tied",
    "best_combined": 0.46930916610185885,
    "best_silhouette": 0.17620410900945035,
    "best_db": 1.3116229597741837,
    "n_iter_final": 1,
    "ll_curve_final": [
        -12.423093502751188,
        -12.076299236921518,
        -12.031496007548599,
        -12.020726313937628,
        -12.019669464942204,
        -12.018837482408124
    ],
    "total_runtime_sec": 5.377976894378662
}