{
    "clean_state": "raw",
    "best_k": 40,
    "best_cov_type": "tied",
    "best_combined": 0.5549836599860145,
    "best_silhouette": 0.2789214690178481,
    "best_db": 1.0129444210095195,
    "best_sse": 1669.1003702773382,
    "weights": {
        "alpha": 0.47,
        "beta": 0.53,
        "gamma": 0.0
    },
    "n_iter_final": 1,
    "ll_curve_final": [
        -5.478454288115341,
        -5.391824199149783,
        -5.355370229788086,
        -5.298405256737658,
        -5.272692541611312,
        -5.245045064150459,
        -5.221254547284845,
        -5.217598075732543,
        -5.213223652828833,
        -5.209903757081092,
        -5.206233479934849,
        -5.2019529116525325,
        -5.199149157165235,
        -5.194678436159353,
        -5.192870564813161,
        -5.191809672138853,
        -5.190975252472141
    ],
    "total_runtime_sec": 19.892385482788086
}