{
    "clean_state": "raw",
    "best_k": 11,
    "best_cov_type": "tied",
    "best_combined": 1.1099067800296343,
    "best_silhouette": 0.5605083389560166,
    "best_db": 0.6026618775628948,
    "n_iter_final": 1,
    "ll_curve_final": [
        1.3429109831632442,
        2.386825185503044,
        2.440716089283654,
        2.4427058434550437,
        2.442713813296069
    ],
    "total_runtime_sec": 1.526808738708496
}