{
    "n_trials": 31,
    "avg_iterations": 9.290322580645162,
    "median_iterations": 9.0,
    "avg_auc_delta": 15.135963953842626,
    "avg_geo_decay": 0.650822358197161,
    "best_k": 12,
    "best_combined_score": 0.2831065631912758,
    "best_sse": 1906.9730520552494,
    "total_runtime_sec": 4.6918299198150635
}