{
    "n_trials": 30,
    "avg_iterations": 9.633333333333333,
    "median_iterations": 9.0,
    "avg_auc_delta": 5.519138843576261,
    "avg_geo_decay": 0.5768843747026927,
    "best_k": 13,
    "best_combined_score": 0.5094336839792966,
    "best_sse": 1874.8563708760576,
    "weights": {
        "alpha": 0.47,
        "beta": 0.53,
        "gamma": 0.0
    },
    "total_runtime_sec": 1.286301612854004
}