{
    "n_trials": 31,
    "avg_iterations": 10.870967741935484,
    "median_iterations": 9.0,
    "avg_auc_delta": 9.528220241140978,
    "avg_geo_decay": 0.4898224844124688,
    "best_k": 16,
    "best_combined_score": 0.6355915786867558,
    "best_sse": 630.1600987828335,
    "weights": {
        "alpha": 0.47,
        "beta": 0.53,
        "gamma": 0.0
    },
    "total_runtime_sec": 3.7533652782440186
}