{
    "core_count": 57,
    "border_count": 6,
    "noise_count": 15,
    "noise_ratio": 0.19230769230769232,
    "neighbor_hist": [
        0,
        10,
        2,
        5,
        0,
        0,
        2,
        2,
        1,
        1,
        0,
        0,
        0,
        1,
        0,
        15,
        0,
        0,
        0,
        0,
        0,
        0,
        0,
        0,
        0,
        0,
        0,
        0,
        1,
        0,
        0,
        0,
        0,
        0,
        0,
        0,
        0,
        0,
        1,
        28,
        7,
        2
    ],
    "combined_score": 0.44963637791698763,
    "silhouette": 0.409915871286037,
    "davies_bouldin": 1.938326212789363,
    "sse": 80.43302104284604,
    "weights": {
        "alpha": 0.47,
        "beta": 0.53,
        "gamma": 0.0
    }
}