{
    "n_trials": 31,
    "avg_iterations": 12.774193548387096,
    "median_iterations": 12.0,
    "avg_auc_delta": 9.03933909385354,
    "avg_geo_decay": 0.6265230173376075,
    "best_k": 34,
    "best_combined_score": 0.6260581745114694,
    "best_sse": 1074.3363776983083,
    "total_runtime_sec": 7.82435154914856
}