{
    "n_trials": 20,
    "avg_iterations": 8.15,
    "median_iterations": 5.0,
    "avg_auc_delta": 5.85270225959318,
    "avg_geo_decay": 0.5214286422732245,
    "best_k": 8,
    "best_combined_score": 0.5522372932042187,
    "best_sse": 1071.0542023999185,
    "weights": {
        "alpha": 0.47,
        "beta": 0.53,
        "gamma": 0.0
    },
    "total_runtime_sec": 1.440380573272705
}