{
    "clean_state": "raw",
    "best_k": 9,
    "best_cov_type": "tied",
    "best_combined": 0.7328740186431302,
    "best_silhouette": 0.5872572657366134,
    "best_db": 0.4571216231563816,
    "best_sse": 325.94844465920124,
    "weights": {
        "alpha": 0.47,
        "beta": 0.53,
        "gamma": 0.0
    },
    "n_iter_final": 1,
    "ll_curve_final": [
        10.515069967752414,
        10.587232821068419,
        10.592372283318419,
        10.596771229126587,
        10.600822879025968,
        10.600964642066241
    ],
    "total_runtime_sec": 2.4506375789642334
}