{
    "n_trials": 30,
    "avg_iterations": 13.233333333333333,
    "median_iterations": 13.0,
    "avg_auc_delta": 7.356446753998902,
    "avg_geo_decay": 0.6788659120505857,
    "best_k": 33,
    "best_combined_score": 0.5528325847887137,
    "best_sse": 1339.8890842994178,
    "total_runtime_sec": 1.5591151714324951
}