{
    "n_trials": 30,
    "avg_iterations": 8.233333333333333,
    "median_iterations": 8.0,
    "avg_auc_delta": 10.566126820588389,
    "avg_geo_decay": 0.5229219628376417,
    "best_k": 20,
    "best_combined_score": 0.4964164977038148,
    "best_sse": 3463.290304727056,
    "weights": {
        "alpha": 0.47,
        "beta": 0.53,
        "gamma": 0.0
    },
    "total_runtime_sec": 1.338951587677002
}