{
    "core_count": 860,
    "border_count": 31,
    "noise_count": 32,
    "noise_ratio": 0.03466955579631636,
    "neighbor_hist": [
        0,
        11,
        8,
        12,
        11,
        21,
        9,
        9,
        12,
        10,
        6,
        19,
        10,
        9,
        5,
        6,
        3,
        17,
        15,
        3,
        8,
        10,
        17,
        7,
        9,
        7,
        7,
        6,
        5,
        4,
        6,
        6,
        2,
        4,
        3,
        4,
        1,
        7,
        3,
        11,
        3,
        6,
        9,
        5,
        2,
        10,
        5,
        4,
        6,
        550
    ],
    "combined_score": 0.5411393878332635,
    "silhouette": 0.43942846299033084,
    "davies_bouldin": 1.2545580087822188,
    "sse": 5437.394839030673,
    "weights": {
        "alpha": 0.47,
        "beta": 0.53,
        "gamma": 0.0
    }
}