{
    "n_trials": 31,
    "avg_iterations": 17.774193548387096,
    "median_iterations": 18.0,
    "avg_auc_delta": 15.387575248329052,
    "avg_geo_decay": 0.7134517055375587,
    "best_k": 40,
    "best_combined_score": 0.5012623911629691,
    "best_sse": 3601.699688367613,
    "weights": {
        "alpha": 0.47,
        "beta": 0.53,
        "gamma": 0.0
    },
    "total_runtime_sec": 13.623384714126587
}