{
    "n_trials": 31,
    "avg_iterations": 12.774193548387096,
    "median_iterations": 12.0,
    "avg_auc_delta": 7.11157371060454,
    "avg_geo_decay": 0.6274752911922102,
    "best_k": 38,
    "best_combined_score": 0.6061740820362111,
    "best_sse": 935.7389261609476,
    "weights": {
        "alpha": 0.47,
        "beta": 0.53,
        "gamma": 0.0
    },
    "total_runtime_sec": 11.400980234146118
}