{
    "n_trials": 31,
    "avg_iterations": 8.35483870967742,
    "median_iterations": 8.0,
    "avg_auc_delta": 7.466071694640527,
    "avg_geo_decay": 0.5364117106077854,
    "best_k": 42,
    "best_combined_score": 0.6082313022342324,
    "best_sse": 1596.205102213637,
    "weights": {
        "alpha": 0.47,
        "beta": 0.53,
        "gamma": 0.0
    },
    "total_runtime_sec": 90.82189559936523
}