{
    "clean_state": "raw",
    "best_k": 23,
    "best_cov_type": "spherical",
    "best_combined": 0.45538395127715586,
    "best_silhouette": 0.19823933660982362,
    "best_db": 1.4034525039349908,
    "n_iter_final": 1,
    "ll_curve_final": [
        -7.569935525673163,
        -7.5003634452367445,
        -7.442284242559416,
        -7.41027786385223,
        -7.375448757567568,
        -7.36334364941291,
        -7.353671862941263,
        -7.344618343349234,
        -7.3373825668612715,
        -7.330352856461066,
        -7.320749261504014,
        -7.311163259394695,
        -7.305801482889372,
        -7.302287401576398,
        -7.29955029916864,
        -7.297260170776893,
        -7.295075700289249,
        -7.292890058026104,
        -7.290896709202632,
        -7.28927068023423,
        -7.288039237682097,
        -7.287168862397285
    ],
    "total_runtime_sec": 21.772239208221436
}