{
    "clean_state": "raw",
    "best_k": 30,
    "best_cov_type": "tied",
    "best_combined": 0.4563089115101105,
    "best_silhouette": 0.1736684487307459,
    "best_db": 1.6237551634405996,
    "best_sse": 6963.967752977987,
    "weights": {
        "alpha": 0.47,
        "beta": 0.53,
        "gamma": 0.0
    },
    "n_iter_final": 1,
    "ll_curve_final": [
        -17.57212167195355,
        -17.416232311744256,
        -17.22356136872152,
        -17.1218498898937,
        -17.02011389077368,
        -16.846780740567016,
        -16.667349816512942,
        -16.633569694515074,
        -16.632313511058186,
        -16.62982333990171,
        -16.61871088030187,
        -16.60511950505674,
        -16.604676976596654
    ],
    "total_runtime_sec": 14.768407106399536
}