{
    "clean_state": "raw",
    "best_k": 5,
    "linkage": "single",
    "metric": "manhattan",
    "combined": 2.1028890990489235,
    "silhouette": 0.5905606307771347,
    "davies_bouldin": 0.27660852531791436,
    "intra_dist_mean": 2.638367199914077,
    "inter_dist_mean": 8.59662722743425,
    "ratio_intra_inter": 0.3069072474718922,
    "n_merge_steps": 137,
    "total_runtime_sec": 1.8175585269927979
}