{
    "clean_state": "raw",
    "best_k": 5,
    "linkage": "single",
    "metric": "euclidean",
    "combined": 2.1028891259085567,
    "silhouette": 0.5905606307783263,
    "davies_bouldin": 0.27660852120782226,
    "intra_dist_mean": 2.638367199904329,
    "inter_dist_mean": 8.59662722743425,
    "ratio_intra_inter": 0.30690724747075826,
    "n_merge_steps": 137,
    "h_max": 10.20851470516863,
    "total_runtime_sec": 0.7471606731414795
}