{
    "n_trials": 31,
    "avg_iterations": 5.903225806451613,
    "median_iterations": 6.0,
    "avg_auc_delta": 15.315833128002152,
    "avg_geo_decay": 0.9821967738054468,
    "best_k": 17,
    "best_combined_score": 0.637217007406687,
    "best_sse": 1850.3204068138873,
    "weights": {
        "alpha": 0.47,
        "beta": 0.53,
        "gamma": 0.0
    },
    "total_runtime_sec": 2.7724192142486572
}