{
    "centroid_movements": [
        1.4885029276213145e-15
    ],
    "sse_list": [
        1520.0967584264008,
        1520.0967584264008
    ],
    "final_iteration": 2
}