{
    "n_trials": 31,
    "avg_iterations": 14.03225806451613,
    "median_iterations": 13.0,
    "avg_auc_delta": 9.643752196385872,
    "avg_geo_decay": 0.6368382432571448,
    "best_k": 48,
    "best_combined_score": 0.7569567674356196,
    "best_sse": 1331.295023353447,
    "total_runtime_sec": 10.062633991241455
}