{
    "n_trials": 30,
    "avg_iterations": 9.933333333333334,
    "median_iterations": 12.0,
    "avg_auc_delta": 5.372969100824915,
    "avg_geo_decay": 0.4964836494573603,
    "best_k": 48,
    "best_combined_score": 0.7620043737806745,
    "best_sse": 1310.4698549478821,
    "total_runtime_sec": 3.816030502319336
}