{
    "n_trials": 30,
    "avg_iterations": 13.466666666666667,
    "median_iterations": 13.5,
    "avg_auc_delta": 7.284567008721533,
    "avg_geo_decay": 0.642013684623419,
    "best_k": 9,
    "best_combined_score": 0.5657220604053591,
    "best_sse": 3605.101098073339,
    "weights": {
        "alpha": 0.47,
        "beta": 0.53,
        "gamma": 0.0
    },
    "total_runtime_sec": 5.884441137313843
}