{
    "n_trials": 31,
    "avg_iterations": 5.032258064516129,
    "median_iterations": 5.0,
    "avg_auc_delta": 6.660849460540959,
    "avg_geo_decay": 0.3551490527245972,
    "best_k": 18,
    "best_combined_score": 0.5108338417057673,
    "best_sse": 5933.162550842659,
    "weights": {
        "alpha": 0.47,
        "beta": 0.53,
        "gamma": 0.0
    },
    "total_runtime_sec": 3.0444610118865967
}