{
    "n_trials": 31,
    "avg_iterations": 6.129032258064516,
    "median_iterations": 6.0,
    "avg_auc_delta": 4.134104887544118,
    "avg_geo_decay": 0.5161000688668405,
    "best_k": 8,
    "best_combined_score": 0.5367686892174024,
    "best_sse": 1219.1936414478007,
    "weights": {
        "alpha": 0.47,
        "beta": 0.53,
        "gamma": 0.0
    },
    "total_runtime_sec": 0.8757278919219971
}