{
    "clean_state": "raw",
    "best_k": 6,
    "linkage": "single",
    "metric": "manhattan",
    "combined": 2.2062742756357148,
    "silhouette": 0.6875067482781729,
    "davies_bouldin": 0.2684533631800991,
    "intra_dist_mean": 2.9541583775309004,
    "inter_dist_mean": 15.133077966546438,
    "ratio_intra_inter": 0.1952119974575722,
    "n_merge_steps": 899,
    "h_max": 28.280022378150292,
    "total_runtime_sec": 12.450929880142212
}