{
    "n_trials": 31,
    "avg_iterations": 15.258064516129032,
    "median_iterations": 15.0,
    "avg_auc_delta": 13.018280761163606,
    "avg_geo_decay": 0.6797607879358227,
    "best_k": 31,
    "best_combined_score": 0.5155445365761037,
    "best_sse": 1448.4941545321917,
    "total_runtime_sec": 8.04149079322815
}