{
    "n_trials": 30,
    "avg_iterations": 12.8,
    "median_iterations": 11.5,
    "avg_auc_delta": 8.538641703374282,
    "avg_geo_decay": 0.6493406810627521,
    "best_k": 31,
    "best_combined_score": 0.5241159980522644,
    "best_sse": 1368.0101417445796,
    "total_runtime_sec": 1.3384547233581543
}