{
    "n_trials": 31,
    "avg_iterations": 14.35483870967742,
    "median_iterations": 13.0,
    "avg_auc_delta": 10.750523411928755,
    "avg_geo_decay": 0.6377738364594031,
    "best_k": 48,
    "best_combined_score": 0.5838708005878089,
    "best_sse": 1529.9582376274318,
    "weights": {
        "alpha": 0.47,
        "beta": 0.53,
        "gamma": 0.0
    },
    "total_runtime_sec": 14.673181295394897
}