{
    "core_count": 881,
    "border_count": 9,
    "noise_count": 9,
    "noise_ratio": 0.010011123470522803,
    "neighbor_hist": [
        0,
        1,
        5,
        6,
        6,
        5,
        3,
        8,
        0,
        11,
        4,
        2,
        9,
        9,
        9,
        18,
        6,
        10,
        3,
        4,
        18,
        3,
        2,
        5,
        2,
        2,
        3,
        0,
        2,
        0,
        4,
        2,
        2,
        4,
        2,
        5,
        2,
        6,
        6,
        3,
        0,
        1,
        2,
        2,
        1,
        1,
        5,
        0,
        7,
        688
    ],
    "combined_score": 0.5244742932401473,
    "silhouette": 0.3469065709067031,
    "davies_bouldin": 1.2807088084667555,
    "sse": 4221.911257491927,
    "weights": {
        "alpha": 0.47,
        "beta": 0.53,
        "gamma": 0.0
    }
}