{
    "n_trials": 31,
    "avg_iterations": 11.161290322580646,
    "median_iterations": 11.0,
    "avg_auc_delta": 7.593327701276509,
    "avg_geo_decay": 0.6222258734499613,
    "best_k": 48,
    "best_combined_score": 0.9608759987022819,
    "best_sse": 697.2576836856324,
    "total_runtime_sec": 16.085398197174072
}