{
    "centroid_movements": [
        1.0617008130322471e-15
    ],
    "sse_list": [
        991.6565590709886,
        991.6565590709887
    ],
    "final_iteration": 2
}