{
    "n_trials": 31,
    "avg_iterations": 10.870967741935484,
    "median_iterations": 11.0,
    "avg_auc_delta": 7.150501461473117,
    "avg_geo_decay": 0.5802714306319225,
    "best_k": 48,
    "best_combined_score": 0.940934691478281,
    "best_sse": 713.0424355815378,
    "total_runtime_sec": 16.179580688476562
}