{
    "n_trials": 31,
    "avg_iterations": 6.645161290322581,
    "median_iterations": 6.0,
    "avg_auc_delta": 6.173693354991288,
    "avg_geo_decay": 0.3289770503463773,
    "best_k": 46,
    "best_combined_score": 0.5781846516568312,
    "best_sse": 2080.8120606654848,
    "weights": {
        "alpha": 0.47,
        "beta": 0.53,
        "gamma": 0.0
    },
    "total_runtime_sec": 46.101043462753296
}