{
    "n_trials": 30,
    "avg_iterations": 10.5,
    "median_iterations": 10.5,
    "avg_auc_delta": 6.1569379134382265,
    "avg_geo_decay": 0.5598703237119028,
    "best_k": 35,
    "best_combined_score": 0.6353363430995658,
    "best_sse": 927.1550432461297,
    "total_runtime_sec": 1.4197561740875244
}