{
    "centroid_movements": [
        5.337989652220127e-16
    ],
    "sse_list": [
        1045.8589228661685,
        1045.8589228661685
    ],
    "final_iteration": 2
}