{
    "n_trials": 20,
    "avg_iterations": 10.2,
    "median_iterations": 10.0,
    "avg_auc_delta": 6.285265673360906,
    "avg_geo_decay": 0.6219139305090126,
    "best_k": 8,
    "best_combined_score": 0.5221926367057199,
    "best_sse": 1229.1975615138313,
    "weights": {
        "alpha": 0.47,
        "beta": 0.53,
        "gamma": 0.0
    },
    "total_runtime_sec": 1.9637606143951416
}