{
    "n_trials": 30,
    "avg_iterations": 2.8,
    "median_iterations": 2.0,
    "avg_auc_delta": 1.8027830374632676,
    "avg_geo_decay": 0.1258612382129805,
    "best_k": 9,
    "best_combined_score": 0.7451864214996429,
    "best_sse": 120.04012743902615,
    "weights": {
        "alpha": 0.47,
        "beta": 0.53,
        "gamma": 0.0
    },
    "total_runtime_sec": 0.32350683212280273
}