{
    "n_trials": 30,
    "avg_iterations": 2.1666666666666665,
    "median_iterations": 2.0,
    "avg_auc_delta": 0.40691271003157065,
    "avg_geo_decay": 0.011945442473726703,
    "best_k": 14,
    "best_combined_score": 2.0302832667595787,
    "best_sse": 83.79416339147488,
    "total_runtime_sec": 0.16205883026123047
}