{
    "n_trials": 31,
    "avg_iterations": 2.7419354838709675,
    "median_iterations": 3.0,
    "avg_auc_delta": 2.742185584004976,
    "avg_geo_decay": 0.18112521239398557,
    "best_k": 14,
    "best_combined_score": 1.02456215561453,
    "best_sse": 128.4063392252072,
    "total_runtime_sec": 2.1001548767089844
}