{
    "clean_state": "raw",
    "best_k": 5,
    "linkage": "single",
    "metric": "euclidean",
    "combined": 1.3764476412325761,
    "silhouette": 0.534754515955094,
    "davies_bouldin": 0.45082801556069124,
    "intra_dist_mean": 4.839342832789577,
    "inter_dist_mean": 12.81402311482775,
    "ratio_intra_inter": 0.3776599112880757,
    "n_merge_steps": 999,
    "h_max": 9.215892613539774,
    "total_runtime_sec": 17.881818294525146
}