{
    "clean_state": "raw",
    "best_k": 5,
    "linkage": "single",
    "metric": "manhattan",
    "combined": 1.3764476212902736,
    "silhouette": 0.534754515955094,
    "davies_bouldin": 0.4508280236670738,
    "intra_dist_mean": 4.839342832789577,
    "inter_dist_mean": 12.81402311482775,
    "ratio_intra_inter": 0.3776599112880757,
    "n_merge_steps": 999,
    "total_runtime_sec": 33.59332871437073
}