{
    "n_trials": 31,
    "avg_iterations": 14.451612903225806,
    "median_iterations": 14.0,
    "avg_auc_delta": 11.317628724239878,
    "avg_geo_decay": 0.7241114927188966,
    "best_k": 29,
    "best_combined_score": 0.5517480545685827,
    "best_sse": 1253.5495124510976,
    "total_runtime_sec": 11.351681470870972
}