{
    "n_trials": 30,
    "avg_iterations": 11.933333333333334,
    "median_iterations": 9.5,
    "avg_auc_delta": 8.024102383531904,
    "avg_geo_decay": 0.6207698237363589,
    "best_k": 8,
    "best_combined_score": 0.5447445751991049,
    "best_sse": 2909.4757848720383,
    "weights": {
        "alpha": 0.47,
        "beta": 0.53,
        "gamma": 0.0
    },
    "total_runtime_sec": 1.510815143585205
}