{
    "centroid_movements": [
        8.401177544157504e-16
    ],
    "sse_list": [
        1300.108309271436,
        1300.108309271436
    ],
    "final_iteration": 2
}