{
    "n_trials": 30,
    "avg_iterations": 12.533333333333333,
    "median_iterations": 12.0,
    "avg_auc_delta": 7.188442185963396,
    "avg_geo_decay": 0.730158013932276,
    "best_k": 29,
    "best_combined_score": 0.5236619762647541,
    "best_sse": 1192.9949934484177,
    "total_runtime_sec": 0.8752613067626953
}