{
    "n_trials": 31,
    "avg_iterations": 10.96774193548387,
    "median_iterations": 10.0,
    "avg_auc_delta": 21.513724379205836,
    "avg_geo_decay": 0.6072805626400356,
    "best_k": 31,
    "best_combined_score": 0.41604838345730616,
    "best_sse": 6713.244205036273,
    "total_runtime_sec": 7.080333948135376
}