{
    "n_trials": 30,
    "avg_iterations": 15.1,
    "median_iterations": 13.5,
    "avg_auc_delta": 8.116402560311812,
    "avg_geo_decay": 0.6642376855555223,
    "best_k": 38,
    "best_combined_score": 0.5600269804992608,
    "best_sse": 2324.767825049086,
    "weights": {
        "alpha": 0.47,
        "beta": 0.53,
        "gamma": 0.0
    },
    "total_runtime_sec": 6.213732719421387
}