{
    "n_trials": 31,
    "avg_iterations": 5.161290322580645,
    "median_iterations": 4.0,
    "avg_auc_delta": 4.195934865125516,
    "avg_geo_decay": 0.3129529425983703,
    "best_k": 19,
    "best_combined_score": 0.4820667239393834,
    "best_sse": 3042.2823181314907,
    "weights": {
        "alpha": 0.47,
        "beta": 0.53,
        "gamma": 0.0
    },
    "total_runtime_sec": 0.9069740772247314
}