{
    "clean_state": "raw",
    "best_k": 14,
    "best_cov_type": "full",
    "best_combined": 2.0302832573445,
    "best_silhouette": 0.7477993842878576,
    "best_db": 0.3018624493170789,
    "n_iter_final": 1,
    "ll_curve_final": [
        29.88343460648667,
        29.883429029917497
    ],
    "total_runtime_sec": 1.2208287715911865
}