{
    "n_trials": 31,
    "avg_iterations": 14.774193548387096,
    "median_iterations": 13.0,
    "avg_auc_delta": 13.00359146194871,
    "avg_geo_decay": 0.6680722073345409,
    "best_k": 30,
    "best_combined_score": 0.5320780847375118,
    "best_sse": 2197.3191346515223,
    "weights": {
        "alpha": 0.47,
        "beta": 0.53,
        "gamma": 0.0
    },
    "total_runtime_sec": 271.013546705246
}