{
    "clean_state": "raw",
    "best_k": 12,
    "best_cov_type": "spherical",
    "best_combined": 0.8979202840786195,
    "best_silhouette": 0.4066321956994064,
    "best_db": 0.7198344178064285,
    "n_iter_final": 1,
    "ll_curve_final": [
        -3.4851488060303444,
        -3.4777994166095025,
        -3.4760391031249083,
        -3.475464729264995
    ],
    "total_runtime_sec": 42.260331869125366
}