{
    "n_trials": 31,
    "avg_iterations": 10.064516129032258,
    "median_iterations": 10.0,
    "avg_auc_delta": 17.0119253960466,
    "avg_geo_decay": 0.5348375628427953,
    "best_k": 25,
    "best_combined_score": 0.5419818290986003,
    "best_sse": 3463.3558628478786,
    "total_runtime_sec": 6.297731399536133
}