{
    "n_trials": 30,
    "avg_iterations": 15.5,
    "median_iterations": 14.5,
    "avg_auc_delta": 5.208971319309368,
    "avg_geo_decay": 0.6409121093652209,
    "best_k": 5,
    "best_combined_score": 0.6426317490654705,
    "best_sse": 5777.262164885181,
    "weights": {
        "alpha": 0.47,
        "beta": 0.53,
        "gamma": 0.0
    },
    "total_runtime_sec": 4.904679775238037
}