{
    "n_trials": 30,
    "avg_iterations": 7.2,
    "median_iterations": 7.0,
    "avg_auc_delta": 10.359447332755982,
    "avg_geo_decay": 0.3984996097944542,
    "best_k": 25,
    "best_combined_score": 0.5522622249783783,
    "best_sse": 3323.306274467939,
    "total_runtime_sec": 0.7763786315917969
}