{
    "clean_state": "raw",
    "best_k": 25,
    "best_cov_type": "spherical",
    "best_combined": 0.5526557747084032,
    "best_silhouette": 0.25583598936584,
    "best_db": 1.0017720802530328,
    "best_sse": 1028.1482375690507,
    "weights": {
        "alpha": 0.47,
        "beta": 0.53,
        "gamma": 0.0
    },
    "n_iter_final": 1,
    "ll_curve_final": [
        -5.490051091581918,
        -5.428646925775607,
        -5.400556158801344,
        -5.3855556111868985,
        -5.373882144396408,
        -5.365223245172227,
        -5.357299943078606,
        -5.350214836033581,
        -5.34460536018644,
        -5.339396069005549,
        -5.332878286708534,
        -5.327189362803915,
        -5.324892580463586,
        -5.324217051166681
    ],
    "total_runtime_sec": 10.899069547653198
}