{
    "clean_state": "raw",
    "best_k": 32,
    "best_cov_type": "tied",
    "best_combined": 0.8201217255046213,
    "best_silhouette": 0.4633737345340366,
    "best_db": 0.8497117276456555,
    "n_iter_final": 1,
    "ll_curve_final": [
        -1.7143712547634222,
        -0.5094298886164079,
        -0.4036131781066975,
        -0.30165862938607846,
        -0.00720979127813389,
        0.008102993687405744,
        0.013851946483764104,
        0.01673409571652784,
        0.018425243782205496,
        0.0210581718318271,
        0.02782422957916495,
        0.040941219738263625,
        0.04215589709616073,
        0.04291419235870436
    ],
    "total_runtime_sec": 51.58655405044556
}