{
    "clean_state": "raw",
    "best_k": 28,
    "best_cov_type": "tied",
    "best_combined": 0.5029954632695319,
    "best_silhouette": 0.2258869737123556,
    "best_db": 1.3043354083448035,
    "best_sse": 6062.596166790848,
    "weights": {
        "alpha": 0.47,
        "beta": 0.53,
        "gamma": 0.0
    },
    "n_iter_final": 1,
    "ll_curve_final": [
        -15.494236545660012,
        -14.65303377117449,
        -14.518513332820737,
        -14.47893511726546,
        -14.413370154649984,
        -14.321332051734723,
        -14.28204010844805,
        -14.246815874526394,
        -14.24637943942698
    ],
    "total_runtime_sec": 15.073663234710693
}