{
    "n_trials": 30,
    "avg_iterations": 13.166666666666666,
    "median_iterations": 12.0,
    "avg_auc_delta": 18.523714816921785,
    "avg_geo_decay": 0.6924097429747514,
    "best_k": 31,
    "best_combined_score": 0.25556973191684396,
    "best_sse": 9703.375305954021,
    "total_runtime_sec": 2.0293631553649902
}