{
    "n_trials": 31,
    "avg_iterations": 18.35483870967742,
    "median_iterations": 17.0,
    "avg_auc_delta": 25.95631706756517,
    "avg_geo_decay": 0.7638322286463435,
    "best_k": 31,
    "best_combined_score": 0.26229008624959815,
    "best_sse": 9745.228197213368,
    "total_runtime_sec": 7.2552666664123535
}