{
    "n_trials": 30,
    "avg_iterations": 10.3,
    "median_iterations": 11.0,
    "avg_auc_delta": 6.775011367942034,
    "avg_geo_decay": 0.5861965259350722,
    "best_k": 41,
    "best_combined_score": 0.5810489889410042,
    "best_sse": 1793.028172403768,
    "weights": {
        "alpha": 0.47,
        "beta": 0.53,
        "gamma": 0.0
    },
    "total_runtime_sec": 5.51727819442749
}