{
    "n_trials": 31,
    "avg_iterations": 7.580645161290323,
    "median_iterations": 7.0,
    "avg_auc_delta": 7.770628863710072,
    "avg_geo_decay": 0.4197666499772297,
    "best_k": 9,
    "best_combined_score": 0.5066869615433748,
    "best_sse": 2791.5260013958127,
    "weights": {
        "alpha": 0.47,
        "beta": 0.53,
        "gamma": 0.0
    },
    "total_runtime_sec": 14.728260040283203
}