{
    "n_trials": 31,
    "avg_iterations": 14.225806451612904,
    "median_iterations": 13.0,
    "avg_auc_delta": 10.955633367560607,
    "avg_geo_decay": 0.6556906063742689,
    "best_k": 31,
    "best_combined_score": 0.6169555883748781,
    "best_sse": 912.3375363418984,
    "total_runtime_sec": 4.722912073135376
}