{
    "n_trials": 30,
    "avg_iterations": 10.7,
    "median_iterations": 9.0,
    "avg_auc_delta": 7.433149950929539,
    "avg_geo_decay": 0.5314532135701164,
    "best_k": 31,
    "best_combined_score": 0.5942031222164624,
    "best_sse": 860.4425595583098,
    "total_runtime_sec": 1.181771993637085
}