{
    "n_trials": 31,
    "avg_iterations": 16.838709677419356,
    "median_iterations": 16.0,
    "avg_auc_delta": 12.779496944605764,
    "avg_geo_decay": 0.7155105004059056,
    "best_k": 21,
    "best_combined_score": 0.5205059427879221,
    "best_sse": 1744.1028667657436,
    "weights": {
        "alpha": 0.47,
        "beta": 0.53,
        "gamma": 0.0
    },
    "total_runtime_sec": 24.891825914382935
}