{
    "n_trials": 31,
    "avg_iterations": 16.225806451612904,
    "median_iterations": 15.0,
    "avg_auc_delta": 13.812099415824772,
    "avg_geo_decay": 0.6525108681813454,
    "best_k": 12,
    "best_combined_score": 0.5516842206221293,
    "best_sse": 4625.7387443901525,
    "weights": {
        "alpha": 0.47,
        "beta": 0.53,
        "gamma": 0.0
    },
    "total_runtime_sec": 7.6339497566223145
}