{
    "n_trials": 31,
    "avg_iterations": 9.741935483870968,
    "median_iterations": 9.0,
    "avg_auc_delta": 9.767034460163105,
    "avg_geo_decay": 0.4937900039322623,
    "best_k": 30,
    "best_combined_score": 0.8002487667421765,
    "best_sse": 566.1603469151248,
    "total_runtime_sec": 8.762688398361206
}