{
    "n_trials": 30,
    "avg_iterations": 6.833333333333333,
    "median_iterations": 6.0,
    "avg_auc_delta": 6.468387933829854,
    "avg_geo_decay": 0.37819951244663164,
    "best_k": 30,
    "best_combined_score": 0.9328719300579467,
    "best_sse": 474.44855735945447,
    "total_runtime_sec": 0.8931305408477783
}