{
    "n_trials": 30,
    "avg_iterations": 9.933333333333334,
    "median_iterations": 8.0,
    "avg_auc_delta": 6.6386723505724285,
    "avg_geo_decay": 0.41372123787466103,
    "best_k": 7,
    "best_combined_score": 0.6892115371818728,
    "best_sse": 1805.1558404098823,
    "weights": {
        "alpha": 0.47,
        "beta": 0.53,
        "gamma": 0.0
    },
    "total_runtime_sec": 1.7248215675354004
}