{
    "n_trials": 30,
    "avg_iterations": 10.633333333333333,
    "median_iterations": 11.0,
    "avg_auc_delta": 6.987017957182554,
    "avg_geo_decay": 0.5805572960403619,
    "best_k": 33,
    "best_combined_score": 0.6721903025312409,
    "best_sse": 975.1566833184716,
    "total_runtime_sec": 1.2709784507751465
}