{
    "n_trials": 20,
    "avg_iterations": 11.0,
    "median_iterations": 11.0,
    "avg_auc_delta": 8.108405269672193,
    "avg_geo_decay": 0.5456954795701129,
    "best_k": 9,
    "best_combined_score": 0.5490901003310624,
    "best_sse": 3206.5931303209945,
    "weights": {
        "alpha": 0.47,
        "beta": 0.53,
        "gamma": 0.0
    },
    "total_runtime_sec": 1.7520849704742432
}