{
    "n_trials": 31,
    "avg_iterations": 14.774193548387096,
    "median_iterations": 13.0,
    "avg_auc_delta": 11.42543324094278,
    "avg_geo_decay": 0.6622095269694569,
    "best_k": 33,
    "best_combined_score": 0.5981657613541526,
    "best_sse": 1145.6351016841074,
    "total_runtime_sec": 9.689709663391113
}