{
    "n_trials": 31,
    "avg_iterations": 5.774193548387097,
    "median_iterations": 5.0,
    "avg_auc_delta": 6.003444689910345,
    "avg_geo_decay": 0.48240819811214714,
    "best_k": 8,
    "best_combined_score": 0.566602102158171,
    "best_sse": 1237.3824080424597,
    "weights": {
        "alpha": 0.47,
        "beta": 0.53,
        "gamma": 0.0
    },
    "total_runtime_sec": 1.473179817199707
}