{
    "n_trials": 31,
    "avg_iterations": 8.67741935483871,
    "median_iterations": 10.0,
    "avg_auc_delta": 15.172197951652944,
    "avg_geo_decay": 0.9044894778320683,
    "best_k": 15,
    "best_combined_score": 0.6492075407865744,
    "best_sse": 329.1438172431444,
    "weights": {
        "alpha": 0.47,
        "beta": 0.53,
        "gamma": 0.0
    },
    "total_runtime_sec": 0.7484900951385498
}