{
    "core_count": 560,
    "border_count": 19,
    "noise_count": 30,
    "noise_ratio": 0.04926108374384237,
    "neighbor_hist": [
        0,
        11,
        13,
        13,
        12,
        15,
        4,
        7,
        7,
        2,
        0,
        16,
        2,
        4,
        0,
        9,
        0,
        4,
        3,
        2,
        4,
        5,
        3,
        2,
        26,
        2,
        1,
        0,
        2,
        2,
        1,
        6,
        2,
        5,
        1,
        0,
        1,
        3,
        1,
        1,
        2,
        4,
        2,
        2,
        0,
        4,
        3,
        0,
        1,
        399
    ],
    "combined_score": 0.515807334322208,
    "silhouette": 0.4213042876305316,
    "davies_bouldin": 1.410083051794074,
    "sse": 2219.3569509509052,
    "weights": {
        "alpha": 0.47,
        "beta": 0.53,
        "gamma": 0.0
    }
}