{
    "n_trials": 31,
    "avg_iterations": 4.387096774193548,
    "median_iterations": 4.0,
    "avg_auc_delta": 5.000868282061123,
    "avg_geo_decay": 0.41258617705052886,
    "best_k": 24,
    "best_combined_score": 0.5031069170141813,
    "best_sse": 3843.8379939116344,
    "weights": {
        "alpha": 0.47,
        "beta": 0.53,
        "gamma": 0.0
    },
    "total_runtime_sec": 3.1223113536834717
}