{
    "core_count": 322,
    "border_count": 20,
    "noise_count": 27,
    "noise_ratio": 0.07317073170731707,
    "neighbor_hist": [
        0,
        18,
        11,
        11,
        7,
        9,
        16,
        5,
        7,
        6,
        4,
        3,
        6,
        5,
        2,
        5,
        3,
        4,
        3,
        3,
        1,
        7,
        4,
        3,
        3,
        9,
        3,
        2,
        1,
        3,
        1,
        5,
        3,
        5,
        4,
        3,
        3,
        10,
        6,
        1,
        0,
        1,
        2,
        1,
        1,
        0,
        0,
        0,
        1,
        158
    ],
    "combined_score": 0.4685910544578193,
    "silhouette": 0.327979369559819,
    "davies_bouldin": 1.6909710111608007,
    "sse": 1715.310619204883,
    "weights": {
        "alpha": 0.47,
        "beta": 0.53,
        "gamma": 0.0
    }
}