{
    "clean_state": "raw",
    "best_k": 5,
    "linkage": "single",
    "metric": "manhattan",
    "combined": 2.537805784194328,
    "silhouette": 0.598026390896488,
    "davies_bouldin": 0.22333466821061929,
    "intra_dist_mean": 3.190335185606735,
    "inter_dist_mean": 18.650626866280426,
    "ratio_intra_inter": 0.17105779920859177,
    "n_merge_steps": 2409,
    "h_max": 50.129395635356296,
    "total_runtime_sec": 130.59110140800476
}