{
    "clean_state": "raw",
    "best_k": 5,
    "linkage": "single",
    "metric": "manhattan",
    "combined": 2.5378057841942696,
    "silhouette": 0.5980263908963718,
    "davies_bouldin": 0.22333466821061929,
    "intra_dist_mean": 3.190335185607645,
    "inter_dist_mean": 18.650626866280426,
    "ratio_intra_inter": 0.17105779920864056,
    "n_merge_steps": 2409,
    "total_runtime_sec": 193.3880705833435
}