{
    "n_trials": 31,
    "avg_iterations": 12.064516129032258,
    "median_iterations": 11.0,
    "avg_auc_delta": 19.93034149981448,
    "avg_geo_decay": 0.684378086213999,
    "best_k": 19,
    "best_combined_score": 0.2930916059695217,
    "best_sse": 4125.319195566788,
    "total_runtime_sec": 3.8487112522125244
}