{
    "n_trials": 30,
    "avg_iterations": 12.5,
    "median_iterations": 13.0,
    "avg_auc_delta": 15.608816479527023,
    "avg_geo_decay": 0.678545927692121,
    "best_k": 19,
    "best_combined_score": 0.29063476357106616,
    "best_sse": 4114.241601072438,
    "total_runtime_sec": 0.4772510528564453
}