{
    "n_trials": 30,
    "avg_iterations": 17.066666666666666,
    "median_iterations": 18.0,
    "avg_auc_delta": 7.498349743244152,
    "avg_geo_decay": 0.7196178239485216,
    "best_k": 36,
    "best_combined_score": 0.5361735657723498,
    "best_sse": 1868.34299527428,
    "weights": {
        "alpha": 0.47,
        "beta": 0.53,
        "gamma": 0.0
    },
    "total_runtime_sec": 7.4552412033081055
}