{
    "n_trials": 31,
    "avg_iterations": 2.4838709677419355,
    "median_iterations": 2.0,
    "avg_auc_delta": 0.0,
    "avg_geo_decay": 0.0,
    "best_k": 7,
    "best_combined_score": 0.6843011337019496,
    "best_sse": 102.31282813171762,
    "weights": {
        "alpha": 0.47,
        "beta": 0.53,
        "gamma": 0.0
    },
    "total_runtime_sec": 0.22428107261657715
}