{
    "n_trials": 30,
    "avg_iterations": 12.633333333333333,
    "median_iterations": 11.0,
    "avg_auc_delta": 8.309880863637387,
    "avg_geo_decay": 0.6414040353741615,
    "best_k": 24,
    "best_combined_score": 0.5115537780135605,
    "best_sse": 1088.5999463992248,
    "total_runtime_sec": 0.49666810035705566
}