{
    "n_trials": 31,
    "avg_iterations": 13.96774193548387,
    "median_iterations": 13.0,
    "avg_auc_delta": 11.344674762136199,
    "avg_geo_decay": 0.6686497476792105,
    "best_k": 24,
    "best_combined_score": 0.48067897416529126,
    "best_sse": 1162.1917977588369,
    "total_runtime_sec": 6.5206382274627686
}