{
    "core_count": 1070,
    "border_count": 36,
    "noise_count": 51,
    "noise_ratio": 0.04407951598962835,
    "neighbor_hist": [
        0,
        21,
        20,
        6,
        7,
        6,
        9,
        7,
        11,
        17,
        3,
        7,
        8,
        7,
        9,
        5,
        7,
        6,
        3,
        1,
        5,
        6,
        8,
        15,
        3,
        5,
        2,
        0,
        4,
        5,
        9,
        7,
        6,
        3,
        4,
        7,
        4,
        4,
        4,
        6,
        11,
        2,
        6,
        7,
        5,
        4,
        3,
        3,
        1,
        848
    ],
    "combined_score": 0.4974686882682389,
    "silhouette": 0.40934896406535043,
    "davies_bouldin": 1.5343436618914517,
    "sse": 5045.693390127666,
    "weights": {
        "alpha": 0.47,
        "beta": 0.53,
        "gamma": 0.0
    }
}