{
    "clean_state": "raw",
    "best_k": 6,
    "linkage": "single",
    "metric": "manhattan",
    "combined": 2.6509407479995892,
    "silhouette": 0.6571833629501894,
    "davies_bouldin": 0.21529924472046477,
    "intra_dist_mean": 3.049736594594525,
    "inter_dist_mean": 13.158829500261307,
    "ratio_intra_inter": 0.23176351624084282,
    "n_merge_steps": 1100,
    "total_runtime_sec": 24.761284351348877
}