{
    "clean_state": "raw",
    "best_k": 6,
    "linkage": "single",
    "metric": "manhattan",
    "combined": 2.650940747999604,
    "silhouette": 0.6571833629502193,
    "davies_bouldin": 0.21529924472046477,
    "intra_dist_mean": 3.049736594594257,
    "inter_dist_mean": 13.158829500261307,
    "ratio_intra_inter": 0.23176351624082248,
    "n_merge_steps": 1100,
    "h_max": 34.741721463953496,
    "total_runtime_sec": 24.366148710250854
}