{
    "clean_state": "raw",
    "best_k": 17,
    "best_cov_type": "tied",
    "best_combined": 0.4168323067212985,
    "best_silhouette": 0.17126265738851945,
    "best_db": 1.5096573777604627,
    "n_iter_final": 1,
    "ll_curve_final": [
        -11.7861396415886,
        -11.538061384656904,
        -11.465146143165102,
        -11.445955292504149,
        -11.436553856044709,
        -11.424019181532937,
        -11.406676009735264,
        -11.387992037285054,
        -11.376751992295983,
        -11.370700435545647,
        -11.363563150311894,
        -11.35901044816669,
        -11.357825821332266,
        -11.357628695178455
    ],
    "total_runtime_sec": 10.425733804702759
}