{
    "clean_state": "raw",
    "best_k": 7,
    "best_cov_type": "tied",
    "best_combined": 0.5572865079644207,
    "best_silhouette": 0.3526858461585618,
    "best_db": 1.0745195834850814,
    "best_sse": 5054.724400874087,
    "weights": {
        "alpha": 0.47,
        "beta": 0.53,
        "gamma": 0.0
    },
    "n_iter_final": 1,
    "ll_curve_final": [
        -5.489142850163343,
        -5.348551937434499,
        -5.338823131216257,
        -5.332325838304799,
        -5.329081840472239,
        -5.328021898195628,
        -5.327609225962843
    ],
    "total_runtime_sec": 31.23264503479004
}