{
    "n_trials": 31,
    "avg_iterations": 13.387096774193548,
    "median_iterations": 10.0,
    "avg_auc_delta": 28.70837696615768,
    "avg_geo_decay": 0.5559073594857677,
    "best_k": 8,
    "best_combined_score": 0.557979964883224,
    "best_sse": 7759.090475049789,
    "weights": {
        "alpha": 0.47,
        "beta": 0.53,
        "gamma": 0.0
    },
    "total_runtime_sec": 110.25640845298767
}