{
    "clean_state": "raw",
    "best_k": 17,
    "linkage": "single",
    "metric": "manhattan",
    "combined": 1.4627850952522814,
    "silhouette": 0.35049321644893167,
    "davies_bouldin": 0.3883379060413269,
    "intra_dist_mean": 5.347924434645824,
    "inter_dist_mean": 10.50329954663312,
    "ratio_intra_inter": 0.509166134975139,
    "n_merge_steps": 894,
    "total_runtime_sec": 22.781650066375732
}