{
    "n_trials": 20,
    "avg_iterations": 10.65,
    "median_iterations": 10.0,
    "avg_auc_delta": 6.393625524996464,
    "avg_geo_decay": 0.5903067748549164,
    "best_k": 7,
    "best_combined_score": 0.5480328192646455,
    "best_sse": 1475.4355296044312,
    "weights": {
        "alpha": 0.47,
        "beta": 0.53,
        "gamma": 0.0
    },
    "total_runtime_sec": 0.6046524047851562
}