{
    "n_trials": 31,
    "avg_iterations": 11.548387096774194,
    "median_iterations": 12.0,
    "avg_auc_delta": 9.498899626180126,
    "avg_geo_decay": 0.6409006556529486,
    "best_k": 43,
    "best_combined_score": 0.6457190978420076,
    "best_sse": 1180.7422706517982,
    "total_runtime_sec": 12.403851509094238
}