{
    "centroid_movements": [
        1.3223645839958022e-15
    ],
    "sse_list": [
        1093.0182194617362,
        1093.0182194617362
    ],
    "final_iteration": 2
}