{
    "n_trials": 30,
    "avg_iterations": 9.333333333333334,
    "median_iterations": 9.5,
    "avg_auc_delta": 5.664389468588865,
    "avg_geo_decay": 0.502806755407093,
    "best_k": 43,
    "best_combined_score": 0.726490989669188,
    "best_sse": 1038.8382724224975,
    "total_runtime_sec": 2.6824491024017334
}