{
    "clean_state": "raw",
    "best_k": 11,
    "linkage": "single",
    "metric": "euclidean",
    "combined": 1.1581637487571081,
    "silhouette": 0.28476444930929956,
    "davies_bouldin": 0.49223183148738464,
    "intra_dist_mean": 3.032470691140162,
    "inter_dist_mean": 5.310173178112759,
    "ratio_intra_inter": 0.5710681345833873,
    "n_merge_steps": 1113,
    "h_max": 3.0648780957283237,
    "total_runtime_sec": 22.10300064086914
}