{
    "clean_state": "raw",
    "best_k": 5,
    "linkage": "single",
    "metric": "manhattan",
    "combined": 0.6732044759369283,
    "silhouette": 0.3809286618755579,
    "davies_bouldin": 0.5183612053325135,
    "sse": 2334.97047192028,
    "weights": {
        "alpha": 0.47,
        "beta": 0.53,
        "gamma": 0.0
    },
    "intra_dist_mean": 3.1428593490214825,
    "inter_dist_mean": 6.879832485257734,
    "ratio_intra_inter": 0.4568220746298138,
    "n_merge_steps": 438,
    "h_max": 6.391447737892042,
    "total_runtime_sec": 10.983699321746826
}