{
    "clean_state": "raw",
    "best_k": 11,
    "linkage": "single",
    "metric": "euclidean",
    "combined": 1.1581637416751807,
    "silhouette": 0.28476444930919576,
    "davies_bouldin": 0.4922318349191507,
    "intra_dist_mean": 3.0324706911406296,
    "inter_dist_mean": 5.310173178112759,
    "ratio_intra_inter": 0.5710681345834754,
    "n_merge_steps": 1113,
    "total_runtime_sec": 27.74880886077881
}