{
    "n_trials": 31,
    "avg_iterations": 9.35483870967742,
    "median_iterations": 8.0,
    "avg_auc_delta": 8.375178039088366,
    "avg_geo_decay": 0.4668045670906745,
    "best_k": 9,
    "best_combined_score": 0.5490198401719134,
    "best_sse": 3920.638878163993,
    "weights": {
        "alpha": 0.47,
        "beta": 0.53,
        "gamma": 0.0
    },
    "total_runtime_sec": 11.296065092086792
}