{
    "core_count": 2172,
    "border_count": 9,
    "noise_count": 26,
    "noise_ratio": 0.011780697779791573,
    "neighbor_hist": [
        0,
        5,
        5,
        9,
        16,
        15,
        4,
        0,
        3,
        1,
        6,
        7,
        3,
        16,
        20,
        0,
        0,
        17,
        16,
        60,
        0,
        18,
        5,
        44,
        22,
        3,
        4,
        0,
        5,
        18,
        0,
        4,
        0,
        0,
        0,
        35,
        0,
        12,
        0,
        1,
        1,
        3,
        43,
        3,
        0,
        33,
        2,
        1,
        2,
        1745
    ],
    "combined_score": 0.6069097377163708,
    "silhouette": 0.4378457844944542,
    "davies_bouldin": 0.8753503550110646,
    "sse": 4005.789697828984,
    "weights": {
        "alpha": 0.47,
        "beta": 0.53,
        "gamma": 0.0
    }
}