{
    "n_trials": 31,
    "avg_iterations": 10.580645161290322,
    "median_iterations": 9.0,
    "avg_auc_delta": 12.919366021680359,
    "avg_geo_decay": 0.4589778355738116,
    "best_k": 9,
    "best_combined_score": 0.5565527463392946,
    "best_sse": 6632.336468727733,
    "weights": {
        "alpha": 0.47,
        "beta": 0.53,
        "gamma": 0.0
    },
    "total_runtime_sec": 117.62289571762085
}