{
    "clean_state": "raw",
    "best_k": 46,
    "best_cov_type": "spherical",
    "best_combined": 0.6381533244873301,
    "best_silhouette": 0.5157379733005142,
    "best_db": 0.7865312684766559,
    "best_sse": 805.6215928931016,
    "weights": {
        "alpha": 0.47,
        "beta": 0.53,
        "gamma": 0.0
    },
    "n_iter_final": 1,
    "ll_curve_final": [
        -1.4365205327156696,
        -1.2710080704620796,
        -1.1606584865608813,
        -1.0649739575175912,
        -0.8988837617891686,
        -0.7744140043241101,
        -0.6032265473112981,
        -0.48741412547282814,
        -0.27316701214223027,
        -0.25670570787186037,
        -0.25445696714338345,
        -0.24370111255086727,
        -0.2046313938214682,
        -0.2046313333375621
    ],
    "total_runtime_sec": 27.07084012031555
}