{
    "n_trials": 31,
    "avg_iterations": 4.935483870967742,
    "median_iterations": 5.0,
    "avg_auc_delta": 9.443449734158502,
    "avg_geo_decay": 0.5038648304303612,
    "best_k": 20,
    "best_combined_score": 0.5359765145237024,
    "best_sse": 5826.64859118999,
    "weights": {
        "alpha": 0.47,
        "beta": 0.53,
        "gamma": 0.0
    },
    "total_runtime_sec": 3.6250641345977783
}