{
    "clean_state": "raw",
    "best_k": 11,
    "best_cov_type": "full",
    "best_combined": 0.6853566945287144,
    "best_silhouette": 0.5716028448580683,
    "best_db": 0.6244881996356727,
    "best_sse": 181.24935848666712,
    "weights": {
        "alpha": 0.47,
        "beta": 0.53,
        "gamma": 0.0
    },
    "n_iter_final": 1,
    "ll_curve_final": [
        31.056722596493934,
        31.13407231979056,
        32.11713343166878,
        32.22623525399965,
        32.23335551037772,
        32.233355526048996
    ],
    "total_runtime_sec": 1.4996047019958496
}