{
    "core_count": 803,
    "border_count": 44,
    "noise_count": 106,
    "noise_ratio": 0.11122770199370409,
    "neighbor_hist": [
        0,
        10,
        9,
        13,
        13,
        6,
        4,
        14,
        8,
        4,
        0,
        0,
        1,
        1,
        1,
        0,
        0,
        1,
        2,
        1,
        0,
        1,
        0,
        0,
        2,
        0,
        1,
        6,
        2,
        2,
        2,
        3,
        3,
        3,
        34,
        0,
        1,
        1,
        1,
        6,
        2,
        2,
        2,
        6,
        4,
        3,
        2,
        1,
        4,
        771
    ],
    "combined_score": 0.5233139963163751,
    "silhouette": 0.40952068488905446,
    "davies_bouldin": 1.34717974032698,
    "sse": 1829.8047472027934,
    "weights": {
        "alpha": 0.47,
        "beta": 0.53,
        "gamma": 0.0
    }
}