{
    "n_trials": 31,
    "avg_iterations": 15.903225806451612,
    "median_iterations": 15.0,
    "avg_auc_delta": 9.997697133101925,
    "avg_geo_decay": 0.6513128764963361,
    "best_k": 38,
    "best_combined_score": 0.5935587404152292,
    "best_sse": 1294.2423890564046,
    "weights": {
        "alpha": 0.47,
        "beta": 0.53,
        "gamma": 0.0
    },
    "total_runtime_sec": 12.90997838973999
}