{
    "clean_state": "raw",
    "best_k": 28,
    "best_cov_type": "spherical",
    "best_combined": 0.5628564498039217,
    "best_silhouette": 0.31184014555041895,
    "best_db": 1.0001909706256058,
    "best_sse": 1722.3234997134239,
    "weights": {
        "alpha": 0.47,
        "beta": 0.53,
        "gamma": 0.0
    },
    "n_iter_final": 1,
    "ll_curve_final": [
        -6.676717150623572,
        -6.615032920655313,
        -6.5144533485912675,
        -6.473481916422945,
        -6.447490902555022,
        -6.4474767861671225
    ],
    "total_runtime_sec": 9.321224451065063
}