{
    "n_trials": 31,
    "avg_iterations": 4.387096774193548,
    "median_iterations": 4.0,
    "avg_auc_delta": 8.415845899536016,
    "avg_geo_decay": 0.33977030254092616,
    "best_k": 6,
    "best_combined_score": 0.4244817915168506,
    "best_sse": 658.8851492113831,
    "weights": {
        "alpha": 0.47,
        "beta": 0.53,
        "gamma": 0.0
    },
    "total_runtime_sec": 3.2766880989074707
}