{
    "clean_state": "raw",
    "best_k": 12,
    "best_cov_type": "spherical",
    "best_combined": 0.6119952200732203,
    "best_silhouette": 0.3902275981558389,
    "best_db": 0.807266810739398,
    "best_sse": 852.160563607957,
    "weights": {
        "alpha": 0.47,
        "beta": 0.53,
        "gamma": 0.0
    },
    "n_iter_final": 1,
    "ll_curve_final": [
        -3.142072473037272,
        -3.1239329997847034,
        -3.0841863515945587,
        -3.0659644862252073,
        -3.062836943617416,
        -3.0615813057178944,
        -3.0603040203341765,
        -3.058617227349191,
        -3.056368741476428,
        -3.053956573846226,
        -3.0521721230363865,
        -3.051207756894046
    ],
    "total_runtime_sec": 15.228771924972534
}