{
    "n_trials": 31,
    "avg_iterations": 16.483870967741936,
    "median_iterations": 17.0,
    "avg_auc_delta": 12.220315259888057,
    "avg_geo_decay": 0.679484648885194,
    "best_k": 41,
    "best_combined_score": 0.5951119151406632,
    "best_sse": 2019.411596121692,
    "weights": {
        "alpha": 0.47,
        "beta": 0.53,
        "gamma": 0.0
    },
    "total_runtime_sec": 156.07321953773499
}