{
    "n_trials": 20,
    "avg_iterations": 11.3,
    "median_iterations": 11.0,
    "avg_auc_delta": 4.798294173043045,
    "avg_geo_decay": 0.5675563309900706,
    "best_k": 8,
    "best_combined_score": 0.666056943728306,
    "best_sse": 1519.2524339349884,
    "weights": {
        "alpha": 0.47,
        "beta": 0.53,
        "gamma": 0.0
    },
    "total_runtime_sec": 1.879117727279663
}