{
    "n_trials": 31,
    "avg_iterations": 11.064516129032258,
    "median_iterations": 11.0,
    "avg_auc_delta": 8.585962908764833,
    "avg_geo_decay": 0.5505813910036579,
    "best_k": 31,
    "best_combined_score": 0.8525103752986293,
    "best_sse": 442.20755351049274,
    "total_runtime_sec": 6.768002986907959
}