{
    "n_trials": 30,
    "avg_iterations": 9.1,
    "median_iterations": 9.0,
    "avg_auc_delta": 4.524306117605915,
    "avg_geo_decay": 0.46975863902902054,
    "best_k": 31,
    "best_combined_score": 0.8383204502008148,
    "best_sse": 397.99908442091964,
    "total_runtime_sec": 1.230102300643921
}