{
    "n_trials": 31,
    "avg_iterations": 4.290322580645161,
    "median_iterations": 4.0,
    "avg_auc_delta": 6.14324024808877,
    "avg_geo_decay": 0.476739008919933,
    "best_k": 13,
    "best_combined_score": 0.6525290767154255,
    "best_sse": 191.34207095559634,
    "weights": {
        "alpha": 0.47,
        "beta": 0.53,
        "gamma": 0.0
    },
    "total_runtime_sec": 6.091479539871216
}