{
    "clean_state": "raw",
    "best_k": 5,
    "linkage": "single",
    "metric": "manhattan",
    "combined": 2.648242058264333,
    "silhouette": 0.6392319679678902,
    "davies_bouldin": 0.2147188874686608,
    "intra_dist_mean": 3.219163287151635,
    "inter_dist_mean": 13.364370709886499,
    "ratio_intra_inter": 0.2408765333611981,
    "n_merge_steps": 1079,
    "h_max": 34.59112843880332,
    "total_runtime_sec": 19.484149932861328
}