{
    "clean_state": "raw",
    "best_k": 5,
    "linkage": "single",
    "metric": "manhattan",
    "combined": 2.6482420183731534,
    "silhouette": 0.6392319679678851,
    "davies_bouldin": 0.21471889114696255,
    "intra_dist_mean": 3.219163287151687,
    "inter_dist_mean": 13.364370709886499,
    "ratio_intra_inter": 0.240876533361202,
    "n_merge_steps": 1079,
    "total_runtime_sec": 46.24857211112976
}