{
    "n_trials": 30,
    "avg_iterations": 6.5,
    "median_iterations": 5.0,
    "avg_auc_delta": 7.748817494926656,
    "avg_geo_decay": 0.42303844100281146,
    "best_k": 31,
    "best_combined_score": 0.7682287214577268,
    "best_sse": 1536.163251533895,
    "total_runtime_sec": 1.042318344116211
}