{
    "clean_state": "raw",
    "best_k": 8,
    "linkage": "single",
    "metric": "manhattan",
    "combined": 0.5882398181769227,
    "silhouette": 0.18456511678851195,
    "davies_bouldin": 0.71027690391451,
    "sse": 13158.057042969262,
    "weights": {
        "alpha": 0.47,
        "beta": 0.53,
        "gamma": 0.0
    },
    "intra_dist_mean": 3.138804751944981,
    "inter_dist_mean": 4.564999615510045,
    "ratio_intra_inter": 0.6875805074068109,
    "n_merge_steps": 2375,
    "h_max": 3.7790729080183145,
    "total_runtime_sec": 115.42788815498352
}