{
    "clean_state": "raw",
    "best_k": 5,
    "linkage": "single",
    "metric": "manhattan",
    "combined": 1.2908519659326756,
    "silhouette": 0.35250940253621477,
    "davies_bouldin": 0.448592523821124,
    "intra_dist_mean": 5.6193235362975615,
    "inter_dist_mean": 9.646089129099346,
    "ratio_intra_inter": 0.5825494105528397,
    "n_merge_steps": 999,
    "h_max": 15.358414635571627,
    "total_runtime_sec": 19.237346410751343
}