{
    "n_trials": 31,
    "avg_iterations": 4.612903225806452,
    "median_iterations": 5.0,
    "avg_auc_delta": 6.802777053409592,
    "avg_geo_decay": 0.2816627699556406,
    "best_k": 19,
    "best_combined_score": 0.5192667676246533,
    "best_sse": 4919.362034517066,
    "weights": {
        "alpha": 0.47,
        "beta": 0.53,
        "gamma": 0.0
    },
    "total_runtime_sec": 3.1479110717773438
}