{
    "n_trials": 31,
    "avg_iterations": 7.32258064516129,
    "median_iterations": 7.0,
    "avg_auc_delta": 10.344382628657213,
    "avg_geo_decay": 0.3970784275579077,
    "best_k": 20,
    "best_combined_score": 0.5532940194131211,
    "best_sse": 1200.5027133129117,
    "weights": {
        "alpha": 0.47,
        "beta": 0.53,
        "gamma": 0.0
    },
    "total_runtime_sec": 4.496257305145264
}