{
    "n_trials": 31,
    "avg_iterations": 3.2580645161290325,
    "median_iterations": 3.0,
    "avg_auc_delta": 0.754546161546916,
    "avg_geo_decay": 0.05922990751023614,
    "best_k": 38,
    "best_combined_score": 0.673258435695233,
    "best_sse": 1876.7707529052439,
    "weights": {
        "alpha": 0.47,
        "beta": 0.53,
        "gamma": 0.0
    },
    "total_runtime_sec": 21.498376846313477
}