{
    "clean_state": "raw",
    "best_k": 5,
    "linkage": "single",
    "metric": "manhattan",
    "combined": 0.6523795444077645,
    "silhouette": 0.2566760439065216,
    "davies_bouldin": 0.4808396133323155,
    "sse": 6484.070869800597,
    "weights": {
        "alpha": 0.47,
        "beta": 0.53,
        "gamma": 0.0
    },
    "intra_dist_mean": 5.678918849718567,
    "inter_dist_mean": 9.732561973893276,
    "ratio_intra_inter": 0.5834968084406936,
    "n_merge_steps": 377,
    "h_max": 22.679915623816516,
    "total_runtime_sec": 4.1192402839660645
}