{
    "clean_state": "raw",
    "best_k": 7,
    "linkage": "single",
    "metric": "euclidean",
    "combined": 1.955387707352481,
    "silhouette": 0.6237916980445939,
    "davies_bouldin": 0.30423028715701006,
    "intra_dist_mean": 2.7457279937380057,
    "inter_dist_mean": 10.774483221191495,
    "ratio_intra_inter": 0.2548361659088569,
    "n_merge_steps": 550,
    "total_runtime_sec": 15.154953956604004
}