{
    "core_count": 873,
    "border_count": 3,
    "noise_count": 124,
    "noise_ratio": 0.124,
    "neighbor_hist": [
        0,
        43,
        22,
        25,
        37,
        15,
        7,
        7,
        9,
        18,
        30,
        11,
        0,
        13,
        14,
        0,
        16,
        17,
        18,
        19,
        20,
        0,
        22,
        23,
        24,
        1,
        0,
        0,
        28,
        0,
        0,
        0,
        0,
        0,
        0,
        35,
        0,
        0,
        0,
        0,
        0,
        41,
        0,
        0,
        0,
        0,
        0,
        0,
        0,
        485
    ],
    "combined_score": 0.537550739607074,
    "silhouette": 0.6688984303400501,
    "davies_bouldin": 1.4472523116861908,
    "sse": 110.94477128535732,
    "weights": {
        "alpha": 0.47,
        "beta": 0.53,
        "gamma": 0.0
    }
}