{
    "clean_state": "raw",
    "best_k": 3,
    "best_cov_type": "tied",
    "best_combined": 0.5292634729807268,
    "best_silhouette": 0.2886780974399916,
    "best_db": 1.18865752433577,
    "best_sse": 11749.02921937157,
    "weights": {
        "alpha": 0.47,
        "beta": 0.53,
        "gamma": 0.0
    },
    "n_iter_final": 1,
    "ll_curve_final": [
        6.762912169229858,
        6.7630064977825
    ],
    "total_runtime_sec": 18.619662523269653
}