{
    "clean_state": "raw",
    "best_k": 16,
    "best_cov_type": "spherical",
    "best_combined": 0.534480402851285,
    "best_silhouette": 0.1979745792999493,
    "best_db": 1.1481237816242362,
    "n_iter_final": 1,
    "ll_curve_final": [
        -7.785908061171347,
        -7.709655215716115,
        -7.612772764860995,
        -7.540109940323823,
        -7.511237148326912,
        -7.500027295032041,
        -7.492473970160987,
        -7.4881797364262015,
        -7.485539314896138,
        -7.483647391351061,
        -7.482229506247467,
        -7.481246081388824
    ],
    "total_runtime_sec": 16.080541849136353
}