{
    "centroid_movements": [
        1.8245895337509614e-15
    ],
    "sse_list": [
        1252.0570740859096,
        1252.0570740859098
    ],
    "final_iteration": 2
}