{
    "n_trials": 30,
    "avg_iterations": 10.033333333333333,
    "median_iterations": 10.0,
    "avg_auc_delta": 6.461726960803214,
    "avg_geo_decay": 0.5566224573340351,
    "best_k": 47,
    "best_combined_score": 0.7555779915096614,
    "best_sse": 1067.9817014951188,
    "total_runtime_sec": 3.591052293777466
}