{
    "n_trials": 31,
    "avg_iterations": 12.96774193548387,
    "median_iterations": 11.0,
    "avg_auc_delta": 9.531029755466262,
    "avg_geo_decay": 0.6280823957245417,
    "best_k": 47,
    "best_combined_score": 0.7082540436698823,
    "best_sse": 1218.0222881010388,
    "total_runtime_sec": 22.634263038635254
}