{
    "clean_state": "raw",
    "best_k": 5,
    "linkage": "single",
    "metric": "euclidean",
    "combined": 1.9456556838305004,
    "silhouette": 0.5698870866867204,
    "davies_bouldin": 0.30107565773158856,
    "intra_dist_mean": 3.1799123263638345,
    "inter_dist_mean": 12.368625997386152,
    "ratio_intra_inter": 0.2570950344068601,
    "n_merge_steps": 2377,
    "total_runtime_sec": 151.7182378768921
}