{
    "n_trials": 20,
    "avg_iterations": 13.05,
    "median_iterations": 13.0,
    "avg_auc_delta": 7.48735847115266,
    "avg_geo_decay": 0.6971714951921232,
    "best_k": 7,
    "best_combined_score": 0.5109918231283775,
    "best_sse": 2055.2931188963944,
    "weights": {
        "alpha": 0.47,
        "beta": 0.53,
        "gamma": 0.0
    },
    "total_runtime_sec": 0.8179302215576172
}