{
    "n_trials": 30,
    "avg_iterations": 14.433333333333334,
    "median_iterations": 15.0,
    "avg_auc_delta": 6.690100287493281,
    "avg_geo_decay": 0.6885641697781899,
    "best_k": 35,
    "best_combined_score": 0.58559815152183,
    "best_sse": 1270.7352084291813,
    "total_runtime_sec": 1.6998193264007568
}