{
    "n_trials": 31,
    "avg_iterations": 13.516129032258064,
    "median_iterations": 12.0,
    "avg_auc_delta": 10.520161026938354,
    "avg_geo_decay": 0.6642177458220883,
    "best_k": 35,
    "best_combined_score": 0.5782139697051395,
    "best_sse": 1320.2953136620906,
    "total_runtime_sec": 5.644993305206299
}