{
    "centroid_movements": [
        1.3062053812533211e-15
    ],
    "sse_list": [
        1384.2156448656062,
        1384.2156448656062
    ],
    "final_iteration": 2
}