{
    "clean_state": "raw",
    "best_k": 10,
    "best_cov_type": "tied",
    "best_combined": 1.5690378138810201,
    "best_silhouette": 0.6364831931422783,
    "best_db": 0.3997453726517999,
    "n_iter_final": 1,
    "ll_curve_final": [
        15.48613069070201,
        15.491356362652354,
        15.492764365102405,
        15.49328450354502
    ],
    "total_runtime_sec": 1.3807621002197266
}