{
    "clean_state": "raw",
    "best_k": 8,
    "best_cov_type": "tied",
    "best_combined": 0.7461467384443715,
    "best_silhouette": 0.6594122141495754,
    "best_db": 0.4599119120223884,
    "best_sse": 59.447261717066326,
    "weights": {
        "alpha": 0.47,
        "beta": 0.53,
        "gamma": 0.0
    },
    "n_iter_final": 1,
    "ll_curve_final": [
        26.331954870180393,
        26.331976887862453
    ],
    "total_runtime_sec": 0.5324583053588867
}