{
    "n_trials": 30,
    "avg_iterations": 7.8,
    "median_iterations": 8.0,
    "avg_auc_delta": 7.721385483498428,
    "avg_geo_decay": 0.5027838502359206,
    "best_k": 22,
    "best_combined_score": 0.5648896107483727,
    "best_sse": 2067.447457384293,
    "weights": {
        "alpha": 0.47,
        "beta": 0.53,
        "gamma": 0.0
    },
    "total_runtime_sec": 3.887669324874878
}