{
    "core_count": 2198,
    "border_count": 55,
    "noise_count": 123,
    "noise_ratio": 0.05176767676767677,
    "neighbor_hist": [
        0,
        32,
        41,
        38,
        67,
        55,
        37,
        38,
        23,
        36,
        34,
        63,
        27,
        34,
        38,
        35,
        22,
        43,
        27,
        19,
        23,
        13,
        29,
        15,
        5,
        13,
        10,
        10,
        23,
        11,
        9,
        8,
        29,
        12,
        10,
        4,
        14,
        33,
        7,
        7,
        2,
        4,
        1,
        5,
        10,
        12,
        19,
        4,
        2,
        1323
    ],
    "combined_score": 0.49686974798043104,
    "silhouette": 0.30957422461415024,
    "davies_bouldin": 1.443036494325947,
    "sse": 2597.5370244587,
    "weights": {
        "alpha": 0.47,
        "beta": 0.53,
        "gamma": 0.0
    }
}