{
    "clean_state": "raw",
    "best_k": 11,
    "best_cov_type": "tied",
    "best_combined": 0.6493759970456924,
    "best_silhouette": 0.5182426307904356,
    "best_db": 0.737364172419857,
    "best_sse": 3950.8540826315557,
    "weights": {
        "alpha": 0.47,
        "beta": 0.53,
        "gamma": 0.0
    },
    "n_iter_final": 1,
    "ll_curve_final": [
        -3.299620199384044,
        -1.7765488660549857,
        -1.7617858575055023,
        -1.761759361570911
    ],
    "total_runtime_sec": 27.940446138381958
}