{
    "clean_state": "raw",
    "best_k": 48,
    "best_cov_type": "full",
    "best_combined": 1.5468252681602683,
    "best_silhouette": 0.7125132482883769,
    "best_db": 0.41996738492404556,
    "n_iter_final": 1,
    "ll_curve_final": [
        9.67035416594812,
        9.676173376898307,
        9.68077437412231,
        9.685432647041024,
        9.690065479186496,
        9.694702017105318,
        9.70002763086092,
        9.705518215892786,
        9.708355177125254,
        9.709580276876943,
        9.710377374393513
    ],
    "total_runtime_sec": 28.44163990020752
}