{
    "n_trials": 31,
    "avg_iterations": 4.774193548387097,
    "median_iterations": 4.0,
    "avg_auc_delta": 5.816706727147465,
    "avg_geo_decay": 0.34256334728144255,
    "best_k": 15,
    "best_combined_score": 1.0493689498420107,
    "best_sse": 196.98694067223974,
    "total_runtime_sec": 3.224788188934326
}