{
    "n_trials": 30,
    "avg_iterations": 4.733333333333333,
    "median_iterations": 3.0,
    "avg_auc_delta": 3.672717369648163,
    "avg_geo_decay": 0.1894108427967863,
    "best_k": 15,
    "best_combined_score": 1.113893644159337,
    "best_sse": 166.14161212411568,
    "total_runtime_sec": 0.21457576751708984
}