{
    "n_trials": 30,
    "avg_iterations": 3.2333333333333334,
    "median_iterations": 3.0,
    "avg_auc_delta": 1.9435356952156815,
    "avg_geo_decay": 0.1077519809343728,
    "best_k": 14,
    "best_combined_score": 0.7829019007458414,
    "best_sse": 89.67200653042079,
    "weights": {
        "alpha": 0.47,
        "beta": 0.53,
        "gamma": 0.0
    },
    "total_runtime_sec": 0.4107074737548828
}