{
    "clean_state": "raw",
    "best_k": 3,
    "best_cov_type": "tied",
    "best_combined": 0.7841710599898346,
    "best_silhouette": 0.7642179509226245,
    "best_db": 0.4007886339742163,
    "best_sse": 1412.7705994010812,
    "weights": {
        "alpha": 0.47,
        "beta": 0.53,
        "gamma": 0.0
    },
    "n_iter_final": 1,
    "ll_curve_final": [
        -2.785159507715896,
        -2.785159507715896
    ],
    "total_runtime_sec": 1.4835700988769531
}