{
    "n_trials": 30,
    "avg_iterations": 9.766666666666667,
    "median_iterations": 9.0,
    "avg_auc_delta": 6.013328416015042,
    "avg_geo_decay": 0.5690434522942553,
    "best_k": 47,
    "best_combined_score": 0.7867700578014126,
    "best_sse": 981.3823446744823,
    "total_runtime_sec": 3.6804490089416504
}