{
    "centroid_movements": [
        1.9513822326496274e-15
    ],
    "sse_list": [
        1120.7928171924461,
        1120.7928171924461
    ],
    "final_iteration": 2
}