{
    "n_trials": 31,
    "avg_iterations": 12.838709677419354,
    "median_iterations": 12.0,
    "avg_auc_delta": 8.86950359404506,
    "avg_geo_decay": 0.6156684702000942,
    "best_k": 47,
    "best_combined_score": 0.7790800737387555,
    "best_sse": 979.6562031421738,
    "total_runtime_sec": 17.322705030441284
}