{
    "n_trials": 20,
    "avg_iterations": 16.2,
    "median_iterations": 14.0,
    "avg_auc_delta": 7.620294106425367,
    "avg_geo_decay": 0.6787761801612415,
    "best_k": 9,
    "best_combined_score": 0.5881856854199136,
    "best_sse": 2426.916770202523,
    "weights": {
        "alpha": 0.47,
        "beta": 0.53,
        "gamma": 0.0
    },
    "total_runtime_sec": 1.7520837783813477
}