{
    "n_trials": 31,
    "avg_iterations": 15.612903225806452,
    "median_iterations": 15.0,
    "avg_auc_delta": 18.78704602553871,
    "avg_geo_decay": 0.7132608258103238,
    "best_k": 22,
    "best_combined_score": 0.42511961745433813,
    "best_sse": 6360.461342949661,
    "weights": {
        "alpha": 0.47,
        "beta": 0.53,
        "gamma": 0.0
    },
    "total_runtime_sec": 6.0632405281066895
}