{
    "n_trials": 31,
    "avg_iterations": 4.387096774193548,
    "median_iterations": 4.0,
    "avg_auc_delta": 2.1389053805714466,
    "avg_geo_decay": 0.2634217229054141,
    "best_k": 17,
    "best_combined_score": 0.40577391693685416,
    "best_sse": 4475.133989735255,
    "weights": {
        "alpha": 0.47,
        "beta": 0.53,
        "gamma": 0.0
    },
    "total_runtime_sec": 10.873671770095825
}