{
    "n_trials": 30,
    "avg_iterations": 9.633333333333333,
    "median_iterations": 8.5,
    "avg_auc_delta": 4.669635410972554,
    "avg_geo_decay": 0.6026107160106594,
    "best_k": 48,
    "best_combined_score": 0.6756107848530529,
    "best_sse": 556.7081349252935,
    "weights": {
        "alpha": 0.47,
        "beta": 0.53,
        "gamma": 0.0
    },
    "total_runtime_sec": 10.035022497177124
}