{
    "n_trials": 31,
    "avg_iterations": 4.870967741935484,
    "median_iterations": 4.0,
    "avg_auc_delta": 5.192808968776188,
    "avg_geo_decay": 0.31786284694802724,
    "best_k": 13,
    "best_combined_score": 0.7009050845646221,
    "best_sse": 200.9466030882732,
    "weights": {
        "alpha": 0.47,
        "beta": 0.53,
        "gamma": 0.0
    },
    "total_runtime_sec": 2.5758793354034424
}