{
    "core_count": 426,
    "border_count": 60,
    "noise_count": 514,
    "noise_ratio": 0.514,
    "neighbor_hist": [
        0,
        314,
        114,
        96,
        50,
        36,
        21,
        17,
        18,
        16,
        25,
        15,
        31,
        12,
        31,
        13,
        6,
        13,
        1,
        4,
        2,
        4,
        6,
        6,
        6,
        4,
        6,
        1,
        1,
        2,
        2,
        0,
        1,
        3,
        1,
        4,
        4,
        2,
        1,
        3,
        3,
        1,
        2,
        1,
        5,
        5,
        3,
        0,
        4,
        84
    ],
    "combined_score": 0.39364071021221003,
    "silhouette": -0.047100990654293864,
    "davies_bouldin": 1.9319325464108823,
    "sse": 1375.4989659060932,
    "weights": {
        "alpha": 0.47,
        "beta": 0.53,
        "gamma": 0.0
    }
}