{
    "n_trials": 31,
    "avg_iterations": 4.967741935483871,
    "median_iterations": 5.0,
    "avg_auc_delta": 4.553547125587874,
    "avg_geo_decay": 0.47417670845304677,
    "best_k": 17,
    "best_combined_score": 1.352435886266671,
    "best_sse": 100.35858422019008,
    "total_runtime_sec": 2.6588194370269775
}