{
    "n_trials": 30,
    "avg_iterations": 4.0,
    "median_iterations": 4.0,
    "avg_auc_delta": 2.9022861477899893,
    "avg_geo_decay": 0.15744276576267427,
    "best_k": 17,
    "best_combined_score": 1.378782830463927,
    "best_sse": 82.24401240540992,
    "total_runtime_sec": 0.2110610008239746
}