{
    "n_trials": 30,
    "avg_iterations": 4.1,
    "median_iterations": 3.0,
    "avg_auc_delta": 3.3299798321342937,
    "avg_geo_decay": 0.2203459888223881,
    "best_k": 11,
    "best_combined_score": 0.6861943156326409,
    "best_sse": 159.4797955994032,
    "weights": {
        "alpha": 0.47,
        "beta": 0.53,
        "gamma": 0.0
    },
    "total_runtime_sec": 0.3181421756744385
}