{
    "n_trials": 31,
    "avg_iterations": 4.709677419354839,
    "median_iterations": 4.0,
    "avg_auc_delta": 5.422334964642554,
    "avg_geo_decay": 0.368207499113396,
    "best_k": 13,
    "best_combined_score": 0.6437558908710894,
    "best_sse": 369.3574242083654,
    "weights": {
        "alpha": 0.47,
        "beta": 0.53,
        "gamma": 0.0
    },
    "total_runtime_sec": 9.500541925430298
}