{
    "n_trials": 31,
    "avg_iterations": 8.806451612903226,
    "median_iterations": 8.0,
    "avg_auc_delta": 6.771362290199354,
    "avg_geo_decay": 0.4396192099913256,
    "best_k": 31,
    "best_combined_score": 0.840443363490528,
    "best_sse": 332.5903151446701,
    "total_runtime_sec": 6.9796271324157715
}