{
    "n_trials": 20,
    "avg_iterations": 8.95,
    "median_iterations": 9.0,
    "avg_auc_delta": 7.419535231226092,
    "avg_geo_decay": 0.3970406470713105,
    "best_k": 10,
    "best_combined_score": 0.6379680157239095,
    "best_sse": 1431.4210119324953,
    "weights": {
        "alpha": 0.47,
        "beta": 0.53,
        "gamma": 0.0
    },
    "total_runtime_sec": 1.103774070739746
}