{
    "core_count": 146,
    "border_count": 45,
    "noise_count": 417,
    "noise_ratio": 0.6858552631578947,
    "neighbor_hist": [
        0,
        210,
        103,
        60,
        51,
        38,
        22,
        9,
        12,
        7,
        12,
        6,
        6,
        2,
        1,
        4,
        3,
        0,
        6,
        5,
        4,
        0,
        5,
        2,
        5,
        1,
        9,
        3,
        5,
        1,
        2,
        3,
        1,
        4,
        1,
        3,
        0,
        2
    ],
    "combined_score": 0.3775739277592273,
    "silhouette": -0.1054959653830019,
    "davies_bouldin": 2.014389225695327,
    "sse": 322.10700672438884,
    "weights": {
        "alpha": 0.47,
        "beta": 0.53,
        "gamma": 0.0
    }
}