{
    "clean_state": "raw",
    "best_k": 19,
    "linkage": "single",
    "metric": "manhattan",
    "combined": 1.5696179201036864,
    "silhouette": 0.4384441614041305,
    "davies_bouldin": 0.37026180428810923,
    "intra_dist_mean": 2.6905581325316477,
    "inter_dist_mean": 9.168324592309915,
    "ratio_intra_inter": 0.29346235568362233,
    "n_merge_steps": 900,
    "h_max": 13.271868217710377,
    "total_runtime_sec": 14.19588303565979
}