{
    "clean_state": "raw",
    "best_k": 7,
    "linkage": "single",
    "metric": "manhattan",
    "combined": 2.1238238719670033,
    "silhouette": 0.5528791610852107,
    "davies_bouldin": 0.27065294553007296,
    "intra_dist_mean": 3.331441224213569,
    "inter_dist_mean": 14.793993151758336,
    "ratio_intra_inter": 0.22518877696096448,
    "n_merge_steps": 900,
    "total_runtime_sec": 21.76020836830139
}