{
    "clean_state": "raw",
    "best_k": 5,
    "linkage": "single",
    "metric": "euclidean",
    "combined": 0.9251456200154538,
    "silhouette": 0.10284085237288128,
    "davies_bouldin": 0.5722623126028907,
    "intra_dist_mean": 3.2650763782212606,
    "inter_dist_mean": 4.715654522608836,
    "ratio_intra_inter": 0.6923909210410591,
    "n_merge_steps": 736,
    "total_runtime_sec": 15.517910957336426
}