{
    "n_trials": 31,
    "avg_iterations": 6.258064516129032,
    "median_iterations": 6.0,
    "avg_auc_delta": 9.052471612912779,
    "avg_geo_decay": 0.3293635728733895,
    "best_k": 24,
    "best_combined_score": 0.5543386044952634,
    "best_sse": 1277.9220735225308,
    "weights": {
        "alpha": 0.47,
        "beta": 0.53,
        "gamma": 0.0
    },
    "total_runtime_sec": 4.107403039932251
}