{
    "n_trials": 31,
    "avg_iterations": 3.161290322580645,
    "median_iterations": 2.0,
    "avg_auc_delta": 1.6082876517660933,
    "avg_geo_decay": 0.16219731057834744,
    "best_k": 9,
    "best_combined_score": 0.7420154043349606,
    "best_sse": 213.93818406337027,
    "weights": {
        "alpha": 0.47,
        "beta": 0.53,
        "gamma": 0.0
    },
    "total_runtime_sec": 1.6472487449645996
}