{
    "clean_state": "raw",
    "best_k": 7,
    "linkage": "single",
    "metric": "manhattan",
    "combined": 0.7333121308113476,
    "silhouette": 0.5563497039910494,
    "davies_bouldin": 0.4333932483148531,
    "sse": 7507.5672847107735,
    "weights": {
        "alpha": 0.47,
        "beta": 0.53,
        "gamma": 0.0
    },
    "intra_dist_mean": 2.4438779513098154,
    "inter_dist_mean": 6.013962442808773,
    "ratio_intra_inter": 0.40636734508239053,
    "n_merge_steps": 2118,
    "h_max": 4.961937016205836,
    "total_runtime_sec": 92.90336298942566
}