{
    "clean_state": "raw",
    "best_k": 6,
    "linkage": "single",
    "metric": "manhattan",
    "combined": 1.0775516746550524,
    "silhouette": 0.3548848204083843,
    "davies_bouldin": 0.5554881165510951,
    "intra_dist_mean": 5.368351451177601,
    "inter_dist_mean": 9.198575307200336,
    "ratio_intra_inter": 0.5836068382214419,
    "n_merge_steps": 664,
    "total_runtime_sec": 15.511118412017822
}