{
    "clean_state": "raw",
    "best_k": 6,
    "linkage": "single",
    "metric": "manhattan",
    "combined": 1.0775516746564586,
    "silhouette": 0.3548848204111969,
    "davies_bouldin": 0.5554881165510952,
    "intra_dist_mean": 5.368351451176741,
    "inter_dist_mean": 9.198575307200336,
    "ratio_intra_inter": 0.5836068382213484,
    "n_merge_steps": 664,
    "h_max": 16.911651405925653,
    "total_runtime_sec": 5.482439279556274
}