{
    "n_trials": 31,
    "avg_iterations": 9.387096774193548,
    "median_iterations": 9.0,
    "avg_auc_delta": 7.0456385104011305,
    "avg_geo_decay": 0.598803364153222,
    "best_k": 48,
    "best_combined_score": 0.6450982022397792,
    "best_sse": 659.3937949890873,
    "weights": {
        "alpha": 0.47,
        "beta": 0.53,
        "gamma": 0.0
    },
    "total_runtime_sec": 14.717972993850708
}