{
    "clean_state": "raw",
    "best_k": 13,
    "best_cov_type": "tied",
    "best_combined": 1.2274660136077489,
    "best_silhouette": 0.5748165269072498,
    "best_db": 0.5318822167234133,
    "n_iter_final": 1,
    "ll_curve_final": [
        7.435290066526724,
        7.445316163550577,
        7.44861609162078,
        7.45013832214739,
        7.45095386496117
    ],
    "total_runtime_sec": 20.709980010986328
}