{
    "clean_state": "raw",
    "best_k": 11,
    "best_cov_type": "tied",
    "best_combined": 0.6372374346848614,
    "best_silhouette": 0.473587100140775,
    "best_db": 0.7573105759330783,
    "best_sse": 1327.6026241461004,
    "weights": {
        "alpha": 0.47,
        "beta": 0.53,
        "gamma": 0.0
    },
    "n_iter_final": 1,
    "ll_curve_final": [
        -4.09956510271198,
        -3.969397104540457,
        -3.7558224095929233,
        -3.606735504633822,
        -3.605196453803079,
        -3.604589492612607
    ],
    "total_runtime_sec": 11.600971937179565
}