{
    "n_trials": 31,
    "avg_iterations": 5.387096774193548,
    "median_iterations": 5.0,
    "avg_auc_delta": 6.57462298439619,
    "avg_geo_decay": 0.4022147023847117,
    "best_k": 11,
    "best_combined_score": 0.6618111457789526,
    "best_sse": 198.06055663627393,
    "weights": {
        "alpha": 0.47,
        "beta": 0.53,
        "gamma": 0.0
    },
    "total_runtime_sec": 7.789824962615967
}