{
    "n_trials": 31,
    "avg_iterations": 11.67741935483871,
    "median_iterations": 11.0,
    "avg_auc_delta": 13.351088989248396,
    "avg_geo_decay": 0.6375500607864154,
    "best_k": 26,
    "best_combined_score": 0.5531892969943515,
    "best_sse": 1825.6431246837587,
    "weights": {
        "alpha": 0.47,
        "beta": 0.53,
        "gamma": 0.0
    },
    "total_runtime_sec": 5.333812236785889
}