{
    "n_trials": 31,
    "avg_iterations": 12.387096774193548,
    "median_iterations": 12.0,
    "avg_auc_delta": 9.444916260286064,
    "avg_geo_decay": 0.5883453684920561,
    "best_k": 9,
    "best_combined_score": 0.5846977018772411,
    "best_sse": 3630.8736776464043,
    "weights": {
        "alpha": 0.47,
        "beta": 0.53,
        "gamma": 0.0
    },
    "total_runtime_sec": 7.040682554244995
}