{
    "n_trials": 31,
    "avg_iterations": 9.903225806451612,
    "median_iterations": 10.0,
    "avg_auc_delta": 10.964614231063795,
    "avg_geo_decay": 0.5934347554996964,
    "best_k": 25,
    "best_combined_score": 0.579883267925025,
    "best_sse": 1292.0384875272389,
    "total_runtime_sec": 7.957671642303467
}