{
    "n_trials": 30,
    "avg_iterations": 12.1,
    "median_iterations": 13.0,
    "avg_auc_delta": 3.4662816839648842,
    "avg_geo_decay": 0.549677268030608,
    "best_k": 7,
    "best_combined_score": 0.7031404121053683,
    "best_sse": 1661.8991038489792,
    "weights": {
        "alpha": 0.47,
        "beta": 0.53,
        "gamma": 0.0
    },
    "total_runtime_sec": 4.361099481582642
}