{
    "clean_state": "raw",
    "best_k": 16,
    "best_cov_type": "tied",
    "best_combined": 0.6314703396357927,
    "best_silhouette": 0.35972908766430906,
    "best_db": 1.1071602814800987,
    "n_iter_final": 1,
    "ll_curve_final": [
        -6.239501320082376,
        -6.124090346530446,
        -6.101161049070713,
        -6.073819051906648,
        -6.01750337474129,
        -5.937729031026651,
        -5.889836496453791,
        -5.862816244288782,
        -5.859706105155979,
        -5.857968757044075,
        -5.856164231052497,
        -5.854435884804612,
        -5.853179358054117,
        -5.851781042980819,
        -5.848779462757439,
        -5.840143178308236,
        -5.815591471871154,
        -5.788148346616586,
        -5.784519391774505,
        -5.784135688737914
    ],
    "total_runtime_sec": 85.34689903259277
}