{
    "core_count": 219,
    "border_count": 2,
    "noise_count": 12,
    "noise_ratio": 0.05150214592274678,
    "neighbor_hist": [
        0,
        8,
        0,
        2,
        4,
        0,
        2,
        6,
        0,
        0,
        0,
        2,
        1,
        0,
        0,
        1,
        0,
        2,
        1,
        0,
        2,
        0,
        0,
        0,
        1,
        0,
        0,
        7,
        0,
        0,
        0,
        0,
        1,
        5,
        0,
        0,
        0,
        0,
        3,
        0,
        0,
        0,
        1,
        5,
        14,
        17,
        1,
        4,
        0,
        143
    ],
    "combined_score": 0.4856833284322034,
    "silhouette": 0.5303748870115722,
    "davies_bouldin": 1.72589844147802,
    "sse": 326.7361413804705,
    "weights": {
        "alpha": 0.47,
        "beta": 0.53,
        "gamma": 0.0
    }
}