{
    "clean_state": "raw",
    "best_k": 19,
    "linkage": "single",
    "metric": "euclidean",
    "combined": 2.5149801703985233,
    "silhouette": 0.6120445736147198,
    "davies_bouldin": 0.22635107881148744,
    "intra_dist_mean": 1.9280086671429808,
    "inter_dist_mean": 7.56389615009416,
    "ratio_intra_inter": 0.25489623718838667,
    "n_merge_steps": 469,
    "total_runtime_sec": 9.193371057510376
}