{
    "clean_state": "raw",
    "best_k": 19,
    "linkage": "single",
    "metric": "manhattan",
    "combined": 2.602739225317932,
    "silhouette": 0.5947560116548674,
    "davies_bouldin": 0.21688575125355136,
    "intra_dist_mean": 1.9740198150006494,
    "inter_dist_mean": 7.5886429852998765,
    "ratio_intra_inter": 0.260128170322982,
    "n_merge_steps": 469,
    "h_max": 15.351352327759145,
    "total_runtime_sec": 2.8752851486206055
}