{
    "clean_state": "raw",
    "best_k": 9,
    "linkage": "single",
    "metric": "euclidean",
    "combined": 1.8570147963114976,
    "silhouette": 0.5299085490747445,
    "davies_bouldin": 0.314058412454585,
    "intra_dist_mean": 4.334506471531613,
    "inter_dist_mean": 11.656256743716172,
    "ratio_intra_inter": 0.3718609298708139,
    "n_merge_steps": 598,
    "h_max": 10.342581022446927,
    "total_runtime_sec": 4.6781134605407715
}