{
    "clean_state": "raw",
    "best_k": 5,
    "linkage": "average",
    "metric": "manhattan",
    "combined": 1.0575769799494412,
    "silhouette": 0.36546374685522137,
    "davies_bouldin": 0.5715297442628184,
    "intra_dist_mean": 2.9225100979616556,
    "inter_dist_mean": 5.583326014807929,
    "ratio_intra_inter": 0.523435330519862,
    "n_merge_steps": 1250,
    "total_runtime_sec": 33.19764995574951
}