{
    "clean_state": "raw",
    "best_k": 35,
    "linkage": "average",
    "metric": "euclidean",
    "combined": 0.9145285597392778,
    "silhouette": 0.3432170240162209,
    "davies_bouldin": 0.6730199319926412,
    "intra_dist_mean": 1.4608182582199711,
    "inter_dist_mean": 3.6456612227014653,
    "ratio_intra_inter": 0.4007004954610379,
    "n_merge_steps": 1250,
    "h_max": 8.040502291434375,
    "total_runtime_sec": 31.394368886947632
}