{
    "n_trials": 31,
    "avg_iterations": 9.612903225806452,
    "median_iterations": 8.0,
    "avg_auc_delta": 8.491009302157051,
    "avg_geo_decay": 0.5100521572248001,
    "best_k": 11,
    "best_combined_score": 0.5491661541925787,
    "best_sse": 3153.970017403747,
    "weights": {
        "alpha": 0.47,
        "beta": 0.53,
        "gamma": 0.0
    },
    "total_runtime_sec": 58.694591999053955
}