{
    "n_trials": 31,
    "avg_iterations": 4.419354838709677,
    "median_iterations": 4.0,
    "avg_auc_delta": 4.348686711426856,
    "avg_geo_decay": 0.40147007129707857,
    "best_k": 10,
    "best_combined_score": 0.7052033106892845,
    "best_sse": 130.81529715011334,
    "weights": {
        "alpha": 0.47,
        "beta": 0.53,
        "gamma": 0.0
    },
    "total_runtime_sec": 8.37927770614624
}