{
    "core_count": 792,
    "border_count": 6,
    "noise_count": 20,
    "noise_ratio": 0.02444987775061125,
    "neighbor_hist": [
        0,
        18,
        2,
        0,
        1,
        5,
        1,
        2,
        11,
        1,
        4,
        5,
        11,
        3,
        6,
        9,
        8,
        5,
        5,
        2,
        5,
        4,
        0,
        1,
        8,
        4,
        5,
        4,
        7,
        4,
        6,
        9,
        5,
        11,
        4,
        3,
        5,
        5,
        9,
        6,
        6,
        1,
        2,
        2,
        2,
        3,
        5,
        5,
        4,
        584
    ],
    "combined_score": 0.4918651466200956,
    "silhouette": 0.34050243321789164,
    "davies_bouldin": 1.5129206883480195,
    "sse": 3167.625892735835,
    "weights": {
        "alpha": 0.47,
        "beta": 0.53,
        "gamma": 0.0
    }
}