{
    "n_trials": 31,
    "avg_iterations": 4.129032258064516,
    "median_iterations": 4.0,
    "avg_auc_delta": 2.900870986582996,
    "avg_geo_decay": 0.277694057614531,
    "best_k": 15,
    "best_combined_score": 0.4290730974835349,
    "best_sse": 2359.1514114033334,
    "weights": {
        "alpha": 0.47,
        "beta": 0.53,
        "gamma": 0.0
    },
    "total_runtime_sec": 0.5770061016082764
}