{
    "n_trials": 31,
    "avg_iterations": 12.96774193548387,
    "median_iterations": 12.0,
    "avg_auc_delta": 9.738820139889336,
    "avg_geo_decay": 0.660203232077975,
    "best_k": 43,
    "best_combined_score": 0.5596619985903692,
    "best_sse": 1519.480333662893,
    "weights": {
        "alpha": 0.47,
        "beta": 0.53,
        "gamma": 0.0
    },
    "total_runtime_sec": 10.302966356277466
}