{
    "clean_state": "raw",
    "best_k": 8,
    "best_cov_type": "tied",
    "best_combined": 1.128386847450359,
    "best_silhouette": 0.5805577960380731,
    "best_db": 0.5965818607725444,
    "n_iter_final": 1,
    "ll_curve_final": [
        10.31408404264121,
        10.314087341843859
    ],
    "total_runtime_sec": 0.9955024719238281
}