{
    "n_trials": 31,
    "avg_iterations": 10.548387096774194,
    "median_iterations": 11.0,
    "avg_auc_delta": 4.377767366122692,
    "avg_geo_decay": 0.3910354244639371,
    "best_k": 8,
    "best_combined_score": 0.6380287198498704,
    "best_sse": 2940.92698864257,
    "weights": {
        "alpha": 0.47,
        "beta": 0.53,
        "gamma": 0.0
    },
    "total_runtime_sec": 96.01234412193298
}