{
    "core_count": 845,
    "border_count": 7,
    "noise_count": 6,
    "noise_ratio": 0.006993006993006993,
    "neighbor_hist": [
        0,
        1,
        2,
        1,
        9,
        14,
        2,
        2,
        6,
        14,
        13,
        4,
        5,
        10,
        5,
        4,
        1,
        2,
        7,
        6,
        2,
        3,
        12,
        5,
        7,
        1,
        4,
        3,
        6,
        2,
        6,
        3,
        2,
        1,
        7,
        2,
        2,
        3,
        6,
        2,
        1,
        10,
        2,
        0,
        1,
        0,
        7,
        5,
        2,
        643
    ],
    "combined_score": 0.5723325191744791,
    "silhouette": 0.24520093604674917,
    "davies_bouldin": 0.8723354498328736,
    "sse": 4008.6129872092456,
    "weights": {
        "alpha": 0.47,
        "beta": 0.53,
        "gamma": 0.0
    }
}