{
    "n_trials": 31,
    "avg_iterations": 16.806451612903224,
    "median_iterations": 16.0,
    "avg_auc_delta": 11.130071708091123,
    "avg_geo_decay": 0.7075021219895645,
    "best_k": 12,
    "best_combined_score": 0.4908510177505746,
    "best_sse": 2447.5858633071302,
    "weights": {
        "alpha": 0.47,
        "beta": 0.53,
        "gamma": 0.0
    },
    "total_runtime_sec": 7.86536431312561
}