{
    "n_trials": 31,
    "avg_iterations": 14.290322580645162,
    "median_iterations": 13.0,
    "avg_auc_delta": 13.321043328650028,
    "avg_geo_decay": 0.6437344429875576,
    "best_k": 33,
    "best_combined_score": 0.4948900601473012,
    "best_sse": 1557.3430622044393,
    "total_runtime_sec": 5.527131080627441
}