{
    "n_trials": 30,
    "avg_iterations": 9.9,
    "median_iterations": 9.0,
    "avg_auc_delta": 12.964999007545142,
    "avg_geo_decay": 0.5708282591598539,
    "best_k": 18,
    "best_combined_score": 0.5375663717382455,
    "best_sse": 3633.8156978594334,
    "weights": {
        "alpha": 0.47,
        "beta": 0.53,
        "gamma": 0.0
    },
    "total_runtime_sec": 2.322425365447998
}