{
    "n_trials": 30,
    "avg_iterations": 14.333333333333334,
    "median_iterations": 14.0,
    "avg_auc_delta": 10.738049419639655,
    "avg_geo_decay": 0.6789240277647687,
    "best_k": 33,
    "best_combined_score": 0.5158814134766325,
    "best_sse": 1478.5835276583955,
    "total_runtime_sec": 1.6047329902648926
}