{
    "clean_state": "raw",
    "best_k": 8,
    "linkage": "single",
    "metric": "euclidean",
    "combined": 0.6261721339394561,
    "silhouette": 0.22431600922987446,
    "davies_bouldin": 0.564583623080435,
    "sse": 1138.602674329204,
    "weights": {
        "alpha": 0.47,
        "beta": 0.53,
        "gamma": 0.0
    },
    "intra_dist_mean": 3.2611548252668703,
    "inter_dist_mean": 6.400759911960665,
    "ratio_intra_inter": 0.5094949459317264,
    "n_merge_steps": 200,
    "h_max": 6.24906142505815,
    "total_runtime_sec": 4.2812275886535645
}