{
    "clean_state": "raw",
    "best_k": 18,
    "linkage": "single",
    "metric": "manhattan",
    "combined": 0.873443818618785,
    "silhouette": 0.07816282633401983,
    "davies_bouldin": 0.5992599819130984,
    "intra_dist_mean": 3.0853284353309554,
    "inter_dist_mean": 5.121534283893942,
    "ratio_intra_inter": 0.602422685138125,
    "n_merge_steps": 1054,
    "total_runtime_sec": 28.250163078308105
}