{
    "n_trials": 31,
    "avg_iterations": 4.935483870967742,
    "median_iterations": 5.0,
    "avg_auc_delta": 7.115702309207971,
    "avg_geo_decay": 0.699695398523907,
    "best_k": 11,
    "best_combined_score": 0.6611082807391493,
    "best_sse": 159.39502104211263,
    "weights": {
        "alpha": 0.47,
        "beta": 0.53,
        "gamma": 0.0
    },
    "total_runtime_sec": 0.3679337501525879
}