{
    "n_trials": 30,
    "avg_iterations": 12.0,
    "median_iterations": 11.5,
    "avg_auc_delta": 7.416418032043792,
    "avg_geo_decay": 0.6163713707723585,
    "best_k": 34,
    "best_combined_score": 0.5558799366784124,
    "best_sse": 1471.0822860293906,
    "total_runtime_sec": 1.7007110118865967
}