{
    "n_trials": 31,
    "avg_iterations": 17.741935483870968,
    "median_iterations": 18.0,
    "avg_auc_delta": 12.058950536157232,
    "avg_geo_decay": 0.6977790259431333,
    "best_k": 34,
    "best_combined_score": 0.54847890793836,
    "best_sse": 1537.9872148971763,
    "total_runtime_sec": 9.73042893409729
}