{
    "n_trials": 31,
    "avg_iterations": 17.387096774193548,
    "median_iterations": 17.0,
    "avg_auc_delta": 15.113926472766535,
    "avg_geo_decay": 0.6607606947810005,
    "best_k": 5,
    "best_combined_score": 0.5275390448587892,
    "best_sse": 11351.38106384733,
    "weights": {
        "alpha": 0.47,
        "beta": 0.53,
        "gamma": 0.0
    },
    "total_runtime_sec": 7.8757452964782715
}