{
    "clean_state": "raw",
    "best_k": 12,
    "linkage": "single",
    "metric": "euclidean",
    "combined": 1.7642269085208462,
    "silhouette": 0.4602131532426044,
    "davies_bouldin": 0.3259196750106957,
    "intra_dist_mean": 3.4053746086369396,
    "inter_dist_mean": 9.758193737455954,
    "ratio_intra_inter": 0.3489759170865162,
    "n_merge_steps": 1495,
    "total_runtime_sec": 58.462749004364014
}