{
    "n_trials": 31,
    "avg_iterations": 13.225806451612904,
    "median_iterations": 12.0,
    "avg_auc_delta": 5.091248267024058,
    "avg_geo_decay": 0.5609981363594164,
    "best_k": 16,
    "best_combined_score": 0.6039981296762054,
    "best_sse": 1972.8717046456768,
    "weights": {
        "alpha": 0.47,
        "beta": 0.53,
        "gamma": 0.0
    },
    "total_runtime_sec": 111.84974598884583
}