{
    "clean_state": "raw",
    "best_k": 31,
    "best_cov_type": "full",
    "best_combined": 0.7685390890182042,
    "best_silhouette": 0.5365044940426321,
    "best_db": 0.9994266449308495,
    "n_iter_final": 1,
    "ll_curve_final": [
        27.697630829461502,
        27.928843792713828,
        28.16457960038947,
        28.34785430940778,
        28.37026374816885,
        28.370978203985626
    ],
    "total_runtime_sec": 24.123862504959106
}