{
    "clean_state": "raw",
    "best_k": 29,
    "best_cov_type": "full",
    "best_combined": 0.5841149484828206,
    "best_silhouette": 0.4731947190473682,
    "best_db": 1.026269275139526,
    "best_sse": 1892.3147601728738,
    "weights": {
        "alpha": 0.47,
        "beta": 0.53,
        "gamma": 0.0
    },
    "n_iter_final": 1,
    "ll_curve_final": [
        24.634042599325735,
        25.4795967302844,
        26.24549452416628,
        26.417884774975086,
        26.418580363545374
    ],
    "total_runtime_sec": 11.506417274475098
}