{
    "n_trials": 30,
    "avg_iterations": 3.3666666666666667,
    "median_iterations": 3.0,
    "avg_auc_delta": 3.05310411514767,
    "avg_geo_decay": 0.2703017330917975,
    "best_k": 20,
    "best_combined_score": 1.3658260917147287,
    "best_sse": 104.75142593306998,
    "total_runtime_sec": 0.2627713680267334
}