{
    "n_trials": 30,
    "avg_iterations": 2.0,
    "median_iterations": 2.0,
    "avg_auc_delta": 0.0,
    "avg_geo_decay": 0.0,
    "best_k": 11,
    "best_combined_score": 0.7446092562348032,
    "best_sse": 99.9360250293691,
    "weights": {
        "alpha": 0.47,
        "beta": 0.53,
        "gamma": 0.0
    },
    "total_runtime_sec": 0.33614444732666016
}