{
    "n_trials": 31,
    "avg_iterations": 6.129032258064516,
    "median_iterations": 5.0,
    "avg_auc_delta": 5.516851212874959,
    "avg_geo_decay": 0.4282381695342053,
    "best_k": 20,
    "best_combined_score": 1.3162956024551886,
    "best_sse": 163.07795985917917,
    "total_runtime_sec": 3.6560566425323486
}