{
    "n_trials": 31,
    "avg_iterations": 10.129032258064516,
    "median_iterations": 10.0,
    "avg_auc_delta": 7.41588162649763,
    "avg_geo_decay": 0.6316891914900256,
    "best_k": 43,
    "best_combined_score": 0.6305565544872228,
    "best_sse": 788.2605137681504,
    "weights": {
        "alpha": 0.47,
        "beta": 0.53,
        "gamma": 0.0
    },
    "total_runtime_sec": 12.109920501708984
}