{
    "core_count": 1312,
    "border_count": 20,
    "noise_count": 70,
    "noise_ratio": 0.04992867332382311,
    "neighbor_hist": [
        0,
        40,
        19,
        19,
        12,
        1,
        7,
        15,
        3,
        4,
        16,
        5,
        2,
        5,
        9,
        9,
        7,
        4,
        3,
        8,
        8,
        8,
        7,
        11,
        7,
        9,
        7,
        4,
        7,
        4,
        14,
        7,
        2,
        4,
        2,
        1,
        1,
        6,
        3,
        4,
        4,
        1,
        3,
        3,
        2,
        3,
        0,
        1,
        1,
        1080
    ],
    "combined_score": 0.4969564070050033,
    "silhouette": 0.514103879432684,
    "davies_bouldin": 1.6253201275340707,
    "sse": 7225.100397702952,
    "weights": {
        "alpha": 0.47,
        "beta": 0.53,
        "gamma": 0.0
    }
}