{
    "clean_state": "raw",
    "best_k": 10,
    "linkage": "single",
    "metric": "euclidean",
    "combined": 1.9140298230684585,
    "silhouette": 0.5345956324432038,
    "davies_bouldin": 0.3036316765090358,
    "intra_dist_mean": 2.2843909092641317,
    "inter_dist_mean": 7.648256004447017,
    "ratio_intra_inter": 0.2986812821034746,
    "n_merge_steps": 244,
    "total_runtime_sec": 3.2142560482025146
}