{
    "clean_state": "raw",
    "best_k": 6,
    "linkage": "average",
    "metric": "euclidean",
    "combined": 1.90734807267054,
    "silhouette": 0.7162173793306698,
    "davies_bouldin": 0.32273901986025105,
    "intra_dist_mean": 2.6232426407858007,
    "inter_dist_mean": 10.730239670182156,
    "ratio_intra_inter": 0.24447195229713115,
    "n_merge_steps": 244,
    "h_max": 11.535141331824146,
    "total_runtime_sec": 1.3459794521331787
}