{
    "n_trials": 31,
    "avg_iterations": 9.129032258064516,
    "median_iterations": 8.0,
    "avg_auc_delta": 9.081890095341556,
    "avg_geo_decay": 0.5164463514064026,
    "best_k": 11,
    "best_combined_score": 0.5235722738838848,
    "best_sse": 3941.291980852285,
    "weights": {
        "alpha": 0.47,
        "beta": 0.53,
        "gamma": 0.0
    },
    "total_runtime_sec": 9.972084283828735
}