{
    "clean_state": "raw",
    "best_k": 7,
    "linkage": "single",
    "metric": "manhattan",
    "combined": 2.323661631212059,
    "silhouette": 0.5663626595675469,
    "davies_bouldin": 0.2450403464566712,
    "intra_dist_mean": 2.2318855716050745,
    "inter_dist_mean": 7.599195760084334,
    "ratio_intra_inter": 0.293700233823166,
    "n_merge_steps": 96,
    "h_max": 15.680473005094363,
    "total_runtime_sec": 0.5057690143585205
}