{
    "clean_state": "raw",
    "best_k": 5,
    "linkage": "average",
    "metric": "euclidean",
    "combined": 2.555470213470925,
    "silhouette": 0.5944510466476804,
    "davies_bouldin": 0.22141090475338782,
    "intra_dist_mean": 2.5081452018581567,
    "inter_dist_mean": 9.57016311318259,
    "ratio_intra_inter": 0.2620796711816757,
    "n_merge_steps": 96,
    "total_runtime_sec": 0.7545831203460693
}