{
    "clean_state": "raw",
    "best_k": 6,
    "linkage": "single",
    "metric": "manhattan",
    "combined": 0.842646285235377,
    "silhouette": 0.7296020601085096,
    "davies_bouldin": 0.21369802006481875,
    "sse": 980.3481258370532,
    "weights": {
        "alpha": 0.47,
        "beta": 0.53,
        "gamma": 0.0
    },
    "intra_dist_mean": 2.372629674728776,
    "inter_dist_mean": 11.89337862262163,
    "ratio_intra_inter": 0.19949164573099104,
    "n_merge_steps": 230,
    "h_max": 15.235932744605874,
    "total_runtime_sec": 10.81424856185913
}