{
    "core_count": 2359,
    "border_count": 4,
    "noise_count": 13,
    "noise_ratio": 0.005471380471380472,
    "neighbor_hist": [
        0,
        7,
        6,
        0,
        4,
        11,
        24,
        15,
        2,
        18,
        10,
        0,
        0,
        2,
        12,
        15,
        0,
        0,
        0,
        0,
        20,
        0,
        0,
        0,
        0,
        0,
        0,
        0,
        0,
        0,
        0,
        0,
        0,
        0,
        0,
        0,
        0,
        0,
        0,
        0,
        0,
        0,
        0,
        0,
        0,
        0,
        0,
        0,
        0,
        2230
    ],
    "combined_score": 0.600001088346813,
    "silhouette": 0.6499629586535994,
    "davies_bouldin": 1.0697243098185034,
    "sse": 1428.7161698716804,
    "weights": {
        "alpha": 0.47,
        "beta": 0.53,
        "gamma": 0.0
    }
}