{
    "n_trials": 31,
    "avg_iterations": 15.32258064516129,
    "median_iterations": 14.0,
    "avg_auc_delta": 11.056477072133369,
    "avg_geo_decay": 0.6507750123922336,
    "best_k": 47,
    "best_combined_score": 0.5607871083409994,
    "best_sse": 1468.0752581290517,
    "weights": {
        "alpha": 0.47,
        "beta": 0.53,
        "gamma": 0.0
    },
    "total_runtime_sec": 11.854253768920898
}