{
    "n_trials": 20,
    "avg_iterations": 2.3,
    "median_iterations": 2.0,
    "avg_auc_delta": 0.5427094880508695,
    "avg_geo_decay": 0.05667877961600639,
    "best_k": 10,
    "best_combined_score": 1.4214621703215287,
    "best_sse": 100.40738412391497,
    "total_runtime_sec": 0.10604095458984375
}