{
    "n_trials": 31,
    "avg_iterations": 3.064516129032258,
    "median_iterations": 3.0,
    "avg_auc_delta": 3.294175746991678,
    "avg_geo_decay": 0.2383543420109799,
    "best_k": 10,
    "best_combined_score": 1.1757537589166027,
    "best_sse": 189.1067912468375,
    "total_runtime_sec": 1.593080759048462
}