{
    "n_trials": 20,
    "avg_iterations": 2.35,
    "median_iterations": 2.0,
    "avg_auc_delta": 0.9078269061681044,
    "avg_geo_decay": 0.0278296276396238,
    "best_k": 9,
    "best_combined_score": 0.7331570734401786,
    "best_sse": 100.15038801688894,
    "weights": {
        "alpha": 0.47,
        "beta": 0.53,
        "gamma": 0.0
    },
    "total_runtime_sec": 0.2171781063079834
}