{
    "clean_state": "raw",
    "best_k": 7,
    "linkage": "single",
    "metric": "manhattan",
    "combined": 1.5524316150452568,
    "silhouette": 0.5308783095417797,
    "davies_bouldin": 0.38850266449378246,
    "intra_dist_mean": 2.256706271063347,
    "inter_dist_mean": 6.928583770221162,
    "ratio_intra_inter": 0.32570960327596454,
    "n_merge_steps": 141,
    "h_max": 12.31801672432744,
    "total_runtime_sec": 0.8445096015930176
}