{
    "clean_state": "raw",
    "best_k": 5,
    "linkage": "average",
    "metric": "euclidean",
    "combined": 1.7072590508597731,
    "silhouette": 0.5521476678199847,
    "davies_bouldin": 0.3493607913765536,
    "intra_dist_mean": 2.5774320132954975,
    "inter_dist_mean": 7.862706510936156,
    "ratio_intra_inter": 0.32780468274000135,
    "n_merge_steps": 141,
    "total_runtime_sec": 1.654653549194336
}