{
    "n_trials": 31,
    "avg_iterations": 5.67741935483871,
    "median_iterations": 5.0,
    "avg_auc_delta": 10.132086736467677,
    "avg_geo_decay": 0.485646222160813,
    "best_k": 8,
    "best_combined_score": 0.40715912648645397,
    "best_sse": 861.494990608481,
    "weights": {
        "alpha": 0.47,
        "beta": 0.53,
        "gamma": 0.0
    },
    "total_runtime_sec": 1.3047435283660889
}