{
    "n_trials": 31,
    "avg_iterations": 11.096774193548388,
    "median_iterations": 12.0,
    "avg_auc_delta": 6.109459542916568,
    "avg_geo_decay": 0.5748586439924152,
    "best_k": 5,
    "best_combined_score": 0.6632410863772472,
    "best_sse": 4462.013049666466,
    "weights": {
        "alpha": 0.47,
        "beta": 0.53,
        "gamma": 0.0
    },
    "total_runtime_sec": 5.730325937271118
}