{
    "n_trials": 31,
    "avg_iterations": 10.774193548387096,
    "median_iterations": 10.0,
    "avg_auc_delta": 8.949776125285345,
    "avg_geo_decay": 0.578109109974325,
    "best_k": 27,
    "best_combined_score": 0.5987158515805856,
    "best_sse": 1603.3476432497678,
    "weights": {
        "alpha": 0.47,
        "beta": 0.53,
        "gamma": 0.0
    },
    "total_runtime_sec": 81.92967009544373
}