{
    "n_trials": 31,
    "avg_iterations": 6.903225806451613,
    "median_iterations": 7.0,
    "avg_auc_delta": 7.960411579977563,
    "avg_geo_decay": 0.3997127685949541,
    "best_k": 8,
    "best_combined_score": 0.5167340439618894,
    "best_sse": 1932.8425354336525,
    "weights": {
        "alpha": 0.47,
        "beta": 0.53,
        "gamma": 0.0
    },
    "total_runtime_sec": 2.0928783416748047
}