{
    "n_trials": 31,
    "avg_iterations": 15.35483870967742,
    "median_iterations": 14.0,
    "avg_auc_delta": 22.854510371575262,
    "avg_geo_decay": 0.6429016895750257,
    "best_k": 31,
    "best_combined_score": 0.3781492162101068,
    "best_sse": 6585.611978039279,
    "total_runtime_sec": 10.735844135284424
}