{
    "n_trials": 30,
    "avg_iterations": 14.233333333333333,
    "median_iterations": 11.0,
    "avg_auc_delta": 15.560049791098383,
    "avg_geo_decay": 0.5996841353679586,
    "best_k": 31,
    "best_combined_score": 0.43856908683596246,
    "best_sse": 6239.595386851832,
    "total_runtime_sec": 2.1444854736328125
}