{
    "clean_state": "raw",
    "best_k": 10,
    "best_cov_type": "tied",
    "best_combined": 0.7814432086818565,
    "best_silhouette": 0.654823186843571,
    "best_db": 0.34273020328758425,
    "best_sse": 171.58631259988425,
    "weights": {
        "alpha": 0.47,
        "beta": 0.53,
        "gamma": 0.0
    },
    "n_iter_final": 1,
    "ll_curve_final": [
        18.76719584942394,
        18.920450968659246,
        19.147816550109454,
        19.22690099031555,
        19.22772350129213
    ],
    "total_runtime_sec": 1.6990485191345215
}