{
    "clean_state": "raw",
    "best_k": 9,
    "best_cov_type": "tied",
    "best_combined": 1.3278386692661386,
    "best_silhouette": 0.5724404372304047,
    "best_db": 0.4800222189685063,
    "n_iter_final": 1,
    "ll_curve_final": [
        20.621555692525654,
        20.636372285778084,
        20.680303470560048,
        20.747752482300005,
        20.752891868937848,
        20.780731829226177,
        20.796152473920188,
        20.79619921751544
    ],
    "total_runtime_sec": 0.674149751663208
}