{
    "n_trials": 31,
    "avg_iterations": 11.96774193548387,
    "median_iterations": 12.0,
    "avg_auc_delta": 9.757185334568653,
    "avg_geo_decay": 0.603107736560563,
    "best_k": 38,
    "best_combined_score": 0.6110147582743997,
    "best_sse": 1516.4525352313065,
    "weights": {
        "alpha": 0.47,
        "beta": 0.53,
        "gamma": 0.0
    },
    "total_runtime_sec": 360.01552653312683
}