{
    "core_count": 98,
    "border_count": 5,
    "noise_count": 21,
    "noise_ratio": 0.1693548387096774,
    "neighbor_hist": [
        0,
        12,
        8,
        3,
        3,
        2,
        1,
        7,
        3,
        1,
        3,
        0,
        0,
        0,
        0,
        6,
        5,
        5,
        0,
        1,
        0,
        0,
        1,
        1,
        0,
        0,
        0,
        1,
        0,
        0,
        2,
        1,
        0,
        1,
        0,
        0,
        0,
        1,
        0,
        0,
        1,
        0,
        0,
        1,
        0,
        0,
        0,
        0,
        1,
        53
    ],
    "combined_score": 0.45313211586676566,
    "silhouette": 0.3904023688936983,
    "davies_bouldin": 1.8882992550198043,
    "sse": 127.83277392449027,
    "weights": {
        "alpha": 0.47,
        "beta": 0.53,
        "gamma": 0.0
    }
}