{
    "n_trials": 31,
    "avg_iterations": 3.6774193548387095,
    "median_iterations": 3.0,
    "avg_auc_delta": 1.903400580946069,
    "avg_geo_decay": 0.09563944243238548,
    "best_k": 17,
    "best_combined_score": 0.4437036196016285,
    "best_sse": 9154.50805980953,
    "weights": {
        "alpha": 0.47,
        "beta": 0.53,
        "gamma": 0.0
    },
    "total_runtime_sec": 5.1268229484558105
}