{
    "n_trials": 31,
    "avg_iterations": 7.032258064516129,
    "median_iterations": 6.0,
    "avg_auc_delta": 14.146497530926764,
    "avg_geo_decay": 0.6383568160165076,
    "best_k": 17,
    "best_combined_score": 0.7110304389525186,
    "best_sse": 277.56858545576506,
    "weights": {
        "alpha": 0.47,
        "beta": 0.53,
        "gamma": 0.0
    },
    "total_runtime_sec": 0.8863976001739502
}