{
    "clean_state": "raw",
    "best_k": 9,
    "best_cov_type": "tied",
    "best_combined": 1.7694514592981263,
    "best_silhouette": 0.7567273455470234,
    "best_db": 0.3594309466616489,
    "n_iter_final": 1,
    "ll_curve_final": [
        14.872455586268643,
        14.872455603445804
    ],
    "total_runtime_sec": 0.853966474533081
}