{
    "clean_state": "raw",
    "best_k": 10,
    "best_cov_type": "tied",
    "best_combined": 0.7832021497530064,
    "best_silhouette": 0.7612809073493751,
    "best_db": 0.4020888363282423,
    "best_sse": 210.88890703067176,
    "weights": {
        "alpha": 0.47,
        "beta": 0.53,
        "gamma": 0.0
    },
    "n_iter_final": 1,
    "ll_curve_final": [
        13.173287161834157,
        13.173287167592601
    ],
    "total_runtime_sec": 2.0918877124786377
}