{
    "core_count": 182,
    "border_count": 6,
    "noise_count": 14,
    "noise_ratio": 0.06930693069306931,
    "neighbor_hist": [
        0,
        2,
        8,
        2,
        8,
        2,
        1,
        7,
        0,
        0,
        0,
        0,
        0,
        9,
        0,
        5,
        0,
        1,
        1,
        2,
        0,
        0,
        0,
        0,
        0,
        0,
        0,
        0,
        0,
        0,
        0,
        0,
        0,
        0,
        0,
        0,
        0,
        0,
        0,
        2,
        1,
        0,
        0,
        1,
        0,
        0,
        0,
        0,
        0,
        150
    ],
    "combined_score": 0.48292765873250354,
    "silhouette": 0.6061977903173013,
    "davies_bouldin": 1.802774497865349,
    "sse": 373.512407328895,
    "weights": {
        "alpha": 0.47,
        "beta": 0.53,
        "gamma": 0.0
    }
}