{
    "n_trials": 31,
    "avg_iterations": 11.774193548387096,
    "median_iterations": 11.0,
    "avg_auc_delta": 7.472128411302163,
    "avg_geo_decay": 0.5517329129962592,
    "best_k": 48,
    "best_combined_score": 0.762424124492011,
    "best_sse": 552.81584346055,
    "total_runtime_sec": 10.038167238235474
}