{
    "n_trials": 30,
    "avg_iterations": 9.2,
    "median_iterations": 10.0,
    "avg_auc_delta": 4.604771509600416,
    "avg_geo_decay": 0.49495278148634303,
    "best_k": 48,
    "best_combined_score": 0.8054721323255547,
    "best_sse": 511.10047067127107,
    "total_runtime_sec": 4.131696939468384
}