{
    "centroid_movements": [
        2.7669992274794355e-15
    ],
    "sse_list": [
        587.1164277492035,
        587.1164277492035
    ],
    "final_iteration": 2
}