{
    "n_trials": 31,
    "avg_iterations": 4.451612903225806,
    "median_iterations": 4.0,
    "avg_auc_delta": 4.632106203338394,
    "avg_geo_decay": 0.4082511762719533,
    "best_k": 6,
    "best_combined_score": 0.678392598587914,
    "best_sse": 873.4633930683086,
    "weights": {
        "alpha": 0.47,
        "beta": 0.53,
        "gamma": 0.0
    },
    "total_runtime_sec": 2.0372753143310547
}