{
    "clean_state": "raw",
    "best_k": 5,
    "linkage": "single",
    "metric": "euclidean",
    "combined": 2.2907850789588116,
    "silhouette": 0.5864121785284195,
    "davies_bouldin": 0.2503029930628386,
    "intra_dist_mean": 3.3170296407564797,
    "inter_dist_mean": 11.437078458038995,
    "ratio_intra_inter": 0.29002420967259224,
    "n_merge_steps": 1430,
    "h_max": 6.897843071884132,
    "total_runtime_sec": 42.22246503829956
}