{
    "clean_state": "raw",
    "best_k": 5,
    "linkage": "single",
    "metric": "manhattan",
    "combined": 2.290785049432409,
    "silhouette": 0.5864121785284133,
    "davies_bouldin": 0.25030299676259027,
    "intra_dist_mean": 3.3170296407565303,
    "inter_dist_mean": 11.437078458038995,
    "ratio_intra_inter": 0.2900242096725967,
    "n_merge_steps": 1430,
    "total_runtime_sec": 39.984755754470825
}