{
    "core_count": 214,
    "border_count": 9,
    "noise_count": 21,
    "noise_ratio": 0.0860655737704918,
    "neighbor_hist": [
        0,
        9,
        4,
        4,
        13,
        4,
        1,
        2,
        13,
        4,
        1,
        3,
        0,
        0,
        0,
        10,
        10,
        1,
        3,
        3,
        2,
        3,
        2,
        14,
        5,
        1,
        2,
        3,
        2,
        0,
        1,
        2,
        0,
        0,
        0,
        0,
        0,
        0,
        0,
        0,
        0,
        0,
        1,
        0,
        1,
        1,
        0,
        0,
        1,
        118
    ],
    "combined_score": 0.49522216272994424,
    "silhouette": 0.5004268859115403,
    "davies_bouldin": 1.6279384129499714,
    "sse": 451.8366637914919,
    "weights": {
        "alpha": 0.47,
        "beta": 0.53,
        "gamma": 0.0
    }
}