{
    "n_trials": 31,
    "avg_iterations": 17.322580645161292,
    "median_iterations": 16.0,
    "avg_auc_delta": 13.212148803692978,
    "avg_geo_decay": 0.6862391367894635,
    "best_k": 35,
    "best_combined_score": 0.5698948560616929,
    "best_sse": 1854.5636288081105,
    "total_runtime_sec": 14.807629585266113
}