{
    "n_trials": 30,
    "avg_iterations": 14.366666666666667,
    "median_iterations": 12.5,
    "avg_auc_delta": 16.492076896545193,
    "avg_geo_decay": 0.6884668630782103,
    "best_k": 22,
    "best_combined_score": 0.41667439389677496,
    "best_sse": 9185.352876642226,
    "weights": {
        "alpha": 0.47,
        "beta": 0.53,
        "gamma": 0.0
    },
    "total_runtime_sec": 2.5591118335723877
}