{
    "clean_state": "raw",
    "best_k": 48,
    "linkage": "average",
    "metric": "euclidean",
    "combined": 0.6674085637880603,
    "silhouette": 0.45060135639655857,
    "davies_bouldin": 0.6043876830792086,
    "sse": 1665.8405142191032,
    "weights": {
        "alpha": 0.47,
        "beta": 0.53,
        "gamma": 0.0
    },
    "intra_dist_mean": 1.0124749950810126,
    "inter_dist_mean": 3.4919484699242007,
    "ratio_intra_inter": 0.2899455715916393,
    "n_merge_steps": 2375,
    "h_max": 5.411433986161895,
    "total_runtime_sec": 526.6432573795319
}