{
    "clean_state": "raw",
    "best_k": 5,
    "linkage": "single",
    "metric": "euclidean",
    "combined": 1.3206996155690813,
    "silhouette": 0.3767509763736997,
    "davies_bouldin": 0.4415696777175694,
    "intra_dist_mean": 5.594641606432418,
    "inter_dist_mean": 12.095047642178846,
    "ratio_intra_inter": 0.46255639266122944,
    "n_merge_steps": 999,
    "h_max": 9.782172627069135,
    "total_runtime_sec": 17.635035037994385
}