{
    "clean_state": "raw",
    "best_k": 14,
    "linkage": "single",
    "metric": "euclidean",
    "combined": 1.2937445587671839,
    "silhouette": 0.2840103308215315,
    "davies_bouldin": 0.434125986211943,
    "intra_dist_mean": 5.538181902388666,
    "inter_dist_mean": 10.232553724527651,
    "ratio_intra_inter": 0.5412316467113174,
    "n_merge_steps": 999,
    "total_runtime_sec": 36.048744440078735
}