{
    "n_trials": 31,
    "avg_iterations": 10.419354838709678,
    "median_iterations": 9.0,
    "avg_auc_delta": 10.071997053769175,
    "avg_geo_decay": 0.5949315844479559,
    "best_k": 16,
    "best_combined_score": 0.5400002881859276,
    "best_sse": 797.2951154136061,
    "weights": {
        "alpha": 0.47,
        "beta": 0.53,
        "gamma": 0.0
    },
    "total_runtime_sec": 2.691965341567993
}