{
    "clean_state": "raw",
    "best_k": 5,
    "linkage": "single",
    "metric": "manhattan",
    "combined": 2.0023395277109937,
    "silhouette": 0.5020496643391633,
    "davies_bouldin": 0.28549980267562763,
    "intra_dist_mean": 3.4180393961347026,
    "inter_dist_mean": 16.500155431722213,
    "ratio_intra_inter": 0.20715195140302603,
    "n_merge_steps": 2409,
    "total_runtime_sec": 155.83431839942932
}