{
    "clean_state": "raw",
    "best_k": 5,
    "linkage": "single",
    "metric": "manhattan",
    "combined": 0.6187610948293464,
    "silhouette": 0.23605181458238678,
    "davies_bouldin": 0.6144277704598446,
    "sse": 17583.759663549725,
    "weights": {
        "alpha": 0.47,
        "beta": 0.53,
        "gamma": 0.0
    },
    "intra_dist_mean": 5.782187828902897,
    "inter_dist_mean": 9.712879982216956,
    "ratio_intra_inter": 0.595311363827078,
    "n_merge_steps": 999,
    "h_max": 16.73749604100707,
    "total_runtime_sec": 25.75248646736145
}