{
    "clean_state": "raw",
    "best_k": 5,
    "linkage": "single",
    "metric": "manhattan",
    "combined": 2.002339571475415,
    "silhouette": 0.5020496643391742,
    "davies_bouldin": 0.2854997955411407,
    "intra_dist_mean": 3.4180393961346285,
    "inter_dist_mean": 16.500155431722213,
    "ratio_intra_inter": 0.20715195140302153,
    "n_merge_steps": 2409,
    "h_max": 44.15956104084201,
    "total_runtime_sec": 147.37458109855652
}