{
    "n_trials": 31,
    "avg_iterations": 8.32258064516129,
    "median_iterations": 9.0,
    "avg_auc_delta": 8.95131436340445,
    "avg_geo_decay": 0.5531100843835263,
    "best_k": 22,
    "best_combined_score": 0.5775105267244186,
    "best_sse": 507.18240837272594,
    "weights": {
        "alpha": 0.47,
        "beta": 0.53,
        "gamma": 0.0
    },
    "total_runtime_sec": 2.3084352016448975
}