{
    "clean_state": "raw",
    "best_k": 37,
    "best_cov_type": "spherical",
    "best_combined": 0.518941504700891,
    "best_silhouette": 0.2277734878584522,
    "best_db": 1.2344009956763777,
    "n_iter_final": 1,
    "ll_curve_final": [
        -6.304802580084273,
        -6.245760802258145,
        -6.217782559730966,
        -6.1923361137007955,
        -6.150159136635348,
        -6.1138987156072835,
        -6.091223774241924,
        -6.065829049000893,
        -6.034205032016329,
        -6.0177066409367015,
        -6.00684003025954,
        -5.996399482617137,
        -5.985937026946206,
        -5.9784601880596115,
        -5.972360268084126,
        -5.966572447194899,
        -5.961987450378976,
        -5.959578707186399,
        -5.957655894329878,
        -5.955988667774315,
        -5.954608739721073,
        -5.953570420232658,
        -5.952881392405002
    ],
    "total_runtime_sec": 74.57203412055969
}