{
    "clean_state": "raw",
    "best_k": 10,
    "best_cov_type": "tied",
    "best_combined": 0.580595127198025,
    "best_silhouette": 0.286696131947397,
    "best_db": 0.8713536234540278,
    "best_sse": 5445.821136938483,
    "weights": {
        "alpha": 0.47,
        "beta": 0.53,
        "gamma": 0.0
    },
    "n_iter_final": 1,
    "ll_curve_final": [
        -6.307174843860452,
        -6.216998762710198,
        -6.19165256468454,
        -6.178133358388959,
        -6.165231385700925,
        -6.152066722699829,
        -6.139690192126008,
        -6.1322017513433895,
        -6.128877889412662,
        -6.127016644911445,
        -6.125738255158537,
        -6.124812478844728
    ],
    "total_runtime_sec": 37.69726610183716
}