{
    "n_trials": 31,
    "avg_iterations": 9.709677419354838,
    "median_iterations": 9.0,
    "avg_auc_delta": 20.67099300554945,
    "avg_geo_decay": 0.5914576249144005,
    "best_k": 19,
    "best_combined_score": 0.5015097995301607,
    "best_sse": 6018.4133380596395,
    "weights": {
        "alpha": 0.47,
        "beta": 0.53,
        "gamma": 0.0
    },
    "total_runtime_sec": 5.890759229660034
}