{
    "clean_state": "raw",
    "best_k": 9,
    "best_cov_type": "tied",
    "best_combined": 0.5588472614847407,
    "best_silhouette": 0.3049391989883031,
    "best_db": 1.0170898444760261,
    "best_sse": 2598.845490978885,
    "weights": {
        "alpha": 0.47,
        "beta": 0.53,
        "gamma": 0.0
    },
    "n_iter_final": 1,
    "ll_curve_final": [
        -8.010828961320835,
        -7.965859612607115,
        -7.949780008506996,
        -7.943415260428984,
        -7.939037226029864,
        -7.935627343231821,
        -7.932881574158436,
        -7.930581457589046,
        -7.9285032022706625,
        -7.926413128121615,
        -7.924055329742898,
        -7.921114997131959,
        -7.917162479391232,
        -7.911579754787414,
        -7.903417680268133,
        -7.89103419857279,
        -7.872257291169497,
        -7.846604687445934,
        -7.797642915526692,
        -7.770161599023518,
        -7.769309815745194
    ],
    "total_runtime_sec": 39.83281087875366
}