{
    "clean_state": "raw",
    "best_k": 9,
    "best_cov_type": "spherical",
    "best_combined": 0.7134712074054748,
    "best_silhouette": 0.3039269849375422,
    "best_db": 0.8904597153333198,
    "n_iter_final": 1,
    "ll_curve_final": [
        -6.223014052871641,
        -6.1908319483968,
        -6.170956122088306,
        -6.157542583533774,
        -6.1502526318162305,
        -6.146115062578914,
        -6.144072310249137,
        -6.143143707999208
    ],
    "total_runtime_sec": 15.546846389770508
}