{
    "n_trials": 31,
    "avg_iterations": 12.129032258064516,
    "median_iterations": 12.0,
    "avg_auc_delta": 18.946869672858924,
    "avg_geo_decay": 0.6182877506519079,
    "best_k": 31,
    "best_combined_score": 0.5301848630929853,
    "best_sse": 3544.9955816791867,
    "total_runtime_sec": 9.420584440231323
}