{
    "n_trials": 30,
    "avg_iterations": 8.7,
    "median_iterations": 8.5,
    "avg_auc_delta": 12.178465004633003,
    "avg_geo_decay": 0.4876910360879541,
    "best_k": 31,
    "best_combined_score": 0.5587305460132217,
    "best_sse": 3306.263907775215,
    "total_runtime_sec": 1.514770269393921
}