{
    "n_trials": 30,
    "avg_iterations": 3.3,
    "median_iterations": 3.0,
    "avg_auc_delta": 2.415703514620353,
    "avg_geo_decay": 0.19199747978483117,
    "best_k": 15,
    "best_combined_score": 1.115481577556538,
    "best_sse": 171.81152299886344,
    "total_runtime_sec": 0.19373703002929688
}