{
    "n_trials": 31,
    "avg_iterations": 4.32258064516129,
    "median_iterations": 4.0,
    "avg_auc_delta": 4.363156330769199,
    "avg_geo_decay": 0.3398948350849938,
    "best_k": 15,
    "best_combined_score": 1.1991796746811967,
    "best_sse": 164.62798986788738,
    "total_runtime_sec": 3.882077932357788
}