{
    "n_trials": 30,
    "avg_iterations": 12.266666666666667,
    "median_iterations": 11.0,
    "avg_auc_delta": 7.481093371173267,
    "avg_geo_decay": 0.6479252229807725,
    "best_k": 46,
    "best_combined_score": 0.5858306708075384,
    "best_sse": 1310.8325743886348,
    "weights": {
        "alpha": 0.47,
        "beta": 0.53,
        "gamma": 0.0
    },
    "total_runtime_sec": 6.251294851303101
}