{
    "n_trials": 31,
    "avg_iterations": 8.612903225806452,
    "median_iterations": 8.0,
    "avg_auc_delta": 15.058945627939412,
    "avg_geo_decay": 0.6207124182629031,
    "best_k": 12,
    "best_combined_score": 0.2842540071030122,
    "best_sse": 1848.9238063491612,
    "total_runtime_sec": 2.323190212249756
}