{
    "centroid_movements": [
        0.0
    ],
    "sse_list": [
        1911.4570810625098,
        1911.4570810625098
    ],
    "final_iteration": 2
}