{
    "n_trials": 30,
    "avg_iterations": 8.3,
    "median_iterations": 8.0,
    "avg_auc_delta": 11.554141506311785,
    "avg_geo_decay": 0.6304745227520987,
    "best_k": 12,
    "best_combined_score": 0.309159326224402,
    "best_sse": 1780.4137388801873,
    "total_runtime_sec": 0.19106650352478027
}