{
    "core_count": 381,
    "border_count": 17,
    "noise_count": 35,
    "noise_ratio": 0.08083140877598152,
    "neighbor_hist": [
        0,
        20,
        13,
        11,
        8,
        5,
        5,
        9,
        10,
        13,
        5,
        7,
        4,
        11,
        12,
        2,
        7,
        6,
        2,
        2,
        2,
        3,
        4,
        0,
        1,
        4,
        3,
        3,
        2,
        2,
        3,
        2,
        4,
        3,
        1,
        2,
        0,
        3,
        4,
        1,
        1,
        4,
        1,
        3,
        3,
        4,
        3,
        1,
        6,
        208
    ],
    "combined_score": 0.4114246021215397,
    "silhouette": 0.2985921147098892,
    "davies_bouldin": 2.2202229220146283,
    "sse": 1986.3866091545058,
    "weights": {
        "alpha": 0.47,
        "beta": 0.53,
        "gamma": 0.0
    }
}