{
    "clean_state": "raw",
    "best_k": 9,
    "best_cov_type": "tied",
    "best_combined": 0.8809426763369347,
    "best_silhouette": 0.41501010079530626,
    "best_db": 0.7424592579047268,
    "n_iter_final": 1,
    "ll_curve_final": [
        -4.926335104380862,
        -4.906053983131423,
        -4.8956361305504075,
        -4.850500285981132,
        -4.844797448894726,
        -4.840559970798222,
        -4.8358671194273075,
        -4.828990889494488,
        -4.819428598782396,
        -4.811852871806038,
        -4.808978650958092,
        -4.807367773093348,
        -4.804684351517609,
        -4.797675042197499,
        -4.7826427308432855,
        -4.77002535932748,
        -4.758188604241986,
        -4.753667851929478,
        -4.750483437154579,
        -4.743227463804897,
        -4.742961034249035
    ],
    "total_runtime_sec": 7.193617820739746
}