{
    "core_count": 794,
    "border_count": 0,
    "noise_count": 206,
    "noise_ratio": 0.206,
    "neighbor_hist": [
        0,
        50,
        48,
        60,
        48,
        25,
        36,
        14,
        24,
        18,
        31,
        0,
        36,
        39,
        0,
        15,
        16,
        34,
        36,
        19,
        40,
        0,
        22,
        23,
        0,
        0,
        52,
        0,
        0,
        0,
        0,
        0,
        0,
        33,
        0,
        0,
        0,
        0,
        0,
        0,
        0,
        0,
        0,
        0,
        44,
        0,
        0,
        0,
        0,
        237
    ],
    "combined_score": 0.5705970244196019,
    "silhouette": 0.6312719088074671,
    "davies_bouldin": 1.2194582122676088,
    "sse": 24.677593916705003,
    "weights": {
        "alpha": 0.47,
        "beta": 0.53,
        "gamma": 0.0
    }
}