{
    "clean_state": "raw",
    "best_k": 46,
    "best_cov_type": "tied",
    "best_combined": 0.6244581934563109,
    "best_silhouette": 0.4329190693634137,
    "best_db": 0.7837446710507965,
    "best_sse": 1058.9490361789337,
    "weights": {
        "alpha": 0.47,
        "beta": 0.53,
        "gamma": 0.0
    },
    "n_iter_final": 1,
    "ll_curve_final": [
        -2.9235908760559823,
        -2.848114701182995,
        -2.8277094990509393,
        -2.819301485014727,
        -2.8157879040326748,
        -2.812806353372761,
        -2.8085937459927166,
        -2.805818593166876,
        -2.8046684783888187,
        -2.8034452297643115,
        -2.801903214540984,
        -2.800857427216523,
        -2.79956144378846,
        -2.796457150036349,
        -2.796039192092337
    ],
    "total_runtime_sec": 29.14522099494934
}