{
    "clean_state": "raw",
    "best_k": 23,
    "best_cov_type": "tied",
    "best_combined": 0.5216636819336109,
    "best_silhouette": 0.2282456870970292,
    "best_db": 1.2268709118361694,
    "n_iter_final": 1,
    "ll_curve_final": [
        -10.173976672073886,
        -10.013595258248925,
        -9.9553571090233,
        -9.940326272771571,
        -9.936826000210756,
        -9.936244058674152
    ],
    "total_runtime_sec": 15.872951745986938
}