{
    "clean_state": "raw",
    "best_k": 29,
    "best_cov_type": "spherical",
    "best_combined": 0.7612230606288919,
    "best_silhouette": 0.4095486852149023,
    "best_db": 0.898555399278922,
    "n_iter_final": 1,
    "ll_curve_final": [
        -3.657237527883847,
        -3.5443287478236547,
        -3.5145335724315117,
        -3.5090542066517445,
        -3.50480867682004,
        -3.490401325103246,
        -3.483496290585546,
        -3.47468926271483,
        -3.4468639767461977,
        -3.4329916772750035,
        -3.418890830328784,
        -3.392370837844503,
        -3.3661111765399316,
        -3.3337183507294808,
        -3.3268460091533942,
        -3.3125939842689505,
        -3.3019716411133686,
        -3.2721668454835697,
        -3.2468279252614414,
        -3.2458226088235564,
        -3.245388791756898
    ],
    "total_runtime_sec": 34.53479766845703
}