{
    "clean_state": "raw",
    "best_k": 17,
    "best_cov_type": "tied",
    "best_combined": 0.5039953454306468,
    "best_silhouette": 0.23391318901693076,
    "best_db": 1.306304359786025,
    "best_sse": 3636.1350274689507,
    "weights": {
        "alpha": 0.47,
        "beta": 0.53,
        "gamma": 0.0
    },
    "n_iter_final": 1,
    "ll_curve_final": [
        -8.60437498607135,
        -8.524089722193441,
        -8.48082645337737,
        -8.44795498707742,
        -8.417576794635607,
        -8.398958476689739,
        -8.380768206791847,
        -8.342123174617015,
        -8.321376747650248,
        -8.317286307300286,
        -8.31514123073805,
        -8.313332722444443,
        -8.31256175688774
    ],
    "total_runtime_sec": 18.601815938949585
}