{
    "clean_state": "raw",
    "best_k": 34,
    "best_cov_type": "tied",
    "best_combined": 0.7009654488990913,
    "best_silhouette": 0.373012959696983,
    "best_db": 0.9718948061547397,
    "n_iter_final": 1,
    "ll_curve_final": [
        -4.830958316629655,
        -4.6940561262055,
        -4.552709328062354,
        -4.4924714756135575,
        -4.458768652808007,
        -4.445853580240646,
        -4.42852829295867,
        -4.41103865905675,
        -4.409852225683894,
        -4.409081427267522
    ],
    "total_runtime_sec": 53.090370416641235
}