{
    "n_trials": 31,
    "avg_iterations": 13.32258064516129,
    "median_iterations": 13.0,
    "avg_auc_delta": 11.936576480592166,
    "avg_geo_decay": 0.6124025012608395,
    "best_k": 7,
    "best_combined_score": 0.5321676406911627,
    "best_sse": 3563.2763874628813,
    "weights": {
        "alpha": 0.47,
        "beta": 0.53,
        "gamma": 0.0
    },
    "total_runtime_sec": 2.7468600273132324
}