{
    "n_trials": 31,
    "avg_iterations": 6.709677419354839,
    "median_iterations": 6.0,
    "avg_auc_delta": 5.646870656843713,
    "avg_geo_decay": 0.3492497481582873,
    "best_k": 29,
    "best_combined_score": 0.5726317695422329,
    "best_sse": 2113.0544667378604,
    "weights": {
        "alpha": 0.47,
        "beta": 0.53,
        "gamma": 0.0
    },
    "total_runtime_sec": 13.46027421951294
}