{
    "n_trials": 31,
    "avg_iterations": 22.870967741935484,
    "median_iterations": 20.0,
    "avg_auc_delta": 16.847616429949582,
    "avg_geo_decay": 0.7477052006275196,
    "best_k": 48,
    "best_combined_score": 0.4934908067942482,
    "best_sse": 2993.484596124304,
    "total_runtime_sec": 18.763427019119263
}