{
    "n_trials": 30,
    "avg_iterations": 16.833333333333332,
    "median_iterations": 16.5,
    "avg_auc_delta": 10.547672016389637,
    "avg_geo_decay": 0.6982054970682992,
    "best_k": 48,
    "best_combined_score": 0.4919444865269826,
    "best_sse": 2894.76561440978,
    "total_runtime_sec": 6.194390773773193
}