{
    "clean_state": "raw",
    "best_k": 32,
    "linkage": "average",
    "metric": "euclidean",
    "combined": 0.6290255777561633,
    "silhouette": 0.4028063239153455,
    "davies_bouldin": 0.7352360360638206,
    "sse": 1113.6369025525416,
    "weights": {
        "alpha": 0.47,
        "beta": 0.53,
        "gamma": 0.0
    },
    "intra_dist_mean": 1.1824193702382009,
    "inter_dist_mean": 3.453829417340274,
    "ratio_intra_inter": 0.34235025166599464,
    "n_merge_steps": 1286,
    "h_max": 9.00092435142675,
    "total_runtime_sec": 132.67111682891846
}