{
    "clean_state": "raw",
    "best_k": 5,
    "linkage": "single",
    "metric": "euclidean",
    "combined": 0.8321237551945967,
    "silhouette": 0.12141584727353341,
    "davies_bouldin": 0.64815885226296,
    "intra_dist_mean": 5.7680494536649665,
    "inter_dist_mean": 7.491054129041706,
    "ratio_intra_inter": 0.7699916933322273,
    "n_merge_steps": 151,
    "h_max": 5.438110168129158,
    "total_runtime_sec": 0.7981133460998535
}