{
    "clean_state": "raw",
    "best_k": 10,
    "best_cov_type": "tied",
    "best_combined": 0.6337401346963297,
    "best_silhouette": 0.28134206655986643,
    "best_db": 1.0140566475645985,
    "n_iter_final": 1,
    "ll_curve_final": [
        -7.494342266708503,
        -7.428578680317464,
        -7.388745202262833,
        -7.366097833493623,
        -7.341919139801417,
        -7.31561106368995,
        -7.286431569033773,
        -7.271895175299208,
        -7.26830653803428,
        -7.266573664488471,
        -7.265578583255785
    ],
    "total_runtime_sec": 61.814640283584595
}