{
    "clean_state": "raw",
    "best_k": 8,
    "linkage": "single",
    "metric": "manhattan",
    "combined": 1.6614757838673473,
    "silhouette": 0.4996720789529294,
    "davies_bouldin": 0.3541980182881208,
    "intra_dist_mean": 5.383328955210487,
    "inter_dist_mean": 12.562427234033374,
    "ratio_intra_inter": 0.42852618008611165,
    "n_merge_steps": 948,
    "h_max": 19.0356581069376,
    "total_runtime_sec": 14.481515645980835
}