{
    "core_count": 2046,
    "border_count": 38,
    "noise_count": 29,
    "noise_ratio": 0.01372456223379082,
    "neighbor_hist": [
        0,
        4,
        7,
        1,
        1,
        8,
        2,
        3,
        0,
        2,
        7,
        11,
        9,
        6,
        2,
        4,
        0,
        2,
        19,
        4,
        5,
        1,
        1,
        7,
        3,
        8,
        12,
        5,
        5,
        16,
        29,
        3,
        4,
        4,
        25,
        7,
        2,
        2,
        1,
        6,
        7,
        4,
        1,
        2,
        7,
        2,
        6,
        8,
        3,
        1835
    ],
    "combined_score": 0.5926793015431496,
    "silhouette": 0.3414870220091441,
    "davies_bouldin": 0.8613927876432578,
    "sse": 8052.054759612155,
    "weights": {
        "alpha": 0.47,
        "beta": 0.53,
        "gamma": 0.0
    }
}