{
    "centroid_movements": [
        1.2299475975022118e-15
    ],
    "sse_list": [
        8735.295881545147,
        8735.295881545147
    ],
    "final_iteration": 2
}