{
    "n_trials": 30,
    "avg_iterations": 13.333333333333334,
    "median_iterations": 12.0,
    "avg_auc_delta": 17.205433359393442,
    "avg_geo_decay": 0.6681643023898024,
    "best_k": 31,
    "best_combined_score": 0.3188469257081296,
    "best_sse": 8221.302788816227,
    "total_runtime_sec": 1.9644412994384766
}