{
    "n_trials": 31,
    "avg_iterations": 11.838709677419354,
    "median_iterations": 12.0,
    "avg_auc_delta": 21.806752588523377,
    "avg_geo_decay": 0.6294982136813311,
    "best_k": 31,
    "best_combined_score": 0.35475136133764795,
    "best_sse": 8647.235366148443,
    "total_runtime_sec": 9.538789749145508
}