{
    "n_trials": 30,
    "avg_iterations": 6.766666666666667,
    "median_iterations": 5.0,
    "avg_auc_delta": 2.7414529150120726,
    "avg_geo_decay": 0.3325220093055632,
    "best_k": 22,
    "best_combined_score": 0.7336948373994133,
    "best_sse": 933.3199946859265,
    "weights": {
        "alpha": 0.47,
        "beta": 0.53,
        "gamma": 0.0
    },
    "total_runtime_sec": 5.138958215713501
}