{
    "clean_state": "raw",
    "best_k": 5,
    "linkage": "single",
    "metric": "euclidean",
    "combined": 0.7992889477726581,
    "silhouette": 0.6429586120796696,
    "davies_bouldin": 0.281081947030578,
    "sse": 6906.079895824994,
    "weights": {
        "alpha": 0.47,
        "beta": 0.53,
        "gamma": 0.0
    },
    "intra_dist_mean": 3.258782344952262,
    "inter_dist_mean": 15.440437396477742,
    "ratio_intra_inter": 0.2110550537703965,
    "n_merge_steps": 857,
    "h_max": 18.58262992829937,
    "total_runtime_sec": 16.326298713684082
}