{
    "clean_state": "raw",
    "best_k": 27,
    "linkage": "single",
    "metric": "manhattan",
    "combined": 1.7537664796403245,
    "silhouette": 0.3265438862781472,
    "davies_bouldin": 0.3143676312776864,
    "intra_dist_mean": 2.624393233113135,
    "inter_dist_mean": 8.8919421612618,
    "ratio_intra_inter": 0.29514285917717087,
    "n_merge_steps": 821,
    "total_runtime_sec": 22.8918354511261
}