{
    "n_trials": 31,
    "avg_iterations": 6.0,
    "median_iterations": 6.0,
    "avg_auc_delta": 7.625214877103631,
    "avg_geo_decay": 0.7848232645133195,
    "best_k": 7,
    "best_combined_score": 0.6628479896292695,
    "best_sse": 157.65678997878535,
    "weights": {
        "alpha": 0.47,
        "beta": 0.53,
        "gamma": 0.0
    },
    "total_runtime_sec": 1.705906629562378
}