{
    "n_trials": 31,
    "avg_iterations": 12.838709677419354,
    "median_iterations": 12.0,
    "avg_auc_delta": 10.295435410930308,
    "avg_geo_decay": 0.6601465546346958,
    "best_k": 25,
    "best_combined_score": 0.5898565393448221,
    "best_sse": 636.9973070074975,
    "weights": {
        "alpha": 0.47,
        "beta": 0.53,
        "gamma": 0.0
    },
    "total_runtime_sec": 3.8879995346069336
}