{
    "n_trials": 31,
    "avg_iterations": 5.419354838709677,
    "median_iterations": 5.0,
    "avg_auc_delta": 6.461810364494538,
    "avg_geo_decay": 0.34619560099434715,
    "best_k": 19,
    "best_combined_score": 1.1394817064939018,
    "best_sse": 363.41999800605663,
    "total_runtime_sec": 4.10774302482605
}