{
    "n_trials": 20,
    "avg_iterations": 3.75,
    "median_iterations": 4.0,
    "avg_auc_delta": 3.119776422500909,
    "avg_geo_decay": 0.2512195583954269,
    "best_k": 9,
    "best_combined_score": 0.7304060292150389,
    "best_sse": 313.4513586916562,
    "weights": {
        "alpha": 0.47,
        "beta": 0.53,
        "gamma": 0.0
    },
    "total_runtime_sec": 0.35527920722961426
}