{
    "clean_state": "raw",
    "best_k": 17,
    "best_cov_type": "tied",
    "best_combined": 0.3402577079237633,
    "best_silhouette": 0.12359810965116444,
    "best_db": 1.795598716135807,
    "n_iter_final": 1,
    "ll_curve_final": [
        -21.23891015525379,
        -20.522070073835277,
        -17.04957905806863,
        -14.551289689441644,
        -14.508894943584881,
        -14.468104564837478,
        -14.44680990418824,
        -14.435799410103598,
        -14.427374526269308,
        -14.423984977639847,
        -14.421964596036416,
        -14.419476479983638,
        -14.417473521026208,
        -14.416112723481245,
        -14.413199751320535,
        -14.404247066249122,
        -14.402619725312892,
        -14.402535533878773
    ],
    "total_runtime_sec": 14.868985414505005
}