{
    "clean_state": "raw",
    "best_k": 11,
    "best_cov_type": "spherical",
    "best_combined": 0.5890873489787908,
    "best_silhouette": 0.3607691856430062,
    "best_db": 0.8995383878230275,
    "best_sse": 1510.0497042886682,
    "weights": {
        "alpha": 0.47,
        "beta": 0.53,
        "gamma": 0.0
    },
    "n_iter_final": 1,
    "ll_curve_final": [
        -6.083212217423957,
        -6.045415416470782,
        -6.038181864582866,
        -6.035197347911234,
        -6.033889149919305,
        -6.033330714015206
    ],
    "total_runtime_sec": 10.827572107315063
}