{
    "n_trials": 31,
    "avg_iterations": 10.903225806451612,
    "median_iterations": 10.0,
    "avg_auc_delta": 12.000022733856337,
    "avg_geo_decay": 0.6130383603987595,
    "best_k": 28,
    "best_combined_score": 0.7195467017866101,
    "best_sse": 897.5527706953678,
    "total_runtime_sec": 6.647637844085693
}