{
    "n_trials": 30,
    "avg_iterations": 9.033333333333333,
    "median_iterations": 8.5,
    "avg_auc_delta": 7.6424402393256825,
    "avg_geo_decay": 0.4957776222163588,
    "best_k": 28,
    "best_combined_score": 0.7208348503037096,
    "best_sse": 860.204248949615,
    "total_runtime_sec": 0.8869543075561523
}