{
    "n_trials": 30,
    "avg_iterations": 10.833333333333334,
    "median_iterations": 7.0,
    "avg_auc_delta": 5.04469756994391,
    "avg_geo_decay": 0.4270381847048739,
    "best_k": 7,
    "best_combined_score": 0.6191480885475823,
    "best_sse": 2158.312895126199,
    "weights": {
        "alpha": 0.47,
        "beta": 0.53,
        "gamma": 0.0
    },
    "total_runtime_sec": 1.3315339088439941
}