{
    "n_trials": 31,
    "avg_iterations": 13.64516129032258,
    "median_iterations": 12.0,
    "avg_auc_delta": 8.925892828364315,
    "avg_geo_decay": 0.6349168521031576,
    "best_k": 45,
    "best_combined_score": 0.6044712813791258,
    "best_sse": 1081.1023447862349,
    "weights": {
        "alpha": 0.47,
        "beta": 0.53,
        "gamma": 0.0
    },
    "total_runtime_sec": 13.828093528747559
}