{
    "n_trials": 30,
    "avg_iterations": 8.533333333333333,
    "median_iterations": 8.0,
    "avg_auc_delta": 5.1164619863729515,
    "avg_geo_decay": 0.4694919809264297,
    "best_k": 21,
    "best_combined_score": 0.6873653458380661,
    "best_sse": 552.1792285240864,
    "weights": {
        "alpha": 0.47,
        "beta": 0.53,
        "gamma": 0.0
    },
    "total_runtime_sec": 1.3024568557739258
}