{
    "n_trials": 31,
    "avg_iterations": 8.193548387096774,
    "median_iterations": 7.0,
    "avg_auc_delta": 9.889320186481552,
    "avg_geo_decay": 0.46429315536169447,
    "best_k": 29,
    "best_combined_score": 0.8896287994936574,
    "best_sse": 568.1877381527535,
    "total_runtime_sec": 7.638221979141235
}