{
    "n_trials": 30,
    "avg_iterations": 7.0,
    "median_iterations": 6.0,
    "avg_auc_delta": 6.720434042079182,
    "avg_geo_decay": 0.40049568276170555,
    "best_k": 30,
    "best_combined_score": 0.9328719300579467,
    "best_sse": 474.44855735945447,
    "total_runtime_sec": 0.9066088199615479
}