{
    "n_trials": 30,
    "avg_iterations": 14.766666666666667,
    "median_iterations": 15.0,
    "avg_auc_delta": 17.481104652421163,
    "avg_geo_decay": 0.7151241779269132,
    "best_k": 31,
    "best_combined_score": 0.28097065916901814,
    "best_sse": 9032.137621216385,
    "total_runtime_sec": 2.1327991485595703
}