{
    "n_trials": 31,
    "avg_iterations": 16.93548387096774,
    "median_iterations": 16.0,
    "avg_auc_delta": 25.68914240584313,
    "avg_geo_decay": 0.746203620400875,
    "best_k": 31,
    "best_combined_score": 0.29576392917243477,
    "best_sse": 9150.219290271034,
    "total_runtime_sec": 12.291935205459595
}