{
    "n_trials": 30,
    "avg_iterations": 11.233333333333333,
    "median_iterations": 9.0,
    "avg_auc_delta": 5.243366278608556,
    "avg_geo_decay": 0.5637658917828463,
    "best_k": 48,
    "best_combined_score": 0.6263956259074386,
    "best_sse": 932.868428051649,
    "weights": {
        "alpha": 0.47,
        "beta": 0.53,
        "gamma": 0.0
    },
    "total_runtime_sec": 6.826184272766113
}