{
    "n_trials": 30,
    "avg_iterations": 12.3,
    "median_iterations": 13.0,
    "avg_auc_delta": 4.54719846247726,
    "avg_geo_decay": 0.5794208049404637,
    "best_k": 7,
    "best_combined_score": 0.7120817543964996,
    "best_sse": 1622.154008842197,
    "weights": {
        "alpha": 0.47,
        "beta": 0.53,
        "gamma": 0.0
    },
    "total_runtime_sec": 3.714057683944702
}