{
    "n_trials": 30,
    "avg_iterations": 6.233333333333333,
    "median_iterations": 6.0,
    "avg_auc_delta": 9.939172972822051,
    "avg_geo_decay": 0.41447382318290527,
    "best_k": 19,
    "best_combined_score": 0.5221997139819052,
    "best_sse": 2309.0643613797433,
    "total_runtime_sec": 0.32340168952941895
}