{
    "n_trials": 31,
    "avg_iterations": 4.483870967741935,
    "median_iterations": 4.0,
    "avg_auc_delta": 5.554703092023086,
    "avg_geo_decay": 0.39752901838371507,
    "best_k": 14,
    "best_combined_score": 0.7372725639397302,
    "best_sse": 126.67797479507873,
    "weights": {
        "alpha": 0.47,
        "beta": 0.53,
        "gamma": 0.0
    },
    "total_runtime_sec": 1.8491201400756836
}