{
    "n_trials": 31,
    "avg_iterations": 4.096774193548387,
    "median_iterations": 3.0,
    "avg_auc_delta": 6.334310618895976,
    "avg_geo_decay": 0.3039168066193621,
    "best_k": 7,
    "best_combined_score": 0.4129972098943142,
    "best_sse": 537.0757735777859,
    "total_runtime_sec": 1.9511489868164062
}