{
    "core_count": 204,
    "border_count": 7,
    "noise_count": 21,
    "noise_ratio": 0.09051724137931035,
    "neighbor_hist": [
        0,
        7,
        12,
        7,
        2,
        1,
        8,
        4,
        1,
        2,
        0,
        0,
        5,
        2,
        0,
        0,
        3,
        2,
        4,
        0,
        0,
        0,
        0,
        0,
        3,
        2,
        5,
        8,
        4,
        11,
        6,
        4,
        0,
        0,
        0,
        0,
        0,
        3,
        2,
        0,
        0,
        0,
        0,
        0,
        0,
        0,
        0,
        0,
        0,
        124
    ],
    "combined_score": 0.5112252074772526,
    "silhouette": 0.48951901443915324,
    "davies_bouldin": 1.5000167508362099,
    "sse": 372.14030400057004,
    "weights": {
        "alpha": 0.47,
        "beta": 0.53,
        "gamma": 0.0
    }
}