{
    "clean_state": "raw",
    "best_k": 37,
    "linkage": "single",
    "metric": "euclidean",
    "combined": 1.0265170095671055,
    "silhouette": 0.31726261752062307,
    "davies_bouldin": 0.5761127295163359,
    "intra_dist_mean": 2.0220434576880186,
    "inter_dist_mean": 4.097094047305736,
    "ratio_intra_inter": 0.49353113068449783,
    "n_merge_steps": 2232,
    "total_runtime_sec": 131.96161127090454
}