{
    "clean_state": "raw",
    "best_k": 7,
    "linkage": "single",
    "metric": "manhattan",
    "combined": 0.7827918551544869,
    "silhouette": 0.5577696938728611,
    "davies_bouldin": 0.2717962045688564,
    "sse": 4311.910205136366,
    "weights": {
        "alpha": 0.47,
        "beta": 0.53,
        "gamma": 0.0
    },
    "intra_dist_mean": 3.395820112804365,
    "inter_dist_mean": 10.151268443493779,
    "ratio_intra_inter": 0.3345217527944011,
    "n_merge_steps": 636,
    "h_max": 11.98659175668969,
    "total_runtime_sec": 12.55667757987976
}