{
    "clean_state": "raw",
    "best_k": 47,
    "linkage": "average",
    "metric": "euclidean",
    "combined": 1.0517993033079178,
    "silhouette": 0.5393632940647369,
    "davies_bouldin": 0.6392900045000953,
    "intra_dist_mean": 0.828071982298869,
    "inter_dist_mean": 3.574360864754195,
    "ratio_intra_inter": 0.23166994425885507,
    "n_merge_steps": 2232,
    "h_max": 5.529667006326573,
    "total_runtime_sec": 116.12604260444641
}