{
    "n_trials": 31,
    "avg_iterations": 16.322580645161292,
    "median_iterations": 16.0,
    "avg_auc_delta": 13.488691016740066,
    "avg_geo_decay": 0.6868776034796433,
    "best_k": 37,
    "best_combined_score": 0.596638505229734,
    "best_sse": 1643.91805796544,
    "total_runtime_sec": 9.319007635116577
}