{
    "n_trials": 30,
    "avg_iterations": 15.066666666666666,
    "median_iterations": 16.0,
    "avg_auc_delta": 9.539311202063454,
    "avg_geo_decay": 0.6438846893995737,
    "best_k": 37,
    "best_combined_score": 0.5374450539600006,
    "best_sse": 1680.572455818195,
    "total_runtime_sec": 2.4338979721069336
}