{
    "n_trials": 31,
    "avg_iterations": 9.96774193548387,
    "median_iterations": 9.0,
    "avg_auc_delta": 15.808527915366824,
    "avg_geo_decay": 0.5923263776758791,
    "best_k": 22,
    "best_combined_score": 0.41018592512591817,
    "best_sse": 2678.114070227776,
    "total_runtime_sec": 5.4929187297821045
}