{
    "n_trials": 30,
    "avg_iterations": 12.633333333333333,
    "median_iterations": 13.0,
    "avg_auc_delta": 6.777532150771273,
    "avg_geo_decay": 0.6842056407240771,
    "best_k": 46,
    "best_combined_score": 0.6266686515915815,
    "best_sse": 783.2835343796546,
    "weights": {
        "alpha": 0.47,
        "beta": 0.53,
        "gamma": 0.0
    },
    "total_runtime_sec": 8.45070219039917
}