{
    "n_trials": 30,
    "avg_iterations": 10.066666666666666,
    "median_iterations": 10.0,
    "avg_auc_delta": 11.405658767660775,
    "avg_geo_decay": 0.6471420478381784,
    "best_k": 22,
    "best_combined_score": 0.44530250036618374,
    "best_sse": 2430.77418241115,
    "total_runtime_sec": 0.5559744834899902
}