{
    "centroid_movements": [
        0.0
    ],
    "sse_list": [
        2673.1139881773756,
        2673.1139881773756
    ],
    "final_iteration": 2
}