{
    "n_trials": 30,
    "avg_iterations": 9.666666666666666,
    "median_iterations": 8.5,
    "avg_auc_delta": 5.483616857993479,
    "avg_geo_decay": 0.5311761279046343,
    "best_k": 21,
    "best_combined_score": 0.6054267852621515,
    "best_sse": 1664.8265230199743,
    "weights": {
        "alpha": 0.47,
        "beta": 0.53,
        "gamma": 0.0
    },
    "total_runtime_sec": 3.6904194355010986
}