{
    "n_trials": 30,
    "avg_iterations": 9.1,
    "median_iterations": 10.0,
    "avg_auc_delta": 14.601328954294713,
    "avg_geo_decay": 0.5817466805627812,
    "best_k": 20,
    "best_combined_score": 0.3399885922008255,
    "best_sse": 3505.9507512411465,
    "total_runtime_sec": 0.46317458152770996
}