{
    "n_trials": 31,
    "avg_iterations": 10.774193548387096,
    "median_iterations": 10.0,
    "avg_auc_delta": 20.155837386056202,
    "avg_geo_decay": 0.6261840303087107,
    "best_k": 20,
    "best_combined_score": 0.3493737146714241,
    "best_sse": 3595.4268009971124,
    "total_runtime_sec": 6.6498658657073975
}