{
    "n_trials": 31,
    "avg_iterations": 7.451612903225806,
    "median_iterations": 8.0,
    "avg_auc_delta": 6.8790995854586905,
    "avg_geo_decay": 0.3623358152144885,
    "best_k": 33,
    "best_combined_score": 0.5964893263148152,
    "best_sse": 2157.271472691291,
    "weights": {
        "alpha": 0.47,
        "beta": 0.53,
        "gamma": 0.0
    },
    "total_runtime_sec": 75.66300201416016
}