{
    "clean_state": "raw",
    "best_k": 12,
    "linkage": "single",
    "metric": "euclidean",
    "combined": 1.3352603957555793,
    "silhouette": 0.4511722925704479,
    "davies_bouldin": 0.45058268247519373,
    "intra_dist_mean": 2.1212592131584778,
    "inter_dist_mean": 6.285365866181932,
    "ratio_intra_inter": 0.3374917639355665,
    "n_merge_steps": 1787,
    "h_max": 6.945558287655422,
    "total_runtime_sec": 58.428834438323975
}