{
    "clean_state": "raw",
    "best_k": 12,
    "linkage": "single",
    "metric": "euclidean",
    "combined": 1.3352603900582944,
    "silhouette": 0.45117229257017244,
    "davies_bouldin": 0.45058268478851754,
    "intra_dist_mean": 2.1212592131597865,
    "inter_dist_mean": 6.285365866181932,
    "ratio_intra_inter": 0.33749176393577474,
    "n_merge_steps": 1787,
    "total_runtime_sec": 67.4930808544159
}