{
    "clean_state": "raw",
    "best_k": 5,
    "linkage": "single",
    "metric": "euclidean",
    "combined": 0.746940567342378,
    "silhouette": 0.5725752554729958,
    "davies_bouldin": 0.3982055927949455,
    "sse": 2914.902446766611,
    "weights": {
        "alpha": 0.47,
        "beta": 0.53,
        "gamma": 0.0
    },
    "intra_dist_mean": 3.094013067274925,
    "inter_dist_mean": 8.37022556063831,
    "ratio_intra_inter": 0.3696451242394724,
    "n_merge_steps": 493,
    "h_max": 6.091138865217444,
    "total_runtime_sec": 7.080936908721924
}