{
    "centroid_movements": [
        0.0
    ],
    "sse_list": [
        2897.796061397118,
        2897.796061397118
    ],
    "final_iteration": 2
}