{
    "n_trials": 31,
    "avg_iterations": 4.032258064516129,
    "median_iterations": 4.0,
    "avg_auc_delta": 4.1329060154303665,
    "avg_geo_decay": 0.37868101429527423,
    "best_k": 24,
    "best_combined_score": 0.5177228211770353,
    "best_sse": 3423.2490819578584,
    "weights": {
        "alpha": 0.47,
        "beta": 0.53,
        "gamma": 0.0
    },
    "total_runtime_sec": 2.256441116333008
}