{
    "n_trials": 31,
    "avg_iterations": 4.903225806451613,
    "median_iterations": 5.0,
    "avg_auc_delta": 20.97225759861697,
    "avg_geo_decay": 0.9886167468983753,
    "best_k": 25,
    "best_combined_score": 0.6970441772316011,
    "best_sse": 1117.0795398428932,
    "weights": {
        "alpha": 0.47,
        "beta": 0.53,
        "gamma": 0.0
    },
    "total_runtime_sec": 2.4724771976470947
}