{
    "clean_state": "raw",
    "best_k": 6,
    "linkage": "single",
    "metric": "euclidean",
    "combined": 2.1065774753570494,
    "silhouette": 0.7166649315965343,
    "davies_bouldin": 0.2860011024005089,
    "intra_dist_mean": 2.5973829033067495,
    "inter_dist_mean": 11.270239873295969,
    "ratio_intra_inter": 0.23046385281122836,
    "n_merge_steps": 245,
    "h_max": 15.382994102815156,
    "total_runtime_sec": 1.2616722583770752
}