{
    "clean_state": "raw",
    "best_k": 8,
    "best_cov_type": "tied",
    "best_combined": 0.57888725534105,
    "best_silhouette": 0.3144667832126731,
    "best_db": 0.9100626830879803,
    "best_sse": 1815.299143364929,
    "weights": {
        "alpha": 0.47,
        "beta": 0.53,
        "gamma": 0.0
    },
    "n_iter_final": 1,
    "ll_curve_final": [
        -7.823547213085469,
        -7.668632586233993,
        -7.611463398641953,
        -7.563686390651096,
        -7.549822333360914,
        -7.547558194003891,
        -7.547035125390463
    ],
    "total_runtime_sec": 29.888339042663574
}