{
    "clean_state": "raw",
    "best_k": 5,
    "linkage": "average",
    "metric": "manhattan",
    "combined": 2.1044983794421737,
    "silhouette": 0.6323456954007435,
    "davies_bouldin": 0.27959115447678456,
    "intra_dist_mean": 2.5908345581259526,
    "inter_dist_mean": 9.842191527135334,
    "ratio_intra_inter": 0.26323756766799855,
    "n_merge_steps": 152,
    "total_runtime_sec": 2.5780341625213623
}