{
    "clean_state": "raw",
    "best_k": 12,
    "linkage": "single",
    "metric": "euclidean",
    "combined": 2.124085643964029,
    "silhouette": 0.5192451001737751,
    "davies_bouldin": 0.26817371802208884,
    "intra_dist_mean": 2.001529099613448,
    "inter_dist_mean": 7.592902501239638,
    "ratio_intra_inter": 0.26360526811537605,
    "n_merge_steps": 152,
    "h_max": 8.804178408874993,
    "total_runtime_sec": 0.9315910339355469
}