{
    "n_trials": 31,
    "avg_iterations": 3.193548387096774,
    "median_iterations": 3.0,
    "avg_auc_delta": 0.7080798187198344,
    "avg_geo_decay": 0.12828278727892395,
    "best_k": 47,
    "best_combined_score": 0.6761748306987655,
    "best_sse": 1820.7237022286968,
    "weights": {
        "alpha": 0.47,
        "beta": 0.53,
        "gamma": 0.0
    },
    "total_runtime_sec": 21.300679206848145
}