{
    "clean_state": "raw",
    "best_k": 7,
    "linkage": "single",
    "metric": "manhattan",
    "combined": 1.2967748030554789,
    "silhouette": 0.44834833979448513,
    "davies_bouldin": 0.46615672650478207,
    "intra_dist_mean": 5.351919111623382,
    "inter_dist_mean": 11.576179387538506,
    "ratio_intra_inter": 0.4623217153479963,
    "n_merge_steps": 719,
    "h_max": 19.06487544858715,
    "total_runtime_sec": 6.5165510177612305
}