{
    "clean_state": "raw",
    "best_k": 7,
    "linkage": "single",
    "metric": "manhattan",
    "combined": 1.2967748030554784,
    "silhouette": 0.448348339794485,
    "davies_bouldin": 0.46615672650478224,
    "intra_dist_mean": 5.351919111623382,
    "inter_dist_mean": 11.576179387538506,
    "ratio_intra_inter": 0.4623217153479963,
    "n_merge_steps": 719,
    "total_runtime_sec": 20.80068016052246
}