{
    "core_count": 424,
    "border_count": 23,
    "noise_count": 45,
    "noise_ratio": 0.09146341463414634,
    "neighbor_hist": [
        0,
        18,
        18,
        12,
        10,
        10,
        13,
        6,
        5,
        2,
        1,
        5,
        7,
        3,
        4,
        3,
        4,
        2,
        3,
        1,
        3,
        3,
        3,
        2,
        1,
        4,
        3,
        3,
        1,
        2,
        1,
        4,
        1,
        6,
        2,
        3,
        7,
        4,
        4,
        6,
        4,
        8,
        8,
        6,
        5,
        2,
        4,
        1,
        11,
        253
    ],
    "combined_score": 0.4698875698690279,
    "silhouette": 0.4461223236843423,
    "davies_bouldin": 1.7889707387168048,
    "sse": 2131.6962933465547,
    "weights": {
        "alpha": 0.47,
        "beta": 0.53,
        "gamma": 0.0
    }
}