{
    "n_trials": 31,
    "avg_iterations": 11.516129032258064,
    "median_iterations": 11.0,
    "avg_auc_delta": 7.691407592555634,
    "avg_geo_decay": 0.6054058914522937,
    "best_k": 41,
    "best_combined_score": 0.5866215812012622,
    "best_sse": 900.9579962261527,
    "weights": {
        "alpha": 0.47,
        "beta": 0.53,
        "gamma": 0.0
    },
    "total_runtime_sec": 29.786728858947754
}