{
    "clean_state": "raw",
    "best_k": 5,
    "linkage": "single",
    "metric": "euclidean",
    "combined": 1.5768508895638587,
    "silhouette": 0.4228500542796821,
    "davies_bouldin": 0.36618612094570874,
    "intra_dist_mean": 3.375766736716148,
    "inter_dist_mean": 8.230085509435765,
    "ratio_intra_inter": 0.41017395661872924,
    "n_merge_steps": 270,
    "total_runtime_sec": 5.441774368286133
}