{
    "clean_state": "raw",
    "best_k": 5,
    "linkage": "single",
    "metric": "manhattan",
    "combined": 0.57648392792309,
    "silhouette": 0.09907190540796096,
    "davies_bouldin": 0.6592201409437412,
    "sse": 2079.8055203090466,
    "weights": {
        "alpha": 0.47,
        "beta": 0.53,
        "gamma": 0.0
    },
    "intra_dist_mean": 5.783602514761141,
    "inter_dist_mean": 7.665570770362791,
    "ratio_intra_inter": 0.7544907858813837,
    "n_merge_steps": 124,
    "h_max": 18.213381651052508,
    "total_runtime_sec": 1.228764533996582
}