{
    "clean_state": "raw",
    "best_k": 46,
    "linkage": "average",
    "metric": "euclidean",
    "combined": 1.6527277325669014,
    "silhouette": 0.8688708312185808,
    "davies_bouldin": 0.4104105336957459,
    "intra_dist_mean": 0.2813453023455552,
    "inter_dist_mean": 3.617982816230663,
    "ratio_intra_inter": 0.07776302891305396,
    "n_merge_steps": 2375,
    "total_runtime_sec": 160.2641134262085
}