{
    "clean_state": "raw",
    "best_k": 5,
    "linkage": "single",
    "metric": "euclidean",
    "combined": 0.8004861533566258,
    "silhouette": 0.5628395194108524,
    "davies_bouldin": 0.22221045553602387,
    "sse": 16507.92111136313,
    "weights": {
        "alpha": 0.47,
        "beta": 0.53,
        "gamma": 0.0
    },
    "intra_dist_mean": 3.3513184195900467,
    "inter_dist_mean": 20.08941963834932,
    "ratio_intra_inter": 0.16682007145654143,
    "n_merge_steps": 2409,
    "h_max": 48.49403955247229,
    "total_runtime_sec": 123.23635339736938
}