{
    "n_trials": 31,
    "avg_iterations": 6.774193548387097,
    "median_iterations": 6.0,
    "avg_auc_delta": 4.7093000864254515,
    "avg_geo_decay": 0.32884452727619107,
    "best_k": 48,
    "best_combined_score": 1.3229982018639674,
    "best_sse": 288.9506674422126,
    "total_runtime_sec": 14.799731254577637
}