{
    "centroid_movements": [
        2.3549195446459885e-15
    ],
    "sse_list": [
        205.56865759278767,
        205.56865759278773
    ],
    "final_iteration": 2
}