{
    "clean_state": "raw",
    "best_k": 38,
    "best_cov_type": "tied",
    "best_combined": 0.6270264291804803,
    "best_silhouette": 0.5458504932995736,
    "best_db": 0.8617917049202853,
    "best_sse": 2737.482776815755,
    "weights": {
        "alpha": 0.47,
        "beta": 0.53,
        "gamma": 0.0
    },
    "n_iter_final": 1,
    "ll_curve_final": [
        -1.2994012185185502,
        -0.5810118271177404,
        -0.36118680307955786,
        -0.09427570023825077,
        0.2267056668908009,
        0.35043054807390955,
        0.35136135273343916
    ],
    "total_runtime_sec": 38.419771671295166
}