{
    "clean_state": "raw",
    "best_k": 6,
    "best_cov_type": "tied",
    "best_combined": 1.0178701846899705,
    "best_silhouette": 0.5773588188902439,
    "best_db": 0.6856916145601395,
    "n_iter_final": 1,
    "ll_curve_final": [
        -5.090718470394538,
        -5.022669073177491,
        -5.022654106254586
    ],
    "total_runtime_sec": 45.276150703430176
}