{
    "n_trials": 31,
    "avg_iterations": 9.612903225806452,
    "median_iterations": 9.0,
    "avg_auc_delta": 17.21786406174064,
    "avg_geo_decay": 0.6713267991610001,
    "best_k": 12,
    "best_combined_score": 0.451102211696802,
    "best_sse": 1465.8794826107624,
    "weights": {
        "alpha": 0.47,
        "beta": 0.53,
        "gamma": 0.0
    },
    "total_runtime_sec": 2.07171368598938
}