{
    "n_trials": 30,
    "avg_iterations": 2.0,
    "median_iterations": 2.0,
    "avg_auc_delta": 0.0,
    "avg_geo_decay": 0.0,
    "best_k": 13,
    "best_combined_score": 0.8468153487815858,
    "best_sse": 38.03034585446293,
    "weights": {
        "alpha": 0.47,
        "beta": 0.53,
        "gamma": 0.0
    },
    "total_runtime_sec": 0.35829734802246094
}