{
    "n_trials": 31,
    "avg_iterations": 9.774193548387096,
    "median_iterations": 10.0,
    "avg_auc_delta": 7.596685023236616,
    "avg_geo_decay": 0.5161225528028044,
    "best_k": 10,
    "best_combined_score": 0.5351726348950988,
    "best_sse": 5765.32837912004,
    "weights": {
        "alpha": 0.47,
        "beta": 0.53,
        "gamma": 0.0
    },
    "total_runtime_sec": 82.50476288795471
}