{
    "n_trials": 31,
    "avg_iterations": 19.129032258064516,
    "median_iterations": 17.0,
    "avg_auc_delta": 13.64046835131742,
    "avg_geo_decay": 0.6910612819244837,
    "best_k": 41,
    "best_combined_score": 0.5951119151406632,
    "best_sse": 2019.411596121692,
    "weights": {
        "alpha": 0.47,
        "beta": 0.53,
        "gamma": 0.0
    },
    "total_runtime_sec": 178.12586760520935
}