{
    "clean_state": "raw",
    "best_k": 10,
    "best_cov_type": "full",
    "best_combined": 1.191481613427764,
    "best_silhouette": 0.4872620316811887,
    "best_db": 0.5275092944740347,
    "n_iter_final": 1,
    "ll_curve_final": [
        25.152866188203806,
        25.155464309215002,
        25.155860581507852
    ],
    "total_runtime_sec": 0.8420431613922119
}