{
    "clean_state": "raw",
    "best_k": 7,
    "linkage": "single",
    "metric": "euclidean",
    "combined": 1.054864807300189,
    "silhouette": 0.20238631002145405,
    "davies_bouldin": 0.5242894646177846,
    "intra_dist_mean": 5.760601087187704,
    "inter_dist_mean": 9.234443164886246,
    "ratio_intra_inter": 0.6238168327346072,
    "n_merge_steps": 999,
    "h_max": 7.311423072702654,
    "total_runtime_sec": 17.63871169090271
}