{
    "clean_state": "raw",
    "best_k": 21,
    "linkage": "average",
    "metric": "euclidean",
    "combined": 0.5684628202424494,
    "silhouette": 0.26552889252281764,
    "davies_bouldin": 0.9176557455905341,
    "sse": 843.2224488789418,
    "weights": {
        "alpha": 0.47,
        "beta": 0.53,
        "gamma": 0.0
    },
    "intra_dist_mean": 1.740524727212526,
    "inter_dist_mean": 3.538188993981703,
    "ratio_intra_inter": 0.4919253126875321,
    "n_merge_steps": 503,
    "h_max": 3.965680518998695,
    "total_runtime_sec": 14.604724168777466
}