{
    "n_trials": 31,
    "avg_iterations": 4.935483870967742,
    "median_iterations": 4.0,
    "avg_auc_delta": 9.553947671026496,
    "avg_geo_decay": 0.4777690597877906,
    "best_k": 19,
    "best_combined_score": 0.5207396445232415,
    "best_sse": 749.1725490929982,
    "weights": {
        "alpha": 0.47,
        "beta": 0.53,
        "gamma": 0.0
    },
    "total_runtime_sec": 9.491265773773193
}