{
    "core_count": 340,
    "border_count": 20,
    "noise_count": 29,
    "noise_ratio": 0.07455012853470437,
    "neighbor_hist": [
        0,
        10,
        6,
        4,
        10,
        3,
        2,
        4,
        0,
        3,
        0,
        7,
        5,
        1,
        3,
        3,
        3,
        1,
        5,
        2,
        0,
        1,
        8,
        0,
        3,
        2,
        0,
        0,
        6,
        2,
        0,
        0,
        0,
        2,
        3,
        0,
        0,
        1,
        6,
        0,
        0,
        1,
        0,
        0,
        1,
        6,
        0,
        0,
        0,
        275
    ],
    "combined_score": 0.49570782236612665,
    "silhouette": 0.5685276574934807,
    "davies_bouldin": 1.6755268740805083,
    "sse": 1003.4299420324928,
    "weights": {
        "alpha": 0.47,
        "beta": 0.53,
        "gamma": 0.0
    }
}