{
    "clean_state": "raw",
    "best_k": 5,
    "linkage": "single",
    "metric": "manhattan",
    "combined": 1.7450549544155507,
    "silhouette": 0.5542679169810992,
    "davies_bouldin": 0.34061778623510197,
    "intra_dist_mean": 5.038523482512356,
    "inter_dist_mean": 12.596152060806576,
    "ratio_intra_inter": 0.400004974391308,
    "n_merge_steps": 999,
    "total_runtime_sec": 31.920053005218506
}