{
    "n_trials": 31,
    "avg_iterations": 6.32258064516129,
    "median_iterations": 6.0,
    "avg_auc_delta": 10.07791318311318,
    "avg_geo_decay": 0.42811109606859804,
    "best_k": 31,
    "best_combined_score": 0.8589479317660366,
    "best_sse": 1555.7001704827262,
    "total_runtime_sec": 6.735301494598389
}