{
    "n_trials": 30,
    "avg_iterations": 4.866666666666666,
    "median_iterations": 4.5,
    "avg_auc_delta": 6.135746375293689,
    "avg_geo_decay": 0.38351746033252077,
    "best_k": 31,
    "best_combined_score": 0.8803755439740362,
    "best_sse": 1258.4338340183922,
    "total_runtime_sec": 0.8888530731201172
}