{
    "n_trials": 30,
    "avg_iterations": 5.466666666666667,
    "median_iterations": 5.0,
    "avg_auc_delta": 6.096328303430222,
    "avg_geo_decay": 0.41832707096046906,
    "best_k": 29,
    "best_combined_score": 0.6641465656581379,
    "best_sse": 960.4099561877708,
    "weights": {
        "alpha": 0.47,
        "beta": 0.53,
        "gamma": 0.0
    },
    "total_runtime_sec": 1.838899850845337
}