{
    "n_trials": 31,
    "avg_iterations": 11.35483870967742,
    "median_iterations": 11.0,
    "avg_auc_delta": 8.042104029580988,
    "avg_geo_decay": 0.631301840509882,
    "best_k": 28,
    "best_combined_score": 0.5320794518784683,
    "best_sse": 930.2393915508771,
    "weights": {
        "alpha": 0.47,
        "beta": 0.53,
        "gamma": 0.0
    },
    "total_runtime_sec": 22.306042432785034
}