{
    "clean_state": "raw",
    "best_k": 6,
    "best_cov_type": "full",
    "best_combined": 1.2079799134694462,
    "best_silhouette": 0.5736826774200907,
    "best_db": 0.5428064937250063,
    "n_iter_final": 1,
    "ll_curve_final": [
        25.520072309577206,
        25.52007230957676
    ],
    "total_runtime_sec": 0.9959752559661865
}