{
    "clean_state": "raw",
    "best_k": 14,
    "best_cov_type": "tied",
    "best_combined": 0.69517721495168,
    "best_silhouette": 0.5701371678523772,
    "best_db": 0.5845439981830747,
    "best_sse": 194.57219716668305,
    "weights": {
        "alpha": 0.47,
        "beta": 0.53,
        "gamma": 0.0
    },
    "n_iter_final": 1,
    "ll_curve_final": [
        11.806675672199413,
        11.84722368750799,
        11.852915197223966,
        11.86808772332693,
        11.912138845311883,
        11.933359366886757,
        11.933829840370613
    ],
    "total_runtime_sec": 1.7551493644714355
}