{
    "n_trials": 31,
    "avg_iterations": 15.483870967741936,
    "median_iterations": 15.0,
    "avg_auc_delta": 12.93104807617926,
    "avg_geo_decay": 0.6614159451327525,
    "best_k": 36,
    "best_combined_score": 0.6105886913045973,
    "best_sse": 1310.1068514395924,
    "total_runtime_sec": 13.272241830825806
}