{
    "n_trials": 30,
    "avg_iterations": 15.366666666666667,
    "median_iterations": 15.0,
    "avg_auc_delta": 10.582742133259368,
    "avg_geo_decay": 0.6500038884076776,
    "best_k": 36,
    "best_combined_score": 0.5704419534395566,
    "best_sse": 1290.886553555609,
    "total_runtime_sec": 2.091186285018921
}