{
    "n_trials": 31,
    "avg_iterations": 13.290322580645162,
    "median_iterations": 12.0,
    "avg_auc_delta": 5.76106275599711,
    "avg_geo_decay": 0.6264704973623483,
    "best_k": 6,
    "best_combined_score": 0.6300760794799395,
    "best_sse": 2487.953978140913,
    "weights": {
        "alpha": 0.47,
        "beta": 0.53,
        "gamma": 0.0
    },
    "total_runtime_sec": 5.033614873886108
}