{
    "core_count": 2328,
    "border_count": 7,
    "noise_count": 41,
    "noise_ratio": 0.017255892255892257,
    "neighbor_hist": [
        0,
        10,
        9,
        1,
        12,
        16,
        16,
        4,
        0,
        11,
        20,
        18,
        1,
        5,
        0,
        1,
        16,
        0,
        0,
        0,
        1,
        0,
        0,
        1,
        23,
        18,
        8,
        0,
        1,
        0,
        0,
        0,
        0,
        1,
        0,
        0,
        2,
        3,
        0,
        0,
        0,
        0,
        0,
        0,
        0,
        0,
        0,
        2,
        1,
        2175
    ],
    "combined_score": 0.6109978249445922,
    "silhouette": 0.6861480307119784,
    "davies_bouldin": 1.036195024210833,
    "sse": 1201.2807835357366,
    "weights": {
        "alpha": 0.47,
        "beta": 0.53,
        "gamma": 0.0
    }
}