{
    "n_trials": 31,
    "avg_iterations": 3.4838709677419355,
    "median_iterations": 3.0,
    "avg_auc_delta": 4.570045383530272,
    "avg_geo_decay": 0.4033911599113009,
    "best_k": 8,
    "best_combined_score": 0.9383749716216544,
    "best_sse": 120.85846484031433,
    "total_runtime_sec": 1.5198252201080322
}