{
    "n_trials": 20,
    "avg_iterations": 3.0,
    "median_iterations": 3.0,
    "avg_auc_delta": 4.424227121891375,
    "avg_geo_decay": 0.38559660975326826,
    "best_k": 7,
    "best_combined_score": 0.6901373981225226,
    "best_sse": 162.89123559376728,
    "weights": {
        "alpha": 0.47,
        "beta": 0.53,
        "gamma": 0.0
    },
    "total_runtime_sec": 0.2100377082824707
}