{
    "clean_state": "raw",
    "best_k": 7,
    "best_cov_type": "tied",
    "best_combined": 0.5085209142070198,
    "best_silhouette": 0.24664539628892782,
    "best_db": 1.2876677320247012,
    "best_sse": 8003.469671788115,
    "weights": {
        "alpha": 0.47,
        "beta": 0.53,
        "gamma": 0.0
    },
    "n_iter_final": 1,
    "ll_curve_final": [
        -9.36302462772639,
        -9.292667579433582,
        -9.263705717217475,
        -9.231605548736335,
        -9.197563396279904,
        -9.18431539508137,
        -9.17999434622253,
        -9.177327868350975,
        -9.17547820655935,
        -9.174196071764985,
        -9.173345230412927
    ],
    "total_runtime_sec": 46.483545541763306
}