{
    "core_count": 330,
    "border_count": 67,
    "noise_count": 327,
    "noise_ratio": 0.4516574585635359,
    "neighbor_hist": [
        0,
        205,
        96,
        54,
        39,
        50,
        24,
        20,
        13,
        14,
        9,
        10,
        13,
        5,
        5,
        6,
        6,
        4,
        5,
        3,
        3,
        7,
        7,
        3,
        8,
        6,
        6,
        7,
        4,
        3,
        3,
        2,
        1,
        4,
        1,
        1,
        4,
        7,
        1,
        0,
        3,
        2,
        1,
        1,
        1,
        0,
        0,
        0,
        0,
        57
    ],
    "combined_score": 0.3747115956810677,
    "silhouette": -0.0604106258181211,
    "davies_bouldin": 2.147702063085012,
    "sse": 1565.64339586269,
    "weights": {
        "alpha": 0.47,
        "beta": 0.53,
        "gamma": 0.0
    }
}