{
    "n_trials": 31,
    "avg_iterations": 15.870967741935484,
    "median_iterations": 14.0,
    "avg_auc_delta": 10.832960007986697,
    "avg_geo_decay": 0.7017976190396688,
    "best_k": 40,
    "best_combined_score": 0.5727227334554678,
    "best_sse": 1761.040484134038,
    "weights": {
        "alpha": 0.47,
        "beta": 0.53,
        "gamma": 0.0
    },
    "total_runtime_sec": 14.042754411697388
}