{
    "n_trials": 31,
    "avg_iterations": 17.548387096774192,
    "median_iterations": 16.0,
    "avg_auc_delta": 25.261487052607468,
    "avg_geo_decay": 0.7342255973755563,
    "best_k": 31,
    "best_combined_score": 0.4095376077663142,
    "best_sse": 9545.477743867561,
    "weights": {
        "alpha": 0.47,
        "beta": 0.53,
        "gamma": 0.0
    },
    "total_runtime_sec": 7.140047788619995
}