{
    "n_trials": 31,
    "avg_iterations": 5.451612903225806,
    "median_iterations": 5.0,
    "avg_auc_delta": 8.855367357165196,
    "avg_geo_decay": 0.428636904005412,
    "best_k": 31,
    "best_combined_score": 0.9606481093191075,
    "best_sse": 605.0903597442597,
    "total_runtime_sec": 6.75511622428894
}