{
    "n_trials": 30,
    "avg_iterations": 3.6666666666666665,
    "median_iterations": 3.0,
    "avg_auc_delta": 5.433428261152979,
    "avg_geo_decay": 0.17181410421942073,
    "best_k": 30,
    "best_combined_score": 0.7397024641649484,
    "best_sse": 353.87943241402184,
    "weights": {
        "alpha": 0.47,
        "beta": 0.53,
        "gamma": 0.0
    },
    "total_runtime_sec": 1.4330649375915527
}