{
    "n_trials": 30,
    "avg_iterations": 5.166666666666667,
    "median_iterations": 6.0,
    "avg_auc_delta": 5.323596985663903,
    "avg_geo_decay": 0.330502846903728,
    "best_k": 31,
    "best_combined_score": 1.0537299002864784,
    "best_sse": 546.0632050093163,
    "total_runtime_sec": 1.0341033935546875
}