{
    "n_trials": 30,
    "avg_iterations": 9.166666666666666,
    "median_iterations": 9.0,
    "avg_auc_delta": 11.556443887137327,
    "avg_geo_decay": 0.5580550883062566,
    "best_k": 21,
    "best_combined_score": 0.4254329827884986,
    "best_sse": 2303.432299745352,
    "total_runtime_sec": 0.5078928470611572
}