{
    "n_trials": 30,
    "avg_iterations": 11.166666666666666,
    "median_iterations": 8.0,
    "avg_auc_delta": 5.249729029614573,
    "avg_geo_decay": 0.5616749603505726,
    "best_k": 48,
    "best_combined_score": 0.6263956259074386,
    "best_sse": 932.868428051649,
    "weights": {
        "alpha": 0.47,
        "beta": 0.53,
        "gamma": 0.0
    },
    "total_runtime_sec": 6.356159210205078
}