{
    "n_trials": 31,
    "avg_iterations": 12.451612903225806,
    "median_iterations": 12.0,
    "avg_auc_delta": 15.654916961016552,
    "avg_geo_decay": 0.6430063501429092,
    "best_k": 21,
    "best_combined_score": 0.4322894383760777,
    "best_sse": 2484.6807524699248,
    "total_runtime_sec": 4.162819147109985
}