{
    "centroid_movements": [
        0.0
    ],
    "sse_list": [
        2767.4143373451625,
        2767.4143373451625
    ],
    "final_iteration": 2
}