{
    "n_trials": 30,
    "avg_iterations": 10.733333333333333,
    "median_iterations": 10.0,
    "avg_auc_delta": 6.393970157502391,
    "avg_geo_decay": 0.5893782763201597,
    "best_k": 28,
    "best_combined_score": 0.6200883837744233,
    "best_sse": 775.3563186138427,
    "total_runtime_sec": 0.7145273685455322
}