{
    "n_trials": 31,
    "avg_iterations": 6.0,
    "median_iterations": 5.0,
    "avg_auc_delta": 8.391931260808628,
    "avg_geo_decay": 0.6719184943675024,
    "best_k": 11,
    "best_combined_score": 0.6275337937080383,
    "best_sse": 286.8067700896074,
    "weights": {
        "alpha": 0.47,
        "beta": 0.53,
        "gamma": 0.0
    },
    "total_runtime_sec": 4.2894065380096436
}