{
    "n_trials": 30,
    "avg_iterations": 7.0,
    "median_iterations": 5.0,
    "avg_auc_delta": 6.014542944051845,
    "avg_geo_decay": 0.27981548307420073,
    "best_k": 30,
    "best_combined_score": 0.9988369872231817,
    "best_sse": 576.7387252045476,
    "total_runtime_sec": 0.9368951320648193
}