{
    "n_trials": 31,
    "avg_iterations": 9.709677419354838,
    "median_iterations": 9.0,
    "avg_auc_delta": 10.560530258304658,
    "avg_geo_decay": 0.48728443637030994,
    "best_k": 30,
    "best_combined_score": 0.9190090726705841,
    "best_sse": 723.0267334085005,
    "total_runtime_sec": 7.51835298538208
}