{
    "n_trials": 20,
    "avg_iterations": 9.4,
    "median_iterations": 9.0,
    "avg_auc_delta": 5.729619326911677,
    "avg_geo_decay": 0.48571168434015954,
    "best_k": 14,
    "best_combined_score": 0.6679099361730659,
    "best_sse": 1094.4801612898377,
    "weights": {
        "alpha": 0.47,
        "beta": 0.53,
        "gamma": 0.0
    },
    "total_runtime_sec": 1.3323781490325928
}