{
    "clean_state": "raw",
    "best_k": 11,
    "best_cov_type": "full",
    "best_combined": 0.5219828723460801,
    "best_silhouette": 0.21917350634429353,
    "best_db": 1.212426540292244,
    "n_iter_final": 1,
    "ll_curve_final": [
        31.708113581802365,
        32.83274136262795,
        32.95540823864273,
        32.99480227095159,
        33.18840270447856,
        33.54105726475262,
        33.5410595175188
    ],
    "total_runtime_sec": 5.038097620010376
}