{
    "n_trials": 31,
    "avg_iterations": 6.838709677419355,
    "median_iterations": 7.0,
    "avg_auc_delta": 8.316985444055929,
    "avg_geo_decay": 0.4163991437004515,
    "best_k": 9,
    "best_combined_score": 0.5544438337361929,
    "best_sse": 1592.0530161724428,
    "weights": {
        "alpha": 0.47,
        "beta": 0.53,
        "gamma": 0.0
    },
    "total_runtime_sec": 1.4761009216308594
}