{
    "clean_state": "raw",
    "best_k": 13,
    "best_cov_type": "tied",
    "best_combined": 0.9406993006351831,
    "best_silhouette": 0.5263545062621753,
    "best_db": 0.7379833642933629,
    "n_iter_final": 1,
    "ll_curve_final": [
        -6.281187671822402,
        -6.240590824832047,
        -6.09788389265527,
        -5.807880440459114,
        -4.866440125906334,
        -4.862097219149217,
        -4.860882997278445,
        -4.860607644125597
    ],
    "total_runtime_sec": 62.72697639465332
}