{
    "clean_state": "raw",
    "best_k": 18,
    "best_cov_type": "tied",
    "best_combined": 0.4166135928893126,
    "best_silhouette": 0.08096130770559361,
    "best_db": 1.8881309452824846,
    "best_sse": 10611.386572926227,
    "weights": {
        "alpha": 0.47,
        "beta": 0.53,
        "gamma": 0.0
    },
    "n_iter_final": 1,
    "ll_curve_final": [
        -22.20626299664985,
        -22.020122147453694,
        -21.927433750143088,
        -21.892619392481915,
        -21.88045620885265,
        -21.861323067757755,
        -21.83455174178107,
        -21.81537894068267,
        -21.80210703933796,
        -21.778724807626926,
        -21.753124151088137,
        -21.722209120656213,
        -21.699685109024873,
        -21.685568338135333,
        -21.66878748557149,
        -21.650934672694316,
        -21.62686428074119,
        -21.599298310026303,
        -21.592385123398607,
        -21.582439499598685,
        -21.572312336789523,
        -21.569336569118402,
        -21.56555443081361,
        -21.562303636694605,
        -21.561123602212504,
        -21.560743352648476
    ],
    "total_runtime_sec": 14.906995058059692
}