{
    "clean_state": "raw",
    "best_k": 11,
    "linkage": "single",
    "metric": "euclidean",
    "combined": 1.9654311808199219,
    "silhouette": 0.5566788597419554,
    "davies_bouldin": 0.2963679952312987,
    "intra_dist_mean": 1.488474736643798,
    "inter_dist_mean": 5.345908269871125,
    "ratio_intra_inter": 0.2784325247465203,
    "n_merge_steps": 133,
    "total_runtime_sec": 2.049591541290283
}