{
    "clean_state": "raw",
    "best_k": 6,
    "linkage": "single",
    "metric": "manhattan",
    "combined": 2.66482416976341,
    "silhouette": 0.5893709818528873,
    "davies_bouldin": 0.21095812007310535,
    "intra_dist_mean": 2.3367585882168775,
    "inter_dist_mean": 9.609609421637401,
    "ratio_intra_inter": 0.24316894534288672,
    "n_merge_steps": 133,
    "h_max": 14.637219790615232,
    "total_runtime_sec": 0.8237829208374023
}