{
    "n_trials": 31,
    "avg_iterations": 18.548387096774192,
    "median_iterations": 18.0,
    "avg_auc_delta": 15.623707493210073,
    "avg_geo_decay": 0.7476940227423449,
    "best_k": 36,
    "best_combined_score": 0.5618295527521933,
    "best_sse": 1843.0692440836324,
    "weights": {
        "alpha": 0.47,
        "beta": 0.53,
        "gamma": 0.0
    },
    "total_runtime_sec": 341.41960763931274
}