{
    "core_count": 888,
    "border_count": 1,
    "noise_count": 111,
    "noise_ratio": 0.111,
    "neighbor_hist": [
        0,
        39,
        27,
        18,
        28,
        26,
        12,
        0,
        32,
        0,
        10,
        11,
        0,
        14,
        0,
        30,
        16,
        17,
        18,
        19,
        20,
        21,
        0,
        0,
        0,
        0,
        26,
        54,
        0,
        0,
        0,
        0,
        32,
        0,
        0,
        0,
        0,
        0,
        0,
        0,
        0,
        0,
        0,
        0,
        44,
        0,
        46,
        0,
        0,
        440
    ],
    "combined_score": 0.5421933130722397,
    "silhouette": 0.6990087161290355,
    "davies_bouldin": 1.4360317736131059,
    "sse": 85.64371620870054,
    "weights": {
        "alpha": 0.47,
        "beta": 0.53,
        "gamma": 0.0
    }
}