{
    "n_trials": 31,
    "avg_iterations": 5.290322580645161,
    "median_iterations": 5.0,
    "avg_auc_delta": 9.978137220296787,
    "avg_geo_decay": 0.45809874753560753,
    "best_k": 11,
    "best_combined_score": 0.658808075377662,
    "best_sse": 198.45626304956662,
    "weights": {
        "alpha": 0.47,
        "beta": 0.53,
        "gamma": 0.0
    },
    "total_runtime_sec": 4.211504697799683
}