{
    "n_trials": 31,
    "avg_iterations": 4.419354838709677,
    "median_iterations": 4.0,
    "avg_auc_delta": 8.719013030828874,
    "avg_geo_decay": 0.3917384256738341,
    "best_k": 31,
    "best_combined_score": 0.5576873730356103,
    "best_sse": 2552.428247673875,
    "weights": {
        "alpha": 0.47,
        "beta": 0.53,
        "gamma": 0.0
    },
    "total_runtime_sec": 2.9161531925201416
}