{
    "clean_state": "raw",
    "best_k": 9,
    "linkage": "single",
    "metric": "manhattan",
    "combined": 2.6786979221740093,
    "silhouette": 0.657717109513484,
    "davies_bouldin": 0.21278050190705383,
    "intra_dist_mean": 3.345490863562296,
    "inter_dist_mean": 16.46884349444152,
    "ratio_intra_inter": 0.20314060697044373,
    "n_merge_steps": 999,
    "h_max": 22.383074051792274,
    "total_runtime_sec": 16.318188190460205
}