{
    "n_trials": 31,
    "avg_iterations": 4.064516129032258,
    "median_iterations": 4.0,
    "avg_auc_delta": 1.1121798090262358,
    "avg_geo_decay": 0.10080377495611918,
    "best_k": 10,
    "best_combined_score": 0.6749225946207749,
    "best_sse": 4001.389486472869,
    "weights": {
        "alpha": 0.47,
        "beta": 0.53,
        "gamma": 0.0
    },
    "total_runtime_sec": 21.625507354736328
}