{
    "n_trials": 31,
    "avg_iterations": 15.612903225806452,
    "median_iterations": 15.0,
    "avg_auc_delta": 10.572665825800309,
    "avg_geo_decay": 0.6828336707421375,
    "best_k": 38,
    "best_combined_score": 0.5633530616449438,
    "best_sse": 1801.8442923303323,
    "weights": {
        "alpha": 0.47,
        "beta": 0.53,
        "gamma": 0.0
    },
    "total_runtime_sec": 12.897980451583862
}