{
    "clean_state": "raw",
    "best_k": 35,
    "best_cov_type": "tied",
    "best_combined": 1.3969796164318349,
    "best_silhouette": 0.671754460958015,
    "best_db": 0.47120806306643065,
    "n_iter_final": 1,
    "ll_curve_final": [
        1.0508472679250618,
        1.1561024882692972,
        1.1664455162981178,
        1.170820590471269,
        1.173280958025009,
        1.1748126677628326,
        1.1757728372677727
    ],
    "total_runtime_sec": 31.026676654815674
}