{
    "clean_state": "raw",
    "best_k": 18,
    "best_cov_type": "tied",
    "best_combined": 0.5789560818593033,
    "best_silhouette": 0.4555805433845476,
    "best_db": 1.0404835680679918,
    "best_sse": 3864.64133258789,
    "weights": {
        "alpha": 0.47,
        "beta": 0.53,
        "gamma": 0.0
    },
    "n_iter_final": 1,
    "ll_curve_final": [
        -3.2653896947494547,
        -3.0804494197099004,
        -2.760490623737629,
        0.37503220759626443,
        0.3773216567342133,
        0.37775781738448644
    ],
    "total_runtime_sec": 26.978109121322632
}