{
    "clean_state": "raw",
    "best_k": 7,
    "linkage": "single",
    "metric": "euclidean",
    "combined": 0.9618516443427179,
    "silhouette": 0.11552971612456855,
    "davies_bouldin": 0.553044251489489,
    "intra_dist_mean": 3.265799382707412,
    "inter_dist_mean": 4.767611117897328,
    "ratio_intra_inter": 0.684997014636347,
    "n_merge_steps": 1739,
    "total_runtime_sec": 67.59463143348694
}