{
    "clean_state": "raw",
    "best_k": 31,
    "best_cov_type": "spherical",
    "best_combined": 0.513594049994943,
    "best_silhouette": 0.18629649359648304,
    "best_db": 1.1892139157970851,
    "n_iter_final": 1,
    "ll_curve_final": [
        -6.304475812193815,
        -6.248112148444628,
        -6.21787895604781,
        -6.192334253894707,
        -6.175486087384507,
        -6.161377802477474,
        -6.1488128790947165,
        -6.136475140462978,
        -6.1299513305624425,
        -6.124170886730444,
        -6.120585147101667,
        -6.118051294172787,
        -6.116214175376893,
        -6.114879764751263,
        -6.113702438161848,
        -6.112054164844454,
        -6.1074728488606125,
        -6.10101617461549,
        -6.097043339678968,
        -6.0937958338868,
        -6.089720921039422,
        -6.084778775166599,
        -6.078139556813651,
        -6.069634168231662,
        -6.063053101020802,
        -6.059409186969586,
        -6.057973733877746,
        -6.057284406205171
    ],
    "total_runtime_sec": 7.053253173828125
}