{
    "clean_state": "raw",
    "best_k": 14,
    "best_cov_type": "diag",
    "best_combined": 0.47343840051450586,
    "best_silhouette": 0.1652664195150097,
    "best_db": 1.4632542037087874,
    "best_sse": 3601.836754580324,
    "weights": {
        "alpha": 0.47,
        "beta": 0.53,
        "gamma": 0.0
    },
    "n_iter_final": 1,
    "ll_curve_final": [
        6.46316902857137,
        7.934426458869383,
        8.10803367363674,
        8.120632537747369,
        8.121561020361025
    ],
    "total_runtime_sec": 2.5079188346862793
}