{
    "clean_state": "raw",
    "best_k": 7,
    "linkage": "single",
    "metric": "euclidean",
    "combined": 0.8614091333325337,
    "silhouette": 0.12428481871347324,
    "davies_bouldin": 0.6255733974671773,
    "intra_dist_mean": 5.796439889815116,
    "inter_dist_mean": 7.767612314453545,
    "ratio_intra_inter": 0.7462318734714236,
    "n_merge_steps": 336,
    "h_max": 5.755639455793386,
    "total_runtime_sec": 1.9212791919708252
}