{
    "clean_state": "raw",
    "best_k": 7,
    "linkage": "single",
    "metric": "manhattan",
    "combined": 0.8340412681393428,
    "silhouette": 0.10527488864792967,
    "davies_bouldin": 0.6398740123367184,
    "intra_dist_mean": 5.797984160568055,
    "inter_dist_mean": 7.725463215417137,
    "ratio_intra_inter": 0.7505031088617049,
    "n_merge_steps": 336,
    "total_runtime_sec": 5.221108436584473
}