{
    "clean_state": "raw",
    "best_k": 40,
    "linkage": "average",
    "metric": "euclidean",
    "combined": 0.626023416387029,
    "silhouette": 0.4077012415418896,
    "davies_bouldin": 0.7540170040442117,
    "sse": 1470.089753405839,
    "weights": {
        "alpha": 0.47,
        "beta": 0.53,
        "gamma": 0.0
    },
    "intra_dist_mean": 1.2154177087028037,
    "inter_dist_mean": 3.498210518100625,
    "ratio_intra_inter": 0.34743984171723746,
    "n_merge_steps": 1601,
    "h_max": 5.3888472244763825,
    "total_runtime_sec": 72.8447208404541
}