{
    "clean_state": "raw",
    "best_k": 7,
    "best_cov_type": "tied",
    "best_combined": 0.7214027039701792,
    "best_silhouette": 0.526276035674615,
    "best_db": 0.4534154848897883,
    "best_sse": 1725.8334810916622,
    "weights": {
        "alpha": 0.47,
        "beta": 0.53,
        "gamma": 0.0
    },
    "n_iter_final": 1,
    "ll_curve_final": [
        -2.911727153246048,
        -2.899766927427894,
        -2.89446617162703,
        -2.89169945109085,
        -2.8902411622763466,
        -2.8894807716931252
    ],
    "total_runtime_sec": 21.875614881515503
}