{
    "clean_state": "raw",
    "best_k": 10,
    "best_cov_type": "tied",
    "best_combined": 0.6913330919217502,
    "best_silhouette": 0.3260866725826977,
    "best_db": 0.9464503043473869,
    "n_iter_final": 1,
    "ll_curve_final": [
        34.60682129666144,
        34.838715017529,
        34.9367460826622,
        34.936748179835604
    ],
    "total_runtime_sec": 8.847267866134644
}