{
    "n_trials": 31,
    "avg_iterations": 8.193548387096774,
    "median_iterations": 8.0,
    "avg_auc_delta": 10.016433370025904,
    "avg_geo_decay": 0.5041094104906586,
    "best_k": 18,
    "best_combined_score": 0.5241559072023073,
    "best_sse": 1214.137125893596,
    "weights": {
        "alpha": 0.47,
        "beta": 0.53,
        "gamma": 0.0
    },
    "total_runtime_sec": 29.032488346099854
}