{
    "n_trials": 30,
    "avg_iterations": 6.566666666666666,
    "median_iterations": 6.0,
    "avg_auc_delta": 8.760124345363462,
    "avg_geo_decay": 0.4400094675212295,
    "best_k": 16,
    "best_combined_score": 0.5694329198591641,
    "best_sse": 760.4283490383978,
    "weights": {
        "alpha": 0.47,
        "beta": 0.53,
        "gamma": 0.0
    },
    "total_runtime_sec": 0.6597757339477539
}