{
    "n_trials": 31,
    "avg_iterations": 15.612903225806452,
    "median_iterations": 16.0,
    "avg_auc_delta": 13.79141286678896,
    "avg_geo_decay": 0.6818224981359952,
    "best_k": 38,
    "best_combined_score": 0.49553851766604196,
    "best_sse": 2215.1360900372565,
    "total_runtime_sec": 14.578057765960693
}