{
    "n_trials": 30,
    "avg_iterations": 19.833333333333332,
    "median_iterations": 22.0,
    "avg_auc_delta": 10.631192463491743,
    "avg_geo_decay": 0.7429896411711729,
    "best_k": 38,
    "best_combined_score": 0.5062080261779367,
    "best_sse": 2047.7652302354318,
    "total_runtime_sec": 2.948223829269409
}