{
    "clean_state": "raw",
    "best_k": 8,
    "best_cov_type": "tied",
    "best_combined": 0.7050077644341799,
    "best_silhouette": 0.3152889271501795,
    "best_db": 0.9134700832431529,
    "n_iter_final": 1,
    "ll_curve_final": [
        -7.963119815539212,
        -7.93336109651801,
        -7.923282798149901,
        -7.9179716908151425,
        -7.914567733015273,
        -7.912170289712361,
        -7.910174965199927,
        -7.908140242728755,
        -7.906344614212571,
        -7.904706722347498,
        -7.902808368498098,
        -7.90028125905955,
        -7.896674534250092,
        -7.890968251415561,
        -7.880222318398631,
        -7.857945184148315,
        -7.824967603929002,
        -7.807225539974197,
        -7.804142476661677,
        -7.803749068843972
    ],
    "total_runtime_sec": 51.068843126297
}