{
    "clean_state": "raw",
    "best_k": 41,
    "linkage": "average",
    "metric": "manhattan",
    "combined": 0.8044998285026802,
    "silhouette": 0.41498942878377765,
    "davies_bouldin": 0.8375137635876444,
    "intra_dist_mean": 1.09280932981423,
    "inter_dist_mean": 3.516414652523935,
    "ratio_intra_inter": 0.31077373910654893,
    "n_merge_steps": 1864,
    "h_max": 8.641554728899253,
    "total_runtime_sec": 58.56228303909302
}