{
    "n_trials": 31,
    "avg_iterations": 12.516129032258064,
    "median_iterations": 12.0,
    "avg_auc_delta": 10.63550293475562,
    "avg_geo_decay": 0.6123764059718239,
    "best_k": 9,
    "best_combined_score": 0.5590492599734157,
    "best_sse": 1654.3380387035027,
    "weights": {
        "alpha": 0.47,
        "beta": 0.53,
        "gamma": 0.0
    },
    "total_runtime_sec": 2.4047820568084717
}