{
    "n_trials": 30,
    "avg_iterations": 7.166666666666667,
    "median_iterations": 6.0,
    "avg_auc_delta": 5.790920610998457,
    "avg_geo_decay": 0.34402419993612326,
    "best_k": 22,
    "best_combined_score": 0.588078723114455,
    "best_sse": 643.8538538701796,
    "total_runtime_sec": 0.38799500465393066
}