{
    "n_trials": 20,
    "avg_iterations": 10.2,
    "median_iterations": 8.5,
    "avg_auc_delta": 13.37625435668717,
    "avg_geo_decay": 0.5473003288714684,
    "best_k": 12,
    "best_combined_score": 0.5081305316390863,
    "best_sse": 8312.638224745311,
    "weights": {
        "alpha": 0.47,
        "beta": 0.53,
        "gamma": 0.0
    },
    "total_runtime_sec": 3.2071890830993652
}