{
    "n_trials": 31,
    "avg_iterations": 11.387096774193548,
    "median_iterations": 10.0,
    "avg_auc_delta": 11.878938879569814,
    "avg_geo_decay": 0.5771333608675289,
    "best_k": 22,
    "best_combined_score": 0.5979304064851388,
    "best_sse": 688.9304133170821,
    "total_runtime_sec": 3.2992920875549316
}