{
    "clean_state": "raw",
    "best_k": 45,
    "best_cov_type": "tied",
    "best_combined": 0.5779291667831588,
    "best_silhouette": 0.3479234546978356,
    "best_db": 0.9489563733837999,
    "best_sse": 1755.914657451984,
    "weights": {
        "alpha": 0.47,
        "beta": 0.53,
        "gamma": 0.0
    },
    "n_iter_final": 1,
    "ll_curve_final": [
        -4.706289418554526,
        -4.6275230264665765,
        -4.598695318668067,
        -4.581349252779007,
        -4.55966143646285,
        -4.551517735761,
        -4.547693409319945,
        -4.5435612159885235,
        -4.538670249139857,
        -4.5307129063274445,
        -4.50979698722452,
        -4.492530193633591,
        -4.477201361446892,
        -4.474609702796512,
        -4.463067429315156,
        -4.421990994572351,
        -4.412013033105989,
        -4.407981488049002,
        -4.4038135930166895,
        -4.403346054120368
    ],
    "total_runtime_sec": 41.394749879837036
}