{
    "clean_state": "raw",
    "best_k": 14,
    "best_cov_type": "tied",
    "best_combined": 0.33326061059987316,
    "best_silhouette": 0.08351032794880567,
    "best_db": 1.715233817371536,
    "n_iter_final": 1,
    "ll_curve_final": [
        -21.055644574911923,
        -20.715293302178406,
        -20.519955866475144,
        -20.40811637784109,
        -20.304776248485897,
        -20.29233685410531,
        -20.28938363323095,
        -20.28721614933298,
        -20.284492680671523,
        -20.282460524435606,
        -20.281562676075062
    ],
    "total_runtime_sec": 17.433467149734497
}