{
    "n_trials": 31,
    "avg_iterations": 5.387096774193548,
    "median_iterations": 5.0,
    "avg_auc_delta": 3.821688081679702,
    "avg_geo_decay": 0.291616679961828,
    "best_k": 18,
    "best_combined_score": 0.44902837787162014,
    "best_sse": 9567.52708863281,
    "weights": {
        "alpha": 0.47,
        "beta": 0.53,
        "gamma": 0.0
    },
    "total_runtime_sec": 4.549195766448975
}