{
    "n_trials": 31,
    "avg_iterations": 5.645161290322581,
    "median_iterations": 5.0,
    "avg_auc_delta": 4.661139204722466,
    "avg_geo_decay": 0.3265200687748007,
    "best_k": 11,
    "best_combined_score": 0.7585242866685851,
    "best_sse": 357.6322407817195,
    "weights": {
        "alpha": 0.47,
        "beta": 0.53,
        "gamma": 0.0
    },
    "total_runtime_sec": 4.027723073959351
}