{
    "centroid_movements": [
        1.8998889182714227e-15
    ],
    "sse_list": [
        209.62729118647786,
        209.62729118647783
    ],
    "final_iteration": 2
}