{
    "n_trials": 30,
    "avg_iterations": 7.9,
    "median_iterations": 8.0,
    "avg_auc_delta": 7.4267345078500036,
    "avg_geo_decay": 0.4450412104294478,
    "best_k": 42,
    "best_combined_score": 0.6524749905536008,
    "best_sse": 1366.6266864218721,
    "weights": {
        "alpha": 0.47,
        "beta": 0.53,
        "gamma": 0.0
    },
    "total_runtime_sec": 5.80595326423645
}