{
    "clean_state": "raw",
    "best_k": 8,
    "linkage": "single",
    "metric": "manhattan",
    "combined": 2.729539879957991,
    "silhouette": 0.7543486190499019,
    "davies_bouldin": 0.21255199714046,
    "intra_dist_mean": 2.728679237449821,
    "inter_dist_mean": 13.21668198160024,
    "ratio_intra_inter": 0.20645720622228617,
    "n_merge_steps": 492,
    "total_runtime_sec": 10.87605094909668
}