{
    "clean_state": "raw",
    "best_k": 13,
    "linkage": "single",
    "metric": "manhattan",
    "combined": 2.6467108626220934,
    "silhouette": 0.6592673627650103,
    "davies_bouldin": 0.21578910018548042,
    "intra_dist_mean": 2.288529297956858,
    "inter_dist_mean": 9.054288835794836,
    "ratio_intra_inter": 0.25275638313074705,
    "n_merge_steps": 492,
    "h_max": 12.903708941004414,
    "total_runtime_sec": 3.3834378719329834
}