{
    "clean_state": "raw",
    "best_k": 20,
    "best_cov_type": "spherical",
    "best_combined": 0.5698762450312516,
    "best_silhouette": 0.320085629549137,
    "best_db": 0.9673432644420176,
    "best_sse": 1018.1654356203125,
    "weights": {
        "alpha": 0.47,
        "beta": 0.53,
        "gamma": 0.0
    },
    "n_iter_final": 1,
    "ll_curve_final": [
        -5.425840542466864,
        -5.379464437105426,
        -5.368536700464668,
        -5.362469229511233,
        -5.358851049123171,
        -5.357704950778199,
        -5.3572066160036425
    ],
    "total_runtime_sec": 8.675852537155151
}