{
    "clean_state": "raw",
    "best_k": 5,
    "linkage": "single",
    "metric": "manhattan",
    "combined": 1.0625818934682034,
    "silhouette": 0.36196289106783686,
    "davies_bouldin": 0.5671503470439142,
    "intra_dist_mean": 3.130677653987138,
    "inter_dist_mean": 5.916425047848128,
    "ratio_intra_inter": 0.529150226474224,
    "n_merge_steps": 2375,
    "h_max": 6.268538468161883,
    "total_runtime_sec": 122.10952830314636
}