{
    "clean_state": "raw",
    "best_k": 5,
    "linkage": "single",
    "metric": "euclidean",
    "combined": 1.541988533712075,
    "silhouette": 0.40247067313014245,
    "davies_bouldin": 0.37292471206777866,
    "intra_dist_mean": 3.1313118310586328,
    "inter_dist_mean": 6.423999473593373,
    "ratio_intra_inter": 0.487439615138479,
    "n_merge_steps": 2375,
    "total_runtime_sec": 158.84730648994446
}