{
    "n_trials": 31,
    "avg_iterations": 19.032258064516128,
    "median_iterations": 17.0,
    "avg_auc_delta": 13.634945262115863,
    "avg_geo_decay": 0.7037524289695204,
    "best_k": 9,
    "best_combined_score": 0.5459083016891262,
    "best_sse": 6699.091910861994,
    "weights": {
        "alpha": 0.47,
        "beta": 0.53,
        "gamma": 0.0
    },
    "total_runtime_sec": 8.480404376983643
}