{
    "n_trials": 31,
    "avg_iterations": 3.4838709677419355,
    "median_iterations": 3.0,
    "avg_auc_delta": 1.1061190454990841,
    "avg_geo_decay": 0.19887903243722357,
    "best_k": 12,
    "best_combined_score": 0.4249311933777335,
    "best_sse": 1793.807269617232,
    "weights": {
        "alpha": 0.47,
        "beta": 0.53,
        "gamma": 0.0
    },
    "total_runtime_sec": 0.6499814987182617
}