{
    "n_trials": 31,
    "avg_iterations": 9.580645161290322,
    "median_iterations": 9.0,
    "avg_auc_delta": 10.875046915235759,
    "avg_geo_decay": 0.552867502064932,
    "best_k": 22,
    "best_combined_score": 0.5624003522895529,
    "best_sse": 2069.94568149976,
    "weights": {
        "alpha": 0.47,
        "beta": 0.53,
        "gamma": 0.0
    },
    "total_runtime_sec": 8.958062648773193
}