{
    "clean_state": "raw",
    "best_k": 18,
    "best_cov_type": "tied",
    "best_combined": 0.6138524465757426,
    "best_silhouette": 0.2601263363217326,
    "best_db": 1.0335078148863444,
    "n_iter_final": 1,
    "ll_curve_final": [
        11.013433355972044,
        11.156512209965559,
        11.247627980003934,
        11.362681166727606,
        11.43810533418967,
        11.467113145576224,
        11.49305127433943,
        11.535448416652649,
        11.58949922304631,
        11.609846953411939,
        11.6144847724395,
        11.623484550501999,
        11.646461927225843,
        11.691679413990881,
        11.70546179569206,
        11.720412609334444,
        11.84341778561599,
        12.552756511430394,
        12.552832119218435
    ],
    "total_runtime_sec": 17.176579475402832
}