{
    "n_trials": 31,
    "avg_iterations": 14.258064516129032,
    "median_iterations": 14.0,
    "avg_auc_delta": 10.49873124513219,
    "avg_geo_decay": 0.6014097658269517,
    "best_k": 49,
    "best_combined_score": 0.6281298042653027,
    "best_sse": 1418.969620742409,
    "total_runtime_sec": 14.21248173713684
}