{
    "n_trials": 30,
    "avg_iterations": 15.566666666666666,
    "median_iterations": 15.0,
    "avg_auc_delta": 14.455227957820874,
    "avg_geo_decay": 0.7033318033061078,
    "best_k": 17,
    "best_combined_score": 0.44439129671252847,
    "best_sse": 9151.117471741709,
    "weights": {
        "alpha": 0.47,
        "beta": 0.53,
        "gamma": 0.0
    },
    "total_runtime_sec": 3.2499706745147705
}