{
    "clean_state": "raw",
    "best_k": 24,
    "best_cov_type": "spherical",
    "best_combined": 0.5795034925847481,
    "best_silhouette": 0.3468517386577184,
    "best_db": 0.9390400993339688,
    "best_sse": 1548.0984125416348,
    "weights": {
        "alpha": 0.47,
        "beta": 0.53,
        "gamma": 0.0
    },
    "n_iter_final": 1,
    "ll_curve_final": [
        -4.440203156279216,
        -4.32490273655022,
        -4.273862987890399,
        -4.241954233128481,
        -4.22430879478041,
        -4.198543500902899,
        -4.196310645421952,
        -4.1935104987391405,
        -4.185496944192978,
        -4.168643105278176,
        -4.168593419372742
    ],
    "total_runtime_sec": 53.47661209106445
}