{
    "clean_state": "raw",
    "best_k": 11,
    "best_cov_type": "spherical",
    "best_combined": 0.4895302218106638,
    "best_silhouette": 0.1722208739584031,
    "best_db": 1.2394037645151348,
    "n_iter_final": 1,
    "ll_curve_final": [
        -16.21278734825495,
        -16.140963530053302,
        -16.114920245482878,
        -16.094369849167165,
        -16.077161887471064,
        -16.052065689272496,
        -16.031142083246177,
        -16.01699389968017,
        -16.0018026688574,
        -15.984651809274359,
        -15.966496941133025,
        -15.95175858860451,
        -15.932339631220158,
        -15.893036582909843,
        -15.804868828555664,
        -15.758292043244053,
        -15.748277940298992,
        -15.744764332387629,
        -15.74096499310524,
        -15.739005413455574,
        -15.738829381897418
    ],
    "total_runtime_sec": 1.3868868350982666
}