{
    "clean_state": "raw",
    "best_k": 22,
    "best_cov_type": "tied",
    "best_combined": 0.5071046018154585,
    "best_silhouette": 0.21407587872131742,
    "best_db": 1.2497917145408008,
    "n_iter_final": 1,
    "ll_curve_final": [
        10.390232056886695,
        10.472555230392608,
        10.493808632943935,
        10.513847083190441,
        10.524189240560837,
        10.527232818015166,
        10.530535653288768,
        10.535415502264172,
        10.550555382550133,
        10.576743007221394,
        10.583147470141652,
        10.58788734227718,
        10.594632114074173,
        10.60519843706008,
        10.628852851611981,
        10.683418129279453,
        10.749050923898286,
        10.760065197913752,
        10.760219561036637
    ],
    "total_runtime_sec": 18.175156831741333
}