{
    "clean_state": "raw",
    "best_k": 24,
    "best_cov_type": "tied",
    "best_combined": 0.6109455648205583,
    "best_silhouette": 0.41680049960510357,
    "best_db": 0.8364911388634557,
    "best_sse": 1615.5428849858627,
    "weights": {
        "alpha": 0.47,
        "beta": 0.53,
        "gamma": 0.0
    },
    "n_iter_final": 1,
    "ll_curve_final": [
        -2.6661014875078783,
        -2.322279479782106,
        -2.157044956134133,
        -2.076429460830333,
        -2.046559253370526,
        -2.036219710265798,
        -2.0307731405220584,
        -2.0272582281667395,
        -2.0205479229227254,
        -2.0169748343520673,
        -2.016563888753264
    ],
    "total_runtime_sec": 42.92665219306946
}