{
    "n_trials": 30,
    "avg_iterations": 5.033333333333333,
    "median_iterations": 5.0,
    "avg_auc_delta": 4.085315990620149,
    "avg_geo_decay": 0.4183828638947517,
    "best_k": 13,
    "best_combined_score": 0.7370316822519035,
    "best_sse": 193.86287732159752,
    "weights": {
        "alpha": 0.47,
        "beta": 0.53,
        "gamma": 0.0
    },
    "total_runtime_sec": 2.565333127975464
}