{
    "n_trials": 31,
    "avg_iterations": 5.935483870967742,
    "median_iterations": 5.0,
    "avg_auc_delta": 7.970545202575739,
    "avg_geo_decay": 0.43338258650410283,
    "best_k": 15,
    "best_combined_score": 0.8330989967856915,
    "best_sse": 250.101309362701,
    "total_runtime_sec": 3.0014116764068604
}