{
    "n_trials": 30,
    "avg_iterations": 9.466666666666667,
    "median_iterations": 13.0,
    "avg_auc_delta": 5.556624657724655,
    "avg_geo_decay": 0.5231003293052845,
    "best_k": 15,
    "best_combined_score": 1.0501485484529673,
    "best_sse": 218.7524506642019,
    "total_runtime_sec": 0.22104787826538086
}