{
    "n_trials": 31,
    "avg_iterations": 10.741935483870968,
    "median_iterations": 10.0,
    "avg_auc_delta": 11.371045216241153,
    "avg_geo_decay": 0.5861498706549375,
    "best_k": 29,
    "best_combined_score": 0.7630323859610891,
    "best_sse": 919.667322994692,
    "total_runtime_sec": 8.232399702072144
}