{
    "n_trials": 30,
    "avg_iterations": 8.366666666666667,
    "median_iterations": 8.0,
    "avg_auc_delta": 7.0248850534306975,
    "avg_geo_decay": 0.38442355896151337,
    "best_k": 21,
    "best_combined_score": 0.647780275182051,
    "best_sse": 702.8583328939799,
    "weights": {
        "alpha": 0.47,
        "beta": 0.53,
        "gamma": 0.0
    },
    "total_runtime_sec": 1.3758420944213867
}