{
    "n_trials": 30,
    "avg_iterations": 9.033333333333333,
    "median_iterations": 7.0,
    "avg_auc_delta": 7.075264724219326,
    "avg_geo_decay": 0.4666654706579208,
    "best_k": 29,
    "best_combined_score": 0.8171605019434461,
    "best_sse": 825.5291674763143,
    "total_runtime_sec": 0.9738996028900146
}