{
    "n_trials": 31,
    "avg_iterations": 10.935483870967742,
    "median_iterations": 10.0,
    "avg_auc_delta": 17.82454621217305,
    "avg_geo_decay": 0.6029277094475503,
    "best_k": 14,
    "best_combined_score": 0.47473241284682266,
    "best_sse": 4199.470709220473,
    "weights": {
        "alpha": 0.47,
        "beta": 0.53,
        "gamma": 0.0
    },
    "total_runtime_sec": 3.230121612548828
}