{
    "n_trials": 30,
    "avg_iterations": 2.9,
    "median_iterations": 3.0,
    "avg_auc_delta": 0.8245031900055364,
    "avg_geo_decay": 0.175327409782207,
    "best_k": 8,
    "best_combined_score": 1.526036374940323,
    "best_sse": 29.892818296628626,
    "total_runtime_sec": 0.10387229919433594
}