{
    "n_trials": 31,
    "avg_iterations": 3.2580645161290325,
    "median_iterations": 3.0,
    "avg_auc_delta": 2.342720356888097,
    "avg_geo_decay": 0.2782046157927015,
    "best_k": 8,
    "best_combined_score": 1.0891478007727056,
    "best_sse": 34.411329246164314,
    "total_runtime_sec": 1.4055047035217285
}