{
    "n_trials": 30,
    "avg_iterations": 3.7333333333333334,
    "median_iterations": 4.0,
    "avg_auc_delta": 2.0134739138842246,
    "avg_geo_decay": 0.4393007121416957,
    "best_k": 8,
    "best_combined_score": 0.7730330069541196,
    "best_sse": 62.51423460855963,
    "weights": {
        "alpha": 0.47,
        "beta": 0.53,
        "gamma": 0.0
    },
    "total_runtime_sec": 0.26421332359313965
}