{
    "clean_state": "raw",
    "best_k": 17,
    "best_cov_type": "spherical",
    "best_combined": 0.6930556937732587,
    "best_silhouette": 0.3171626885679641,
    "best_db": 0.9354985893668817,
    "n_iter_final": 1,
    "ll_curve_final": [
        -6.083141051529942,
        -6.058354796176017,
        -6.02660271693696,
        -5.978479322042936,
        -5.945334457648475,
        -5.906742794274285,
        -5.884240891629525,
        -5.878728478659513,
        -5.875609475318785,
        -5.872627475499528,
        -5.869226340811539,
        -5.864997660306934,
        -5.857816927275045,
        -5.83541993222206,
        -5.814499688927549,
        -5.804760116461457,
        -5.789849056469575,
        -5.776307432836911,
        -5.763865670675379,
        -5.747287814418381,
        -5.727389077406884,
        -5.72113137724077,
        -5.716673632410029,
        -5.711926711381671,
        -5.710937603414782
    ],
    "total_runtime_sec": 1.989410400390625
}