{
    "clean_state": "raw",
    "best_k": 8,
    "best_cov_type": "tied",
    "best_combined": 0.5745395369251222,
    "best_silhouette": 0.3281309797010429,
    "best_db": 0.9486089370404116,
    "best_sse": 941.1706235006866,
    "weights": {
        "alpha": 0.47,
        "beta": 0.53,
        "gamma": 0.0
    },
    "n_iter_final": 1,
    "ll_curve_final": [
        -7.638411413529695,
        -7.5771578773398005,
        -7.534902529952331,
        -7.511399279728286,
        -7.503732149542057,
        -7.500184466629434,
        -7.498475561064124,
        -7.4975072422731825
    ],
    "total_runtime_sec": 6.810211181640625
}