{
    "n_trials": 31,
    "avg_iterations": 3.870967741935484,
    "median_iterations": 4.0,
    "avg_auc_delta": 4.017434692856621,
    "avg_geo_decay": 0.07692585789228967,
    "best_k": 31,
    "best_combined_score": 0.5673953749846388,
    "best_sse": 2402.6013214719433,
    "weights": {
        "alpha": 0.47,
        "beta": 0.53,
        "gamma": 0.0
    },
    "total_runtime_sec": 2.813624382019043
}