{
    "n_trials": 31,
    "avg_iterations": 13.290322580645162,
    "median_iterations": 12.0,
    "avg_auc_delta": 9.513492842008366,
    "avg_geo_decay": 0.6869530779944499,
    "best_k": 29,
    "best_combined_score": 0.5478502211960125,
    "best_sse": 840.3329968493507,
    "weights": {
        "alpha": 0.47,
        "beta": 0.53,
        "gamma": 0.0
    },
    "total_runtime_sec": 26.37374234199524
}