{
    "n_trials": 31,
    "avg_iterations": 8.03225806451613,
    "median_iterations": 7.0,
    "avg_auc_delta": 13.072324991912776,
    "avg_geo_decay": 0.5860740684267679,
    "best_k": 10,
    "best_combined_score": 0.40484744740431844,
    "best_sse": 1532.2626899543197,
    "weights": {
        "alpha": 0.47,
        "beta": 0.53,
        "gamma": 0.0
    },
    "total_runtime_sec": 1.5074045658111572
}