{
    "n_trials": 31,
    "avg_iterations": 12.193548387096774,
    "median_iterations": 12.0,
    "avg_auc_delta": 8.643764502643318,
    "avg_geo_decay": 0.6216423943873276,
    "best_k": 32,
    "best_combined_score": 0.5805818217100474,
    "best_sse": 1223.8703895382544,
    "weights": {
        "alpha": 0.47,
        "beta": 0.53,
        "gamma": 0.0
    },
    "total_runtime_sec": 9.183366775512695
}