{
    "n_trials": 30,
    "avg_iterations": 6.3,
    "median_iterations": 6.0,
    "avg_auc_delta": 7.579727272390939,
    "avg_geo_decay": 0.4744986762401835,
    "best_k": 31,
    "best_combined_score": 0.6171217394710056,
    "best_sse": 1379.737524266693,
    "weights": {
        "alpha": 0.47,
        "beta": 0.53,
        "gamma": 0.0
    },
    "total_runtime_sec": 1.9843459129333496
}