{
    "n_trials": 31,
    "avg_iterations": 6.161290322580645,
    "median_iterations": 6.0,
    "avg_auc_delta": 8.879103865743486,
    "avg_geo_decay": 0.3984489427975858,
    "best_k": 31,
    "best_combined_score": 1.0732659792639139,
    "best_sse": 501.50481475236194,
    "total_runtime_sec": 6.377687692642212
}