{
    "n_trials": 30,
    "avg_iterations": 4.2,
    "median_iterations": 4.0,
    "avg_auc_delta": 6.401079676644499,
    "avg_geo_decay": 0.24274996614655808,
    "best_k": 31,
    "best_combined_score": 1.265186713890018,
    "best_sse": 486.0605411699035,
    "total_runtime_sec": 0.8182063102722168
}