{
    "n_trials": 30,
    "avg_iterations": 13.0,
    "median_iterations": 13.0,
    "avg_auc_delta": 5.349225341683873,
    "avg_geo_decay": 0.5986911272136585,
    "best_k": 46,
    "best_combined_score": 0.6517687494301431,
    "best_sse": 942.6550435933938,
    "total_runtime_sec": 3.5340495109558105
}