{
    "n_trials": 20,
    "avg_iterations": 13.25,
    "median_iterations": 12.5,
    "avg_auc_delta": 8.227883749800526,
    "avg_geo_decay": 0.6177360661575851,
    "best_k": 10,
    "best_combined_score": 0.550999522232663,
    "best_sse": 3577.916511762593,
    "weights": {
        "alpha": 0.47,
        "beta": 0.53,
        "gamma": 0.0
    },
    "total_runtime_sec": 2.270324230194092
}