{
    "n_trials": 31,
    "avg_iterations": 15.225806451612904,
    "median_iterations": 14.0,
    "avg_auc_delta": 8.404627651859002,
    "avg_geo_decay": 0.6648396130264124,
    "best_k": 46,
    "best_combined_score": 0.6850084216868983,
    "best_sse": 964.0584830865663,
    "total_runtime_sec": 11.843676090240479
}