{
    "n_trials": 31,
    "avg_iterations": 8.35483870967742,
    "median_iterations": 8.0,
    "avg_auc_delta": 10.034406270821181,
    "avg_geo_decay": 0.467568078241403,
    "best_k": 10,
    "best_combined_score": 0.6356832343802719,
    "best_sse": 1023.752694610983,
    "weights": {
        "alpha": 0.47,
        "beta": 0.53,
        "gamma": 0.0
    },
    "total_runtime_sec": 22.437030792236328
}