{
    "n_trials": 31,
    "avg_iterations": 8.774193548387096,
    "median_iterations": 8.0,
    "avg_auc_delta": 13.938637950878316,
    "avg_geo_decay": 0.587398493629385,
    "best_k": 11,
    "best_combined_score": 0.40347466662744585,
    "best_sse": 2070.0066893063076,
    "weights": {
        "alpha": 0.47,
        "beta": 0.53,
        "gamma": 0.0
    },
    "total_runtime_sec": 3.110062837600708
}