{
    "clean_state": "raw",
    "best_k": 31,
    "best_cov_type": "full",
    "best_combined": 0.5886461190746092,
    "best_silhouette": 0.4888768646070064,
    "best_db": 1.014085211584347,
    "best_sse": 1771.1865700707654,
    "weights": {
        "alpha": 0.47,
        "beta": 0.53,
        "gamma": 0.0
    },
    "n_iter_final": 1,
    "ll_curve_final": [
        25.232276505483085,
        25.774813957000916,
        26.369107437263658,
        26.457898432406196,
        26.65857385101557,
        26.744572082294123,
        26.892261214231723,
        26.89226002596801
    ],
    "total_runtime_sec": 11.317596435546875
}