{
    "clean_state": "raw",
    "best_k": 31,
    "best_cov_type": "tied",
    "best_combined": 0.684138337966498,
    "best_silhouette": 0.46878679476919277,
    "best_db": 1.1117412446109476,
    "n_iter_final": 1,
    "ll_curve_final": [
        -7.277203163019337,
        -0.5804638813395651,
        -0.4603932734345202,
        -0.2510562845985656,
        0.24358026176702316,
        0.280027219052576,
        0.2830985296011895,
        0.2835047975562901
    ],
    "total_runtime_sec": 18.81668210029602
}