{
    "n_trials": 30,
    "avg_iterations": 12.166666666666666,
    "median_iterations": 9.0,
    "avg_auc_delta": 5.945793760719412,
    "avg_geo_decay": 0.5722513208854402,
    "best_k": 48,
    "best_combined_score": 0.7903845261673882,
    "best_sse": 1006.549057453849,
    "total_runtime_sec": 4.262231111526489
}