{
    "clean_state": "raw",
    "best_k": 27,
    "best_cov_type": "spherical",
    "best_combined": 0.6905065201363952,
    "best_silhouette": 0.34847654236474485,
    "best_db": 0.9684887672503919,
    "n_iter_final": 1,
    "ll_curve_final": [
        -6.776408926875005,
        -6.769663370647889,
        -6.757246796816525,
        -6.735664982521071,
        -6.718500173953484,
        -6.711555031485182,
        -6.706396828139484,
        -6.7014898532346585,
        -6.701013257558675
    ],
    "total_runtime_sec": 9.6622793674469
}