{
    "n_trials": 31,
    "avg_iterations": 3.838709677419355,
    "median_iterations": 4.0,
    "avg_auc_delta": 4.534617526951202,
    "avg_geo_decay": 0.34725206851337015,
    "best_k": 10,
    "best_combined_score": 0.7462307588331412,
    "best_sse": 92.30681630485466,
    "weights": {
        "alpha": 0.47,
        "beta": 0.53,
        "gamma": 0.0
    },
    "total_runtime_sec": 1.4526333808898926
}