{
    "n_trials": 30,
    "avg_iterations": 8.6,
    "median_iterations": 8.0,
    "avg_auc_delta": 11.437332472823527,
    "avg_geo_decay": 0.4858312729665571,
    "best_k": 30,
    "best_combined_score": 0.5204328860772525,
    "best_sse": 3217.923532247877,
    "weights": {
        "alpha": 0.47,
        "beta": 0.53,
        "gamma": 0.0
    },
    "total_runtime_sec": 3.2583656311035156
}