{
    "n_trials": 30,
    "avg_iterations": 15.0,
    "median_iterations": 13.0,
    "avg_auc_delta": 10.725238064104564,
    "avg_geo_decay": 0.6894084594293642,
    "best_k": 32,
    "best_combined_score": 0.5046550659291937,
    "best_sse": 1838.051288760475,
    "total_runtime_sec": 1.6340916156768799
}