{
    "n_trials": 31,
    "avg_iterations": 10.870967741935484,
    "median_iterations": 10.0,
    "avg_auc_delta": 15.23779697353992,
    "avg_geo_decay": 0.6321575419777736,
    "best_k": 49,
    "best_combined_score": 0.625635288501152,
    "best_sse": 1590.279883146713,
    "weights": {
        "alpha": 0.47,
        "beta": 0.53,
        "gamma": 0.0
    },
    "total_runtime_sec": 10.776586055755615
}