{
    "n_trials": 31,
    "avg_iterations": 24.451612903225808,
    "median_iterations": 24.0,
    "avg_auc_delta": 15.776027524881492,
    "avg_geo_decay": 0.7835667748367298,
    "best_k": 45,
    "best_combined_score": 0.49322736372361003,
    "best_sse": 3401.3318982071037,
    "weights": {
        "alpha": 0.47,
        "beta": 0.53,
        "gamma": 0.0
    },
    "total_runtime_sec": 11.567636966705322
}