{
    "n_trials": 30,
    "avg_iterations": 6.566666666666666,
    "median_iterations": 6.0,
    "avg_auc_delta": 7.1120513436530315,
    "avg_geo_decay": 0.43315475086087435,
    "best_k": 31,
    "best_combined_score": 0.5677924687638699,
    "best_sse": 1533.5217151911497,
    "weights": {
        "alpha": 0.47,
        "beta": 0.53,
        "gamma": 0.0
    },
    "total_runtime_sec": 3.9374759197235107
}