{
    "clean_state": "raw",
    "best_k": 10,
    "linkage": "single",
    "metric": "manhattan",
    "combined": 1.8731095090402128,
    "silhouette": 0.5224826253588427,
    "davies_bouldin": 0.3101990604001488,
    "intra_dist_mean": 3.9533536879282734,
    "inter_dist_mean": 13.257964874416832,
    "ratio_intra_inter": 0.29818706908452786,
    "n_merge_steps": 746,
    "h_max": 22.932178171154362,
    "total_runtime_sec": 6.593963861465454
}