{
    "clean_state": "raw",
    "best_k": 10,
    "linkage": "single",
    "metric": "manhattan",
    "combined": 1.873109516801073,
    "silhouette": 0.5224826253588427,
    "davies_bouldin": 0.31019905890659516,
    "intra_dist_mean": 3.953353687928274,
    "inter_dist_mean": 13.257964874416832,
    "ratio_intra_inter": 0.29818706908452786,
    "n_merge_steps": 746,
    "total_runtime_sec": 18.327447414398193
}