{
    "clean_state": "raw",
    "best_k": 7,
    "linkage": "average",
    "metric": "euclidean",
    "combined": 2.1849962479832614,
    "silhouette": 0.6962782578951571,
    "davies_bouldin": 0.27220407881397496,
    "intra_dist_mean": 2.090165888929006,
    "inter_dist_mean": 8.71746609935974,
    "ratio_intra_inter": 0.23976759589375168,
    "n_merge_steps": 1651,
    "total_runtime_sec": 62.36395502090454
}