{
    "clean_state": "raw",
    "best_k": 5,
    "linkage": "single",
    "metric": "manhattan",
    "combined": 0.7470213549271119,
    "silhouette": 0.4806455983307104,
    "davies_bouldin": 0.3279087103762931,
    "sse": 7129.290450991737,
    "weights": {
        "alpha": 0.47,
        "beta": 0.53,
        "gamma": 0.0
    },
    "intra_dist_mean": 3.431743710350954,
    "inter_dist_mean": 10.33188943846582,
    "ratio_intra_inter": 0.3321506420281827,
    "n_merge_steps": 1006,
    "h_max": 12.212251765676037,
    "total_runtime_sec": 30.498441696166992
}