{
    "clean_state": "raw",
    "best_k": 7,
    "linkage": "single",
    "metric": "manhattan",
    "combined": 2.184996247983239,
    "silhouette": 0.6962782578951987,
    "davies_bouldin": 0.27220407881398134,
    "intra_dist_mean": 2.09016588892871,
    "inter_dist_mean": 8.71746609935974,
    "ratio_intra_inter": 0.23976759589371777,
    "n_merge_steps": 1651,
    "h_max": 10.721128705830159,
    "total_runtime_sec": 56.33786416053772
}