{
    "clean_state": "raw",
    "best_k": 5,
    "linkage": "single",
    "metric": "manhattan",
    "combined": 0.7815548105033474,
    "silhouette": 0.5606463472957955,
    "davies_bouldin": 0.2777098957848106,
    "sse": 4943.586750897816,
    "weights": {
        "alpha": 0.47,
        "beta": 0.53,
        "gamma": 0.0
    },
    "intra_dist_mean": 3.295638529270028,
    "inter_dist_mean": 10.157749136514674,
    "ratio_intra_inter": 0.3244457492479976,
    "n_merge_steps": 737,
    "h_max": 11.779368669142684,
    "total_runtime_sec": 19.115593433380127
}