{
    "clean_state": "raw",
    "best_k": 48,
    "linkage": "average",
    "metric": "euclidean",
    "combined": 1.041325551080035,
    "silhouette": 0.4618300936795524,
    "davies_bouldin": 0.6169712724401796,
    "intra_dist_mean": 1.0820350614164211,
    "inter_dist_mean": 3.6849692253734436,
    "ratio_intra_inter": 0.2936347619854197,
    "n_merge_steps": 2375,
    "total_runtime_sec": 151.21105813980103
}