{
    "clean_state": "raw",
    "best_k": 48,
    "linkage": "average",
    "metric": "euclidean",
    "combined": 1.041325552020109,
    "silhouette": 0.46183009368367395,
    "davies_bouldin": 0.6169712717260634,
    "intra_dist_mean": 1.0820350614122267,
    "inter_dist_mean": 3.6849692253734436,
    "ratio_intra_inter": 0.29363476198428146,
    "n_merge_steps": 2375,
    "h_max": 5.231945212838057,
    "total_runtime_sec": 137.5528380870819
}