{
    "n_trials": 30,
    "avg_iterations": 11.233333333333333,
    "median_iterations": 10.5,
    "avg_auc_delta": 10.32069177982975,
    "avg_geo_decay": 0.6459884152754508,
    "best_k": 22,
    "best_combined_score": 0.5743739129640856,
    "best_sse": 882.3870399848713,
    "total_runtime_sec": 0.415571928024292
}