{
    "n_trials": 20,
    "avg_iterations": 6.25,
    "median_iterations": 6.0,
    "avg_auc_delta": 10.685468344859789,
    "avg_geo_decay": 0.45907399780684877,
    "best_k": 8,
    "best_combined_score": 0.42247727116180817,
    "best_sse": 2024.2848245414955,
    "weights": {
        "alpha": 0.47,
        "beta": 0.53,
        "gamma": 0.0
    },
    "total_runtime_sec": 0.5395328998565674
}