{
    "n_trials": 31,
    "avg_iterations": 12.32258064516129,
    "median_iterations": 11.0,
    "avg_auc_delta": 11.301327804638607,
    "avg_geo_decay": 0.6535236335754393,
    "best_k": 22,
    "best_combined_score": 0.5467586854241236,
    "best_sse": 890.103913288263,
    "total_runtime_sec": 2.5183265209198
}