{
    "n_trials": 30,
    "avg_iterations": 10.2,
    "median_iterations": 9.0,
    "avg_auc_delta": 15.167117010256431,
    "avg_geo_decay": 0.6442823053196071,
    "best_k": 19,
    "best_combined_score": 0.30444090761388815,
    "best_sse": 3568.703227397239,
    "total_runtime_sec": 0.42776942253112793
}