{
    "n_trials": 31,
    "avg_iterations": 10.806451612903226,
    "median_iterations": 10.0,
    "avg_auc_delta": 18.198191174118264,
    "avg_geo_decay": 0.6304593183301149,
    "best_k": 19,
    "best_combined_score": 0.2884672352896726,
    "best_sse": 3697.2296611322645,
    "total_runtime_sec": 2.8989756107330322
}