{
    "n_trials": 31,
    "avg_iterations": 7.935483870967742,
    "median_iterations": 8.0,
    "avg_auc_delta": 19.294821949319704,
    "avg_geo_decay": 0.45821516395800316,
    "best_k": 25,
    "best_combined_score": 0.6100174297351902,
    "best_sse": 1133.2809569638957,
    "weights": {
        "alpha": 0.47,
        "beta": 0.53,
        "gamma": 0.0
    },
    "total_runtime_sec": 3.977459192276001
}