{
    "core_count": 214,
    "border_count": 66,
    "noise_count": 107,
    "noise_ratio": 0.27648578811369506,
    "neighbor_hist": [
        0,
        14,
        27,
        12,
        28,
        21,
        11,
        14,
        15,
        18,
        13,
        11,
        6,
        8,
        14,
        14,
        10,
        8,
        4,
        7,
        8,
        3,
        4,
        5,
        0,
        3,
        4,
        4,
        1,
        2,
        5,
        2,
        3,
        1,
        4,
        3,
        4,
        2,
        2,
        0,
        1,
        3,
        3,
        0,
        0,
        1,
        0,
        4,
        2,
        58
    ],
    "combined_score": 0.40459616192762154,
    "silhouette": 0.13445153924311126,
    "davies_bouldin": 2.100011474605474,
    "sse": 797.8806254188427,
    "weights": {
        "alpha": 0.47,
        "beta": 0.53,
        "gamma": 0.0
    }
}