{
    "clean_state": "raw",
    "best_k": 5,
    "linkage": "single",
    "metric": "manhattan",
    "combined": 0.9608346535549674,
    "silhouette": 0.12816960655929355,
    "davies_bouldin": 0.5575690922574336,
    "intra_dist_mean": 3.2017829774292283,
    "inter_dist_mean": 5.628388097222406,
    "ratio_intra_inter": 0.5688632201835425,
    "n_merge_steps": 2375,
    "h_max": 3.346818368715754,
    "total_runtime_sec": 124.12477493286133
}