{
    "clean_state": "raw",
    "best_k": 5,
    "linkage": "single",
    "metric": "manhattan",
    "combined": 0.960834665083177,
    "silhouette": 0.12816960655902324,
    "davies_bouldin": 0.5575690850894941,
    "intra_dist_mean": 3.2017829774303443,
    "inter_dist_mean": 5.628388097222406,
    "ratio_intra_inter": 0.5688632201837408,
    "n_merge_steps": 2375,
    "total_runtime_sec": 171.66568040847778
}