{
    "clean_state": "raw",
    "best_k": 6,
    "linkage": "single",
    "metric": "euclidean",
    "combined": 0.704921158814022,
    "silhouette": 0.4176428390439886,
    "davies_bouldin": 0.4255204662740703,
    "sse": 9053.343699604224,
    "weights": {
        "alpha": 0.47,
        "beta": 0.53,
        "gamma": 0.0
    },
    "intra_dist_mean": 3.3176573088232653,
    "inter_dist_mean": 7.004593542509841,
    "ratio_intra_inter": 0.4736402317548364,
    "n_merge_steps": 1394,
    "h_max": 4.347680649263529,
    "total_runtime_sec": 51.534980058670044
}