{
    "clean_state": "raw",
    "best_k": 5,
    "linkage": "complete",
    "metric": "euclidean",
    "combined": 4.051460497215772,
    "silhouette": 0.7792993313542338,
    "davies_bouldin": 0.1365444647477612,
    "intra_dist_mean": 2.451305853641319,
    "inter_dist_mean": 13.201974728003968,
    "ratio_intra_inter": 0.18567721148878089,
    "n_merge_steps": 154,
    "h_max": 19.52020367372375,
    "total_runtime_sec": 0.853003740310669
}