{
    "clean_state": "raw",
    "best_k": 5,
    "linkage": "single",
    "metric": "manhattan",
    "combined": 1.0625818934680265,
    "silhouette": 0.3619628910674828,
    "davies_bouldin": 0.5671503470439142,
    "intra_dist_mean": 3.1306776539888643,
    "inter_dist_mean": 5.916425047848128,
    "ratio_intra_inter": 0.5291502264745158,
    "n_merge_steps": 2375,
    "total_runtime_sec": 134.66491055488586
}