{
    "clean_state": "raw",
    "best_k": 5,
    "linkage": "single",
    "metric": "euclidean",
    "combined": 0.7171693026253798,
    "silhouette": 0.5148526890680193,
    "davies_bouldin": 0.46009152648555657,
    "sse": 17703.06934841786,
    "weights": {
        "alpha": 0.47,
        "beta": 0.53,
        "gamma": 0.0
    },
    "intra_dist_mean": 3.587911799658507,
    "inter_dist_mean": 9.171676580324892,
    "ratio_intra_inter": 0.39119475793061814,
    "n_merge_steps": 2316,
    "h_max": 4.466886828263139,
    "total_runtime_sec": 127.2674036026001
}