{
    "n_trials": 31,
    "avg_iterations": 7.709677419354839,
    "median_iterations": 8.0,
    "avg_auc_delta": 24.34280721892347,
    "avg_geo_decay": 0.36039377194073496,
    "best_k": 42,
    "best_combined_score": 0.5744559845174899,
    "best_sse": 4230.3240146603775,
    "weights": {
        "alpha": 0.47,
        "beta": 0.53,
        "gamma": 0.0
    },
    "total_runtime_sec": 70.19516611099243
}