{
    "n_trials": 31,
    "avg_iterations": 10.64516129032258,
    "median_iterations": 9.0,
    "avg_auc_delta": 8.689068773982335,
    "avg_geo_decay": 0.5698338067953672,
    "best_k": 21,
    "best_combined_score": 0.5841049758236962,
    "best_sse": 524.9518948962931,
    "total_runtime_sec": 6.965919256210327
}