{
    "n_trials": 30,
    "avg_iterations": 8.733333333333333,
    "median_iterations": 9.0,
    "avg_auc_delta": 12.604026502718023,
    "avg_geo_decay": 0.5987425480124192,
    "best_k": 16,
    "best_combined_score": 0.4226226365319864,
    "best_sse": 2355.3189929882183,
    "weights": {
        "alpha": 0.47,
        "beta": 0.53,
        "gamma": 0.0
    },
    "total_runtime_sec": 0.6650898456573486
}