{
    "core_count": 970,
    "border_count": 19,
    "noise_count": 32,
    "noise_ratio": 0.031341821743388835,
    "neighbor_hist": [
        0,
        5,
        16,
        14,
        16,
        10,
        5,
        5,
        2,
        1,
        4,
        8,
        3,
        3,
        1,
        7,
        14,
        8,
        18,
        7,
        4,
        4,
        4,
        2,
        7,
        7,
        6,
        12,
        7,
        5,
        2,
        3,
        1,
        6,
        4,
        16,
        5,
        4,
        6,
        2,
        0,
        2,
        0,
        0,
        2,
        7,
        2,
        8,
        5,
        741
    ],
    "combined_score": 0.4390282536176622,
    "silhouette": 0.2480851080121669,
    "davies_bouldin": 1.8766112589270556,
    "sse": 4229.789859061992,
    "weights": {
        "alpha": 0.47,
        "beta": 0.53,
        "gamma": 0.0
    }
}