{
    "n_trials": 31,
    "avg_iterations": 8.483870967741936,
    "median_iterations": 8.0,
    "avg_auc_delta": 16.90179757141672,
    "avg_geo_decay": 0.6084361661676309,
    "best_k": 14,
    "best_combined_score": 0.48269573015319756,
    "best_sse": 1748.748716016243,
    "weights": {
        "alpha": 0.47,
        "beta": 0.53,
        "gamma": 0.0
    },
    "total_runtime_sec": 3.522916078567505
}