{
    "clean_state": "raw",
    "best_k": 6,
    "linkage": "single",
    "metric": "manhattan",
    "combined": 2.337517023534073,
    "silhouette": 0.6737409772042818,
    "davies_bouldin": 0.24991920925052932,
    "intra_dist_mean": 3.277881373284688,
    "inter_dist_mean": 14.953273883401588,
    "ratio_intra_inter": 0.21920827498003484,
    "n_merge_steps": 948,
    "h_max": 21.292609216349156,
    "total_runtime_sec": 16.95154333114624
}