{
    "n_trials": 31,
    "avg_iterations": 3.4193548387096775,
    "median_iterations": 3.0,
    "avg_auc_delta": 0.922396186458199,
    "avg_geo_decay": 0.2502961928599,
    "best_k": 7,
    "best_combined_score": 0.39844551201498296,
    "best_sse": 707.6821012509673,
    "weights": {
        "alpha": 0.47,
        "beta": 0.53,
        "gamma": 0.0
    },
    "total_runtime_sec": 1.264336347579956
}