{
    "clean_state": "raw",
    "best_k": 48,
    "linkage": "average",
    "metric": "euclidean",
    "combined": 1.0449730850884573,
    "silhouette": 0.43233090109062783,
    "davies_bouldin": 0.603276296164442,
    "intra_dist_mean": 1.3256182865081259,
    "inter_dist_mean": 3.7192022020482907,
    "ratio_intra_inter": 0.35642544139646576,
    "n_merge_steps": 2375,
    "h_max": 6.922553330763353,
    "total_runtime_sec": 135.61400771141052
}