{
    "n_trials": 31,
    "avg_iterations": 10.741935483870968,
    "median_iterations": 11.0,
    "avg_auc_delta": 6.31647724872747,
    "avg_geo_decay": 0.494423501582144,
    "best_k": 38,
    "best_combined_score": 0.5977724712776652,
    "best_sse": 1869.5431936886823,
    "weights": {
        "alpha": 0.47,
        "beta": 0.53,
        "gamma": 0.0
    },
    "total_runtime_sec": 85.85825777053833
}