{
    "n_trials": 31,
    "avg_iterations": 19.06451612903226,
    "median_iterations": 17.0,
    "avg_auc_delta": 11.911550372592062,
    "avg_geo_decay": 0.7463375689175196,
    "best_k": 40,
    "best_combined_score": 0.5838658249202875,
    "best_sse": 1966.074547799005,
    "total_runtime_sec": 13.169329404830933
}