{
    "centroid_movements": [
        1.655626176714254e-15
    ],
    "sse_list": [
        2112.7966918998845,
        2112.796691899884
    ],
    "final_iteration": 2
}