{
    "n_trials": 30,
    "avg_iterations": 14.433333333333334,
    "median_iterations": 15.0,
    "avg_auc_delta": 7.735997361508837,
    "avg_geo_decay": 0.6297688896709754,
    "best_k": 8,
    "best_combined_score": 0.552349438231829,
    "best_sse": 4275.107400435576,
    "weights": {
        "alpha": 0.47,
        "beta": 0.53,
        "gamma": 0.0
    },
    "total_runtime_sec": 3.0683846473693848
}