{
    "clean_state": "raw",
    "best_k": 7,
    "best_cov_type": "tied",
    "best_combined": 0.5350783561222793,
    "best_silhouette": 0.2698359730419487,
    "best_db": 1.1294944787558492,
    "best_sse": 636.9517142124275,
    "weights": {
        "alpha": 0.47,
        "beta": 0.53,
        "gamma": 0.0
    },
    "n_iter_final": 1,
    "ll_curve_final": [
        -8.355201034111172,
        -8.319847276578033,
        -8.298982246713452,
        -8.279123755807003,
        -8.268427555124603,
        -8.265915526906706,
        -8.265272328213385
    ],
    "total_runtime_sec": 3.482372999191284
}