{
    "clean_state": "raw",
    "best_k": 27,
    "best_cov_type": "tied",
    "best_combined": 0.5469517433669636,
    "best_silhouette": 0.2532794049735935,
    "best_db": 1.1895923774940167,
    "n_iter_final": 1,
    "ll_curve_final": [
        -6.746996371685367,
        -6.626978632309837,
        -6.523154093638637,
        -6.439365050400833,
        -6.390923231428604,
        -6.35511364738629,
        -6.344047983042262,
        -6.3400124629684615,
        -6.334678202046894,
        -6.332973092121011,
        -6.332480156618025
    ],
    "total_runtime_sec": 15.769167184829712
}