{
    "n_trials": 31,
    "avg_iterations": 5.67741935483871,
    "median_iterations": 5.0,
    "avg_auc_delta": 5.754899895443807,
    "avg_geo_decay": 0.3656015691299869,
    "best_k": 14,
    "best_combined_score": 0.7459828339232456,
    "best_sse": 268.28079805377996,
    "weights": {
        "alpha": 0.47,
        "beta": 0.53,
        "gamma": 0.0
    },
    "total_runtime_sec": 4.394256591796875
}