{
    "core_count": 53,
    "border_count": 4,
    "noise_count": 23,
    "noise_ratio": 0.2875,
    "neighbor_hist": [
        0,
        11,
        8,
        4,
        3,
        1,
        0,
        4,
        3,
        1,
        0,
        0,
        0,
        0,
        2,
        0,
        0,
        1,
        0,
        1,
        0,
        0,
        2,
        0,
        0,
        0,
        0,
        0,
        0,
        0,
        0,
        0,
        0,
        2,
        0,
        2,
        0,
        1,
        0,
        6,
        16,
        4,
        2,
        5,
        0,
        1
    ],
    "combined_score": 0.4152248525588909,
    "silhouette": 0.3376327968073179,
    "davies_bouldin": 2.218112681187086,
    "sse": 75.26571624645385,
    "weights": {
        "alpha": 0.47,
        "beta": 0.53,
        "gamma": 0.0
    }
}