{
    "clean_state": "raw",
    "best_k": 28,
    "best_cov_type": "tied",
    "best_combined": 0.7406743631595596,
    "best_silhouette": 0.36174434455322696,
    "best_db": 0.8931726387340083,
    "n_iter_final": 1,
    "ll_curve_final": [
        -2.1836179823531308,
        -2.0937905849535468,
        -2.0739085743504746,
        -2.0503799323005643,
        -1.983827613059563,
        -1.867020134373261,
        -1.7922731145272481,
        -1.698866714683079,
        -1.617135322361825,
        -1.5952011409486506,
        -1.5819389991779373,
        -1.5208618244881578,
        -1.5164115962923403,
        -1.5144552214325815,
        -1.5121933259793268,
        -1.5088309643639877,
        -1.5036684686676858,
        -1.4946954161587787,
        -1.491506029782629,
        -1.4906495136113784
    ],
    "total_runtime_sec": 10.755685567855835
}