{
    "clean_state": "raw",
    "best_k": 7,
    "best_cov_type": "tied",
    "best_combined": 0.48426875385446777,
    "best_silhouette": 0.18765330503214367,
    "best_db": 1.4028156698656509,
    "best_sse": 2829.3732327221633,
    "weights": {
        "alpha": 0.47,
        "beta": 0.53,
        "gamma": 0.0
    },
    "n_iter_final": 1,
    "ll_curve_final": [
        -7.916325213509953,
        -7.844670802535183,
        -7.820329935564276,
        -7.809632740398119,
        -7.8054573769116,
        -7.803879663838941,
        -7.802957878365694
    ],
    "total_runtime_sec": 14.80225133895874
}