{
    "clean_state": "raw",
    "best_k": 7,
    "best_cov_type": "spherical",
    "best_combined": 0.8385553759325912,
    "best_silhouette": 0.3380414483710692,
    "best_db": 0.7467873375863673,
    "n_iter_final": 1,
    "ll_curve_final": [
        -5.423403324803419,
        -5.415994504676142,
        -5.414487930660052,
        -5.414147818942728
    ],
    "total_runtime_sec": 37.97834920883179
}