{
    "clean_state": "raw",
    "best_k": 20,
    "best_cov_type": "tied",
    "best_combined": 0.6000358986912127,
    "best_silhouette": 0.3727993738545357,
    "best_db": 0.852518315097915,
    "best_sse": 798.5426122818619,
    "weights": {
        "alpha": 0.47,
        "beta": 0.53,
        "gamma": 0.0
    },
    "n_iter_final": 1,
    "ll_curve_final": [
        -6.050750540076265,
        -5.814123205213671,
        -5.771592223096393,
        -5.706173492469452,
        -5.644543789160569,
        -5.550134471988461,
        -5.388335868197702,
        -5.279948267681659,
        -5.266437986495654,
        -5.259692025455804,
        -5.253196772825004,
        -5.251678166702917,
        -5.251346501879218
    ],
    "total_runtime_sec": 5.952983140945435
}