{
    "n_trials": 31,
    "avg_iterations": 7.967741935483871,
    "median_iterations": 8.0,
    "avg_auc_delta": 11.281384197179229,
    "avg_geo_decay": 0.6154134343643889,
    "best_k": 10,
    "best_combined_score": 0.5334896460854736,
    "best_sse": 2415.8553381369443,
    "weights": {
        "alpha": 0.47,
        "beta": 0.53,
        "gamma": 0.0
    },
    "total_runtime_sec": 32.476239919662476
}