{
    "clean_state": "raw",
    "best_k": 29,
    "best_cov_type": "spherical",
    "best_combined": 0.6025005749369066,
    "best_silhouette": 0.2812786533690799,
    "best_db": 1.0825762106951955,
    "n_iter_final": 1,
    "ll_curve_final": [
        -5.667508979353542,
        -5.592007020121512,
        -5.5663845587715315,
        -5.54514427298647,
        -5.533189851550887,
        -5.51135154016605,
        -5.482163555102283,
        -5.474776469754558,
        -5.468735213079196,
        -5.46019753937549,
        -5.459525374307249
    ],
    "total_runtime_sec": 5.723462104797363
}