{
    "clean_state": "raw",
    "best_k": 9,
    "best_cov_type": "spherical",
    "best_combined": 0.5115021198342522,
    "best_silhouette": 0.253308801191841,
    "best_db": 1.273606472384928,
    "best_sse": 2832.535635339226,
    "weights": {
        "alpha": 0.47,
        "beta": 0.53,
        "gamma": 0.0
    },
    "n_iter_final": 1,
    "ll_curve_final": [
        -8.317317977310896,
        -8.233900577343624,
        -8.21489105241914,
        -8.207988535921988,
        -8.20445843823927,
        -8.202128957897102,
        -8.200346104395829,
        -8.198892272661258,
        -8.197672527188681,
        -8.196629025020057,
        -8.195729068536966
    ],
    "total_runtime_sec": 31.084592819213867
}