{
    "clean_state": "raw",
    "best_k": 5,
    "linkage": "average",
    "metric": "manhattan",
    "combined": 1.928827701714846,
    "silhouette": 0.4732147036587143,
    "davies_bouldin": 0.29546979507357574,
    "intra_dist_mean": 3.303169595108829,
    "inter_dist_mean": 10.036015470863264,
    "ratio_intra_inter": 0.3291315766399842,
    "n_merge_steps": 414,
    "h_max": 27.852412813081354,
    "total_runtime_sec": 2.3451132774353027
}