{
    "n_trials": 31,
    "avg_iterations": 11.935483870967742,
    "median_iterations": 10.0,
    "avg_auc_delta": 10.003490504412813,
    "avg_geo_decay": 0.6409728257426672,
    "best_k": 9,
    "best_combined_score": 0.5214247432857706,
    "best_sse": 1523.20048896191,
    "weights": {
        "alpha": 0.47,
        "beta": 0.53,
        "gamma": 0.0
    },
    "total_runtime_sec": 2.30478572845459
}