{
    "clean_state": "raw",
    "best_k": 9,
    "best_cov_type": "tied",
    "best_combined": 0.7166165107689985,
    "best_silhouette": 0.33160198535061775,
    "best_db": 0.907744941047492,
    "n_iter_final": 1,
    "ll_curve_final": [
        -7.481339438329904,
        -7.417228797361652,
        -7.385873501763397,
        -7.3539016828248505,
        -7.324500834464138,
        -7.312229022064065,
        -7.303402600880619,
        -7.290292245210208,
        -7.276348151507815,
        -7.265238869157969,
        -7.2632217863700586,
        -7.263042943276308
    ],
    "total_runtime_sec": 12.206412553787231
}