{
    "core_count": 411,
    "border_count": 9,
    "noise_count": 43,
    "noise_ratio": 0.09287257019438445,
    "neighbor_hist": [
        0,
        16,
        20,
        5,
        11,
        6,
        2,
        8,
        5,
        0,
        1,
        0,
        12,
        0,
        0,
        0,
        0,
        0,
        0,
        0,
        0,
        0,
        0,
        0,
        0,
        0,
        0,
        0,
        0,
        1,
        0,
        0,
        0,
        0,
        0,
        0,
        0,
        2,
        4,
        29,
        38,
        1,
        1,
        0,
        2,
        0,
        0,
        0,
        0,
        299
    ],
    "combined_score": 0.5058871931931348,
    "silhouette": 0.6433584727251767,
    "davies_bouldin": 1.650426244532001,
    "sse": 178.86963150097782,
    "weights": {
        "alpha": 0.47,
        "beta": 0.53,
        "gamma": 0.0
    }
}