{
    "n_trials": 31,
    "avg_iterations": 9.387096774193548,
    "median_iterations": 9.0,
    "avg_auc_delta": 9.188014993738756,
    "avg_geo_decay": 0.5146443501869743,
    "best_k": 26,
    "best_combined_score": 0.6262139270851051,
    "best_sse": 474.0780055870729,
    "weights": {
        "alpha": 0.47,
        "beta": 0.53,
        "gamma": 0.0
    },
    "total_runtime_sec": 5.107690334320068
}