{
    "clean_state": "raw",
    "best_k": 5,
    "linkage": "single",
    "metric": "euclidean",
    "combined": 1.012932851591102,
    "silhouette": 0.21324097566705894,
    "davies_bouldin": 0.5516861735472737,
    "intra_dist_mean": 5.841864387543447,
    "inter_dist_mean": 8.857085021730029,
    "ratio_intra_inter": 0.6595696409383358,
    "n_merge_steps": 999,
    "h_max": 5.576863517408583,
    "total_runtime_sec": 19.72933578491211
}