{
    "clean_state": "raw",
    "best_k": 10,
    "linkage": "single",
    "metric": "euclidean",
    "combined": 0.5965070142147584,
    "silhouette": 0.16819937895267661,
    "davies_bouldin": 0.6448472772931844,
    "sse": 10480.826995202495,
    "weights": {
        "alpha": 0.47,
        "beta": 0.53,
        "gamma": 0.0
    },
    "intra_dist_mean": 5.602586414030652,
    "inter_dist_mean": 8.061228895589764,
    "ratio_intra_inter": 0.6950040107526395,
    "n_merge_steps": 642,
    "h_max": 5.962164408042221,
    "total_runtime_sec": 11.630511283874512
}