{
    "clean_state": "raw",
    "best_k": 5,
    "linkage": "single",
    "metric": "manhattan",
    "combined": 1.8502062185713082,
    "silhouette": 0.6198957504199312,
    "davies_bouldin": 0.32462086776224697,
    "intra_dist_mean": 3.2156774282010483,
    "inter_dist_mean": 10.526800213933273,
    "ratio_intra_inter": 0.30547529760700426,
    "n_merge_steps": 792,
    "total_runtime_sec": 17.353803157806396
}