{
    "clean_state": "raw",
    "best_k": 5,
    "linkage": "single",
    "metric": "manhattan",
    "combined": 1.8502062185944421,
    "silhouette": 0.6198957504661968,
    "davies_bouldin": 0.32462086776224675,
    "intra_dist_mean": 3.215677428197286,
    "inter_dist_mean": 10.526800213933273,
    "ratio_intra_inter": 0.3054752976066469,
    "n_merge_steps": 792,
    "h_max": 9.094202141051287,
    "total_runtime_sec": 7.692256689071655
}