{
    "clean_state": "raw",
    "best_k": 6,
    "linkage": "single",
    "metric": "manhattan",
    "combined": 1.6548479259217386,
    "silhouette": 0.5296532222326713,
    "davies_bouldin": 0.3597067143319294,
    "intra_dist_mean": 2.0768131349237935,
    "inter_dist_mean": 6.177457641626788,
    "ratio_intra_inter": 0.3361922097091942,
    "n_merge_steps": 72,
    "h_max": 9.526204463121726,
    "total_runtime_sec": 0.36519861221313477
}