{
    "clean_state": "raw",
    "best_k": 5,
    "linkage": "single",
    "metric": "manhattan",
    "combined": 0.8520640359139307,
    "silhouette": 0.7074267988481933,
    "davies_bouldin": 0.1756314427111123,
    "sse": 1111.006473027222,
    "weights": {
        "alpha": 0.47,
        "beta": 0.53,
        "gamma": 0.0
    },
    "intra_dist_mean": 2.573271470407978,
    "inter_dist_mean": 11.503386995591887,
    "ratio_intra_inter": 0.22369685305674192,
    "n_merge_steps": 226,
    "h_max": 15.192621549200286,
    "total_runtime_sec": 1.8783385753631592
}