{
    "n_trials": 30,
    "avg_iterations": 8.566666666666666,
    "median_iterations": 8.0,
    "avg_auc_delta": 7.136928115186313,
    "avg_geo_decay": 0.5233134735954494,
    "best_k": 7,
    "best_combined_score": 0.5417809960724723,
    "best_sse": 2037.4258607131628,
    "weights": {
        "alpha": 0.47,
        "beta": 0.53,
        "gamma": 0.0
    },
    "total_runtime_sec": 1.8976404666900635
}