{
    "n_trials": 31,
    "avg_iterations": 15.612903225806452,
    "median_iterations": 14.0,
    "avg_auc_delta": 7.433536844663015,
    "avg_geo_decay": 0.6594581073671033,
    "best_k": 40,
    "best_combined_score": 0.806451331335321,
    "best_sse": 579.9074186719392,
    "total_runtime_sec": 9.049551486968994
}