{
    "n_trials": 30,
    "avg_iterations": 11.6,
    "median_iterations": 12.0,
    "avg_auc_delta": 5.2773057603801075,
    "avg_geo_decay": 0.6260731483802906,
    "best_k": 40,
    "best_combined_score": 0.7980078145189877,
    "best_sse": 573.7951753190154,
    "total_runtime_sec": 2.559248924255371
}