{
    "centroid_movements": [
        8.887000388245452e-16
    ],
    "sse_list": [
        881.5686601277824,
        881.5686601277824
    ],
    "final_iteration": 2
}