{
    "n_trials": 31,
    "avg_iterations": 4.32258064516129,
    "median_iterations": 4.0,
    "avg_auc_delta": 8.334936821995477,
    "avg_geo_decay": 0.3347327464263527,
    "best_k": 6,
    "best_combined_score": 0.42175174340803473,
    "best_sse": 618.695807040982,
    "weights": {
        "alpha": 0.47,
        "beta": 0.53,
        "gamma": 0.0
    },
    "total_runtime_sec": 0.913079023361206
}