{
    "clean_state": "raw",
    "best_k": 31,
    "best_cov_type": "tied",
    "best_combined": 0.541873172590141,
    "best_silhouette": 0.29443328761468435,
    "best_db": 1.1118184283430657,
    "best_sse": 4182.418592564403,
    "weights": {
        "alpha": 0.47,
        "beta": 0.53,
        "gamma": 0.0
    },
    "n_iter_final": 1,
    "ll_curve_final": [
        -11.162948686321448,
        -10.77900740307627,
        -10.650065160351902,
        -10.593927181114966,
        -10.579726571539867,
        -10.569004677433927,
        -10.568655671548804
    ],
    "total_runtime_sec": 12.499400615692139
}