{
    "clean_state": "raw",
    "best_k": 10,
    "best_cov_type": "tied",
    "best_combined": 0.8963951514005,
    "best_silhouette": 0.42511544004290835,
    "best_db": 0.7311679312313835,
    "n_iter_final": 1,
    "ll_curve_final": [
        -6.79560441120671,
        -6.755436280892137,
        -6.7439477784538555,
        -6.741611859851023,
        -6.740939504153245
    ],
    "total_runtime_sec": 10.939299821853638
}