{
    "centroid_movements": [
        0.0
    ],
    "sse_list": [
        1454.9048652681236,
        1454.9048652681236
    ],
    "final_iteration": 2
}