{
    "n_trials": 30,
    "avg_iterations": 7.0,
    "median_iterations": 6.0,
    "avg_auc_delta": 9.576314476075675,
    "avg_geo_decay": 0.5374449450667136,
    "best_k": 16,
    "best_combined_score": 0.4275005865432576,
    "best_sse": 1345.7921504783894,
    "total_runtime_sec": 0.2500126361846924
}