{
    "n_trials": 30,
    "avg_iterations": 11.033333333333333,
    "median_iterations": 11.0,
    "avg_auc_delta": 6.941451972377345,
    "avg_geo_decay": 0.5693744540618686,
    "best_k": 48,
    "best_combined_score": 0.6153593203318948,
    "best_sse": 1214.3851161314935,
    "weights": {
        "alpha": 0.47,
        "beta": 0.53,
        "gamma": 0.0
    },
    "total_runtime_sec": 6.004573106765747
}