{
    "clean_state": "raw",
    "best_k": 5,
    "linkage": "single",
    "metric": "manhattan",
    "combined": 1.4888870065484345,
    "silhouette": 0.5264408933155024,
    "davies_bouldin": 0.40794129199755175,
    "intra_dist_mean": 4.067287899899158,
    "inter_dist_mean": 10.794898737113785,
    "ratio_intra_inter": 0.37677869880475096,
    "n_merge_steps": 624,
    "total_runtime_sec": 15.706725358963013
}