{
    "clean_state": "raw",
    "best_k": 5,
    "linkage": "average",
    "metric": "euclidean",
    "combined": 1.4888870065484827,
    "silhouette": 0.5264408933155984,
    "davies_bouldin": 0.4079412919975517,
    "intra_dist_mean": 4.067287899898305,
    "inter_dist_mean": 10.794898737113785,
    "ratio_intra_inter": 0.3767786988046719,
    "n_merge_steps": 624,
    "h_max": 13.22597472491686,
    "total_runtime_sec": 5.966596364974976
}