{
    "clean_state": "raw",
    "best_k": 12,
    "best_cov_type": "tied",
    "best_combined": 1.5525291630585718,
    "best_silhouette": 0.6552058454951839,
    "best_db": 0.408187843108873,
    "n_iter_final": 1,
    "ll_curve_final": [
        12.644114358768286,
        13.303640593820633,
        13.360755166824632,
        13.361030645950436
    ],
    "total_runtime_sec": 3.0190868377685547
}