{
    "clean_state": "raw",
    "best_k": 17,
    "best_cov_type": "tied",
    "best_combined": 0.7503442167207738,
    "best_silhouette": 0.660939907824143,
    "best_db": 0.4467491626742816,
    "best_sse": 188.7571550562348,
    "weights": {
        "alpha": 0.47,
        "beta": 0.53,
        "gamma": 0.0
    },
    "n_iter_final": 1,
    "ll_curve_final": [
        18.780740944357408,
        18.852798705196488,
        18.85665079074447,
        18.856772818654616
    ],
    "total_runtime_sec": 3.012190580368042
}