{
    "clean_state": "raw",
    "best_k": 5,
    "linkage": "single",
    "metric": "manhattan",
    "combined": 2.234719085695454,
    "silhouette": 0.5382983740344959,
    "davies_bouldin": 0.25437914995352584,
    "intra_dist_mean": 3.2916191238059023,
    "inter_dist_mean": 12.321958792539776,
    "ratio_intra_inter": 0.2671344044583656,
    "n_merge_steps": 1012,
    "total_runtime_sec": 30.86301589012146
}