{
    "clean_state": "raw",
    "best_k": 5,
    "linkage": "single",
    "metric": "manhattan",
    "combined": 2.234719061036851,
    "silhouette": 0.538298374034529,
    "davies_bouldin": 0.25437915314478293,
    "intra_dist_mean": 3.2916191238056833,
    "inter_dist_mean": 12.321958792539776,
    "ratio_intra_inter": 0.26713440445834785,
    "n_merge_steps": 1012,
    "h_max": 27.423851837470206,
    "total_runtime_sec": 17.031031608581543
}