{
    "clean_state": "raw",
    "best_k": 7,
    "linkage": "single",
    "metric": "euclidean",
    "combined": 0.810407287727132,
    "silhouette": 0.6624014057198906,
    "davies_bouldin": 0.2613214619462059,
    "sse": 2847.5090721970346,
    "weights": {
        "alpha": 0.47,
        "beta": 0.53,
        "gamma": 0.0
    },
    "intra_dist_mean": 4.045585389580283,
    "inter_dist_mean": 14.266974516055145,
    "ratio_intra_inter": 0.28356295057703756,
    "n_merge_steps": 319,
    "h_max": 13.112131920096612,
    "total_runtime_sec": 3.2455637454986572
}