{
    "n_trials": 31,
    "avg_iterations": 14.516129032258064,
    "median_iterations": 14.0,
    "avg_auc_delta": 24.792142271808554,
    "avg_geo_decay": 0.6628436661018916,
    "best_k": 31,
    "best_combined_score": 0.34427644923492023,
    "best_sse": 7830.166863420998,
    "total_runtime_sec": 7.71701717376709
}