{
    "n_trials": 30,
    "avg_iterations": 12.233333333333333,
    "median_iterations": 13.0,
    "avg_auc_delta": 18.32026049829674,
    "avg_geo_decay": 0.6655863763605101,
    "best_k": 31,
    "best_combined_score": 0.34303744853329043,
    "best_sse": 7916.459870240831,
    "total_runtime_sec": 1.9511768817901611
}