{
    "n_trials": 30,
    "avg_iterations": 18.3,
    "median_iterations": 17.5,
    "avg_auc_delta": 8.618466443712345,
    "avg_geo_decay": 0.7463170691007045,
    "best_k": 32,
    "best_combined_score": 0.5058379730072236,
    "best_sse": 1654.682191829663,
    "total_runtime_sec": 1.6187858581542969
}