{
    "n_trials": 31,
    "avg_iterations": 17.06451612903226,
    "median_iterations": 17.0,
    "avg_auc_delta": 12.650171050665366,
    "avg_geo_decay": 0.7301213764188205,
    "best_k": 31,
    "best_combined_score": 0.4945224987996847,
    "best_sse": 1779.1419898213226,
    "total_runtime_sec": 10.856945991516113
}