{
    "clean_state": "raw",
    "best_k": 13,
    "best_cov_type": "full",
    "best_combined": 0.7785432606968039,
    "best_silhouette": 0.35081949876580654,
    "best_db": 0.8290038451200817,
    "n_iter_final": 1,
    "ll_curve_final": [
        55.6010073925329,
        55.612905648986796,
        55.72803957044508,
        55.73078068710451,
        55.730780967658646
    ],
    "total_runtime_sec": 2.4423489570617676
}