{
    "clean_state": "raw",
    "best_k": 48,
    "best_cov_type": "tied",
    "best_combined": 0.5907098367571635,
    "best_silhouette": 0.39665843469623957,
    "best_db": 0.9242330880963644,
    "best_sse": 1303.7487134281748,
    "weights": {
        "alpha": 0.47,
        "beta": 0.53,
        "gamma": 0.0
    },
    "n_iter_final": 1,
    "ll_curve_final": [
        -4.477915289300055,
        -4.388209900269398,
        -4.323498774165057,
        -4.29808409827075,
        -4.292456371420366,
        -4.290108880012581,
        -4.287347573059613,
        -4.283937909517926,
        -4.282695854228142,
        -4.28237105266769
    ],
    "total_runtime_sec": 33.60501194000244
}