{
    "core_count": 1756,
    "border_count": 4,
    "noise_count": 0,
    "noise_ratio": 0.0,
    "neighbor_hist": [
        0,
        0,
        0,
        1,
        0,
        3,
        0,
        2,
        0,
        2,
        0,
        2,
        0,
        0,
        0,
        4,
        6,
        7,
        1,
        1,
        1,
        1,
        3,
        1,
        0,
        8,
        4,
        5,
        2,
        24,
        5,
        1,
        0,
        0,
        0,
        0,
        2,
        1,
        4,
        3,
        30,
        4,
        1,
        0,
        0,
        0,
        1,
        0,
        0,
        1630
    ],
    "combined_score": 0.7785905475680832,
    "silhouette": 0.6479584371440577,
    "davies_bouldin": 0.34711206576307213,
    "sse": 4270.5065085856295,
    "weights": {
        "alpha": 0.47,
        "beta": 0.53,
        "gamma": 0.0
    }
}