{
    "n_trials": 31,
    "avg_iterations": 10.483870967741936,
    "median_iterations": 10.0,
    "avg_auc_delta": 10.740647380691385,
    "avg_geo_decay": 0.4987318762181922,
    "best_k": 8,
    "best_combined_score": 0.5371806963153604,
    "best_sse": 7593.083781712663,
    "weights": {
        "alpha": 0.47,
        "beta": 0.53,
        "gamma": 0.0
    },
    "total_runtime_sec": 77.38250303268433
}