{
    "clean_state": "raw",
    "best_k": 27,
    "best_cov_type": "spherical",
    "best_combined": 0.5546101831112147,
    "best_silhouette": 0.28621318886131397,
    "best_db": 1.0230956678302963,
    "best_sse": 841.7159225381015,
    "weights": {
        "alpha": 0.47,
        "beta": 0.53,
        "gamma": 0.0
    },
    "n_iter_final": 1,
    "ll_curve_final": [
        -5.608812040066501,
        -5.561981179077438,
        -5.516965810173221,
        -5.459397916482786,
        -5.425072527852056,
        -5.400112967931045,
        -5.38159012244617,
        -5.370633447142302,
        -5.3604112369371855,
        -5.347150644904575,
        -5.33746999801009,
        -5.333191805379598,
        -5.332169643051292,
        -5.331199487593964
    ],
    "total_runtime_sec": 37.67040514945984
}