{
    "clean_state": "raw",
    "best_k": 12,
    "best_cov_type": "full",
    "best_combined": 0.29596430224188724,
    "best_silhouette": 0.08259743706942295,
    "best_db": 1.9633591344440129,
    "n_iter_final": 1,
    "ll_curve_final": [
        14.853272209245603,
        14.853272209243812
    ],
    "total_runtime_sec": 2.1112630367279053
}