{
    "clean_state": "raw",
    "best_k": 6,
    "linkage": "single",
    "metric": "manhattan",
    "combined": 1.2514178078002316,
    "silhouette": 0.35102385088189486,
    "davies_bouldin": 0.46472466430203213,
    "intra_dist_mean": 3.228945061274005,
    "inter_dist_mean": 5.838682181595592,
    "ratio_intra_inter": 0.5530263441040812,
    "n_merge_steps": 2215,
    "total_runtime_sec": 152.24969148635864
}