{
    "clean_state": "raw",
    "best_k": 6,
    "linkage": "single",
    "metric": "manhattan",
    "combined": 1.2514178078003269,
    "silhouette": 0.3510238508820845,
    "davies_bouldin": 0.4647246643020319,
    "intra_dist_mean": 3.2289450612730164,
    "inter_dist_mean": 5.838682181595592,
    "ratio_intra_inter": 0.5530263441039119,
    "n_merge_steps": 2215,
    "h_max": 3.605076899790414,
    "total_runtime_sec": 105.76940536499023
}