{
    "n_trials": 30,
    "avg_iterations": 5.533333333333333,
    "median_iterations": 5.0,
    "avg_auc_delta": 9.430313633004042,
    "avg_geo_decay": 0.4511463568946406,
    "best_k": 31,
    "best_combined_score": 0.8514801104003046,
    "best_sse": 1260.6518361563499,
    "total_runtime_sec": 0.9742612838745117
}