{
    "n_trials": 31,
    "avg_iterations": 6.32258064516129,
    "median_iterations": 5.0,
    "avg_auc_delta": 12.55099155950476,
    "avg_geo_decay": 0.4384145603034558,
    "best_k": 31,
    "best_combined_score": 0.8106819648266941,
    "best_sse": 1394.593899884605,
    "total_runtime_sec": 4.500756502151489
}