{
    "n_trials": 31,
    "avg_iterations": 11.96774193548387,
    "median_iterations": 10.0,
    "avg_auc_delta": 7.078090098744242,
    "avg_geo_decay": 0.5448208567901613,
    "best_k": 43,
    "best_combined_score": 0.6149902147450795,
    "best_sse": 773.5938123675387,
    "weights": {
        "alpha": 0.47,
        "beta": 0.53,
        "gamma": 0.0
    },
    "total_runtime_sec": 13.506488800048828
}