{
    "clean_state": "raw",
    "best_k": 5,
    "linkage": "single",
    "metric": "manhattan",
    "combined": 1.7503064474574912,
    "silhouette": 0.5005956575576608,
    "davies_bouldin": 0.33333141808241334,
    "intra_dist_mean": 3.457425672515156,
    "inter_dist_mean": 11.250776329322854,
    "ratio_intra_inter": 0.30730552019808394,
    "n_merge_steps": 1541,
    "total_runtime_sec": 65.9601035118103
}