{
    "clean_state": "raw",
    "best_k": 5,
    "linkage": "single",
    "metric": "euclidean",
    "combined": 1.5749960111457644,
    "silhouette": 0.5153539793130228,
    "davies_bouldin": 0.3795587794934753,
    "intra_dist_mean": 3.452292259738183,
    "inter_dist_mean": 10.975018189896693,
    "ratio_intra_inter": 0.3145591378532708,
    "n_merge_steps": 1541,
    "h_max": 7.2321400721035225,
    "total_runtime_sec": 54.008278131484985
}