{
    "n_trials": 31,
    "avg_iterations": 4.741935483870968,
    "median_iterations": 4.0,
    "avg_auc_delta": 3.2759275051453773,
    "avg_geo_decay": 0.24666175773502869,
    "best_k": 19,
    "best_combined_score": 0.45261018070632403,
    "best_sse": 9482.945353767978,
    "weights": {
        "alpha": 0.47,
        "beta": 0.53,
        "gamma": 0.0
    },
    "total_runtime_sec": 4.2459716796875
}