{
    "n_trials": 31,
    "avg_iterations": 6.161290322580645,
    "median_iterations": 6.0,
    "avg_auc_delta": 7.137115110237113,
    "avg_geo_decay": 0.4216104419626145,
    "best_k": 13,
    "best_combined_score": 0.5692491192775071,
    "best_sse": 1341.8482257079477,
    "weights": {
        "alpha": 0.47,
        "beta": 0.53,
        "gamma": 0.0
    },
    "total_runtime_sec": 2.762683629989624
}