{
    "n_trials": 31,
    "avg_iterations": 11.32258064516129,
    "median_iterations": 11.0,
    "avg_auc_delta": 7.508674841656614,
    "avg_geo_decay": 0.5953576862694446,
    "best_k": 41,
    "best_combined_score": 0.7229250775964804,
    "best_sse": 810.2184702986232,
    "total_runtime_sec": 9.767975091934204
}