{
    "centroid_movements": [
        1.1334343888422819e-15
    ],
    "sse_list": [
        740.5674883414731,
        740.5674883414731
    ],
    "final_iteration": 2
}