{
    "n_trials": 30,
    "avg_iterations": 12.3,
    "median_iterations": 12.0,
    "avg_auc_delta": 5.307765779717709,
    "avg_geo_decay": 0.5869880948741203,
    "best_k": 41,
    "best_combined_score": 0.7799444870314074,
    "best_sse": 697.3808795527117,
    "total_runtime_sec": 2.693837881088257
}