{
    "n_trials": 30,
    "avg_iterations": 8.833333333333334,
    "median_iterations": 8.0,
    "avg_auc_delta": 6.380687902634355,
    "avg_geo_decay": 0.5169938179910996,
    "best_k": 8,
    "best_combined_score": 0.5388557795852518,
    "best_sse": 1836.5749228509562,
    "weights": {
        "alpha": 0.47,
        "beta": 0.53,
        "gamma": 0.0
    },
    "total_runtime_sec": 0.8220031261444092
}