{
    "core_count": 841,
    "border_count": 19,
    "noise_count": 46,
    "noise_ratio": 0.05077262693156733,
    "neighbor_hist": [
        0,
        27,
        20,
        13,
        5,
        8,
        13,
        5,
        8,
        7,
        6,
        11,
        9,
        8,
        4,
        5,
        6,
        8,
        11,
        5,
        2,
        3,
        5,
        3,
        2,
        6,
        1,
        4,
        1,
        4,
        2,
        0,
        1,
        2,
        0,
        2,
        2,
        1,
        5,
        5,
        2,
        3,
        1,
        5,
        0,
        4,
        1,
        2,
        3,
        655
    ],
    "combined_score": 0.4708641049456699,
    "silhouette": 0.3872158901252637,
    "davies_bouldin": 1.7285637304670023,
    "sse": 4159.266878656743,
    "weights": {
        "alpha": 0.47,
        "beta": 0.53,
        "gamma": 0.0
    }
}