{
    "n_trials": 31,
    "avg_iterations": 16.129032258064516,
    "median_iterations": 17.0,
    "avg_auc_delta": 13.137587215181126,
    "avg_geo_decay": 0.6225456784025871,
    "best_k": 41,
    "best_combined_score": 0.5300921629072749,
    "best_sse": 2092.9918720126107,
    "weights": {
        "alpha": 0.47,
        "beta": 0.53,
        "gamma": 0.0
    },
    "total_runtime_sec": 50.14716696739197
}