{
    "clean_state": "raw",
    "best_k": 5,
    "linkage": "single",
    "metric": "manhattan",
    "combined": 1.1945686815057475,
    "silhouette": 0.34112377663522697,
    "davies_bouldin": 0.488278010776964,
    "intra_dist_mean": 3.247892332023884,
    "inter_dist_mean": 6.951608006413874,
    "ratio_intra_inter": 0.4672145392874227,
    "n_merge_steps": 266,
    "h_max": 11.963275705848302,
    "total_runtime_sec": 1.291898488998413
}