{
    "clean_state": "raw",
    "best_k": 5,
    "linkage": "single",
    "metric": "euclidean",
    "combined": 0.5713443219531613,
    "silhouette": 0.08799616403591982,
    "davies_bouldin": 0.6722347504068903,
    "sse": 459.5705983295706,
    "weights": {
        "alpha": 0.47,
        "beta": 0.53,
        "gamma": 0.0
    },
    "intra_dist_mean": 5.618188627158141,
    "inter_dist_mean": 7.118058786794585,
    "ratio_intra_inter": 0.7892866293237434,
    "n_merge_steps": 32,
    "h_max": 6.004548219083055,
    "total_runtime_sec": 0.5981688499450684
}