{
    "n_trials": 31,
    "avg_iterations": 7.161290322580645,
    "median_iterations": 7.0,
    "avg_auc_delta": 12.773421169740473,
    "avg_geo_decay": 0.7489028207372274,
    "best_k": 18,
    "best_combined_score": 0.5051137914319548,
    "best_sse": 796.053804620905,
    "weights": {
        "alpha": 0.47,
        "beta": 0.53,
        "gamma": 0.0
    },
    "total_runtime_sec": 1.5506925582885742
}