{
    "n_trials": 31,
    "avg_iterations": 7.580645161290323,
    "median_iterations": 7.0,
    "avg_auc_delta": 12.805732111763673,
    "avg_geo_decay": 0.540764785750521,
    "best_k": 12,
    "best_combined_score": 0.4076864334716246,
    "best_sse": 1541.9182325678394,
    "total_runtime_sec": 2.561645746231079
}