{
    "n_trials": 20,
    "avg_iterations": 8.1,
    "median_iterations": 5.5,
    "avg_auc_delta": 9.557133446294454,
    "avg_geo_decay": 0.4608703151209744,
    "best_k": 12,
    "best_combined_score": 0.3651341446531139,
    "best_sse": 1462.9846903456614,
    "total_runtime_sec": 0.13907814025878906
}