{
    "n_trials": 31,
    "avg_iterations": 13.419354838709678,
    "median_iterations": 13.0,
    "avg_auc_delta": 7.728054660292749,
    "avg_geo_decay": 0.6402280509398345,
    "best_k": 46,
    "best_combined_score": 0.5921270057799474,
    "best_sse": 803.598412941752,
    "weights": {
        "alpha": 0.47,
        "beta": 0.53,
        "gamma": 0.0
    },
    "total_runtime_sec": 12.887725353240967
}