{
    "clean_state": "raw",
    "best_k": 43,
    "best_cov_type": "spherical",
    "best_combined": 0.5076111276609175,
    "best_silhouette": 0.21420780718461166,
    "best_db": 1.2563106755416535,
    "best_sse": 3066.3909491763725,
    "weights": {
        "alpha": 0.47,
        "beta": 0.53,
        "gamma": 0.0
    },
    "n_iter_final": 1,
    "ll_curve_final": [
        -5.7384066444125805,
        -5.6840939195550115,
        -5.650054331007336,
        -5.634688935394954,
        -5.624102919195163,
        -5.619530217252534,
        -5.616531849116158,
        -5.614580358801666,
        -5.61294118588059,
        -5.610377002055555,
        -5.595628493192792,
        -5.57309377219511,
        -5.570418823973547,
        -5.569118895256207,
        -5.568460664582808
    ],
    "total_runtime_sec": 30.0018527507782
}