{
    "clean_state": "raw",
    "best_k": 20,
    "best_cov_type": "tied",
    "best_combined": 0.4811997277479451,
    "best_silhouette": 0.15676606676005062,
    "best_db": 1.387790343174745,
    "best_sse": 7891.383848961352,
    "weights": {
        "alpha": 0.47,
        "beta": 0.53,
        "gamma": 0.0
    },
    "n_iter_final": 1,
    "ll_curve_final": [
        -13.043195496071094,
        -12.688782958336914,
        -12.570929896368744,
        -12.533793977002928,
        -12.52500749286597,
        -12.51850941522938,
        -12.51802022805614
    ],
    "total_runtime_sec": 12.745713233947754
}