{
    "clean_state": "raw",
    "best_k": 7,
    "best_cov_type": "tied",
    "best_combined": 0.7425118783094415,
    "best_silhouette": 0.33784506313281887,
    "best_db": 0.8717037769950075,
    "n_iter_final": 1,
    "ll_curve_final": [
        -6.779054337899496,
        -6.394830440905002,
        -6.328141685942941,
        -6.327117540753228,
        -6.326619817878132
    ],
    "total_runtime_sec": 9.807071208953857
}