{
    "n_trials": 31,
    "avg_iterations": 8.193548387096774,
    "median_iterations": 8.0,
    "avg_auc_delta": 9.06629278195177,
    "avg_geo_decay": 0.5635016075879197,
    "best_k": 13,
    "best_combined_score": 0.5348199245942781,
    "best_sse": 574.3598180052726,
    "weights": {
        "alpha": 0.47,
        "beta": 0.53,
        "gamma": 0.0
    },
    "total_runtime_sec": 3.4170076847076416
}