{
    "n_trials": 31,
    "avg_iterations": 5.096774193548387,
    "median_iterations": 5.0,
    "avg_auc_delta": 4.898138156150909,
    "avg_geo_decay": 0.9829370316537301,
    "best_k": 7,
    "best_combined_score": 0.6533598214721882,
    "best_sse": 159.48690537974193,
    "weights": {
        "alpha": 0.47,
        "beta": 0.53,
        "gamma": 0.0
    },
    "total_runtime_sec": 0.28571105003356934
}