{
    "n_trials": 31,
    "avg_iterations": 19.774193548387096,
    "median_iterations": 19.0,
    "avg_auc_delta": 37.92364961456839,
    "avg_geo_decay": 0.6982881875665041,
    "best_k": 40,
    "best_combined_score": 0.6108645782691069,
    "best_sse": 1789.2101678673714,
    "weights": {
        "alpha": 0.47,
        "beta": 0.53,
        "gamma": 0.0
    },
    "total_runtime_sec": 253.99785804748535
}