{
    "clean_state": "raw",
    "best_k": 36,
    "best_cov_type": "spherical",
    "best_combined": 0.5059037033065231,
    "best_silhouette": 0.1959749596434393,
    "best_db": 1.246587037226198,
    "best_sse": 2239.0028588897217,
    "weights": {
        "alpha": 0.47,
        "beta": 0.53,
        "gamma": 0.0
    },
    "n_iter_final": 1,
    "ll_curve_final": [
        -6.76072335180026,
        -6.702325191463559,
        -6.666007459107807,
        -6.620734979168365,
        -6.580937191738426,
        -6.552161112648333,
        -6.5281953538482265,
        -6.5101698493411275,
        -6.502237832974647,
        -6.498311144009569,
        -6.496468699249724,
        -6.495159326662113,
        -6.494424973043795
    ],
    "total_runtime_sec": 14.208154439926147
}