{
    "n_trials": 31,
    "avg_iterations": 17.548387096774192,
    "median_iterations": 16.0,
    "avg_auc_delta": 12.613794351706792,
    "avg_geo_decay": 0.7162516508379264,
    "best_k": 35,
    "best_combined_score": 0.49912795239486846,
    "best_sse": 2171.0513120452833,
    "weights": {
        "alpha": 0.47,
        "beta": 0.53,
        "gamma": 0.0
    },
    "total_runtime_sec": 15.541992425918579
}