{
    "core_count": 6,
    "border_count": 10,
    "noise_count": 399,
    "noise_ratio": 0.9614457831325302,
    "neighbor_hist": [
        0,
        295,
        70,
        23,
        12,
        5,
        4,
        4,
        2
    ],
    "combined_score": 0.33311717980838285,
    "silhouette": -0.20063619758506399,
    "davies_bouldin": 2.4453046889832613,
    "sse": 22.687901270763483,
    "weights": {
        "alpha": 0.47,
        "beta": 0.53,
        "gamma": 0.0
    }
}