{
    "clean_state": "raw",
    "best_k": 12,
    "linkage": "single",
    "metric": "euclidean",
    "combined": 0.9344671665355129,
    "silhouette": 0.31036344887153644,
    "davies_bouldin": 0.6416134230004037,
    "intra_dist_mean": 2.7191894752581103,
    "inter_dist_mean": 5.146530842373258,
    "ratio_intra_inter": 0.528353867593585,
    "n_merge_steps": 1730,
    "h_max": 3.342935174402848,
    "total_runtime_sec": 65.6548080444336
}