{
    "clean_state": "raw",
    "best_k": 5,
    "linkage": "single",
    "metric": "manhattan",
    "combined": 0.8057946918027562,
    "silhouette": 0.5766072284258394,
    "davies_bouldin": 0.21659231243291965,
    "sse": 8337.503939859585,
    "weights": {
        "alpha": 0.47,
        "beta": 0.53,
        "gamma": 0.0
    },
    "intra_dist_mean": 3.112304277098173,
    "inter_dist_mean": 12.757571550490457,
    "ratio_intra_inter": 0.24395742283556138,
    "n_merge_steps": 1402,
    "h_max": 41.19081383748103,
    "total_runtime_sec": 159.00519919395447
}