{
    "clean_state": "raw",
    "best_k": 5,
    "linkage": "single",
    "metric": "euclidean",
    "combined": 1.1236584345550304,
    "silhouette": 0.40046940728827585,
    "davies_bouldin": 0.5414632343342369,
    "intra_dist_mean": 2.9810521235532144,
    "inter_dist_mean": 5.87468522919246,
    "ratio_intra_inter": 0.5074403150553967,
    "n_merge_steps": 1730,
    "total_runtime_sec": 97.32877779006958
}