{
    "clean_state": "raw",
    "best_k": 8,
    "best_cov_type": "full",
    "best_combined": 0.7166787015099093,
    "best_silhouette": 0.5060984129370157,
    "best_db": 0.4550871776996094,
    "best_sse": 119.21506855247884,
    "weights": {
        "alpha": 0.47,
        "beta": 0.53,
        "gamma": 0.0
    },
    "n_iter_final": 1,
    "ll_curve_final": [
        26.843195028228703,
        26.84319502823266
    ],
    "total_runtime_sec": 6.795982122421265
}