{
    "clean_state": "raw",
    "best_k": 6,
    "best_cov_type": "full",
    "best_combined": 2.02309050217122,
    "best_silhouette": 0.5892573583415054,
    "best_db": 0.2892745407197026,
    "n_iter_final": 1,
    "ll_curve_final": [
        17.263742583155555,
        17.263742583155555
    ],
    "total_runtime_sec": 0.6066093444824219
}