{
    "n_trials": 31,
    "avg_iterations": 4.774193548387097,
    "median_iterations": 5.0,
    "avg_auc_delta": 6.143189255942442,
    "avg_geo_decay": 0.45918089016095964,
    "best_k": 9,
    "best_combined_score": 1.2285441605739849,
    "best_sse": 188.21725757157506,
    "total_runtime_sec": 0.9305365085601807
}