{
    "n_trials": 30,
    "avg_iterations": 4.466666666666667,
    "median_iterations": 4.0,
    "avg_auc_delta": 3.6582166518320123,
    "avg_geo_decay": 0.4919358422755857,
    "best_k": 9,
    "best_combined_score": 1.2165718777471788,
    "best_sse": 130.09149766373463,
    "total_runtime_sec": 0.10684776306152344
}