{
    "n_trials": 30,
    "avg_iterations": 3.8333333333333335,
    "median_iterations": 3.0,
    "avg_auc_delta": 3.865726112760198,
    "avg_geo_decay": 0.1497895199380528,
    "best_k": 14,
    "best_combined_score": 0.753830368024694,
    "best_sse": 137.69909063401667,
    "weights": {
        "alpha": 0.47,
        "beta": 0.53,
        "gamma": 0.0
    },
    "total_runtime_sec": 1.8710429668426514
}