{
    "n_trials": 31,
    "avg_iterations": 11.03225806451613,
    "median_iterations": 10.0,
    "avg_auc_delta": 16.868128825229196,
    "avg_geo_decay": 0.6255502978205737,
    "best_k": 29,
    "best_combined_score": 0.5647247790126264,
    "best_sse": 2889.215473148447,
    "total_runtime_sec": 7.163344860076904
}