{
    "n_trials": 30,
    "avg_iterations": 17.633333333333333,
    "median_iterations": 17.0,
    "avg_auc_delta": 6.154253617678851,
    "avg_geo_decay": 0.6528971216036802,
    "best_k": 9,
    "best_combined_score": 0.5620884721210326,
    "best_sse": 4349.720298196938,
    "weights": {
        "alpha": 0.47,
        "beta": 0.53,
        "gamma": 0.0
    },
    "total_runtime_sec": 5.939168453216553
}