{
    "core_count": 130,
    "border_count": 57,
    "noise_count": 187,
    "noise_ratio": 0.5,
    "neighbor_hist": [
        0,
        74,
        40,
        29,
        13,
        19,
        14,
        8,
        6,
        8,
        5,
        10,
        4,
        4,
        6,
        4,
        5,
        5,
        6,
        2,
        4,
        3,
        6,
        5,
        5,
        1,
        3,
        5,
        4,
        4,
        4,
        2,
        0,
        2,
        2,
        0,
        2,
        2,
        0,
        1,
        1,
        2,
        5,
        0,
        1,
        1,
        2,
        2,
        4,
        39
    ],
    "combined_score": 0.4184226470286932,
    "silhouette": 0.12711756045412656,
    "davies_bouldin": 1.9357400676891225,
    "sse": 190.11308453197435,
    "weights": {
        "alpha": 0.47,
        "beta": 0.53,
        "gamma": 0.0
    }
}