{
    "n_trials": 31,
    "avg_iterations": 4.225806451612903,
    "median_iterations": 4.0,
    "avg_auc_delta": 6.123434657948215,
    "avg_geo_decay": 0.32385716094705513,
    "best_k": 21,
    "best_combined_score": 0.6770940008389311,
    "best_sse": 1466.5529523782957,
    "weights": {
        "alpha": 0.47,
        "beta": 0.53,
        "gamma": 0.0
    },
    "total_runtime_sec": 2.663133382797241
}