{
    "clean_state": "raw",
    "best_k": 10,
    "best_cov_type": "tied",
    "best_combined": 0.4755370961852899,
    "best_silhouette": 0.18888845208082522,
    "best_db": 1.4759072994819458,
    "best_sse": 1455.2634183352773,
    "weights": {
        "alpha": 0.47,
        "beta": 0.53,
        "gamma": 0.0
    },
    "n_iter_final": 1,
    "ll_curve_final": [
        -19.58087004525713,
        -13.99891124438497,
        -13.927399672682343,
        -13.900791459663614,
        -13.877967088710204,
        -13.816997691798596,
        -13.597695778229424,
        -13.521514028934119,
        -13.516519018742738,
        -13.516514546352841
    ],
    "total_runtime_sec": 2.2443652153015137
}