{
    "clean_state": "raw",
    "best_k": 8,
    "best_cov_type": "tied",
    "best_combined": 0.6702239957303573,
    "best_silhouette": 0.29120926220905585,
    "best_db": 0.9530719483765367,
    "n_iter_final": 1,
    "ll_curve_final": [
        -7.579861486674764,
        -7.538190278786165,
        -7.527874431142122,
        -7.523649423340435,
        -7.521861516482998,
        -7.520897109127436
    ],
    "total_runtime_sec": 8.813365697860718
}