{
    "clean_state": "raw",
    "best_k": 9,
    "best_cov_type": "tied",
    "best_combined": 0.713812220532382,
    "best_silhouette": 0.31682784999249086,
    "best_db": 0.900254833366639,
    "n_iter_final": 1,
    "ll_curve_final": [
        -7.312406726630991,
        -7.201732505914594,
        -7.141807304011314,
        -7.068942245304179,
        -7.032168044525466,
        -7.007038885029678,
        -7.002756177072474,
        -7.001782166442736
    ],
    "total_runtime_sec": 24.487580060958862
}