{
    "clean_state": "raw",
    "best_k": 9,
    "best_cov_type": "tied",
    "best_combined": 0.5500610648481019,
    "best_silhouette": 0.2714292742083653,
    "best_db": 1.0351972439428914,
    "best_sse": 3209.4295695302753,
    "weights": {
        "alpha": 0.47,
        "beta": 0.53,
        "gamma": 0.0
    },
    "n_iter_final": 1,
    "ll_curve_final": [
        17.361664670881968,
        18.190192049222013,
        18.190853869920257
    ],
    "total_runtime_sec": 11.522322177886963
}