{
    "clean_state": "raw",
    "best_k": 10,
    "best_cov_type": "tied",
    "best_combined": 1.265302490686299,
    "best_silhouette": 0.5707408341894841,
    "best_db": 0.5102394476868646,
    "n_iter_final": 1,
    "ll_curve_final": [
        9.956374088939569,
        10.035209821953034,
        10.210357869050318,
        10.256908661143624,
        10.281526902785341,
        10.281752131680165
    ],
    "total_runtime_sec": 3.22489070892334
}