{
    "clean_state": "raw",
    "best_k": 12,
    "best_cov_type": "tied",
    "best_combined": 0.6783134768088429,
    "best_silhouette": 0.5794691732616081,
    "best_db": 0.6586942912050532,
    "best_sse": 166.39134697964326,
    "weights": {
        "alpha": 0.47,
        "beta": 0.53,
        "gamma": 0.0
    },
    "n_iter_final": 1,
    "ll_curve_final": [
        15.406585689076781,
        15.437388870832711,
        15.553705154323028,
        15.665611838513161,
        15.666048524509804
    ],
    "total_runtime_sec": 1.4092011451721191
}