{
    "clean_state": "raw",
    "best_k": 11,
    "best_cov_type": "tied",
    "best_combined": 0.6153198760421139,
    "best_silhouette": 0.2799800558726979,
    "best_db": 1.0519011208585953,
    "n_iter_final": 1,
    "ll_curve_final": [
        -7.4600603992549175,
        -7.400845132441009,
        -7.363162887548785,
        -7.351147677776583,
        -7.346163307189066,
        -7.342191134202914,
        -7.338099070492653,
        -7.3332036777348435,
        -7.326193652368333,
        -7.313797785403581,
        -7.299243671882384,
        -7.293355852204938,
        -7.288602501820887,
        -7.28025912658539,
        -7.265420242075603,
        -7.253645562627971,
        -7.2488013424737225,
        -7.245379405862208,
        -7.242316446113985,
        -7.239524491953195,
        -7.236972475722505,
        -7.23469606751124,
        -7.232712037152534,
        -7.2309977589004815,
        -7.229514009231674,
        -7.228224216627146,
        -7.227100752246417,
        -7.226124432115707
    ],
    "total_runtime_sec": 84.66142511367798
}