{
    "n_trials": 31,
    "avg_iterations": 4.870967741935484,
    "median_iterations": 4.0,
    "avg_auc_delta": 9.291319701220855,
    "avg_geo_decay": 0.30843280628330605,
    "best_k": 26,
    "best_combined_score": 0.5276390360145988,
    "best_sse": 1981.0565793638355,
    "weights": {
        "alpha": 0.47,
        "beta": 0.53,
        "gamma": 0.0
    },
    "total_runtime_sec": 4.744378566741943
}