{
    "n_trials": 31,
    "avg_iterations": 10.419354838709678,
    "median_iterations": 10.0,
    "avg_auc_delta": 11.778687498569683,
    "avg_geo_decay": 0.5807034675764615,
    "best_k": 26,
    "best_combined_score": 0.5472134052272202,
    "best_sse": 1577.1495724334686,
    "weights": {
        "alpha": 0.47,
        "beta": 0.53,
        "gamma": 0.0
    },
    "total_runtime_sec": 5.144165754318237
}