{
    "n_trials": 31,
    "avg_iterations": 8.741935483870968,
    "median_iterations": 9.0,
    "avg_auc_delta": 13.74397874959999,
    "avg_geo_decay": 0.593685217330445,
    "best_k": 12,
    "best_combined_score": 0.42508985626578055,
    "best_sse": 1813.8001278107977,
    "weights": {
        "alpha": 0.47,
        "beta": 0.53,
        "gamma": 0.0
    },
    "total_runtime_sec": 9.700426816940308
}