{
    "n_trials": 30,
    "avg_iterations": 8.366666666666667,
    "median_iterations": 8.0,
    "avg_auc_delta": 10.037081703847354,
    "avg_geo_decay": 0.5539217648211288,
    "best_k": 19,
    "best_combined_score": 0.4944660904123109,
    "best_sse": 1499.674753720373,
    "total_runtime_sec": 0.3549773693084717
}