{
    "core_count": 2056,
    "border_count": 118,
    "noise_count": 73,
    "noise_ratio": 0.032487761459724075,
    "neighbor_hist": [
        0,
        2,
        4,
        0,
        4,
        5,
        7,
        2,
        5,
        3,
        5,
        8,
        10,
        2,
        2,
        6,
        7,
        3,
        3,
        11,
        11,
        5,
        8,
        8,
        5,
        9,
        4,
        5,
        3,
        10,
        3,
        8,
        5,
        1,
        11,
        6,
        6,
        5,
        6,
        4,
        10,
        6,
        8,
        1,
        3,
        19,
        8,
        1,
        6,
        1973
    ],
    "combined_score": 0.5391564311945711,
    "silhouette": 0.35705217904188224,
    "davies_bouldin": 1.19258757493639,
    "sse": 6632.625471554971,
    "weights": {
        "alpha": 0.47,
        "beta": 0.53,
        "gamma": 0.0
    }
}