{
    "clean_state": "raw",
    "best_k": 5,
    "linkage": "single",
    "metric": "manhattan",
    "combined": 1.5280850901854355,
    "silhouette": 0.39181632292392304,
    "davies_bouldin": 0.37532552112211764,
    "intra_dist_mean": 5.564689901935993,
    "inter_dist_mean": 12.02810665905672,
    "ratio_intra_inter": 0.46264055180667396,
    "n_merge_steps": 448,
    "total_runtime_sec": 9.86163854598999
}