{
    "clean_state": "raw",
    "best_k": 37,
    "linkage": "average",
    "metric": "euclidean",
    "combined": 0.5920172529351624,
    "silhouette": 0.34593261650434637,
    "davies_bouldin": 0.8693197565092011,
    "sse": 2039.058302888294,
    "weights": {
        "alpha": 0.47,
        "beta": 0.53,
        "gamma": 0.0
    },
    "intra_dist_mean": 1.5895880569071905,
    "inter_dist_mean": 3.544533139573647,
    "ratio_intra_inter": 0.4484618973256222,
    "n_merge_steps": 1395,
    "h_max": 4.395480821187744,
    "total_runtime_sec": 47.217660903930664
}