{
    "clean_state": "raw",
    "best_k": 11,
    "best_cov_type": "diag",
    "best_combined": 1.7505350437636145,
    "best_silhouette": 0.6689686183687447,
    "best_db": 0.3530946934246444,
    "n_iter_final": 1,
    "ll_curve_final": [
        32.75568476401142,
        32.934737665666454,
        32.95763892372658,
        32.957638920192124
    ],
    "total_runtime_sec": 1.0059008598327637
}