{
    "n_trials": 30,
    "avg_iterations": 8.633333333333333,
    "median_iterations": 8.0,
    "avg_auc_delta": 6.129478129816663,
    "avg_geo_decay": 0.6198953512876896,
    "best_k": 33,
    "best_combined_score": 0.5892981833126533,
    "best_sse": 1212.3351184759495,
    "weights": {
        "alpha": 0.47,
        "beta": 0.53,
        "gamma": 0.0
    },
    "total_runtime_sec": 3.9356021881103516
}