{
    "n_trials": 31,
    "avg_iterations": 9.741935483870968,
    "median_iterations": 9.0,
    "avg_auc_delta": 17.055023227263753,
    "avg_geo_decay": 0.6108555445906881,
    "best_k": 15,
    "best_combined_score": 0.40972362183523076,
    "best_sse": 2080.7877218184226,
    "total_runtime_sec": 2.671689033508301
}