{
    "n_trials": 30,
    "avg_iterations": 5.533333333333333,
    "median_iterations": 5.0,
    "avg_auc_delta": 11.173439627429335,
    "avg_geo_decay": 0.3886996316733148,
    "best_k": 15,
    "best_combined_score": 0.37933789354545716,
    "best_sse": 1904.9443250566574,
    "total_runtime_sec": 0.19411897659301758
}