{
    "n_trials": 31,
    "avg_iterations": 6.612903225806452,
    "median_iterations": 6.0,
    "avg_auc_delta": 7.529730645751114,
    "avg_geo_decay": 0.46914133243573214,
    "best_k": 10,
    "best_combined_score": 0.5242417789677835,
    "best_sse": 1621.275002393898,
    "weights": {
        "alpha": 0.47,
        "beta": 0.53,
        "gamma": 0.0
    },
    "total_runtime_sec": 1.7396070957183838
}