{
    "clean_state": "raw",
    "best_k": 13,
    "linkage": "ward",
    "metric": "euclidean",
    "combined": 2.9714210355055437,
    "silhouette": 0.7729729029329179,
    "davies_bouldin": 0.1934284925766771,
    "intra_dist_mean": 0.4303527387293842,
    "inter_dist_mean": 4.170956885362291,
    "ratio_intra_inter": 0.10317841937891438,
    "n_merge_steps": 193,
    "h_max": 20.902754262522773,
    "total_runtime_sec": 0.9442727565765381
}