{
    "n_trials": 31,
    "avg_iterations": 16.483870967741936,
    "median_iterations": 16.0,
    "avg_auc_delta": 12.290081172931504,
    "avg_geo_decay": 0.6978004946045496,
    "best_k": 12,
    "best_combined_score": 0.5076103492151618,
    "best_sse": 2562.452272469093,
    "weights": {
        "alpha": 0.47,
        "beta": 0.53,
        "gamma": 0.0
    },
    "total_runtime_sec": 5.938159227371216
}