{
    "n_trials": 31,
    "avg_iterations": 5.903225806451613,
    "median_iterations": 5.0,
    "avg_auc_delta": 5.672994344558028,
    "avg_geo_decay": 0.3793353643712206,
    "best_k": 15,
    "best_combined_score": 0.7185895433553892,
    "best_sse": 140.0354509828722,
    "weights": {
        "alpha": 0.47,
        "beta": 0.53,
        "gamma": 0.0
    },
    "total_runtime_sec": 2.2823646068573
}