{
    "clean_state": "raw",
    "best_k": 8,
    "linkage": "single",
    "metric": "manhattan",
    "combined": 1.796289811183335,
    "silhouette": 0.5042348197322123,
    "davies_bouldin": 0.3237980419631149,
    "intra_dist_mean": 2.8903492646655913,
    "inter_dist_mean": 7.52044334280671,
    "ratio_intra_inter": 0.38433229703536304,
    "n_merge_steps": 482,
    "h_max": 24.585817922763127,
    "total_runtime_sec": 3.0959246158599854
}