{
    "clean_state": "raw",
    "best_k": 8,
    "linkage": "single",
    "metric": "manhattan",
    "combined": 1.7962898111832675,
    "silhouette": 0.5042348197320753,
    "davies_bouldin": 0.32379804196311474,
    "intra_dist_mean": 2.8903492646663955,
    "inter_dist_mean": 7.52044334280671,
    "ratio_intra_inter": 0.38433229703546995,
    "n_merge_steps": 482,
    "total_runtime_sec": 9.40459942817688
}