{
    "clean_state": "raw",
    "best_k": 5,
    "linkage": "single",
    "metric": "manhattan",
    "combined": 0.6476368358385293,
    "silhouette": 0.25471193109723894,
    "davies_bouldin": 0.49980997762329143,
    "sse": 17472.608949689788,
    "weights": {
        "alpha": 0.47,
        "beta": 0.53,
        "gamma": 0.0
    },
    "intra_dist_mean": 5.756969074358465,
    "inter_dist_mean": 10.918399949764133,
    "ratio_intra_inter": 0.5272722286091291,
    "n_merge_steps": 999,
    "h_max": 15.79981417534061,
    "total_runtime_sec": 21.32636547088623
}