{
    "core_count": 765,
    "border_count": 68,
    "noise_count": 109,
    "noise_ratio": 0.11571125265392782,
    "neighbor_hist": [
        0,
        27,
        10,
        9,
        18,
        3,
        6,
        1,
        0,
        4,
        11,
        0,
        1,
        0,
        0,
        0,
        0,
        0,
        0,
        0,
        2,
        2,
        0,
        0,
        0,
        0,
        1,
        4,
        1,
        6,
        32,
        2,
        1,
        1,
        0,
        0,
        1,
        31,
        3,
        6,
        6,
        9,
        10,
        3,
        5,
        1,
        1,
        0,
        2,
        722
    ],
    "combined_score": 0.5413277009380778,
    "silhouette": 0.4412358310050455,
    "davies_bouldin": 1.2548902400075863,
    "sse": 885.9719656268613,
    "weights": {
        "alpha": 0.47,
        "beta": 0.53,
        "gamma": 0.0
    }
}