{
    "n_trials": 31,
    "avg_iterations": 5.709677419354839,
    "median_iterations": 5.0,
    "avg_auc_delta": 5.203286272407822,
    "avg_geo_decay": 0.2854238755408802,
    "best_k": 35,
    "best_combined_score": 0.5995603678806962,
    "best_sse": 1860.768823337877,
    "weights": {
        "alpha": 0.47,
        "beta": 0.53,
        "gamma": 0.0
    },
    "total_runtime_sec": 23.10372281074524
}