{
    "core_count": 2181,
    "border_count": 29,
    "noise_count": 21,
    "noise_ratio": 0.00941281936351412,
    "neighbor_hist": [
        0,
        11,
        5,
        18,
        16,
        16,
        7,
        9,
        7,
        12,
        6,
        9,
        3,
        7,
        9,
        9,
        3,
        3,
        4,
        5,
        9,
        10,
        8,
        11,
        4,
        4,
        3,
        1,
        6,
        3,
        2,
        1,
        3,
        1,
        1,
        12,
        9,
        5,
        3,
        3,
        3,
        4,
        5,
        7,
        3,
        1,
        3,
        7,
        8,
        1932
    ],
    "combined_score": 0.47135807898573656,
    "silhouette": 0.36648259160577024,
    "davies_bouldin": 1.7049657017885056,
    "sse": 9233.454271567909,
    "weights": {
        "alpha": 0.47,
        "beta": 0.53,
        "gamma": 0.0
    }
}