{
    "core_count": 712,
    "border_count": 41,
    "noise_count": 95,
    "noise_ratio": 0.11202830188679246,
    "neighbor_hist": [
        0,
        13,
        13,
        18,
        11,
        6,
        10,
        21,
        28,
        16,
        13,
        11,
        4,
        6,
        8,
        10,
        21,
        20,
        20,
        11,
        13,
        17,
        13,
        18,
        12,
        6,
        4,
        4,
        3,
        5,
        5,
        8,
        3,
        3,
        0,
        6,
        12,
        7,
        13,
        16,
        8,
        11,
        5,
        5,
        7,
        8,
        11,
        5,
        1,
        359
    ],
    "combined_score": 0.4678746663247666,
    "silhouette": 0.15614321412181809,
    "davies_bouldin": 1.4986348394408031,
    "sse": 3180.608999720172,
    "weights": {
        "alpha": 0.47,
        "beta": 0.53,
        "gamma": 0.0
    }
}