{
    "n_trials": 31,
    "avg_iterations": 13.612903225806452,
    "median_iterations": 13.0,
    "avg_auc_delta": 12.364457523255044,
    "avg_geo_decay": 0.7065692470476399,
    "best_k": 33,
    "best_combined_score": 0.6039736382747214,
    "best_sse": 1478.8152279630256,
    "weights": {
        "alpha": 0.47,
        "beta": 0.53,
        "gamma": 0.0
    },
    "total_runtime_sec": 562.717973947525
}