{
    "clean_state": "raw",
    "best_k": 10,
    "best_cov_type": "tied",
    "best_combined": 0.7494647147213103,
    "best_silhouette": 0.6372639020857286,
    "best_db": 0.4342585863769129,
    "best_sse": 378.147349360681,
    "weights": {
        "alpha": 0.47,
        "beta": 0.53,
        "gamma": 0.0
    },
    "n_iter_final": 1,
    "ll_curve_final": [
        10.943947532860571,
        11.099499334390295,
        11.102075073622357,
        11.102490021529873
    ],
    "total_runtime_sec": 4.389359712600708
}