{
    "n_trials": 30,
    "avg_iterations": 8.7,
    "median_iterations": 9.0,
    "avg_auc_delta": 7.345409763706882,
    "avg_geo_decay": 0.5494887380525693,
    "best_k": 20,
    "best_combined_score": 0.51683520768601,
    "best_sse": 809.2371481862763,
    "total_runtime_sec": 0.3218686580657959
}