{
    "n_trials": 31,
    "avg_iterations": 8.67741935483871,
    "median_iterations": 8.0,
    "avg_auc_delta": 9.41274219575041,
    "avg_geo_decay": 0.564249548449114,
    "best_k": 20,
    "best_combined_score": 0.554715621057096,
    "best_sse": 868.815292463994,
    "total_runtime_sec": 3.5332844257354736
}