{
    "clean_state": "raw",
    "best_k": 6,
    "linkage": "single",
    "metric": "euclidean",
    "combined": 0.6579756112744405,
    "silhouette": 0.30288121002901713,
    "davies_bouldin": 0.5062929626188636,
    "sse": 10599.352850285286,
    "weights": {
        "alpha": 0.47,
        "beta": 0.53,
        "gamma": 0.0
    },
    "intra_dist_mean": 3.1658166609754237,
    "inter_dist_mean": 5.567346075816135,
    "ratio_intra_inter": 0.5686401775393076,
    "n_merge_steps": 1795,
    "h_max": 2.9155081032761743,
    "total_runtime_sec": 118.89370250701904
}