{
    "clean_state": "raw",
    "best_k": 11,
    "linkage": "single",
    "metric": "manhattan",
    "combined": 1.0381728774221206,
    "silhouette": 0.17296987621490612,
    "davies_bouldin": 0.5253823016398227,
    "intra_dist_mean": 5.513195369974081,
    "inter_dist_mean": 8.405424957791107,
    "ratio_intra_inter": 0.6559091774251302,
    "n_merge_steps": 275,
    "h_max": 13.740914153886434,
    "total_runtime_sec": 1.6202011108398438
}