{
    "clean_state": "raw",
    "best_k": 5,
    "linkage": "single",
    "metric": "euclidean",
    "combined": 1.1317767138341948,
    "silhouette": 0.285819268045965,
    "davies_bouldin": 0.5056291287353367,
    "intra_dist_mean": 5.626784645428723,
    "inter_dist_mean": 8.837724345192342,
    "ratio_intra_inter": 0.6366779982778051,
    "n_merge_steps": 275,
    "total_runtime_sec": 5.49572491645813
}