{
    "core_count": 318,
    "border_count": 15,
    "noise_count": 31,
    "noise_ratio": 0.08516483516483517,
    "neighbor_hist": [
        0,
        15,
        15,
        10,
        6,
        11,
        9,
        3,
        5,
        10,
        6,
        2,
        1,
        3,
        2,
        1,
        0,
        1,
        0,
        2,
        2,
        0,
        3,
        0,
        3,
        1,
        3,
        1,
        7,
        5,
        3,
        3,
        1,
        1,
        1,
        4,
        1,
        1,
        4,
        0,
        3,
        2,
        2,
        1,
        1,
        0,
        2,
        1,
        4,
        202
    ],
    "combined_score": 0.49192524085813294,
    "silhouette": 0.41676373434451097,
    "davies_bouldin": 1.5836703049124556,
    "sse": 1320.5579098090693,
    "weights": {
        "alpha": 0.47,
        "beta": 0.53,
        "gamma": 0.0
    }
}