{
    "clean_state": "raw",
    "best_k": 48,
    "linkage": "single",
    "metric": "manhattan",
    "combined": 1.8437137307838045,
    "silhouette": 0.6886789470345698,
    "davies_bouldin": 0.3334724453063109,
    "intra_dist_mean": 0.9548763397454305,
    "inter_dist_mean": 3.6801988526133105,
    "ratio_intra_inter": 0.2594632458697478,
    "n_merge_steps": 2375,
    "total_runtime_sec": 110.68772292137146
}