{
    "clean_state": "raw",
    "best_k": 48,
    "linkage": "single",
    "metric": "euclidean",
    "combined": 1.7574371932943804,
    "silhouette": 0.6952361354399146,
    "davies_bouldin": 0.35465542418165,
    "intra_dist_mean": 0.9381498155675896,
    "inter_dist_mean": 3.677597537874648,
    "ratio_intra_inter": 0.2550985543974202,
    "n_merge_steps": 2375,
    "h_max": 2.675162473948302,
    "total_runtime_sec": 105.61886715888977
}