{
    "clean_state": "raw",
    "best_k": 6,
    "linkage": "single",
    "metric": "euclidean",
    "combined": 1.2824580292486347,
    "silhouette": 0.5399236715924294,
    "davies_bouldin": 0.49382901707027144,
    "intra_dist_mean": 2.9426028857037565,
    "inter_dist_mean": 7.7143633187424285,
    "ratio_intra_inter": 0.3814446849494598,
    "n_merge_steps": 999,
    "total_runtime_sec": 28.276776552200317
}