{
    "clean_state": "raw",
    "best_k": 5,
    "linkage": "single",
    "metric": "manhattan",
    "combined": 1.7193040436200495,
    "silhouette": 0.48383322989618854,
    "davies_bouldin": 0.3384352609859806,
    "intra_dist_mean": 3.4725954048244776,
    "inter_dist_mean": 11.130440751025294,
    "ratio_intra_inter": 0.31199082610491263,
    "n_merge_steps": 1541,
    "total_runtime_sec": 69.84925413131714
}