{
    "clean_state": "raw",
    "best_k": 5,
    "linkage": "single",
    "metric": "manhattan",
    "combined": 1.7193040760464517,
    "silhouette": 0.48383322989620137,
    "davies_bouldin": 0.3384352535578441,
    "intra_dist_mean": 3.472595404824383,
    "inter_dist_mean": 11.130440751025294,
    "ratio_intra_inter": 0.31199082610490414,
    "n_merge_steps": 1541,
    "h_max": 11.233715864669687,
    "total_runtime_sec": 49.465545892715454
}