{
    "n_trials": 31,
    "avg_iterations": 4.580645161290323,
    "median_iterations": 4.0,
    "avg_auc_delta": 2.6042742086987416,
    "avg_geo_decay": 0.16714506919926364,
    "best_k": 15,
    "best_combined_score": 0.45921949394539935,
    "best_sse": 9138.444726092584,
    "weights": {
        "alpha": 0.47,
        "beta": 0.53,
        "gamma": 0.0
    },
    "total_runtime_sec": 3.3064937591552734
}