{
    "clean_state": "raw",
    "best_k": 9,
    "best_cov_type": "tied",
    "best_combined": 0.7393324855378811,
    "best_silhouette": 0.32303608516182636,
    "best_db": 0.8653297024581937,
    "n_iter_final": 1,
    "ll_curve_final": [
        -7.473402681042615,
        -7.432974597183638,
        -7.423991458065136,
        -7.419007487447292,
        -7.413814309344349,
        -7.408797667269519,
        -7.406045589798682,
        -7.403971942447029,
        -7.403566750749437
    ],
    "total_runtime_sec": 8.062065362930298
}