{
    "clean_state": "raw",
    "best_k": 9,
    "best_cov_type": "tied",
    "best_combined": 0.7102077799259959,
    "best_silhouette": 0.2949575794020612,
    "best_db": 0.8885271750440868,
    "n_iter_final": 1,
    "ll_curve_final": [
        -7.812009033135238,
        -7.758189016151568,
        -7.738123883685185,
        -7.732236504995963,
        -7.728655366321584,
        -7.7257772010615815,
        -7.723074809898534,
        -7.721511663246652,
        -7.720032556751392,
        -7.7184862893780215,
        -7.717607903680825
    ],
    "total_runtime_sec": 95.21106386184692
}