{
    "clean_state": "raw",
    "best_k": 6,
    "linkage": "single",
    "metric": "manhattan",
    "combined": 2.4351679506468367,
    "silhouette": 0.6054795725084293,
    "davies_bouldin": 0.2344744870420592,
    "intra_dist_mean": 3.4495252443620266,
    "inter_dist_mean": 11.14998463250127,
    "ratio_intra_inter": 0.30937488777398314,
    "n_merge_steps": 1313,
    "h_max": 9.9967877351699,
    "total_runtime_sec": 32.91080069541931
}