{
    "clean_state": "raw",
    "best_k": 6,
    "linkage": "single",
    "metric": "manhattan",
    "combined": 2.435167926885576,
    "silhouette": 0.6054795725081572,
    "davies_bouldin": 0.234474489654751,
    "intra_dist_mean": 3.4495252443645827,
    "inter_dist_mean": 11.14998463250127,
    "ratio_intra_inter": 0.3093748877742124,
    "n_merge_steps": 1313,
    "total_runtime_sec": 35.773401975631714
}