{
    "clean_state": "raw",
    "best_k": 5,
    "linkage": "single",
    "metric": "euclidean",
    "combined": 0.5875771643221618,
    "silhouette": 0.12194099171656643,
    "davies_bouldin": 0.630321510885215,
    "sse": 1127.743357433772,
    "weights": {
        "alpha": 0.47,
        "beta": 0.53,
        "gamma": 0.0
    },
    "intra_dist_mean": 5.674595798193478,
    "inter_dist_mean": 7.652376408511852,
    "ratio_intra_inter": 0.7415468731884123,
    "n_merge_steps": 71,
    "h_max": 7.480629864936098,
    "total_runtime_sec": 0.9588167667388916
}