{
    "n_trials": 30,
    "avg_iterations": 3.1333333333333333,
    "median_iterations": 3.0,
    "avg_auc_delta": 2.493381580492749,
    "avg_geo_decay": 0.08320678269347859,
    "best_k": 12,
    "best_combined_score": 1.2911833439925418,
    "best_sse": 116.59261187314887,
    "total_runtime_sec": 0.16872811317443848
}