{
    "n_trials": 31,
    "avg_iterations": 4.387096774193548,
    "median_iterations": 4.0,
    "avg_auc_delta": 5.046132364517876,
    "avg_geo_decay": 0.4137617098519868,
    "best_k": 12,
    "best_combined_score": 1.0302704600819586,
    "best_sse": 234.24215185083892,
    "total_runtime_sec": 1.4978995323181152
}