{
    "n_trials": 30,
    "avg_iterations": 2.066666666666667,
    "median_iterations": 2.0,
    "avg_auc_delta": 0.2551630744659919,
    "avg_geo_decay": 0.014150341878584166,
    "best_k": 8,
    "best_combined_score": 0.7362277615968715,
    "best_sse": 98.3424903735486,
    "weights": {
        "alpha": 0.47,
        "beta": 0.53,
        "gamma": 0.0
    },
    "total_runtime_sec": 1.0781855583190918
}