{
    "core_count": 98,
    "border_count": 0,
    "noise_count": 21,
    "noise_ratio": 0.17647058823529413,
    "neighbor_hist": [
        0,
        8,
        2,
        3,
        8,
        0,
        6,
        7,
        0,
        0,
        0,
        0,
        0,
        0,
        0,
        0,
        0,
        0,
        18,
        19,
        0,
        1,
        0,
        0,
        0,
        0,
        0,
        0,
        0,
        0,
        0,
        0,
        0,
        0,
        0,
        0,
        0,
        0,
        0,
        0,
        0,
        0,
        0,
        0,
        0,
        0,
        0,
        27,
        20
    ],
    "combined_score": 0.49481482459456605,
    "silhouette": 0.6425281415681354,
    "davies_bouldin": 1.7333387233960702,
    "sse": 11.516783116172217,
    "weights": {
        "alpha": 0.47,
        "beta": 0.53,
        "gamma": 0.0
    }
}