{
    "core_count": 2323,
    "border_count": 0,
    "noise_count": 53,
    "noise_ratio": 0.022306397306397305,
    "neighbor_hist": [
        0,
        7,
        4,
        18,
        24,
        5,
        6,
        42,
        8,
        18,
        0,
        0,
        0,
        13,
        0,
        0,
        0,
        0,
        0,
        0,
        0,
        0,
        0,
        0,
        0,
        50,
        0,
        27,
        0,
        29,
        30,
        31,
        0,
        33,
        102,
        35,
        0,
        0,
        76,
        0,
        0,
        0,
        0,
        43,
        0,
        0,
        0,
        0,
        0,
        1775
    ],
    "combined_score": 0.6526961002885492,
    "silhouette": 0.8661357218834748,
    "davies_bouldin": 0.9403620619212936,
    "sse": 96.5701867324403,
    "weights": {
        "alpha": 0.47,
        "beta": 0.53,
        "gamma": 0.0
    }
}