{
    "n_trials": 30,
    "avg_iterations": 16.5,
    "median_iterations": 15.0,
    "avg_auc_delta": 9.125847259104752,
    "avg_geo_decay": 0.7192737416670464,
    "best_k": 31,
    "best_combined_score": 0.5190781987322783,
    "best_sse": 2172.1614942368506,
    "weights": {
        "alpha": 0.47,
        "beta": 0.53,
        "gamma": 0.0
    },
    "total_runtime_sec": 5.826555490493774
}