{
    "core_count": 2073,
    "border_count": 75,
    "noise_count": 228,
    "noise_ratio": 0.09595959595959595,
    "neighbor_hist": [
        0,
        65,
        90,
        83,
        65,
        64,
        34,
        64,
        39,
        67,
        57,
        52,
        38,
        65,
        35,
        29,
        40,
        20,
        27,
        38,
        32,
        26,
        10,
        13,
        17,
        9,
        18,
        14,
        19,
        6,
        16,
        7,
        25,
        11,
        12,
        15,
        13,
        7,
        22,
        7,
        14,
        8,
        8,
        14,
        8,
        13,
        21,
        17,
        15,
        987
    ],
    "combined_score": 0.48223803416520405,
    "silhouette": 0.1930115169867184,
    "davies_bouldin": 1.42592970024956,
    "sse": 2990.9792850183644,
    "weights": {
        "alpha": 0.47,
        "beta": 0.53,
        "gamma": 0.0
    }
}