{
    "n_trials": 31,
    "avg_iterations": 10.129032258064516,
    "median_iterations": 9.0,
    "avg_auc_delta": 6.970037239474464,
    "avg_geo_decay": 0.47227192012558583,
    "best_k": 11,
    "best_combined_score": 0.628596376150364,
    "best_sse": 2494.5311197984274,
    "weights": {
        "alpha": 0.47,
        "beta": 0.53,
        "gamma": 0.0
    },
    "total_runtime_sec": 5.859734296798706
}