{
    "n_trials": 31,
    "avg_iterations": 9.387096774193548,
    "median_iterations": 9.0,
    "avg_auc_delta": 9.391809101526897,
    "avg_geo_decay": 0.5623878079096831,
    "best_k": 19,
    "best_combined_score": 0.547855160783101,
    "best_sse": 593.6275669810957,
    "total_runtime_sec": 4.309386968612671
}