{
    "n_trials": 30,
    "avg_iterations": 12.433333333333334,
    "median_iterations": 11.0,
    "avg_auc_delta": 14.265451510022475,
    "avg_geo_decay": 0.6238013128380913,
    "best_k": 21,
    "best_combined_score": 0.4958130323908901,
    "best_sse": 7204.641431083343,
    "weights": {
        "alpha": 0.47,
        "beta": 0.53,
        "gamma": 0.0
    },
    "total_runtime_sec": 12.157882452011108
}