{
    "n_trials": 31,
    "avg_iterations": 11.580645161290322,
    "median_iterations": 11.0,
    "avg_auc_delta": 8.626126649839305,
    "avg_geo_decay": 0.572500801953282,
    "best_k": 48,
    "best_combined_score": 0.8337867259104002,
    "best_sse": 1081.8448589642712,
    "total_runtime_sec": 8.762529850006104
}