{
    "centroid_movements": [
        1.9291320368223356e-15
    ],
    "sse_list": [
        1403.7659184809281,
        1403.765918480928
    ],
    "final_iteration": 2
}