{
    "n_trials": 20,
    "avg_iterations": 18.15,
    "median_iterations": 19.5,
    "avg_auc_delta": 9.919265985865014,
    "avg_geo_decay": 0.6702516224384014,
    "best_k": 9,
    "best_combined_score": 0.5417963295437478,
    "best_sse": 6707.243361315126,
    "weights": {
        "alpha": 0.47,
        "beta": 0.53,
        "gamma": 0.0
    },
    "total_runtime_sec": 7.13880467414856
}