{
    "n_trials": 30,
    "avg_iterations": 11.766666666666667,
    "median_iterations": 11.0,
    "avg_auc_delta": 9.362389405654847,
    "avg_geo_decay": 0.6064982972459471,
    "best_k": 31,
    "best_combined_score": 0.5670092425308272,
    "best_sse": 1173.509082101531,
    "total_runtime_sec": 1.2030832767486572
}