{
    "n_trials": 31,
    "avg_iterations": 16.06451612903226,
    "median_iterations": 15.0,
    "avg_auc_delta": 11.957788736381449,
    "avg_geo_decay": 0.662452639268277,
    "best_k": 31,
    "best_combined_score": 0.5417056132157461,
    "best_sse": 1217.4471578757518,
    "total_runtime_sec": 6.062049865722656
}