{
    "clean_state": "raw",
    "best_k": 18,
    "best_cov_type": "spherical",
    "best_combined": 0.4198218052546088,
    "best_silhouette": 0.05919100723689125,
    "best_db": 1.8197985162640065,
    "best_sse": 10364.25185731494,
    "weights": {
        "alpha": 0.47,
        "beta": 0.53,
        "gamma": 0.0
    },
    "n_iter_final": 1,
    "ll_curve_final": [
        -22.999040787396204,
        -22.96303617667496,
        -22.943911672710854,
        -22.925823619926618,
        -22.899784573333918,
        -22.859976447975104,
        -22.785007403710058,
        -22.693973043832056,
        -22.643492381423997,
        -22.614046900399245,
        -22.597429018673573,
        -22.59144752192008,
        -22.58734693199402,
        -22.580193157621757,
        -22.564855316923982,
        -22.538817417473823,
        -22.498172567003923,
        -22.443226846241803,
        -22.385679827588735,
        -22.37169788145671,
        -22.370299200882574,
        -22.369487339982538
    ],
    "total_runtime_sec": 9.432485103607178
}