{
    "clean_state": "raw",
    "best_k": 11,
    "best_cov_type": "tied",
    "best_combined": 0.8247686325437631,
    "best_silhouette": 0.3407186336613922,
    "best_db": 0.7640478031019207,
    "n_iter_final": 1,
    "ll_curve_final": [
        -7.04305607030011,
        -6.975582322706195,
        -6.942945634729526,
        -6.930180254297864,
        -6.9209906011180236,
        -6.912417406467932,
        -6.908661074476565,
        -6.906353900646399,
        -6.903202589036606,
        -6.896314505058843,
        -6.887186717781263,
        -6.883031597602888,
        -6.8802453206427145,
        -6.877672636118837,
        -6.874989346363347,
        -6.872018692390675,
        -6.868506530702491,
        -6.862090692348742,
        -6.812163716146091,
        -6.090434771936036,
        -5.8761029546558685,
        -5.875233045472865
    ],
    "total_runtime_sec": 85.9856584072113
}