{
    "clean_state": "raw",
    "best_k": 18,
    "best_cov_type": "spherical",
    "best_combined": 0.5505479391434425,
    "best_silhouette": 0.3328122371901872,
    "best_db": 1.096408706768982,
    "best_sse": 3044.276624254643,
    "weights": {
        "alpha": 0.47,
        "beta": 0.53,
        "gamma": 0.0
    },
    "n_iter_final": 1,
    "ll_curve_final": [
        -5.086932032716763,
        -5.04293781936909,
        -5.0239405304092175,
        -5.004734531765112,
        -4.986682216397854,
        -4.973340738291276,
        -4.95818001481494,
        -4.949769658059586,
        -4.94424574356792,
        -4.936940658495729,
        -4.92539197103542,
        -4.920771709001466,
        -4.918046442044933,
        -4.916428307421708,
        -4.916003207951686
    ],
    "total_runtime_sec": 40.00604224205017
}