{
    "clean_state": "raw",
    "best_k": 29,
    "best_cov_type": "tied",
    "best_combined": 0.5112925231731916,
    "best_silhouette": 0.2188295541368573,
    "best_db": 1.2441594610457931,
    "n_iter_final": 1,
    "ll_curve_final": [
        5.644997670079791,
        5.8047342816522765,
        5.884214581932543,
        5.952560939478571,
        6.01648130766777,
        6.156002577334659,
        6.172457707700006,
        6.175769655567104,
        6.17950034422712,
        6.186696816364375,
        6.198856347722593,
        6.2084740821239395,
        6.211953320094746,
        6.2122824196433974
    ],
    "total_runtime_sec": 22.834609985351562
}