{
    "n_trials": 31,
    "avg_iterations": 5.838709677419355,
    "median_iterations": 5.0,
    "avg_auc_delta": 6.093330110558903,
    "avg_geo_decay": 0.41416214197361156,
    "best_k": 20,
    "best_combined_score": 1.0550104895312957,
    "best_sse": 256.12636805189425,
    "total_runtime_sec": 3.780592203140259
}