{
    "n_trials": 30,
    "avg_iterations": 5.666666666666667,
    "median_iterations": 6.0,
    "avg_auc_delta": 4.333021640170549,
    "avg_geo_decay": 0.3274459636280212,
    "best_k": 20,
    "best_combined_score": 0.9832747445886345,
    "best_sse": 209.12575026800846,
    "total_runtime_sec": 0.3136916160583496
}