{
    "clean_state": "raw",
    "best_k": 34,
    "best_cov_type": "tied",
    "best_combined": 0.6599826449460737,
    "best_silhouette": 0.33745242649218143,
    "best_db": 1.0177983792899363,
    "n_iter_final": 1,
    "ll_curve_final": [
        -5.583465092583421,
        -5.500764338354239,
        -5.451872843778952,
        -5.381419168246612,
        -5.327314952672151,
        -5.257264867293344,
        -5.234304608804745,
        -5.23301342766047,
        -5.2319656661376515,
        -5.2299416493314865,
        -5.223382976749219,
        -5.199410035535128,
        -5.124071375869807,
        -5.112548699772076,
        -5.110271598506858,
        -5.109403458264849
    ],
    "total_runtime_sec": 45.035144090652466
}