{
    "clean_state": "raw",
    "best_k": 8,
    "best_cov_type": "tied",
    "best_combined": 0.5727649377482504,
    "best_silhouette": 0.3065132870219094,
    "best_db": 0.9366881481605767,
    "best_sse": 1861.950793228775,
    "weights": {
        "alpha": 0.47,
        "beta": 0.53,
        "gamma": 0.0
    },
    "n_iter_final": 1,
    "ll_curve_final": [
        -7.727975971013263,
        -7.645121737385424,
        -7.6009615554062515,
        -7.586805321090797,
        -7.583118499881923,
        -7.581217681089851,
        -7.5797871740659755,
        -7.578545507725193,
        -7.577329747529044,
        -7.5760516202547565,
        -7.574755098533001,
        -7.573646491382921,
        -7.572951688085717
    ],
    "total_runtime_sec": 8.112739324569702
}