{
    "n_trials": 31,
    "avg_iterations": 15.290322580645162,
    "median_iterations": 14.0,
    "avg_auc_delta": 11.361819716310166,
    "avg_geo_decay": 0.6455978141342975,
    "best_k": 22,
    "best_combined_score": 0.5511925755145671,
    "best_sse": 1088.3381030125843,
    "weights": {
        "alpha": 0.47,
        "beta": 0.53,
        "gamma": 0.0
    },
    "total_runtime_sec": 4.002290964126587
}