{
    "clean_state": "raw",
    "best_k": 6,
    "linkage": "average",
    "metric": "manhattan",
    "combined": 2.211957412492601,
    "silhouette": 0.7251891934935816,
    "davies_bouldin": 0.2703633898891604,
    "intra_dist_mean": 2.398345587708753,
    "inter_dist_mean": 11.1973235755835,
    "ratio_intra_inter": 0.2141891829345978,
    "n_merge_steps": 397,
    "total_runtime_sec": 6.462481260299683
}