{
    "clean_state": "raw",
    "best_k": 6,
    "linkage": "average",
    "metric": "manhattan",
    "combined": 2.2119574296895417,
    "silhouette": 0.7251891934935821,
    "davies_bouldin": 0.27036338737509286,
    "intra_dist_mean": 2.398345587708753,
    "inter_dist_mean": 11.1973235755835,
    "ratio_intra_inter": 0.2141891829345978,
    "n_merge_steps": 397,
    "h_max": 22.69979089536023,
    "total_runtime_sec": 2.272704839706421
}