{
    "clean_state": "raw",
    "best_k": 23,
    "best_cov_type": "spherical",
    "best_combined": 0.5711504498860396,
    "best_silhouette": 0.34503263342404206,
    "best_db": 0.9848761511050048,
    "best_sse": 1099.6692990558581,
    "weights": {
        "alpha": 0.47,
        "beta": 0.53,
        "gamma": 0.0
    },
    "n_iter_final": 1,
    "ll_curve_final": [
        -4.8323209766613475,
        -4.736120525563078,
        -4.662420022637248,
        -4.65036828029952,
        -4.645761963815522,
        -4.643570539417045,
        -4.643092330264248
    ],
    "total_runtime_sec": 45.58836913108826
}