{
    "core_count": 364,
    "border_count": 3,
    "noise_count": 25,
    "noise_ratio": 0.06377551020408163,
    "neighbor_hist": [
        0,
        9,
        9,
        9,
        1,
        4,
        6,
        5,
        0,
        4,
        2,
        0,
        1,
        0,
        2,
        1,
        2,
        0,
        0,
        1,
        0,
        5,
        2,
        0,
        1,
        0,
        1,
        2,
        5,
        1,
        0,
        0,
        1,
        1,
        1,
        3,
        2,
        0,
        4,
        3,
        1,
        0,
        0,
        4,
        2,
        0,
        0,
        0,
        0,
        297
    ],
    "combined_score": 0.45028148918257044,
    "silhouette": 0.5166657918229898,
    "davies_bouldin": 2.0208536677204147,
    "sse": 930.5155143970087,
    "weights": {
        "alpha": 0.47,
        "beta": 0.53,
        "gamma": 0.0
    }
}