{
    "core_count": 1238,
    "border_count": 20,
    "noise_count": 1,
    "noise_ratio": 0.0007942811755361397,
    "neighbor_hist": [
        0,
        0,
        1,
        1,
        3,
        2,
        8,
        6,
        3,
        2,
        5,
        2,
        1,
        2,
        5,
        3,
        16,
        7,
        5,
        9,
        10,
        10,
        26,
        1,
        13,
        9,
        8,
        8,
        4,
        5,
        3,
        2,
        5,
        4,
        6,
        5,
        3,
        0,
        2,
        2,
        2,
        3,
        7,
        12,
        4,
        5,
        3,
        8,
        7,
        1001
    ],
    "combined_score": 0.6157327293410989,
    "silhouette": 0.24043868959876913,
    "davies_bouldin": 0.6344997355549371,
    "sse": 6430.227340501852,
    "weights": {
        "alpha": 0.47,
        "beta": 0.53,
        "gamma": 0.0
    }
}