{
    "clean_state": "raw",
    "best_k": 5,
    "linkage": "single",
    "metric": "euclidean",
    "combined": 1.6489979092131597,
    "silhouette": 0.45341874865847703,
    "davies_bouldin": 0.3515461087794025,
    "intra_dist_mean": 3.4971866936112894,
    "inter_dist_mean": 9.423255746497878,
    "ratio_intra_inter": 0.3711229735975951,
    "n_merge_steps": 1056,
    "h_max": 6.197904404009047,
    "total_runtime_sec": 18.212806224822998
}