{
    "n_trials": 31,
    "avg_iterations": 9.225806451612904,
    "median_iterations": 9.0,
    "avg_auc_delta": 11.52446481088929,
    "avg_geo_decay": 0.5884982415603358,
    "best_k": 26,
    "best_combined_score": 0.51424818051094,
    "best_sse": 1268.745264610543,
    "weights": {
        "alpha": 0.47,
        "beta": 0.53,
        "gamma": 0.0
    },
    "total_runtime_sec": 4.49877142906189
}