{
    "clean_state": "raw",
    "best_k": 5,
    "linkage": "single",
    "metric": "cosine",
    "combined": 1.2916816818636252,
    "silhouette": 0.5652868792480822,
    "davies_bouldin": 0.4955213579321218,
    "intra_dist_mean": 3.82610169748329,
    "inter_dist_mean": 10.023623250857035,
    "ratio_intra_inter": 0.3817084503007204,
    "n_merge_steps": 415,
    "h_max": 0.7518880299580738,
    "total_runtime_sec": 2.603771448135376
}