{
    "clean_state": "raw",
    "best_k": 5,
    "linkage": "single",
    "metric": "euclidean",
    "combined": 1.2916816818636248,
    "silhouette": 0.5652868792480822,
    "davies_bouldin": 0.4955213579321221,
    "intra_dist_mean": 3.82610169748329,
    "inter_dist_mean": 10.023623250857035,
    "ratio_intra_inter": 0.3817084503007204,
    "n_merge_steps": 415,
    "total_runtime_sec": 8.603463172912598
}