{
    "core_count": 510,
    "border_count": 60,
    "noise_count": 430,
    "noise_ratio": 0.43,
    "neighbor_hist": [
        0,
        295,
        102,
        49,
        44,
        33,
        47,
        30,
        22,
        29,
        11,
        8,
        19,
        12,
        7,
        11,
        10,
        11,
        9,
        16,
        13,
        6,
        5,
        2,
        5,
        1,
        9,
        5,
        3,
        1,
        3,
        2,
        7,
        2,
        3,
        3,
        2,
        0,
        2,
        1,
        2,
        1,
        2,
        4,
        1,
        7,
        2,
        3,
        0,
        138
    ],
    "combined_score": 0.3912737157909832,
    "silhouette": -0.020337443005423117,
    "davies_bouldin": 2.0117765326763997,
    "sse": 2236.8482281293545,
    "weights": {
        "alpha": 0.47,
        "beta": 0.53,
        "gamma": 0.0
    }
}