{
    "core_count": 973,
    "border_count": 20,
    "noise_count": 46,
    "noise_ratio": 0.04427333974975938,
    "neighbor_hist": [
        0,
        12,
        22,
        16,
        10,
        6,
        5,
        11,
        9,
        10,
        8,
        9,
        8,
        8,
        10,
        10,
        8,
        8,
        7,
        4,
        6,
        4,
        4,
        2,
        1,
        2,
        2,
        2,
        3,
        18,
        5,
        5,
        3,
        2,
        1,
        0,
        2,
        2,
        2,
        0,
        0,
        0,
        1,
        0,
        1,
        0,
        0,
        1,
        0,
        789
    ],
    "combined_score": 0.48300428626438835,
    "silhouette": 0.39010052633486014,
    "davies_bouldin": 1.630499836157263,
    "sse": 4206.557449922047,
    "weights": {
        "alpha": 0.47,
        "beta": 0.53,
        "gamma": 0.0
    }
}