{
    "n_trials": 31,
    "avg_iterations": 11.935483870967742,
    "median_iterations": 11.0,
    "avg_auc_delta": 19.26346496264799,
    "avg_geo_decay": 0.675832287171531,
    "best_k": 18,
    "best_combined_score": 0.30846551487730467,
    "best_sse": 3457.7483839721544,
    "total_runtime_sec": 3.538177251815796
}