{
    "centroid_movements": [
        0.0
    ],
    "sse_list": [
        3801.0335260301263,
        3801.0335260301263
    ],
    "final_iteration": 2
}