{
    "n_trials": 31,
    "avg_iterations": 12.96774193548387,
    "median_iterations": 13.0,
    "avg_auc_delta": 10.015201329594216,
    "avg_geo_decay": 0.6089397026622724,
    "best_k": 10,
    "best_combined_score": 0.531633176108357,
    "best_sse": 2015.1113838876427,
    "weights": {
        "alpha": 0.47,
        "beta": 0.53,
        "gamma": 0.0
    },
    "total_runtime_sec": 4.490230083465576
}