{
    "clean_state": "raw",
    "best_k": 5,
    "linkage": "single",
    "metric": "euclidean",
    "combined": 0.8449042007682009,
    "silhouette": 0.14228814293171035,
    "davies_bouldin": 0.6461950946617278,
    "intra_dist_mean": 5.849474801337294,
    "inter_dist_mean": 7.648933691323485,
    "ratio_intra_inter": 0.7647438240930027,
    "n_merge_steps": 398,
    "total_runtime_sec": 7.452318906784058
}