{
    "clean_state": "raw",
    "best_k": 5,
    "linkage": "single",
    "metric": "euclidean",
    "combined": 0.6372110584191157,
    "silhouette": 0.25380278699903497,
    "davies_bouldin": 0.5464519973943323,
    "sse": 10230.810635967784,
    "weights": {
        "alpha": 0.47,
        "beta": 0.53,
        "gamma": 0.0
    },
    "intra_dist_mean": 3.2297343425493055,
    "inter_dist_mean": 5.3038043581948715,
    "ratio_intra_inter": 0.608946734160444,
    "n_merge_steps": 1723,
    "h_max": 2.7914235644303647,
    "total_runtime_sec": 65.1813325881958
}