{
    "n_trials": 31,
    "avg_iterations": 5.741935483870968,
    "median_iterations": 5.0,
    "avg_auc_delta": 7.244682685800223,
    "avg_geo_decay": 0.4492495855928965,
    "best_k": 18,
    "best_combined_score": 1.3027860038774888,
    "best_sse": 298.4456834725761,
    "total_runtime_sec": 3.222789764404297
}