{
    "n_trials": 20,
    "avg_iterations": 3.8,
    "median_iterations": 4.0,
    "avg_auc_delta": 3.12744166965962,
    "avg_geo_decay": 0.27482621934590223,
    "best_k": 9,
    "best_combined_score": 0.7304060292150389,
    "best_sse": 313.4513586916562,
    "weights": {
        "alpha": 0.47,
        "beta": 0.53,
        "gamma": 0.0
    },
    "total_runtime_sec": 0.33614110946655273
}