{
    "n_trials": 30,
    "avg_iterations": 4.6,
    "median_iterations": 5.0,
    "avg_auc_delta": 4.067817278879322,
    "avg_geo_decay": 0.26576618805870716,
    "best_k": 18,
    "best_combined_score": 1.0271495878073271,
    "best_sse": 286.37649751311176,
    "total_runtime_sec": 0.265566349029541
}