{
    "clean_state": "raw",
    "best_k": 31,
    "best_cov_type": "tied",
    "best_combined": 0.4068122525428202,
    "best_silhouette": 0.16698947859639637,
    "best_db": 1.5464674183043712,
    "n_iter_final": 1,
    "ll_curve_final": [
        -17.835139493839364,
        -17.6436489356183,
        -17.534675962907322,
        -17.443259643083483,
        -17.371483398675903,
        -17.35537775869669,
        -17.353444581901392,
        -17.35294237807546
    ],
    "total_runtime_sec": 21.213186025619507
}