{
    "clean_state": "raw",
    "best_k": 44,
    "best_cov_type": "spherical",
    "best_combined": 0.568802851039329,
    "best_silhouette": 0.38328610801032553,
    "best_db": 1.0349756942855337,
    "best_sse": 1767.8212490963308,
    "weights": {
        "alpha": 0.47,
        "beta": 0.53,
        "gamma": 0.0
    },
    "n_iter_final": 1,
    "ll_curve_final": [
        -3.048824842927245,
        -2.927001663765,
        -2.863476705890943,
        -2.808013574643631,
        -2.768676635521676,
        -2.724442693808592,
        -2.6965604469464703,
        -2.68749066737028,
        -2.679657344675286,
        -2.6682298697581115,
        -2.65129758064977,
        -2.6114891132658054,
        -2.5904909892209984,
        -2.587177986930156,
        -2.585963161955903,
        -2.585143681680165
    ],
    "total_runtime_sec": 21.860045194625854
}