{
    "clean_state": "raw",
    "best_k": 12,
    "best_cov_type": "full",
    "best_combined": 1.6811836603302486,
    "best_silhouette": 0.67872118546382,
    "best_db": 0.3726273694898723,
    "n_iter_final": 1,
    "ll_curve_final": [
        28.144496482851675,
        28.144496482851675
    ],
    "total_runtime_sec": 0.9789512157440186
}