{
    "clean_state": "raw",
    "best_k": 30,
    "best_cov_type": "spherical",
    "best_combined": 0.5119436547381132,
    "best_silhouette": 0.21335135045911752,
    "best_db": 1.2337515552211198,
    "n_iter_final": 1,
    "ll_curve_final": [
        -6.713617035802192,
        -6.662939573444627,
        -6.63330095079763,
        -6.6111942651415365,
        -6.590396616130062,
        -6.572598143567831,
        -6.559482474429699,
        -6.550372036141875,
        -6.544903830098024,
        -6.540417961371573,
        -6.535774779025629,
        -6.532155774090451,
        -6.52948746161591,
        -6.526868418701636,
        -6.524197193833552,
        -6.521124417461666,
        -6.516257917122741,
        -6.509315345960802,
        -6.501396950656289,
        -6.494136302608037,
        -6.488657805506786,
        -6.484267176362734,
        -6.480386846458303,
        -6.476728810428363,
        -6.473211752929182,
        -6.469997777781306,
        -6.467307591204352,
        -6.465164902367355,
        -6.4634604775808855,
        -6.462086688291886,
        -6.460952951593252,
        -6.459993825069835
    ],
    "total_runtime_sec": 22.873632431030273
}