{
    "clean_state": "raw",
    "best_k": 32,
    "best_cov_type": "spherical",
    "best_combined": 0.6665499562875157,
    "best_silhouette": 0.34347402031091606,
    "best_db": 1.0104828580345147,
    "n_iter_final": 1,
    "ll_curve_final": [
        -5.0974266261849825,
        -5.009114495110331,
        -4.946927440162239,
        -4.8892593271984035,
        -4.861356896658465,
        -4.845147992259807,
        -4.827046033321545,
        -4.809752873668495,
        -4.776535168306344,
        -4.745336302791861,
        -4.736580617763469,
        -4.73288510126219,
        -4.729992091806012,
        -4.726196440796184,
        -4.7250850286917725,
        -4.724972821820337
    ],
    "total_runtime_sec": 24.41852593421936
}