{
    "core_count": 71,
    "border_count": 28,
    "noise_count": 140,
    "noise_ratio": 0.5857740585774058,
    "neighbor_hist": [
        0,
        60,
        33,
        11,
        11,
        16,
        11,
        11,
        6,
        3,
        1,
        5,
        8,
        12,
        2,
        6,
        1,
        5,
        0,
        0,
        8,
        4,
        3,
        4,
        2,
        3,
        5,
        1,
        1,
        1,
        1,
        1,
        1,
        0,
        0,
        2
    ],
    "combined_score": 0.3230434845954061,
    "silhouette": -0.02645687416293055,
    "davies_bouldin": 3.0188927829183356,
    "sse": 259.6434712931302,
    "weights": {
        "alpha": 0.47,
        "beta": 0.53,
        "gamma": 0.0
    }
}