{
    "clean_state": "raw",
    "best_k": 9,
    "best_cov_type": "tied",
    "best_combined": 1.2876256226351663,
    "best_silhouette": 0.5638688019719127,
    "best_db": 0.4971704925295673,
    "n_iter_final": 1,
    "ll_curve_final": [
        12.942253343699168,
        13.114782561382137,
        13.40441786062283,
        13.490834840863414,
        13.491366475383755
    ],
    "total_runtime_sec": 3.1123464107513428
}