{
    "n_trials": 31,
    "avg_iterations": 10.903225806451612,
    "median_iterations": 10.0,
    "avg_auc_delta": 16.607557553309945,
    "avg_geo_decay": 0.6461127357921125,
    "best_k": 16,
    "best_combined_score": 0.43009877468253954,
    "best_sse": 2335.903213590505,
    "weights": {
        "alpha": 0.47,
        "beta": 0.53,
        "gamma": 0.0
    },
    "total_runtime_sec": 3.598750591278076
}