{
    "n_trials": 31,
    "avg_iterations": 8.0,
    "median_iterations": 7.0,
    "avg_auc_delta": 6.650901505106336,
    "avg_geo_decay": 0.41444944359432095,
    "best_k": 10,
    "best_combined_score": 0.5473316126564848,
    "best_sse": 2054.073198816585,
    "weights": {
        "alpha": 0.47,
        "beta": 0.53,
        "gamma": 0.0
    },
    "total_runtime_sec": 9.238718271255493
}