{
    "n_trials": 31,
    "avg_iterations": 13.903225806451612,
    "median_iterations": 13.0,
    "avg_auc_delta": 17.353372062532085,
    "avg_geo_decay": 0.696682356059246,
    "best_k": 23,
    "best_combined_score": 0.45908977641323045,
    "best_sse": 2971.1731226761926,
    "weights": {
        "alpha": 0.47,
        "beta": 0.53,
        "gamma": 0.0
    },
    "total_runtime_sec": 3.40000581741333
}