{
    "clean_state": "raw",
    "best_k": 9,
    "linkage": "single",
    "metric": "manhattan",
    "combined": 1.0643574872466488,
    "silhouette": 0.24107975765692896,
    "davies_bouldin": 0.5297633732835182,
    "intra_dist_mean": 5.346225316931827,
    "inter_dist_mean": 8.969116705276912,
    "ratio_intra_inter": 0.5960704373247613,
    "n_merge_steps": 384,
    "h_max": 12.442837299342079,
    "total_runtime_sec": 2.0888028144836426
}