{
    "clean_state": "raw",
    "best_k": 5,
    "linkage": "average",
    "metric": "manhattan",
    "combined": 0.8018530434286122,
    "silhouette": 0.7333471727544235,
    "davies_bouldin": 0.3298263175869715,
    "sse": 3935.6517961635604,
    "weights": {
        "alpha": 0.47,
        "beta": 0.53,
        "gamma": 0.0
    },
    "intra_dist_mean": 1.9994812440427092,
    "inter_dist_mean": 8.1358657753388,
    "ratio_intra_inter": 0.2457613361940204,
    "n_merge_steps": 1607,
    "h_max": 12.159980997503514,
    "total_runtime_sec": 64.98186254501343
}