{
    "clean_state": "raw",
    "best_k": 9,
    "linkage": "single",
    "metric": "manhattan",
    "combined": 1.064357483874215,
    "silhouette": 0.2410797576569289,
    "davies_bouldin": 0.5297633751764602,
    "intra_dist_mean": 5.346225316931827,
    "inter_dist_mean": 8.969116705276912,
    "ratio_intra_inter": 0.5960704373247613,
    "n_merge_steps": 384,
    "total_runtime_sec": 7.856277227401733
}