{
    "n_trials": 30,
    "avg_iterations": 9.3,
    "median_iterations": 9.0,
    "avg_auc_delta": 7.459405939931364,
    "avg_geo_decay": 0.5059948164294173,
    "best_k": 28,
    "best_combined_score": 0.7208348503037096,
    "best_sse": 860.204248949615,
    "total_runtime_sec": 0.9186334609985352
}