{
    "n_trials": 30,
    "avg_iterations": 7.833333333333333,
    "median_iterations": 7.0,
    "avg_auc_delta": 6.3936162602128,
    "avg_geo_decay": 0.4214414829514899,
    "best_k": 22,
    "best_combined_score": 0.6427439248594016,
    "best_sse": 652.4867462909477,
    "weights": {
        "alpha": 0.47,
        "beta": 0.53,
        "gamma": 0.0
    },
    "total_runtime_sec": 1.3013362884521484
}