{
    "clean_state": "raw",
    "best_k": 13,
    "best_cov_type": "tied",
    "best_combined": 0.5352987711369087,
    "best_silhouette": 0.29989740367144035,
    "best_db": 1.1603427075222705,
    "best_sse": 6426.321000203442,
    "weights": {
        "alpha": 0.47,
        "beta": 0.53,
        "gamma": 0.0
    },
    "n_iter_final": 1,
    "ll_curve_final": [
        -8.59095698722473,
        -8.544267838038689,
        -8.529106591786501,
        -8.52071115641875,
        -8.51514886085052,
        -8.511256045995099,
        -8.508387567740323,
        -8.506298579130547,
        -8.504828904417158,
        -8.50380005436345,
        -8.503072581002952
    ],
    "total_runtime_sec": 43.166104316711426
}