{
    "n_trials": 31,
    "avg_iterations": 10.387096774193548,
    "median_iterations": 10.0,
    "avg_auc_delta": 7.914560815179742,
    "avg_geo_decay": 0.6099551045953223,
    "best_k": 20,
    "best_combined_score": 0.5265710297880599,
    "best_sse": 676.9650283340311,
    "weights": {
        "alpha": 0.47,
        "beta": 0.53,
        "gamma": 0.0
    },
    "total_runtime_sec": 6.0242578983306885
}