{
    "n_trials": 30,
    "avg_iterations": 10.1,
    "median_iterations": 9.0,
    "avg_auc_delta": 5.469551278798262,
    "avg_geo_decay": 0.5997958207010761,
    "best_k": 25,
    "best_combined_score": 0.579592055085352,
    "best_sse": 1001.0899811725571,
    "weights": {
        "alpha": 0.47,
        "beta": 0.53,
        "gamma": 0.0
    },
    "total_runtime_sec": 11.226329803466797
}