{
    "n_trials": 30,
    "avg_iterations": 13.566666666666666,
    "median_iterations": 10.0,
    "avg_auc_delta": 8.44485047057682,
    "avg_geo_decay": 0.6154841287288803,
    "best_k": 30,
    "best_combined_score": 0.5299947000269314,
    "best_sse": 1464.447412691201,
    "total_runtime_sec": 1.2320256233215332
}