{
    "n_trials": 31,
    "avg_iterations": 17.129032258064516,
    "median_iterations": 16.0,
    "avg_auc_delta": 12.944097676563091,
    "avg_geo_decay": 0.7255654602368867,
    "best_k": 30,
    "best_combined_score": 0.5410711822523939,
    "best_sse": 1450.85817129465,
    "total_runtime_sec": 8.9098060131073
}