{
    "core_count": 532,
    "border_count": 25,
    "noise_count": 44,
    "noise_ratio": 0.07321131447587355,
    "neighbor_hist": [
        0,
        20,
        16,
        16,
        17,
        17,
        7,
        8,
        16,
        8,
        4,
        19,
        11,
        10,
        2,
        5,
        4,
        5,
        7,
        2,
        4,
        6,
        10,
        4,
        4,
        3,
        4,
        3,
        4,
        2,
        0,
        5,
        3,
        1,
        4,
        4,
        9,
        8,
        5,
        0,
        6,
        6,
        5,
        3,
        5,
        9,
        6,
        6,
        4,
        274
    ],
    "combined_score": 0.39388617574843304,
    "silhouette": 0.0934649080534244,
    "davies_bouldin": 2.168211069561065,
    "sse": 2891.293785965084,
    "weights": {
        "alpha": 0.47,
        "beta": 0.53,
        "gamma": 0.0
    }
}