{
    "n_trials": 31,
    "avg_iterations": 4.032258064516129,
    "median_iterations": 4.0,
    "avg_auc_delta": 5.112165381772407,
    "avg_geo_decay": 0.370936229953681,
    "best_k": 12,
    "best_combined_score": 1.1947569478801334,
    "best_sse": 114.94864289505662,
    "total_runtime_sec": 2.334322690963745
}