{
    "n_trials": 30,
    "avg_iterations": 2.7333333333333334,
    "median_iterations": 3.0,
    "avg_auc_delta": 1.3227766290882106,
    "avg_geo_decay": 0.1171696342132328,
    "best_k": 10,
    "best_combined_score": 0.7538426146198531,
    "best_sse": 114.80200120115647,
    "weights": {
        "alpha": 0.47,
        "beta": 0.53,
        "gamma": 0.0
    },
    "total_runtime_sec": 0.3196268081665039
}