{
    "core_count": 929,
    "border_count": 20,
    "noise_count": 52,
    "noise_ratio": 0.05194805194805195,
    "neighbor_hist": [
        0,
        34,
        18,
        13,
        7,
        12,
        16,
        2,
        14,
        12,
        7,
        8,
        6,
        8,
        5,
        2,
        1,
        3,
        1,
        7,
        7,
        4,
        9,
        5,
        3,
        1,
        4,
        0,
        2,
        2,
        2,
        2,
        3,
        2,
        1,
        1,
        0,
        0,
        1,
        2,
        3,
        1,
        2,
        2,
        2,
        0,
        4,
        3,
        1,
        756
    ],
    "combined_score": 0.48655136253873327,
    "silhouette": 0.33565785464596337,
    "davies_bouldin": 1.550015891226413,
    "sse": 4088.4911324914747,
    "weights": {
        "alpha": 0.47,
        "beta": 0.53,
        "gamma": 0.0
    }
}