{
    "n_trials": 31,
    "avg_iterations": 9.516129032258064,
    "median_iterations": 9.0,
    "avg_auc_delta": 10.14567899971726,
    "avg_geo_decay": 0.5853934585791842,
    "best_k": 15,
    "best_combined_score": 0.5305656774097732,
    "best_sse": 842.8523947394042,
    "weights": {
        "alpha": 0.47,
        "beta": 0.53,
        "gamma": 0.0
    },
    "total_runtime_sec": 9.148462057113647
}