{
    "clean_state": "raw",
    "best_k": 37,
    "best_cov_type": "spherical",
    "best_combined": 0.5093177887155743,
    "best_silhouette": 0.27214345814929236,
    "best_db": 1.3103779858545084,
    "best_sse": 3649.3410792830805,
    "weights": {
        "alpha": 0.47,
        "beta": 0.53,
        "gamma": 0.0
    },
    "n_iter_final": 1,
    "ll_curve_final": [
        -6.045030059200333,
        -5.976109055127588,
        -5.938857503587854,
        -5.9026559387666655,
        -5.87253660941725,
        -5.847811672073883,
        -5.833307108532622,
        -5.820877576039205,
        -5.811197545915803,
        -5.805115624629104,
        -5.799185562874949,
        -5.788567083537353,
        -5.77678676034041,
        -5.764360186196482,
        -5.755829445820861,
        -5.750183697442263,
        -5.746450185426801,
        -5.742510672696504,
        -5.738127531207502,
        -5.7366248527700225,
        -5.735518479261811,
        -5.734329700056999,
        -5.733105155572722,
        -5.73200000445184,
        -5.731078067490212
    ],
    "total_runtime_sec": 26.260947465896606
}