{
    "clean_state": "raw",
    "best_k": 12,
    "best_cov_type": "tied",
    "best_combined": 0.7104054600455673,
    "best_silhouette": 0.5526155477488994,
    "best_db": 0.5136167144788654,
    "best_sse": 247.64372536615716,
    "weights": {
        "alpha": 0.47,
        "beta": 0.53,
        "gamma": 0.0
    },
    "n_iter_final": 1,
    "ll_curve_final": [
        10.447931138368007,
        10.458121011463499,
        10.463120609324031,
        10.466701244653141,
        10.46923949180943,
        10.470803298553866,
        10.471681155270101
    ],
    "total_runtime_sec": 8.547565221786499
}