{
    "clean_state": "raw",
    "best_k": 5,
    "best_cov_type": "spherical",
    "best_combined": 1.4537786166072,
    "best_silhouette": 0.5390005575629967,
    "best_db": 0.4221980458732231,
    "n_iter_final": 1,
    "ll_curve_final": [
        -8.084107901489391,
        -8.084065580437132
    ],
    "total_runtime_sec": 0.9390640258789062
}