{
    "n_trials": 31,
    "avg_iterations": 13.806451612903226,
    "median_iterations": 12.0,
    "avg_auc_delta": 9.17310536096977,
    "avg_geo_decay": 0.6378947613384242,
    "best_k": 40,
    "best_combined_score": 0.5975621632978045,
    "best_sse": 1182.9182707224304,
    "weights": {
        "alpha": 0.47,
        "beta": 0.53,
        "gamma": 0.0
    },
    "total_runtime_sec": 14.000050783157349
}