{
    "n_trials": 31,
    "avg_iterations": 15.096774193548388,
    "median_iterations": 15.0,
    "avg_auc_delta": 11.693108413543843,
    "avg_geo_decay": 0.6286498106169198,
    "best_k": 8,
    "best_combined_score": 0.5422432043794992,
    "best_sse": 4314.572209926106,
    "weights": {
        "alpha": 0.47,
        "beta": 0.53,
        "gamma": 0.0
    },
    "total_runtime_sec": 3.7442808151245117
}