{
    "n_trials": 30,
    "avg_iterations": 4.2,
    "median_iterations": 4.0,
    "avg_auc_delta": 4.145727381456018,
    "avg_geo_decay": 0.25377839892331544,
    "best_k": 12,
    "best_combined_score": 0.737211469161149,
    "best_sse": 475.2186562004961,
    "weights": {
        "alpha": 0.47,
        "beta": 0.53,
        "gamma": 0.0
    },
    "total_runtime_sec": 0.5621781349182129
}