{
    "n_trials": 31,
    "avg_iterations": 4.870967741935484,
    "median_iterations": 4.0,
    "avg_auc_delta": 5.6398581947497615,
    "avg_geo_decay": 0.3902925498736357,
    "best_k": 16,
    "best_combined_score": 1.0396319880228106,
    "best_sse": 179.04664237160068,
    "total_runtime_sec": 3.73270845413208
}