{
    "clean_state": "raw",
    "best_k": 16,
    "linkage": "single",
    "metric": "manhattan",
    "combined": 0.7457885917534001,
    "silhouette": 0.4984769656655478,
    "davies_bouldin": 0.34633765327738386,
    "sse": 4075.5507369169095,
    "weights": {
        "alpha": 0.47,
        "beta": 0.53,
        "gamma": 0.0
    },
    "intra_dist_mean": 3.0145147788191995,
    "inter_dist_mean": 9.801132548692859,
    "ratio_intra_inter": 0.30756800439566817,
    "n_merge_steps": 817,
    "h_max": 12.032529273626746,
    "total_runtime_sec": 15.336789846420288
}