{
    "clean_state": "raw",
    "best_k": 46,
    "linkage": "average",
    "metric": "euclidean",
    "combined": 1.097790940707774,
    "silhouette": 0.4329181103905872,
    "davies_bouldin": 0.5673231710086808,
    "intra_dist_mean": 1.1180756798162967,
    "inter_dist_mean": 3.4923925004206215,
    "ratio_intra_inter": 0.32014605451171835,
    "n_merge_steps": 2129,
    "h_max": 4.746642852966014,
    "total_runtime_sec": 102.90826487541199
}