{
    "clean_state": "raw",
    "best_k": 46,
    "linkage": "average",
    "metric": "euclidean",
    "combined": 1.0977909406659154,
    "silhouette": 0.4329181103068664,
    "davies_bouldin": 0.5673231710086796,
    "intra_dist_mean": 1.118075679829749,
    "inter_dist_mean": 3.4923925004206215,
    "ratio_intra_inter": 0.3201460545155702,
    "n_merge_steps": 2129,
    "total_runtime_sec": 107.53100800514221
}