{
    "core_count": 727,
    "border_count": 27,
    "noise_count": 40,
    "noise_ratio": 0.05037783375314862,
    "neighbor_hist": [
        0,
        28,
        23,
        10,
        6,
        7,
        12,
        11,
        6,
        9,
        8,
        6,
        4,
        31,
        15,
        12,
        6,
        6,
        4,
        5,
        6,
        7,
        7,
        5,
        7,
        4,
        3,
        5,
        7,
        2,
        5,
        9,
        3,
        3,
        5,
        5,
        5,
        5,
        4,
        3,
        4,
        5,
        5,
        5,
        4,
        8,
        2,
        5,
        3,
        444
    ],
    "combined_score": 0.48575020896520377,
    "silhouette": 0.4215290949565104,
    "davies_bouldin": 1.6366254764363635,
    "sse": 4097.33451964229,
    "weights": {
        "alpha": 0.47,
        "beta": 0.53,
        "gamma": 0.0
    }
}