{
    "clean_state": "raw",
    "best_k": 8,
    "linkage": "single",
    "metric": "manhattan",
    "combined": 2.438924996064692,
    "silhouette": 0.5559230507064986,
    "davies_bouldin": 0.23137827491150859,
    "intra_dist_mean": 2.723558238667386,
    "inter_dist_mean": 10.420401249879855,
    "ratio_intra_inter": 0.2613678853008205,
    "n_merge_steps": 724,
    "total_runtime_sec": 18.25178098678589
}