{
    "clean_state": "raw",
    "best_k": 8,
    "linkage": "single",
    "metric": "manhattan",
    "combined": 2.438925005810505,
    "silhouette": 0.5559230507069295,
    "davies_bouldin": 0.2313782738680298,
    "intra_dist_mean": 2.723558238663834,
    "inter_dist_mean": 10.420401249879855,
    "ratio_intra_inter": 0.26136788530047966,
    "n_merge_steps": 724,
    "h_max": 20.164660836109867,
    "total_runtime_sec": 6.208080291748047
}