{
    "clean_state": "raw",
    "best_k": 6,
    "linkage": "average",
    "metric": "euclidean",
    "combined": 0.8238482891083552,
    "silhouette": 0.7275002249264522,
    "davies_bouldin": 0.2635412389518,
    "sse": 3662.448408707132,
    "weights": {
        "alpha": 0.47,
        "beta": 0.53,
        "gamma": 0.0
    },
    "intra_dist_mean": 2.4544628366252548,
    "inter_dist_mean": 10.090753721372378,
    "ratio_intra_inter": 0.24323880102498388,
    "n_merge_steps": 945,
    "h_max": 27.184628495854582,
    "total_runtime_sec": 21.518861293792725
}