{
    "clean_state": "raw",
    "best_k": 9,
    "best_cov_type": "tied",
    "best_combined": 0.9139078647692932,
    "best_silhouette": 0.4106864332852449,
    "best_db": 0.7056519137977295,
    "n_iter_final": 1,
    "ll_curve_final": [
        -6.760837875514593,
        -6.743661284259055,
        -6.7397969979134,
        -6.738477155731806,
        -6.737925235764949
    ],
    "total_runtime_sec": 14.218528032302856
}