{
    "clean_state": "raw",
    "best_k": 24,
    "best_cov_type": "spherical",
    "best_combined": 0.5029358673857649,
    "best_silhouette": 0.1890359576759235,
    "best_db": 1.2599408883878251,
    "best_sse": 3967.9611552297624,
    "weights": {
        "alpha": 0.47,
        "beta": 0.53,
        "gamma": 0.0
    },
    "n_iter_final": 1,
    "ll_curve_final": [
        -17.68017561537946,
        -17.56638819713858,
        -17.507128110876966,
        -17.453142598630496,
        -17.39847093866074,
        -17.35406169767861,
        -17.346799709487932,
        -17.340170871954008,
        -17.331321807740814,
        -17.32943477668579,
        -17.328592208469182
    ],
    "total_runtime_sec": 9.645841360092163
}