{
    "clean_state": "raw",
    "best_k": 27,
    "best_cov_type": "tied",
    "best_combined": 0.7303244630693552,
    "best_silhouette": 0.4305283124084427,
    "best_db": 0.9707601097106531,
    "n_iter_final": 1,
    "ll_curve_final": [
        -3.438586907116716,
        -0.9485084897754185,
        -0.8911197778574992,
        -0.7991695777077302,
        -0.6930990184129753,
        -0.5971270293974311,
        -0.5742211519737969,
        -0.525262326362656,
        -0.4971566045364725,
        -0.4868228643787506,
        -0.4796189721168901,
        -0.4745005200376628,
        -0.47258703822778975,
        -0.471995895250108
    ],
    "total_runtime_sec": 21.704827785491943
}