{
    "clean_state": "raw",
    "best_k": 23,
    "best_cov_type": "tied",
    "best_combined": 0.673060881941239,
    "best_silhouette": 0.4993860330185429,
    "best_db": 0.6204272102831123,
    "best_sse": 547.1858959189033,
    "weights": {
        "alpha": 0.47,
        "beta": 0.53,
        "gamma": 0.0
    },
    "n_iter_final": 1,
    "ll_curve_final": [
        -0.5831222232853934,
        -0.5565088802558825,
        -0.5422088006288255,
        -0.532864234036586,
        -0.5101388057357399,
        -0.452798740669384,
        -0.3496335425134448,
        -0.29526125901439226,
        -0.2823625251027649,
        -0.2757185075160799,
        -0.26899981090140646,
        -0.2616589267690477,
        -0.2556452466935581,
        -0.2520470608796856,
        -0.24980660262999577,
        -0.24810234654994692,
        -0.24663840223856023,
        -0.24492240516437222,
        -0.24206589688871935,
        -0.2374815730974174,
        -0.2332122498830993,
        -0.2281548725653632,
        -0.2230531310991547,
        -0.2164862924456207,
        -0.21377893580048113,
        -0.21342360083003373
    ],
    "total_runtime_sec": 10.20705795288086
}