{
    "n_trials": 31,
    "avg_iterations": 14.258064516129032,
    "median_iterations": 14.0,
    "avg_auc_delta": 10.478711892607473,
    "avg_geo_decay": 0.6384331340481365,
    "best_k": 41,
    "best_combined_score": 0.5792501484120856,
    "best_sse": 1516.095811017499,
    "total_runtime_sec": 8.55443525314331
}