{
    "n_trials": 31,
    "avg_iterations": 13.483870967741936,
    "median_iterations": 13.0,
    "avg_auc_delta": 17.937541392568583,
    "avg_geo_decay": 0.644069988052194,
    "best_k": 49,
    "best_combined_score": 0.5890888354770005,
    "best_sse": 1439.9068833432618,
    "weights": {
        "alpha": 0.47,
        "beta": 0.53,
        "gamma": 0.0
    },
    "total_runtime_sec": 13.361095190048218
}