{
    "n_trials": 31,
    "avg_iterations": 6.483870967741935,
    "median_iterations": 6.0,
    "avg_auc_delta": 7.953883861306582,
    "avg_geo_decay": 0.43216244828715805,
    "best_k": 15,
    "best_combined_score": 0.5643162270522424,
    "best_sse": 1292.8917839223998,
    "weights": {
        "alpha": 0.47,
        "beta": 0.53,
        "gamma": 0.0
    },
    "total_runtime_sec": 3.5664608478546143
}