{
    "n_trials": 31,
    "avg_iterations": 12.548387096774194,
    "median_iterations": 11.0,
    "avg_auc_delta": 7.463730054909624,
    "avg_geo_decay": 0.6385365653657382,
    "best_k": 19,
    "best_combined_score": 0.554778891427888,
    "best_sse": 1089.7647705835434,
    "weights": {
        "alpha": 0.47,
        "beta": 0.53,
        "gamma": 0.0
    },
    "total_runtime_sec": 8.581720352172852
}