{
    "clean_state": "raw",
    "best_k": 24,
    "best_cov_type": "tied",
    "best_combined": 0.5849789261413267,
    "best_silhouette": 0.25293004198841224,
    "best_db": 1.0904794694057707,
    "n_iter_final": 1,
    "ll_curve_final": [
        -6.29297104521765,
        -0.7543479343950514,
        -0.6035375870708772,
        -0.5855346876597938,
        -0.5760333522854836,
        -0.5713324062007125,
        -0.5675496286574566,
        -0.5667794203737807
    ],
    "total_runtime_sec": 17.658098459243774
}