{
    "clean_state": "raw",
    "best_k": 41,
    "best_cov_type": "tied",
    "best_combined": 0.6203441927568677,
    "best_silhouette": 0.43278619305133176,
    "best_db": 0.8036677921538047,
    "best_sse": 1174.8821518412797,
    "weights": {
        "alpha": 0.47,
        "beta": 0.53,
        "gamma": 0.0
    },
    "n_iter_final": 1,
    "ll_curve_final": [
        -3.3726100847810256,
        -3.2418499797193467,
        -3.198540130982815,
        -3.1801192270001426,
        -3.1751881240580446,
        -3.171451620224736,
        -3.169320837828723,
        -3.1688577514597434
    ],
    "total_runtime_sec": 29.497082948684692
}