{
    "core_count": 1896,
    "border_count": 25,
    "noise_count": 54,
    "noise_ratio": 0.027341772151898733,
    "neighbor_hist": [
        0,
        13,
        9,
        5,
        12,
        11,
        4,
        9,
        5,
        2,
        9,
        6,
        7,
        12,
        9,
        2,
        7,
        13,
        6,
        6,
        5,
        6,
        10,
        5,
        9,
        17,
        18,
        5,
        3,
        5,
        7,
        6,
        0,
        16,
        7,
        4,
        5,
        2,
        17,
        13,
        10,
        11,
        12,
        19,
        11,
        2,
        5,
        1,
        3,
        1594
    ],
    "combined_score": 0.4639360063546441,
    "silhouette": 0.3369157770577728,
    "davies_bouldin": 1.7402996825468857,
    "sse": 6990.452147034568,
    "weights": {
        "alpha": 0.47,
        "beta": 0.53,
        "gamma": 0.0
    }
}