{
    "clean_state": "raw",
    "best_k": 6,
    "linkage": "single",
    "metric": "euclidean",
    "combined": 0.9175738617871456,
    "silhouette": 0.25927678597766857,
    "davies_bouldin": 0.6345697329281994,
    "intra_dist_mean": 4.011940717839603,
    "inter_dist_mean": 7.210058645574656,
    "ratio_intra_inter": 0.5564366276412287,
    "n_merge_steps": 39,
    "total_runtime_sec": 0.7757828235626221
}