{
    "n_trials": 31,
    "avg_iterations": 3.7096774193548385,
    "median_iterations": 3.0,
    "avg_auc_delta": 6.377168177225792,
    "avg_geo_decay": 0.24667430805990037,
    "best_k": 6,
    "best_combined_score": 0.3237497464644175,
    "best_sse": 501.1085830263287,
    "total_runtime_sec": 1.0238378047943115
}