{
    "n_trials": 30,
    "avg_iterations": 12.233333333333333,
    "median_iterations": 11.0,
    "avg_auc_delta": 7.511194766166299,
    "avg_geo_decay": 0.6692134023932655,
    "best_k": 32,
    "best_combined_score": 0.5280359631239185,
    "best_sse": 1692.062850272056,
    "weights": {
        "alpha": 0.47,
        "beta": 0.53,
        "gamma": 0.0
    },
    "total_runtime_sec": 2.336932420730591
}