{
    "n_trials": 20,
    "avg_iterations": 2.0,
    "median_iterations": 2.0,
    "avg_auc_delta": 0.0,
    "avg_geo_decay": 0.0,
    "best_k": 6,
    "best_combined_score": 0.3464152954254667,
    "best_sse": 514.4330779538172,
    "total_runtime_sec": 0.07301712036132812
}