{
    "clean_state": "raw",
    "best_k": 9,
    "best_cov_type": "tied",
    "best_combined": 0.5378523182063878,
    "best_silhouette": 0.24877802907965996,
    "best_db": 1.0877557892518839,
    "best_sse": 3072.0981663032603,
    "weights": {
        "alpha": 0.47,
        "beta": 0.53,
        "gamma": 0.0
    },
    "n_iter_final": 1,
    "ll_curve_final": [
        -8.497134660698128,
        -8.44823992663285,
        -8.419182538714717,
        -8.390880479058684,
        -8.373239162882099,
        -8.364179987405567,
        -8.357386705709187,
        -8.353007742254341,
        -8.343931016437166,
        -8.325024346661666,
        -8.303663059525846,
        -8.286093073255707,
        -8.28252665890962,
        -8.281937690865965
    ],
    "total_runtime_sec": 47.609055519104004
}