{
    "clean_state": "raw",
    "best_k": 26,
    "best_cov_type": "spherical",
    "best_combined": 0.6078513285361933,
    "best_silhouette": 0.27489049643357777,
    "best_db": 1.0629114310352905,
    "n_iter_final": 1,
    "ll_curve_final": [
        -5.575600304435181,
        -5.475122204408748,
        -5.415098764754927,
        -5.391128673907601,
        -5.3778847594108194,
        -5.365139399151104,
        -5.356014828747729,
        -5.347922096136635,
        -5.3329092140875085,
        -5.327874240972299,
        -5.324907251834541,
        -5.323521557473834,
        -5.322827642133886
    ],
    "total_runtime_sec": 12.344126224517822
}