{
    "core_count": 385,
    "border_count": 20,
    "noise_count": 32,
    "noise_ratio": 0.07322654462242563,
    "neighbor_hist": [
        0,
        16,
        12,
        14,
        10,
        7,
        10,
        6,
        5,
        8,
        6,
        7,
        1,
        2,
        6,
        11,
        4,
        6,
        4,
        6,
        7,
        6,
        8,
        6,
        5,
        8,
        4,
        2,
        2,
        5,
        6,
        7,
        4,
        1,
        2,
        4,
        3,
        1,
        7,
        2,
        4,
        3,
        3,
        2,
        1,
        3,
        5,
        3,
        5,
        177
    ],
    "combined_score": 0.41766359300430705,
    "silhouette": 0.27874111833192095,
    "davies_bouldin": 2.130515926112738,
    "sse": 2066.7598047806305,
    "weights": {
        "alpha": 0.47,
        "beta": 0.53,
        "gamma": 0.0
    }
}