{
    "core_count": 1369,
    "border_count": 16,
    "noise_count": 11,
    "noise_ratio": 0.007879656160458453,
    "neighbor_hist": [
        0,
        3,
        5,
        11,
        8,
        8,
        9,
        7,
        10,
        6,
        9,
        9,
        10,
        16,
        15,
        7,
        5,
        3,
        11,
        4,
        7,
        9,
        3,
        8,
        3,
        2,
        5,
        3,
        6,
        7,
        6,
        10,
        19,
        4,
        8,
        8,
        12,
        14,
        11,
        7,
        1,
        8,
        8,
        8,
        11,
        16,
        7,
        11,
        2,
        1016
    ],
    "combined_score": 0.4555622720473682,
    "silhouette": 0.2509497460113617,
    "davies_bouldin": 1.7238877760044715,
    "sse": 5370.737282144437,
    "weights": {
        "alpha": 0.47,
        "beta": 0.53,
        "gamma": 0.0
    }
}