{
    "n_trials": 31,
    "avg_iterations": 11.32258064516129,
    "median_iterations": 10.0,
    "avg_auc_delta": 20.1639662040739,
    "avg_geo_decay": 0.6544708508884767,
    "best_k": 20,
    "best_combined_score": 0.34852321885923915,
    "best_sse": 3827.0511135113957,
    "total_runtime_sec": 7.6054112911224365
}