{
    "n_trials": 30,
    "avg_iterations": 10.533333333333333,
    "median_iterations": 11.0,
    "avg_auc_delta": 6.550270800882726,
    "avg_geo_decay": 0.6055496306037619,
    "best_k": 31,
    "best_combined_score": 0.5496080047022897,
    "best_sse": 1267.5706512776364,
    "weights": {
        "alpha": 0.47,
        "beta": 0.53,
        "gamma": 0.0
    },
    "total_runtime_sec": 2.1244630813598633
}