{
    "n_trials": 30,
    "avg_iterations": 6.966666666666667,
    "median_iterations": 6.0,
    "avg_auc_delta": 12.547027587107141,
    "avg_geo_decay": 0.4487786236552303,
    "best_k": 20,
    "best_combined_score": 0.35892411981505523,
    "best_sse": 3708.5254384528303,
    "total_runtime_sec": 0.3703145980834961
}