{
    "clean_state": "raw",
    "best_k": 8,
    "best_cov_type": "tied",
    "best_combined": 0.5624400122713483,
    "best_silhouette": 0.2775564319901359,
    "best_db": 0.9663919960983239,
    "best_sse": 4027.0431030841723,
    "weights": {
        "alpha": 0.47,
        "beta": 0.53,
        "gamma": 0.0
    },
    "n_iter_final": 1,
    "ll_curve_final": [
        -8.556114176276758,
        -8.512882648163178,
        -8.482653644250613,
        -8.448866854447404,
        -8.42592682420567,
        -8.417753785924573,
        -8.411413357901898,
        -8.405359837760823,
        -8.399347353839007,
        -8.393130682735398,
        -8.386338714080978,
        -8.378444598267153,
        -8.368236945771068,
        -8.353074433404117,
        -8.327668838660097,
        -8.288351955734164,
        -8.265348978834655,
        -8.258985222283403,
        -8.256615730557913,
        -8.255391741640379,
        -8.254993348600577
    ],
    "total_runtime_sec": 16.330127477645874
}