{
    "clean_state": "raw",
    "best_k": 30,
    "best_cov_type": "tied",
    "best_combined": 0.6375291353259143,
    "best_silhouette": 0.3723816245657441,
    "best_db": 1.1078164083848852,
    "n_iter_final": 1,
    "ll_curve_final": [
        -4.697303059951832,
        -4.449913004203812,
        -4.308241495337034,
        -4.235662270335308,
        -4.200190548856808,
        -4.1537962856831525,
        -4.055744581172783,
        -4.005989697805448,
        -3.9719969234708774,
        -3.9234357412780585,
        -3.8925860284982146,
        -3.8817035553987598,
        -3.849750761136026,
        -3.786159379856126,
        -3.75950982584163,
        -3.7583689913312788,
        -3.7568018540546917,
        -3.7555342413953974,
        -3.755356906320232
    ],
    "total_runtime_sec": 43.5528998374939
}