{
    "n_trials": 31,
    "avg_iterations": 11.838709677419354,
    "median_iterations": 12.0,
    "avg_auc_delta": 9.317178810134893,
    "avg_geo_decay": 0.6079632034924055,
    "best_k": 48,
    "best_combined_score": 0.8100048990887164,
    "best_sse": 1102.3108809628955,
    "total_runtime_sec": 9.133044004440308
}