{
    "n_trials": 30,
    "avg_iterations": 13.433333333333334,
    "median_iterations": 11.0,
    "avg_auc_delta": 8.182885177532736,
    "avg_geo_decay": 0.6256041277856121,
    "best_k": 9,
    "best_combined_score": 0.5475023539150108,
    "best_sse": 4081.5633167708434,
    "weights": {
        "alpha": 0.47,
        "beta": 0.53,
        "gamma": 0.0
    },
    "total_runtime_sec": 6.496135950088501
}