{
    "n_trials": 31,
    "avg_iterations": 3.774193548387097,
    "median_iterations": 4.0,
    "avg_auc_delta": 5.335247747410092,
    "avg_geo_decay": 0.5115033958644669,
    "best_k": 8,
    "best_combined_score": 0.6991912807387117,
    "best_sse": 196.52479167307217,
    "weights": {
        "alpha": 0.47,
        "beta": 0.53,
        "gamma": 0.0
    },
    "total_runtime_sec": 1.3077032566070557
}