{
    "clean_state": "raw",
    "best_k": 5,
    "linkage": "complete",
    "metric": "euclidean",
    "combined": 2.596766785171371,
    "silhouette": 0.5858399493836455,
    "davies_bouldin": 0.21702831877781162,
    "intra_dist_mean": 2.557933010801354,
    "inter_dist_mean": 8.533344336460978,
    "ratio_intra_inter": 0.29975738818737296,
    "n_merge_steps": 139,
    "total_runtime_sec": 2.0398223400115967
}