{
    "clean_state": "raw",
    "best_k": 5,
    "linkage": "single",
    "metric": "manhattan",
    "combined": 2.5967667432194967,
    "silhouette": 0.5858399493836455,
    "davies_bouldin": 0.21702832272978662,
    "intra_dist_mean": 2.557933010801354,
    "inter_dist_mean": 8.533344336460978,
    "ratio_intra_inter": 0.29975738818737296,
    "n_merge_steps": 139,
    "h_max": 12.232881253218972,
    "total_runtime_sec": 0.7274670600891113
}