{
    "clean_state": "raw",
    "best_k": 5,
    "linkage": "complete",
    "metric": "manhattan",
    "combined": 0.8533319853041309,
    "silhouette": 0.7399116719057813,
    "davies_bouldin": 0.19173498292973995,
    "sse": 1879.892364568866,
    "weights": {
        "alpha": 0.47,
        "beta": 0.53,
        "gamma": 0.0
    },
    "intra_dist_mean": 2.5037093720735637,
    "inter_dist_mean": 12.530640179614519,
    "ratio_intra_inter": 0.19980698002537214,
    "n_merge_steps": 388,
    "h_max": 41.78172353145332,
    "total_runtime_sec": 4.0414745807647705
}