{
    "core_count": 826,
    "border_count": 1,
    "noise_count": 173,
    "noise_ratio": 0.173,
    "neighbor_hist": [
        0,
        62,
        44,
        28,
        40,
        55,
        36,
        42,
        8,
        9,
        30,
        22,
        13,
        13,
        0,
        30,
        0,
        34,
        54,
        8,
        31,
        42,
        0,
        0,
        48,
        25,
        0,
        0,
        0,
        0,
        0,
        0,
        0,
        0,
        0,
        0,
        0,
        0,
        0,
        0,
        0,
        0,
        0,
        43,
        0,
        0,
        46,
        0,
        0,
        237
    ],
    "combined_score": 0.5626438952268926,
    "silhouette": 0.6464791804862764,
    "davies_bouldin": 1.2762413366331151,
    "sse": 48.087553589605584,
    "weights": {
        "alpha": 0.47,
        "beta": 0.53,
        "gamma": 0.0
    }
}