{
    "n_trials": 30,
    "avg_iterations": 15.133333333333333,
    "median_iterations": 16.0,
    "avg_auc_delta": 9.792573985587534,
    "avg_geo_decay": 0.6934521431740532,
    "best_k": 31,
    "best_combined_score": 0.5190781987322783,
    "best_sse": 2172.1614942368506,
    "weights": {
        "alpha": 0.47,
        "beta": 0.53,
        "gamma": 0.0
    },
    "total_runtime_sec": 5.8516693115234375
}