{
    "core_count": 867,
    "border_count": 16,
    "noise_count": 18,
    "noise_ratio": 0.01997780244173141,
    "neighbor_hist": [
        0,
        5,
        6,
        9,
        14,
        15,
        7,
        16,
        31,
        31,
        14,
        17,
        23,
        5,
        4,
        5,
        2,
        8,
        4,
        4,
        11,
        10,
        6,
        7,
        4,
        11,
        9,
        7,
        9,
        2,
        4,
        8,
        5,
        11,
        17,
        3,
        8,
        8,
        18,
        14,
        14,
        9,
        7,
        11,
        7,
        2,
        4,
        1,
        2,
        452
    ],
    "combined_score": 0.5274533985742743,
    "silhouette": 0.24377346796745356,
    "davies_bouldin": 1.151202744234684,
    "sse": 2442.5774203570645,
    "weights": {
        "alpha": 0.47,
        "beta": 0.53,
        "gamma": 0.0
    }
}