{
    "n_trials": 30,
    "avg_iterations": 8.7,
    "median_iterations": 7.0,
    "avg_auc_delta": 12.495988802009077,
    "avg_geo_decay": 0.5268279057513985,
    "best_k": 18,
    "best_combined_score": 0.5045548469280634,
    "best_sse": 2332.808574504628,
    "weights": {
        "alpha": 0.47,
        "beta": 0.53,
        "gamma": 0.0
    },
    "total_runtime_sec": 0.7461216449737549
}