{
    "n_trials": 30,
    "avg_iterations": 12.766666666666667,
    "median_iterations": 12.0,
    "avg_auc_delta": 9.448350476657794,
    "avg_geo_decay": 0.5931266783597381,
    "best_k": 37,
    "best_combined_score": 0.5096179150602632,
    "best_sse": 1549.0619569516807,
    "total_runtime_sec": 2.2075085639953613
}