{
    "clean_state": "raw",
    "best_k": 6,
    "best_cov_type": "spherical",
    "best_combined": 1.0372630040913473,
    "best_silhouette": 0.4207287182934191,
    "best_db": 0.6046690281291679,
    "n_iter_final": 1,
    "ll_curve_final": [
        -5.433273604957547,
        -5.431209011635093,
        -5.431135005261775
    ],
    "total_runtime_sec": 20.94172954559326
}