{
    "clean_state": "raw",
    "best_k": 9,
    "best_cov_type": "tied",
    "best_combined": 0.713295162610465,
    "best_silhouette": 0.3133588275977912,
    "best_db": 0.8982857582947487,
    "n_iter_final": 1,
    "ll_curve_final": [
        -7.5645683738520795,
        -7.510993829597055,
        -7.481332325027938,
        -7.461275234110206,
        -7.457117855524736,
        -7.454805515656568,
        -7.452793024760256,
        -7.450992707444822,
        -7.449430111495436,
        -7.448145763746651,
        -7.447158754380157
    ],
    "total_runtime_sec": 86.200599193573
}