{
    "clean_state": "raw",
    "best_k": 28,
    "best_cov_type": "tied",
    "best_combined": 0.5337200392924542,
    "best_silhouette": 0.25048936908388536,
    "best_db": 1.116859926648027,
    "best_sse": 4930.204168694076,
    "weights": {
        "alpha": 0.47,
        "beta": 0.53,
        "gamma": 0.0
    },
    "n_iter_final": 1,
    "ll_curve_final": [
        -7.039685595406856,
        -6.340801845003226,
        -6.266624285199627,
        -6.241799722760615,
        -6.165773857015483,
        -4.964966606854441,
        -4.9636079331192215,
        -4.96196310114902,
        -4.957709467181863,
        -4.9447062348658,
        -4.901815318381804,
        -4.895320236270611,
        -4.886489808924725,
        -4.8517139619734575,
        -4.644423450084696,
        -4.475433603718899,
        -4.2911707894961,
        -0.1520726431455249,
        -0.15201930355768992
    ],
    "total_runtime_sec": 12.21025013923645
}