{
    "n_trials": 31,
    "avg_iterations": 5.483870967741935,
    "median_iterations": 6.0,
    "avg_auc_delta": 13.245648994887047,
    "avg_geo_decay": 0.7154819389321505,
    "best_k": 10,
    "best_combined_score": 0.6912502335030137,
    "best_sse": 427.89480108945224,
    "weights": {
        "alpha": 0.47,
        "beta": 0.53,
        "gamma": 0.0
    },
    "total_runtime_sec": 0.43854260444641113
}