{
    "clean_state": "raw",
    "best_k": 7,
    "linkage": "single",
    "metric": "manhattan",
    "combined": 3.131027994932791,
    "silhouette": 0.6930742407360913,
    "davies_bouldin": 0.17956604008557112,
    "intra_dist_mean": 2.8053311109451307,
    "inter_dist_mean": 12.008510552153346,
    "ratio_intra_inter": 0.233611912048647,
    "n_merge_steps": 246,
    "total_runtime_sec": 2.484419584274292
}