{
    "clean_state": "raw",
    "best_k": 9,
    "linkage": "single",
    "metric": "manhattan",
    "combined": 2.661368579098841,
    "silhouette": 0.5704723626594029,
    "davies_bouldin": 0.21042598487753925,
    "intra_dist_mean": 2.565419157916295,
    "inter_dist_mean": 11.22963150964398,
    "ratio_intra_inter": 0.22845087621200133,
    "n_merge_steps": 246,
    "h_max": 15.933020990809831,
    "total_runtime_sec": 1.2017772197723389
}