{
    "n_trials": 30,
    "avg_iterations": 2.3,
    "median_iterations": 2.0,
    "avg_auc_delta": 0.8611592217726454,
    "avg_geo_decay": 0.022498584896356446,
    "best_k": 11,
    "best_combined_score": 0.7860306342576627,
    "best_sse": 165.57267474073456,
    "weights": {
        "alpha": 0.47,
        "beta": 0.53,
        "gamma": 0.0
    },
    "total_runtime_sec": 0.3879241943359375
}