{
    "n_trials": 30,
    "avg_iterations": 2.0,
    "median_iterations": 2.0,
    "avg_auc_delta": 0.0,
    "avg_geo_decay": 0.0,
    "best_k": 11,
    "best_combined_score": 1.6656849974661319,
    "best_sse": 61.218639830695714,
    "total_runtime_sec": 0.17585253715515137
}