{
    "n_trials": 31,
    "avg_iterations": 2.838709677419355,
    "median_iterations": 3.0,
    "avg_auc_delta": 2.5044965183803214,
    "avg_geo_decay": 0.3481790079873727,
    "best_k": 11,
    "best_combined_score": 1.6231776177844353,
    "best_sse": 55.03623275710409,
    "total_runtime_sec": 2.673889636993408
}