{
    "n_trials": 30,
    "avg_iterations": 14.366666666666667,
    "median_iterations": 14.5,
    "avg_auc_delta": 9.112870233581605,
    "avg_geo_decay": 0.691577338645189,
    "best_k": 31,
    "best_combined_score": 0.5190781987322783,
    "best_sse": 2172.1614942368506,
    "weights": {
        "alpha": 0.47,
        "beta": 0.53,
        "gamma": 0.0
    },
    "total_runtime_sec": 4.782648324966431
}