{
    "clean_state": "raw",
    "best_k": 18,
    "best_cov_type": "tied",
    "best_combined": 0.8049953243507577,
    "best_silhouette": 0.43206386419695464,
    "best_db": 0.8489491988422717,
    "n_iter_final": 1,
    "ll_curve_final": [
        -4.366769666614801,
        -4.14423912590711,
        -4.126457600262141,
        -4.121607599886478,
        -4.119759448569185,
        -4.11879011719587
    ],
    "total_runtime_sec": 33.5199453830719
}