{
    "n_trials": 31,
    "avg_iterations": 20.29032258064516,
    "median_iterations": 19.0,
    "avg_auc_delta": 16.7056536567011,
    "avg_geo_decay": 0.7107274155483679,
    "best_k": 48,
    "best_combined_score": 0.554377616991011,
    "best_sse": 2089.2461710384896,
    "total_runtime_sec": 14.230285882949829
}