{
    "n_trials": 30,
    "avg_iterations": 16.566666666666666,
    "median_iterations": 15.5,
    "avg_auc_delta": 10.870084914430121,
    "avg_geo_decay": 0.6929351167806108,
    "best_k": 49,
    "best_combined_score": 0.5544215641593204,
    "best_sse": 1954.6233826737162,
    "total_runtime_sec": 6.227421045303345
}