{
    "n_trials": 31,
    "avg_iterations": 4.064516129032258,
    "median_iterations": 4.0,
    "avg_auc_delta": 8.352779518217998,
    "avg_geo_decay": 0.3486617916274906,
    "best_k": 6,
    "best_combined_score": 0.42347103709882516,
    "best_sse": 565.8857952609756,
    "weights": {
        "alpha": 0.47,
        "beta": 0.53,
        "gamma": 0.0
    },
    "total_runtime_sec": 0.890477180480957
}