{
    "centroid_movements": [
        1.8354779275918904e-15
    ],
    "sse_list": [
        1692.6765821686615,
        1692.676582168661
    ],
    "final_iteration": 2
}