{
    "n_trials": 30,
    "avg_iterations": 12.033333333333333,
    "median_iterations": 13.0,
    "avg_auc_delta": 5.869149762013817,
    "avg_geo_decay": 0.6296684358958001,
    "best_k": 42,
    "best_combined_score": 0.6323796153570129,
    "best_sse": 1435.1065325694058,
    "total_runtime_sec": 2.6497156620025635
}