{
    "clean_state": "raw",
    "best_k": 12,
    "linkage": "single",
    "metric": "manhattan",
    "combined": 1.162172215434797,
    "silhouette": 0.27977003066315487,
    "davies_bouldin": 0.48909934502702895,
    "intra_dist_mean": 4.602567610505504,
    "inter_dist_mean": 10.119045006717728,
    "ratio_intra_inter": 0.4548420930482613,
    "n_merge_steps": 473,
    "total_runtime_sec": 9.029513120651245
}