{
    "clean_state": "raw",
    "best_k": 12,
    "linkage": "single",
    "metric": "manhattan",
    "combined": 1.1621722169937363,
    "silhouette": 0.27977003066315487,
    "davies_bouldin": 0.4890993442811758,
    "intra_dist_mean": 4.602567610505504,
    "inter_dist_mean": 10.119045006717728,
    "ratio_intra_inter": 0.4548420930482613,
    "n_merge_steps": 473,
    "h_max": 14.984003832260061,
    "total_runtime_sec": 2.89662766456604
}