{
    "clean_state": "raw",
    "best_k": 18,
    "best_cov_type": "tied",
    "best_combined": 0.5961304744454367,
    "best_silhouette": 0.3143666932215183,
    "best_db": 1.139089353349903,
    "n_iter_final": 1,
    "ll_curve_final": [
        -6.3436617447597525,
        -6.2563559061000245,
        -6.199970839237675,
        -6.161916375368292,
        -6.14392876404062,
        -6.136399974062894,
        -6.126787000045007,
        -6.099774409141166,
        -6.0665525688451245,
        -6.040316260197313,
        -6.034929007822033,
        -6.029666192292052,
        -6.022690078678395,
        -6.013380835254211,
        -6.0023250519797,
        -5.9902959911503615,
        -5.978538422284957,
        -5.971168312695792,
        -5.967440921194738,
        -5.964810038418635,
        -5.9631395386183605,
        -5.962497135380715
    ],
    "total_runtime_sec": 16.22023844718933
}