{
    "core_count": 2136,
    "border_count": 33,
    "noise_count": 27,
    "noise_ratio": 0.012295081967213115,
    "neighbor_hist": [
        0,
        14,
        20,
        10,
        16,
        20,
        20,
        14,
        9,
        18,
        18,
        9,
        18,
        9,
        12,
        14,
        19,
        22,
        35,
        23,
        19,
        11,
        12,
        11,
        11,
        33,
        13,
        10,
        22,
        8,
        6,
        6,
        13,
        4,
        6,
        5,
        5,
        7,
        5,
        2,
        3,
        17,
        3,
        3,
        6,
        8,
        9,
        7,
        6,
        1605
    ],
    "combined_score": 0.46451745766013014,
    "silhouette": 0.24290727549521474,
    "davies_bouldin": 1.634868466938937,
    "sse": 7066.442365461458,
    "weights": {
        "alpha": 0.47,
        "beta": 0.53,
        "gamma": 0.0
    }
}