{
    "clean_state": "raw",
    "best_k": 6,
    "linkage": "single",
    "metric": "manhattan",
    "combined": 1.929328563233904,
    "silhouette": 0.5820022056137167,
    "davies_bouldin": 0.30518929339661455,
    "intra_dist_mean": 3.104153243639729,
    "inter_dist_mean": 10.838424424851157,
    "ratio_intra_inter": 0.2864026284597239,
    "n_merge_steps": 394,
    "total_runtime_sec": 6.453843116760254
}