{
    "clean_state": "raw",
    "best_k": 48,
    "best_cov_type": "diag",
    "best_combined": 1.5551387402321852,
    "best_silhouette": 0.6991701946404173,
    "best_db": 0.4147472017854517,
    "n_iter_final": 1,
    "ll_curve_final": [
        9.32342957240866,
        9.336533669948071,
        9.34551469836783,
        9.352357591569705,
        9.363826229457837,
        9.378198721256993,
        9.395936674355669,
        9.420589541754348,
        9.446756595265825,
        9.467799310456906,
        9.494494307816192,
        9.51098615606917,
        9.51571732008051,
        9.522325098063396,
        9.538311280531616,
        9.540431432978489,
        9.540471426410374
    ],
    "total_runtime_sec": 17.02323317527771
}