{
    "clean_state": "raw",
    "best_k": 31,
    "best_cov_type": "tied",
    "best_combined": 0.6614608094792364,
    "best_silhouette": 0.6895606413174398,
    "best_db": 0.8027315228144836,
    "best_sse": 931.9717180500293,
    "weights": {
        "alpha": 0.47,
        "beta": 0.53,
        "gamma": 0.0
    },
    "n_iter_final": 1,
    "ll_curve_final": [
        -3.83851356522341,
        -3.30169467596205,
        -1.9667617209178494,
        4.739317008377995,
        4.739375446734748
    ],
    "total_runtime_sec": 7.977375030517578
}