{
    "clean_state": "raw",
    "best_k": 31,
    "best_cov_type": "tied",
    "best_combined": 0.8621558370812727,
    "best_silhouette": 0.5964945335848919,
    "best_db": 0.886668560018349,
    "n_iter_final": 1,
    "ll_curve_final": [
        -5.06162370625728,
        0.8654623836777349,
        0.938728051740298,
        0.9997269164602317,
        1.0325273238836752,
        1.1033539241100156,
        1.159658138138233,
        1.166020143430556,
        1.1716417628350657,
        1.1749893444569488,
        1.218766432110529,
        1.532906662830785,
        1.5871746927516688,
        1.5999829467590252,
        1.6000519057741875
    ],
    "total_runtime_sec": 11.956181764602661
}