{
    "n_trials": 31,
    "avg_iterations": 9.774193548387096,
    "median_iterations": 9.0,
    "avg_auc_delta": 9.87674580492668,
    "avg_geo_decay": 0.49667575695967275,
    "best_k": 29,
    "best_combined_score": 0.6080547245941187,
    "best_sse": 457.93641234013,
    "weights": {
        "alpha": 0.47,
        "beta": 0.53,
        "gamma": 0.0
    },
    "total_runtime_sec": 5.568724632263184
}