{
    "clean_state": "raw",
    "best_k": 5,
    "best_cov_type": "spherical",
    "best_combined": 0.44019546655731406,
    "best_silhouette": 0.07819915090352594,
    "best_db": 1.6413094033700564,
    "best_sse": 620.0599793122321,
    "weights": {
        "alpha": 0.47,
        "beta": 0.53,
        "gamma": 0.0
    },
    "n_iter_final": 1,
    "ll_curve_final": [
        -23.61043682782766,
        -23.60457496753405,
        -23.60171720382962,
        -23.598784228089077,
        -23.595387279631208,
        -23.592456099975724,
        -23.59063228113108,
        -23.58897116272169,
        -23.586163621412737,
        -23.579862659687354,
        -23.563773380333753,
        -23.519961980675223,
        -23.46466898373627,
        -23.460505446252508,
        -23.460503206830282
    ],
    "total_runtime_sec": 0.7578959465026855
}