{
    "clean_state": "raw",
    "best_k": 7,
    "best_cov_type": "tied",
    "best_combined": 0.6840637657801804,
    "best_silhouette": 0.3344606356129365,
    "best_db": 0.9674296467465311,
    "n_iter_final": 1,
    "ll_curve_final": [
        -8.024045023452642,
        -7.9006243144408765,
        -7.870370691458765,
        -7.860806794576508,
        -7.840563048770631,
        -7.819437263295553,
        -7.8104410832519005,
        -7.809093820234626,
        -7.808581515453145
    ],
    "total_runtime_sec": 5.86619758605957
}