{
    "core_count": 1672,
    "border_count": 21,
    "noise_count": 17,
    "noise_ratio": 0.009941520467836258,
    "neighbor_hist": [
        0,
        4,
        0,
        4,
        2,
        1,
        4,
        1,
        6,
        7,
        9,
        0,
        30,
        5,
        19,
        13,
        2,
        2,
        3,
        2,
        3,
        0,
        2,
        7,
        1,
        1,
        1,
        1,
        1,
        3,
        2,
        1,
        3,
        7,
        1,
        14,
        0,
        1,
        5,
        2,
        1,
        1,
        4,
        0,
        1,
        2,
        2,
        2,
        7,
        1520
    ],
    "combined_score": 0.6002955701836278,
    "silhouette": 0.42392058166588886,
    "davies_bouldin": 0.8975412560423336,
    "sse": 7247.512816053484,
    "weights": {
        "alpha": 0.47,
        "beta": 0.53,
        "gamma": 0.0
    }
}