{
    "n_trials": 30,
    "avg_iterations": 9.7,
    "median_iterations": 9.5,
    "avg_auc_delta": 6.599331056311164,
    "avg_geo_decay": 0.5983051106732424,
    "best_k": 48,
    "best_combined_score": 0.6010373727439108,
    "best_sse": 1995.2820401586478,
    "total_runtime_sec": 4.091076135635376
}