{
    "n_trials": 31,
    "avg_iterations": 13.03225806451613,
    "median_iterations": 13.0,
    "avg_auc_delta": 10.76811964370094,
    "avg_geo_decay": 0.644303049896323,
    "best_k": 48,
    "best_combined_score": 0.5857407873444279,
    "best_sse": 2134.8172235862257,
    "total_runtime_sec": 11.771061420440674
}