{
    "n_trials": 30,
    "avg_iterations": 12.866666666666667,
    "median_iterations": 13.0,
    "avg_auc_delta": 8.173264477858922,
    "avg_geo_decay": 0.5826117615499257,
    "best_k": 8,
    "best_combined_score": 0.5283365445569511,
    "best_sse": 4702.672209971498,
    "weights": {
        "alpha": 0.47,
        "beta": 0.53,
        "gamma": 0.0
    },
    "total_runtime_sec": 3.1750166416168213
}