{
    "n_trials": 31,
    "avg_iterations": 4.935483870967742,
    "median_iterations": 5.0,
    "avg_auc_delta": 5.043232702555768,
    "avg_geo_decay": 0.47451752107078404,
    "best_k": 8,
    "best_combined_score": 0.6102256725906379,
    "best_sse": 221.1031242470647,
    "weights": {
        "alpha": 0.47,
        "beta": 0.53,
        "gamma": 0.0
    },
    "total_runtime_sec": 1.5357115268707275
}