{
    "clean_state": "raw",
    "best_k": 8,
    "best_cov_type": "tied",
    "best_combined": 0.569786896193951,
    "best_silhouette": 0.2936518615242615,
    "best_db": 0.9404093377339549,
    "best_sse": 4373.978477438301,
    "weights": {
        "alpha": 0.47,
        "beta": 0.53,
        "gamma": 0.0
    },
    "n_iter_final": 1,
    "ll_curve_final": [
        -7.870348204917395,
        -7.772573581375619,
        -7.685936059979506,
        -7.657588808260034,
        -7.644481779187976,
        -7.611774916037964,
        -7.541518963548539,
        -7.5152563934538295,
        -7.506291439312416,
        -7.498390524255175,
        -7.495875367377243,
        -7.495535357828593
    ],
    "total_runtime_sec": 19.834392070770264
}