{
    "clean_state": "raw",
    "best_k": 16,
    "best_cov_type": "tied",
    "best_combined": 0.6232054074059057,
    "best_silhouette": 0.37182406661371925,
    "best_db": 1.1433971553539957,
    "n_iter_final": 1,
    "ll_curve_final": [
        -6.172400172404091,
        -5.305535907795025,
        -4.310033042307206,
        -4.221453956794247,
        -4.084812031281871,
        -3.855968916161479,
        -2.837995550041071,
        -0.10761253646170078,
        -0.08376840903463664,
        -0.0807913325884571,
        -0.07971818148899726,
        -0.07938874167843224
    ],
    "total_runtime_sec": 45.7267963886261
}