{
    "core_count": 902,
    "border_count": 14,
    "noise_count": 84,
    "noise_ratio": 0.084,
    "neighbor_hist": [
        0,
        42,
        23,
        26,
        7,
        8,
        9,
        12,
        11,
        5,
        4,
        4,
        17,
        8,
        20,
        10,
        7,
        6,
        8,
        26,
        2,
        0,
        2,
        26,
        5,
        3,
        4,
        2,
        1,
        19,
        7,
        5,
        13,
        6,
        6,
        4,
        2,
        2,
        3,
        1,
        11,
        1,
        49,
        13,
        3,
        6,
        1,
        3,
        1,
        546
    ],
    "combined_score": 0.525098958944825,
    "silhouette": 0.7126254643674788,
    "davies_bouldin": 1.5576189437331842,
    "sse": 104.69061089783634,
    "weights": {
        "alpha": 0.47,
        "beta": 0.53,
        "gamma": 0.0
    }
}