{
    "centroid_movements": [
        1.7859180385898744e-15
    ],
    "sse_list": [
        1439.9716897696555,
        1439.9716897696555
    ],
    "final_iteration": 2
}