{
    "n_trials": 31,
    "avg_iterations": 15.35483870967742,
    "median_iterations": 15.0,
    "avg_auc_delta": 10.054938466169622,
    "avg_geo_decay": 0.6675543094036354,
    "best_k": 48,
    "best_combined_score": 0.6786213595145214,
    "best_sse": 1402.904541877522,
    "total_runtime_sec": 11.255654335021973
}