{
    "n_trials": 30,
    "avg_iterations": 13.233333333333333,
    "median_iterations": 11.0,
    "avg_auc_delta": 6.749998437645172,
    "avg_geo_decay": 0.5856086408301298,
    "best_k": 48,
    "best_combined_score": 0.7388781361610808,
    "best_sse": 1250.036089368125,
    "total_runtime_sec": 4.735643625259399
}