{
    "n_trials": 31,
    "avg_iterations": 3.4193548387096775,
    "median_iterations": 3.0,
    "avg_auc_delta": 0.9379261664270613,
    "avg_geo_decay": 0.5136458065891539,
    "best_k": 7,
    "best_combined_score": 0.44487854065092225,
    "best_sse": 902.2538309174608,
    "weights": {
        "alpha": 0.47,
        "beta": 0.53,
        "gamma": 0.0
    },
    "total_runtime_sec": 0.26839590072631836
}