{
    "n_trials": 31,
    "avg_iterations": 9.64516129032258,
    "median_iterations": 9.0,
    "avg_auc_delta": 15.330535116743444,
    "avg_geo_decay": 0.5998478901270515,
    "best_k": 15,
    "best_combined_score": 0.40211469981328113,
    "best_sse": 2258.0000942585043,
    "total_runtime_sec": 4.015060663223267
}