{
    "n_trials": 30,
    "avg_iterations": 11.966666666666667,
    "median_iterations": 10.0,
    "avg_auc_delta": 6.608697375017554,
    "avg_geo_decay": 0.5706819287139574,
    "best_k": 40,
    "best_combined_score": 0.5697760121030022,
    "best_sse": 1300.958877743225,
    "weights": {
        "alpha": 0.47,
        "beta": 0.53,
        "gamma": 0.0
    },
    "total_runtime_sec": 8.833276271820068
}