{
    "n_trials": 31,
    "avg_iterations": 3.2580645161290325,
    "median_iterations": 3.0,
    "avg_auc_delta": 1.041899388168857,
    "avg_geo_decay": 0.023633094516382715,
    "best_k": 40,
    "best_combined_score": 0.6711805700959201,
    "best_sse": 1793.6366222551715,
    "weights": {
        "alpha": 0.47,
        "beta": 0.53,
        "gamma": 0.0
    },
    "total_runtime_sec": 22.256701469421387
}