{
    "n_trials": 31,
    "avg_iterations": 4.419354838709677,
    "median_iterations": 4.0,
    "avg_auc_delta": 4.507264005315848,
    "avg_geo_decay": 0.567780850182301,
    "best_k": 27,
    "best_combined_score": 0.5540069343398121,
    "best_sse": 2526.656671059902,
    "weights": {
        "alpha": 0.47,
        "beta": 0.53,
        "gamma": 0.0
    },
    "total_runtime_sec": 11.483695983886719
}