{
    "clean_state": "raw",
    "best_k": 16,
    "best_cov_type": "full",
    "best_combined": 0.354384338700057,
    "best_silhouette": 0.13509766090691,
    "best_db": 1.7431593565819385,
    "n_iter_final": 1,
    "ll_curve_final": [
        28.533501418977533,
        28.68682159483564,
        28.72757339903057,
        28.78155992749863,
        28.905372593257415,
        29.11818563676192,
        29.13254405895607,
        29.13470012849614,
        29.135577114450047
    ],
    "total_runtime_sec": 14.67012643814087
}