{
    "clean_state": "raw",
    "best_k": 45,
    "linkage": "single",
    "metric": "euclidean",
    "combined": 0.7947896731466407,
    "silhouette": 0.6796534099426642,
    "davies_bouldin": 0.31802875594947494,
    "sse": 1221.2040063179743,
    "weights": {
        "alpha": 0.47,
        "beta": 0.53,
        "gamma": 0.0
    },
    "intra_dist_mean": 0.9379156020271907,
    "inter_dist_mean": 4.292090614166032,
    "ratio_intra_inter": 0.2185218548115887,
    "n_merge_steps": 2375,
    "h_max": 3.983069999748763,
    "total_runtime_sec": 122.99064111709595
}