{
    "clean_state": "raw",
    "best_k": 5,
    "linkage": "single",
    "metric": "manhattan",
    "combined": 1.4901714174350942,
    "silhouette": 0.3512433517523475,
    "davies_bouldin": 0.38035837229487535,
    "intra_dist_mean": 5.668607505234341,
    "inter_dist_mean": 13.53094359328483,
    "ratio_intra_inter": 0.4189366001087428,
    "n_merge_steps": 999,
    "h_max": 19.98265495138385,
    "total_runtime_sec": 18.369080781936646
}