{
    "n_trials": 31,
    "avg_iterations": 12.774193548387096,
    "median_iterations": 12.0,
    "avg_auc_delta": 10.798579400637701,
    "avg_geo_decay": 0.6196969260245162,
    "best_k": 13,
    "best_combined_score": 0.5686573163293676,
    "best_sse": 1420.3243743168011,
    "weights": {
        "alpha": 0.47,
        "beta": 0.53,
        "gamma": 0.0
    },
    "total_runtime_sec": 4.5226664543151855
}