{
    "core_count": 1346,
    "border_count": 21,
    "noise_count": 36,
    "noise_ratio": 0.02565930149679259,
    "neighbor_hist": [
        0,
        16,
        22,
        11,
        8,
        13,
        11,
        14,
        6,
        5,
        2,
        5,
        4,
        8,
        8,
        5,
        12,
        12,
        13,
        6,
        5,
        5,
        4,
        10,
        6,
        8,
        3,
        3,
        4,
        1,
        4,
        7,
        5,
        3,
        2,
        4,
        0,
        2,
        5,
        4,
        1,
        7,
        19,
        2,
        2,
        1,
        2,
        2,
        6,
        1095
    ],
    "combined_score": 0.4965321300387861,
    "silhouette": 0.40029136393050213,
    "davies_bouldin": 1.5333575396620978,
    "sse": 7081.650853872037,
    "weights": {
        "alpha": 0.47,
        "beta": 0.53,
        "gamma": 0.0
    }
}