{
    "core_count": 2007,
    "border_count": 67,
    "noise_count": 31,
    "noise_ratio": 0.014726840855106888,
    "neighbor_hist": [
        0,
        5,
        3,
        5,
        0,
        0,
        5,
        4,
        4,
        3,
        4,
        1,
        6,
        7,
        14,
        18,
        6,
        6,
        7,
        9,
        8,
        4,
        2,
        6,
        3,
        6,
        1,
        3,
        1,
        3,
        5,
        5,
        0,
        4,
        1,
        3,
        5,
        0,
        10,
        4,
        8,
        4,
        4,
        7,
        6,
        1,
        3,
        1,
        1,
        1889
    ],
    "combined_score": 0.5945886553844901,
    "silhouette": 0.5929050103770649,
    "davies_bouldin": 1.059845633544093,
    "sse": 9019.902576005748,
    "weights": {
        "alpha": 0.47,
        "beta": 0.53,
        "gamma": 0.0
    }
}