{
    "clean_state": "raw",
    "best_k": 5,
    "best_cov_type": "tied",
    "best_combined": 0.5129097220925014,
    "best_silhouette": 0.2788990941285175,
    "best_db": 1.2917993845003588,
    "best_sse": 1687.9425066395834,
    "weights": {
        "alpha": 0.47,
        "beta": 0.53,
        "gamma": 0.0
    },
    "n_iter_final": 1,
    "ll_curve_final": [
        -9.153053589229547,
        -9.124542103912107,
        -9.114007447680937,
        -9.10289668050506,
        -9.081936819430966,
        -9.03362856812657,
        -8.94846297582702,
        -8.89498133099342,
        -8.880079442937408,
        -8.876931135013757,
        -8.874271718130265,
        -8.872848053498561,
        -8.872124207305287
    ],
    "total_runtime_sec": 6.315398931503296
}