{
    "clean_state": "raw",
    "best_k": 34,
    "best_cov_type": "tied",
    "best_combined": 0.5235341520311905,
    "best_silhouette": 0.24376549158321148,
    "best_db": 1.244860573702935,
    "n_iter_final": 1,
    "ll_curve_final": [
        -6.5736078733570675,
        -6.499478838792707,
        -6.458535928013547,
        -6.445217346656218,
        -6.437954693241681,
        -6.431539647761275,
        -6.421183953124164,
        -6.409487710833306,
        -6.397876920253342,
        -6.386299424800604,
        -6.373982114921629,
        -6.3631913476209006,
        -6.347528305608792,
        -6.307415126060278,
        -6.290604465102514,
        -6.280701241775983,
        -6.263375099915362,
        -6.248031664691744,
        -6.24495621913122,
        -6.2431099143555295,
        -6.242461877185784
    ],
    "total_runtime_sec": 17.433410167694092
}