{
    "clean_state": "raw",
    "best_k": 14,
    "best_cov_type": "tied",
    "best_combined": 0.4491312969694237,
    "best_silhouette": 0.1139634679301593,
    "best_db": 1.6088427069792464,
    "best_sse": 6528.13238424984,
    "weights": {
        "alpha": 0.47,
        "beta": 0.53,
        "gamma": 0.0
    },
    "n_iter_final": 1,
    "ll_curve_final": [
        -13.8025082708973,
        -13.436687897291128,
        -13.306320113159273,
        -13.243666321207156,
        -13.22035844415749,
        -13.20307201209381,
        -13.19946391180022,
        -13.1975305074161,
        -13.196855795013349
    ],
    "total_runtime_sec": 7.88921332359314
}