{
    "clean_state": "raw",
    "best_k": 8,
    "best_cov_type": "tied",
    "best_combined": 0.7166462253281987,
    "best_silhouette": 0.3076819148247195,
    "best_db": 0.8884067518621189,
    "n_iter_final": 1,
    "ll_curve_final": [
        -7.022824628320243,
        -6.46989904616799,
        -6.455739359807486,
        -6.447111577658413,
        -6.442485024760446,
        -6.4398232610264055,
        -6.437871253487951,
        -6.436181786161423,
        -6.4346455066153085,
        -6.433289703177607,
        -6.432155879813673,
        -6.431239121811644
    ],
    "total_runtime_sec": 10.87941598892212
}