{
    "n_trials": 31,
    "avg_iterations": 14.774193548387096,
    "median_iterations": 13.0,
    "avg_auc_delta": 13.811117543582856,
    "avg_geo_decay": 0.6605132389698389,
    "best_k": 31,
    "best_combined_score": 0.4830010302059756,
    "best_sse": 1547.8770028795343,
    "total_runtime_sec": 9.523640632629395
}