{
    "n_trials": 30,
    "avg_iterations": 12.3,
    "median_iterations": 12.0,
    "avg_auc_delta": 8.01014297233838,
    "avg_geo_decay": 0.630618493076751,
    "best_k": 31,
    "best_combined_score": 0.515861411929156,
    "best_sse": 1444.0836805782128,
    "total_runtime_sec": 1.239367961883545
}