{
    "clean_state": "raw",
    "best_k": 5,
    "linkage": "single",
    "metric": "manhattan",
    "combined": 0.7807437611675998,
    "silhouette": 0.5883716746715514,
    "davies_bouldin": 0.30005457576736616,
    "sse": 303.6524049042002,
    "weights": {
        "alpha": 0.47,
        "beta": 0.53,
        "gamma": 0.0
    },
    "intra_dist_mean": 2.4417835008085174,
    "inter_dist_mean": 8.134817843930664,
    "ratio_intra_inter": 0.3001644963236659,
    "n_merge_steps": 77,
    "h_max": 13.144463204237551,
    "total_runtime_sec": 4.039337873458862
}