{
    "clean_state": "raw",
    "best_k": 8,
    "linkage": "single",
    "metric": "manhattan",
    "combined": 2.087854786366809,
    "silhouette": 0.5588701440820755,
    "davies_bouldin": 0.2764844886610926,
    "intra_dist_mean": 2.051141969832531,
    "inter_dist_mean": 7.295829490172793,
    "ratio_intra_inter": 0.28113896748752976,
    "n_merge_steps": 67,
    "h_max": 11.498173414622935,
    "total_runtime_sec": 0.37998199462890625
}