{
    "clean_state": "raw",
    "best_k": 5,
    "linkage": "single",
    "metric": "manhattan",
    "combined": 2.6835867859840667,
    "silhouette": 0.6416966649997274,
    "davies_bouldin": 0.21161885237982098,
    "intra_dist_mean": 2.600119434129116,
    "inter_dist_mean": 9.137057546055187,
    "ratio_intra_inter": 0.2845685737473987,
    "n_merge_steps": 67,
    "total_runtime_sec": 0.8630530834197998
}