{
    "clean_state": "raw",
    "best_k": 6,
    "best_cov_type": "tied",
    "best_combined": 0.6016130374611953,
    "best_silhouette": 0.30232610231097984,
    "best_db": 1.1100011437466593,
    "n_iter_final": 1,
    "ll_curve_final": [
        -9.06158377847824,
        -9.036862545473248,
        -9.028539120444096,
        -9.027761185222335
    ],
    "total_runtime_sec": 5.4189653396606445
}