{
    "clean_state": "raw",
    "best_k": 14,
    "best_cov_type": "tied",
    "best_combined": 0.500831326268419,
    "best_silhouette": 0.16030683180294633,
    "best_db": 1.238772971246408,
    "best_sse": 1524.5526107018418,
    "weights": {
        "alpha": 0.47,
        "beta": 0.53,
        "gamma": 0.0
    },
    "n_iter_final": 1,
    "ll_curve_final": [
        -14.850761586685524,
        -13.760754793787937,
        -13.595403297721733,
        -13.357267064774874,
        -13.344624997854606,
        -13.32580979513049,
        -13.324742205793841,
        -13.323289926845229,
        -13.319230108512823,
        -13.310911703722862,
        -13.3067257259688,
        -13.305687840901056,
        -13.30427234071891,
        -13.301800395795281,
        -13.300225898959246,
        -13.299763581401821
    ],
    "total_runtime_sec": 2.4835612773895264
}