{
    "clean_state": "raw",
    "best_k": 21,
    "best_cov_type": "spherical",
    "best_combined": 0.659271842063764,
    "best_silhouette": 0.31133097062840676,
    "best_db": 0.9928389371952387,
    "n_iter_final": 1,
    "ll_curve_final": [
        -5.275456584469497,
        -5.215579115211034,
        -5.170305543555415,
        -5.1621151706499,
        -5.156218649900806,
        -5.147949896081227,
        -5.125350468313478,
        -5.112478584798139,
        -5.099979453122873,
        -5.095822116358697,
        -5.0933337406148045,
        -5.089980705539821,
        -5.082736156192742,
        -5.067337486199483,
        -5.060179696821511,
        -5.0568830892193555,
        -5.046821645070874,
        -5.039975133807487,
        -5.039647350531488
    ],
    "total_runtime_sec": 7.584612607955933
}