{
    "n_trials": 30,
    "avg_iterations": 14.666666666666666,
    "median_iterations": 14.0,
    "avg_auc_delta": 7.473891959948078,
    "avg_geo_decay": 0.6597805918428423,
    "best_k": 37,
    "best_combined_score": 0.5299636225852361,
    "best_sse": 1530.146851364038,
    "total_runtime_sec": 2.3331170082092285
}