{
    "n_trials": 30,
    "avg_iterations": 7.066666666666666,
    "median_iterations": 6.5,
    "avg_auc_delta": 12.02924079862215,
    "avg_geo_decay": 0.4678205221669671,
    "best_k": 19,
    "best_combined_score": 0.44956820049634816,
    "best_sse": 3435.2608119370834,
    "weights": {
        "alpha": 0.47,
        "beta": 0.53,
        "gamma": 0.0
    },
    "total_runtime_sec": 0.734006404876709
}