{
    "n_trials": 31,
    "avg_iterations": 14.96774193548387,
    "median_iterations": 15.0,
    "avg_auc_delta": 13.07348257608216,
    "avg_geo_decay": 0.6401761270662994,
    "best_k": 37,
    "best_combined_score": 0.5011786867834999,
    "best_sse": 1574.5518399169932,
    "total_runtime_sec": 10.34516716003418
}