{
    "n_trials": 31,
    "avg_iterations": 16.612903225806452,
    "median_iterations": 15.0,
    "avg_auc_delta": 21.46271519457917,
    "avg_geo_decay": 0.7106537665299879,
    "best_k": 12,
    "best_combined_score": 0.3940727843489268,
    "best_sse": 11813.090633847525,
    "weights": {
        "alpha": 0.47,
        "beta": 0.53,
        "gamma": 0.0
    },
    "total_runtime_sec": 5.938496351242065
}