{
    "n_trials": 31,
    "avg_iterations": 14.451612903225806,
    "median_iterations": 15.0,
    "avg_auc_delta": 14.44248977232885,
    "avg_geo_decay": 0.7220779814588377,
    "best_k": 37,
    "best_combined_score": 0.5357166540012904,
    "best_sse": 3054.285015207958,
    "weights": {
        "alpha": 0.47,
        "beta": 0.53,
        "gamma": 0.0
    },
    "total_runtime_sec": 660.0626318454742
}