{
    "n_trials": 31,
    "avg_iterations": 3.0,
    "median_iterations": 3.0,
    "avg_auc_delta": 0.0,
    "avg_geo_decay": 0.0,
    "best_k": 5,
    "best_combined_score": 0.48238989536220944,
    "best_sse": 190.32434028187026,
    "weights": {
        "alpha": 0.47,
        "beta": 0.53,
        "gamma": 0.0
    },
    "total_runtime_sec": 0.16143321990966797
}