{
    "n_trials": 31,
    "avg_iterations": 11.741935483870968,
    "median_iterations": 11.0,
    "avg_auc_delta": 14.926194754501138,
    "avg_geo_decay": 0.5520145948759411,
    "best_k": 20,
    "best_combined_score": 0.5799227612511165,
    "best_sse": 2737.8757995206083,
    "weights": {
        "alpha": 0.47,
        "beta": 0.53,
        "gamma": 0.0
    },
    "total_runtime_sec": 8.403286218643188
}