{
    "clean_state": "raw",
    "best_k": 6,
    "linkage": "single",
    "metric": "manhattan",
    "combined": 0.9743089616949583,
    "silhouette": 0.14900268593408308,
    "davies_bouldin": 0.5556743348171068,
    "intra_dist_mean": 5.225786560632498,
    "inter_dist_mean": 8.083747162995838,
    "ratio_intra_inter": 0.6464559634612785,
    "n_merge_steps": 51,
    "h_max": 19.085400662063027,
    "total_runtime_sec": 0.32140064239501953
}