{
    "clean_state": "raw",
    "best_k": 6,
    "linkage": "single",
    "metric": "manhattan",
    "combined": 0.9743089574643596,
    "silhouette": 0.14900268593408308,
    "davies_bouldin": 0.5556743374297043,
    "intra_dist_mean": 5.225786560632498,
    "inter_dist_mean": 8.083747162995838,
    "ratio_intra_inter": 0.6464559634612785,
    "n_merge_steps": 51,
    "total_runtime_sec": 1.2119271755218506
}