{
    "clean_state": "raw",
    "best_k": 8,
    "best_cov_type": "tied",
    "best_combined": 0.5374316324898304,
    "best_silhouette": 0.307906084118592,
    "best_db": 1.154708963715295,
    "best_sse": 2257.91289540147,
    "weights": {
        "alpha": 0.47,
        "beta": 0.53,
        "gamma": 0.0
    },
    "n_iter_final": 1,
    "ll_curve_final": [
        -6.932774789016713,
        -6.736987554276829,
        -6.655259794077826,
        -6.628903050621537,
        -6.62182753891983,
        -6.619166703938056,
        -6.617789160740661,
        -6.6171221921107986
    ],
    "total_runtime_sec": 40.65474534034729
}