{
    "clean_state": "raw",
    "best_k": 19,
    "best_cov_type": "spherical",
    "best_combined": 0.6134990430047125,
    "best_silhouette": 0.28670271049718543,
    "best_db": 1.0634956057879532,
    "n_iter_final": 1,
    "ll_curve_final": [
        -9.920061928713768,
        -9.920044016858792
    ],
    "total_runtime_sec": 2.651946783065796
}