{
    "n_trials": 31,
    "avg_iterations": 3.3870967741935485,
    "median_iterations": 3.0,
    "avg_auc_delta": 3.334528414609729,
    "avg_geo_decay": 0.3953581506911295,
    "best_k": 8,
    "best_combined_score": 0.7812741341628642,
    "best_sse": 96.71402970491063,
    "weights": {
        "alpha": 0.47,
        "beta": 0.53,
        "gamma": 0.0
    },
    "total_runtime_sec": 1.271299123764038
}