{
    "clean_state": "raw",
    "best_k": 6,
    "linkage": "single",
    "metric": "manhattan",
    "combined": 1.7546936537663538,
    "silhouette": 0.48987877540695474,
    "davies_bouldin": 0.33117972324323713,
    "intra_dist_mean": 4.696958545379158,
    "inter_dist_mean": 12.160675710912209,
    "ratio_intra_inter": 0.3862415754713386,
    "n_merge_steps": 999,
    "total_runtime_sec": 28.747783422470093
}