{
    "core_count": 2282,
    "border_count": 37,
    "noise_count": 91,
    "noise_ratio": 0.03775933609958506,
    "neighbor_hist": [
        0,
        37,
        31,
        38,
        22,
        15,
        27,
        20,
        27,
        12,
        17,
        11,
        8,
        14,
        21,
        27,
        16,
        31,
        15,
        5,
        17,
        21,
        2,
        3,
        0,
        27,
        0,
        7,
        4,
        7,
        5,
        7,
        8,
        12,
        21,
        20,
        7,
        1,
        7,
        3,
        36,
        6,
        15,
        17,
        33,
        5,
        2,
        5,
        10,
        1708
    ],
    "combined_score": 0.5416940166065488,
    "silhouette": 0.5472083022716688,
    "davies_bouldin": 1.336820327536039,
    "sse": 2430.0490583715623,
    "weights": {
        "alpha": 0.47,
        "beta": 0.53,
        "gamma": 0.0
    }
}