{
    "core_count": 2337,
    "border_count": 24,
    "noise_count": 15,
    "noise_ratio": 0.006313131313131313,
    "neighbor_hist": [
        0,
        4,
        2,
        7,
        8,
        5,
        3,
        10,
        9,
        2,
        5,
        4,
        4,
        1,
        17,
        3,
        7,
        5,
        4,
        4,
        7,
        1,
        5,
        10,
        6,
        18,
        4,
        9,
        1,
        19,
        7,
        6,
        4,
        7,
        7,
        24,
        15,
        6,
        13,
        5,
        0,
        2,
        3,
        0,
        3,
        2,
        5,
        9,
        0,
        2074
    ],
    "combined_score": 0.5279461015965409,
    "silhouette": 0.35905152961731407,
    "davies_bouldin": 1.268818699791779,
    "sse": 8266.61142906421,
    "weights": {
        "alpha": 0.47,
        "beta": 0.53,
        "gamma": 0.0
    }
}