{
    "clean_state": "raw",
    "best_k": 41,
    "linkage": "average",
    "metric": "euclidean",
    "combined": 0.8237669261515737,
    "silhouette": 0.411372811417661,
    "davies_bouldin": 0.8089560881838506,
    "intra_dist_mean": 1.1530951781737024,
    "inter_dist_mean": 3.54084482000261,
    "ratio_intra_inter": 0.3256553836133736,
    "n_merge_steps": 1817,
    "total_runtime_sec": 100.18200087547302
}