{
    "clean_state": "raw",
    "best_k": 41,
    "linkage": "average",
    "metric": "manhattan",
    "combined": 0.8140829167601185,
    "silhouette": 0.39991158121900994,
    "davies_bouldin": 0.8141636783478865,
    "intra_dist_mean": 1.1681243069523188,
    "inter_dist_mean": 3.543470643124588,
    "ratio_intra_inter": 0.3296554210822957,
    "n_merge_steps": 1817,
    "h_max": 10.77950081542653,
    "total_runtime_sec": 72.25809407234192
}