{
    "n_trials": 30,
    "avg_iterations": 11.633333333333333,
    "median_iterations": 10.0,
    "avg_auc_delta": 5.860354901702775,
    "avg_geo_decay": 0.5851738148588627,
    "best_k": 48,
    "best_combined_score": 0.7903845261673882,
    "best_sse": 1006.549057453849,
    "total_runtime_sec": 6.6812522411346436
}