{
    "n_trials": 31,
    "avg_iterations": 12.64516129032258,
    "median_iterations": 12.0,
    "avg_auc_delta": 9.320711296784816,
    "avg_geo_decay": 0.6075047391523668,
    "best_k": 48,
    "best_combined_score": 0.7566568557886149,
    "best_sse": 1254.076870415004,
    "total_runtime_sec": 17.100268125534058
}