{
    "centroid_movements": [
        2.0900776044239385e-15
    ],
    "sse_list": [
        1051.9048799645489,
        1051.9048799645489
    ],
    "final_iteration": 2
}