{
    "clean_state": "raw",
    "best_k": 16,
    "best_cov_type": "full",
    "best_combined": 0.3844128144158382,
    "best_silhouette": 0.13084244002340653,
    "best_db": 1.5674394208849998,
    "n_iter_final": 1,
    "ll_curve_final": [
        16.99934656981623,
        16.999346569816886
    ],
    "total_runtime_sec": 3.1782453060150146
}