{
    "clean_state": "raw",
    "best_k": 8,
    "best_cov_type": "tied",
    "best_combined": 0.5641439811736303,
    "best_silhouette": 0.35421472636139706,
    "best_db": 1.0348451230670017,
    "best_sse": 2359.8775370383773,
    "weights": {
        "alpha": 0.47,
        "beta": 0.53,
        "gamma": 0.0
    },
    "n_iter_final": 1,
    "ll_curve_final": [
        -6.929702732138742,
        -6.874993450667318,
        -6.855796263498676,
        -6.841476412079257,
        -6.829940129320947,
        -6.8223488665337415,
        -6.819103072353716,
        -6.818182439359078
    ],
    "total_runtime_sec": 14.943748235702515
}