{
    "n_trials": 31,
    "avg_iterations": 10.03225806451613,
    "median_iterations": 10.0,
    "avg_auc_delta": 15.22895609939069,
    "avg_geo_decay": 0.6544766896277493,
    "best_k": 13,
    "best_combined_score": 0.4244871897184227,
    "best_sse": 1816.3539066403368,
    "weights": {
        "alpha": 0.47,
        "beta": 0.53,
        "gamma": 0.0
    },
    "total_runtime_sec": 2.0327258110046387
}