{
    "n_trials": 31,
    "avg_iterations": 13.290322580645162,
    "median_iterations": 12.0,
    "avg_auc_delta": 8.619473500009928,
    "avg_geo_decay": 0.6650033294896978,
    "best_k": 24,
    "best_combined_score": 0.5163865009095226,
    "best_sse": 1071.02992138181,
    "weights": {
        "alpha": 0.47,
        "beta": 0.53,
        "gamma": 0.0
    },
    "total_runtime_sec": 16.779045820236206
}