{
    "n_trials": 31,
    "avg_iterations": 11.290322580645162,
    "median_iterations": 11.0,
    "avg_auc_delta": 9.828136984051516,
    "avg_geo_decay": 0.4832927612213063,
    "best_k": 7,
    "best_combined_score": 0.6302530478835783,
    "best_sse": 3345.395981724916,
    "weights": {
        "alpha": 0.47,
        "beta": 0.53,
        "gamma": 0.0
    },
    "total_runtime_sec": 42.210773229599
}