{
    "n_trials": 31,
    "avg_iterations": 6.870967741935484,
    "median_iterations": 7.0,
    "avg_auc_delta": 11.571939065645498,
    "avg_geo_decay": 0.48451346129473544,
    "best_k": 7,
    "best_combined_score": 0.555082519065363,
    "best_sse": 1862.743017480933,
    "weights": {
        "alpha": 0.47,
        "beta": 0.53,
        "gamma": 0.0
    },
    "total_runtime_sec": 1.5664751529693604
}