{
    "clean_state": "raw",
    "best_k": 5,
    "linkage": "single",
    "metric": "manhattan",
    "combined": 1.9879290106556902,
    "silhouette": 0.5269978587165313,
    "davies_bouldin": 0.2899508686509404,
    "intra_dist_mean": 3.333497569052363,
    "inter_dist_mean": 10.030559918605679,
    "ratio_intra_inter": 0.3323341464586367,
    "n_merge_steps": 1064,
    "h_max": 10.11254877859288,
    "total_runtime_sec": 20.716148138046265
}