{
    "clean_state": "raw",
    "best_k": 6,
    "linkage": "average",
    "metric": "euclidean",
    "combined": 0.6871674249840741,
    "silhouette": 0.5053099402020068,
    "davies_bouldin": 0.5675345433334215,
    "sse": 2964.964774548379,
    "weights": {
        "alpha": 0.47,
        "beta": 0.53,
        "gamma": 0.0
    },
    "intra_dist_mean": 4.06175899153952,
    "inter_dist_mean": 8.827466471347597,
    "ratio_intra_inter": 0.4601273768326184,
    "n_merge_steps": 344,
    "h_max": 9.01665280371637,
    "total_runtime_sec": 3.3349387645721436
}