{
    "clean_state": "raw",
    "best_k": 5,
    "linkage": "single",
    "metric": "manhattan",
    "combined": 1.9879290106556642,
    "silhouette": 0.5269978587164792,
    "davies_bouldin": 0.2899508686509404,
    "intra_dist_mean": 3.3334975690527426,
    "inter_dist_mean": 10.030559918605679,
    "ratio_intra_inter": 0.33233414645867454,
    "n_merge_steps": 1064,
    "total_runtime_sec": 41.48834180831909
}