{
    "core_count": 1295,
    "border_count": 50,
    "noise_count": 57,
    "noise_ratio": 0.04065620542082739,
    "neighbor_hist": [
        0,
        45,
        18,
        25,
        19,
        19,
        16,
        6,
        9,
        19,
        13,
        11,
        9,
        9,
        9,
        11,
        11,
        9,
        4,
        10,
        14,
        10,
        9,
        4,
        7,
        6,
        6,
        11,
        6,
        4,
        6,
        13,
        6,
        3,
        5,
        6,
        2,
        1,
        3,
        7,
        3,
        6,
        6,
        5,
        3,
        6,
        4,
        0,
        3,
        965
    ],
    "combined_score": 0.481605822262923,
    "silhouette": 0.4377583387090332,
    "davies_bouldin": 1.6841345480884413,
    "sse": 8602.921575816868,
    "weights": {
        "alpha": 0.47,
        "beta": 0.53,
        "gamma": 0.0
    }
}