{
    "n_trials": 31,
    "avg_iterations": 5.580645161290323,
    "median_iterations": 6.0,
    "avg_auc_delta": 11.545162555540472,
    "avg_geo_decay": 1.2622816787927074,
    "best_k": 9,
    "best_combined_score": 0.7006913065926321,
    "best_sse": 429.95425684281474,
    "weights": {
        "alpha": 0.47,
        "beta": 0.53,
        "gamma": 0.0
    },
    "total_runtime_sec": 6.103724479675293
}