{
    "core_count": 840,
    "border_count": 8,
    "noise_count": 152,
    "noise_ratio": 0.152,
    "neighbor_hist": [
        0,
        56,
        45,
        34,
        20,
        5,
        14,
        49,
        8,
        1,
        41,
        10,
        0,
        21,
        61,
        0,
        16,
        47,
        40,
        0,
        0,
        21,
        0,
        0,
        24,
        25,
        1,
        27,
        0,
        0,
        0,
        0,
        0,
        0,
        0,
        0,
        0,
        37,
        0,
        0,
        0,
        0,
        0,
        43,
        0,
        0,
        0,
        0,
        0,
        354
    ],
    "combined_score": 0.551348104913065,
    "silhouette": 0.650665683952628,
    "davies_bouldin": 1.3476772615967174,
    "sse": 109.58620775178424,
    "weights": {
        "alpha": 0.47,
        "beta": 0.53,
        "gamma": 0.0
    }
}