{
    "clean_state": "raw",
    "best_k": 21,
    "best_cov_type": "full",
    "best_combined": 1.3603680012983854,
    "best_silhouette": 0.7907377800905425,
    "best_db": 0.5181351922186928,
    "n_iter_final": 1,
    "ll_curve_final": [
        4.970679098511749,
        4.9706791047239385
    ],
    "total_runtime_sec": 28.996461868286133
}