{
    "core_count": 554,
    "border_count": 42,
    "noise_count": 94,
    "noise_ratio": 0.13623188405797101,
    "neighbor_hist": [
        0,
        47,
        21,
        35,
        19,
        10,
        4,
        4,
        12,
        4,
        8,
        4,
        12,
        13,
        10,
        6,
        2,
        5,
        4,
        3,
        5,
        7,
        4,
        7,
        3,
        4,
        6,
        5,
        4,
        3,
        4,
        2,
        0,
        2,
        0,
        0,
        0,
        3,
        0,
        0,
        2,
        0,
        0,
        1,
        1,
        2,
        0,
        4,
        0,
        398
    ],
    "combined_score": 0.412540050119831,
    "silhouette": 0.07750736407511373,
    "davies_bouldin": 1.9275910293054181,
    "sse": 2204.5588844995505,
    "weights": {
        "alpha": 0.47,
        "beta": 0.53,
        "gamma": 0.0
    }
}