{
    "n_trials": 31,
    "avg_iterations": 4.032258064516129,
    "median_iterations": 4.0,
    "avg_auc_delta": 5.1165796826395065,
    "avg_geo_decay": 0.3203448469473994,
    "best_k": 26,
    "best_combined_score": 0.5605922409114962,
    "best_sse": 2946.1442332904253,
    "weights": {
        "alpha": 0.47,
        "beta": 0.53,
        "gamma": 0.0
    },
    "total_runtime_sec": 2.6946322917938232
}