{
    "n_trials": 31,
    "avg_iterations": 10.32258064516129,
    "median_iterations": 10.0,
    "avg_auc_delta": 5.624182234477669,
    "avg_geo_decay": 0.46747472268290824,
    "best_k": 7,
    "best_combined_score": 0.6909368740788345,
    "best_sse": 1765.3559512763866,
    "weights": {
        "alpha": 0.47,
        "beta": 0.53,
        "gamma": 0.0
    },
    "total_runtime_sec": 35.22829031944275
}