{
    "clean_state": "raw",
    "best_k": 12,
    "linkage": "single",
    "metric": "manhattan",
    "combined": 1.5601412629943898,
    "silhouette": 0.4610121448059507,
    "davies_bouldin": 0.37604299550585957,
    "intra_dist_mean": 4.467188094961166,
    "inter_dist_mean": 11.392863093502502,
    "ratio_intra_inter": 0.39210407939585173,
    "n_merge_steps": 999,
    "h_max": 31.900846041365025,
    "total_runtime_sec": 18.349158763885498
}