{
    "clean_state": "raw",
    "best_k": 10,
    "best_cov_type": "tied",
    "best_combined": 1.7320397073398879,
    "best_silhouette": 0.7292081579708481,
    "best_db": 0.3656479249423148,
    "n_iter_final": 1,
    "ll_curve_final": [
        6.5927446604812445,
        6.592744672748592
    ],
    "total_runtime_sec": 4.66334080696106
}