{
    "clean_state": "raw",
    "best_k": 9,
    "best_cov_type": "full",
    "best_combined": 0.8501273517405136,
    "best_silhouette": 0.7931642940055689,
    "best_db": 0.2303422042384161,
    "best_sse": 58.35176755763561,
    "weights": {
        "alpha": 0.47,
        "beta": 0.53,
        "gamma": 0.0
    },
    "n_iter_final": 1,
    "ll_curve_final": [
        27.558133116473044,
        27.558133116473854
    ],
    "total_runtime_sec": 1.3793261051177979
}