{
    "centroid_movements": [
        1.1534437158278259e-15
    ],
    "sse_list": [
        939.718575259512,
        939.718575259512
    ],
    "final_iteration": 2
}