{
    "n_trials": 30,
    "avg_iterations": 11.133333333333333,
    "median_iterations": 10.0,
    "avg_auc_delta": 5.306101959378663,
    "avg_geo_decay": 0.602594111729302,
    "best_k": 41,
    "best_combined_score": 0.7307024356310436,
    "best_sse": 805.729518242094,
    "total_runtime_sec": 2.6601595878601074
}