{
    "n_trials": 31,
    "avg_iterations": 13.193548387096774,
    "median_iterations": 13.0,
    "avg_auc_delta": 8.232652810554832,
    "avg_geo_decay": 0.6337987978188596,
    "best_k": 41,
    "best_combined_score": 0.7522112099134073,
    "best_sse": 779.9259912899954,
    "total_runtime_sec": 12.40439510345459
}