{
    "clean_state": "raw",
    "best_k": 5,
    "linkage": "single",
    "metric": "manhattan",
    "combined": 2.752656014928844,
    "silhouette": 0.6858632837368155,
    "davies_bouldin": 0.20749261018802004,
    "intra_dist_mean": 2.89150117094109,
    "inter_dist_mean": 11.790395954130961,
    "ratio_intra_inter": 0.24524207517625898,
    "n_merge_steps": 319,
    "h_max": 20.392678869601276,
    "total_runtime_sec": 1.8175601959228516
}