{
    "clean_state": "raw",
    "best_k": 16,
    "linkage": "single",
    "metric": "manhattan",
    "combined": 2.591814031820036,
    "silhouette": 0.6329918364050009,
    "davies_bouldin": 0.21974949217322778,
    "intra_dist_mean": 1.8832252108099297,
    "inter_dist_mean": 7.404850271171223,
    "ratio_intra_inter": 0.2543231992335486,
    "n_merge_steps": 319,
    "total_runtime_sec": 2.2855353355407715
}