{
    "clean_state": "raw",
    "best_k": 5,
    "linkage": "single",
    "metric": "euclidean",
    "combined": 0.8419976820517787,
    "silhouette": 0.7591403471964281,
    "davies_bouldin": 0.23264116622755626,
    "sse": 2656.6030733493285,
    "weights": {
        "alpha": 0.47,
        "beta": 0.53,
        "gamma": 0.0
    },
    "intra_dist_mean": 2.6469113464703478,
    "inter_dist_mean": 13.741600849414205,
    "ratio_intra_inter": 0.19262030497582028,
    "n_merge_steps": 462,
    "h_max": 15.248092942882858,
    "total_runtime_sec": 5.374104738235474
}