{
    "centroid_movements": [
        1.8894313336795843e-15
    ],
    "sse_list": [
        2297.810788210625,
        2297.810788210625
    ],
    "final_iteration": 2
}