{
    "n_trials": 31,
    "avg_iterations": 14.67741935483871,
    "median_iterations": 15.0,
    "avg_auc_delta": 12.139258177590856,
    "avg_geo_decay": 0.6849228494590813,
    "best_k": 48,
    "best_combined_score": 0.6130265661556393,
    "best_sse": 2089.343194796561,
    "total_runtime_sec": 19.387491703033447
}