{
    "n_trials": 30,
    "avg_iterations": 9.9,
    "median_iterations": 9.5,
    "avg_auc_delta": 6.945401141925706,
    "avg_geo_decay": 0.6302783420449573,
    "best_k": 48,
    "best_combined_score": 0.6010373727439108,
    "best_sse": 1995.2820401586478,
    "total_runtime_sec": 3.917484760284424
}