{
    "n_trials": 31,
    "avg_iterations": 3.967741935483871,
    "median_iterations": 4.0,
    "avg_auc_delta": 3.292539239034707,
    "avg_geo_decay": 0.3516944236337494,
    "best_k": 12,
    "best_combined_score": 0.7421102774165719,
    "best_sse": 68.0875603646904,
    "weights": {
        "alpha": 0.47,
        "beta": 0.53,
        "gamma": 0.0
    },
    "total_runtime_sec": 2.0223469734191895
}