{
    "n_trials": 31,
    "avg_iterations": 12.67741935483871,
    "median_iterations": 12.0,
    "avg_auc_delta": 19.73954306553227,
    "avg_geo_decay": 0.6888561939584852,
    "best_k": 19,
    "best_combined_score": 0.25227239843344773,
    "best_sse": 4297.240802512942,
    "total_runtime_sec": 3.164658784866333
}