{
    "n_trials": 30,
    "avg_iterations": 11.633333333333333,
    "median_iterations": 11.0,
    "avg_auc_delta": 16.334049398652727,
    "avg_geo_decay": 0.6684957577225712,
    "best_k": 19,
    "best_combined_score": 0.29063476357106616,
    "best_sse": 4114.241601072438,
    "total_runtime_sec": 0.5460193157196045
}