{
    "n_trials": 30,
    "avg_iterations": 9.2,
    "median_iterations": 9.0,
    "avg_auc_delta": 5.46376048009794,
    "avg_geo_decay": 0.5570604067136605,
    "best_k": 41,
    "best_combined_score": 0.6010801743647279,
    "best_sse": 829.6534118381398,
    "weights": {
        "alpha": 0.47,
        "beta": 0.53,
        "gamma": 0.0
    },
    "total_runtime_sec": 16.923460721969604
}