{
    "n_trials": 31,
    "avg_iterations": 5.419354838709677,
    "median_iterations": 5.0,
    "avg_auc_delta": 16.60620628880976,
    "avg_geo_decay": 0.7988044084997725,
    "best_k": 19,
    "best_combined_score": 0.7243558868255902,
    "best_sse": 285.1549786317803,
    "weights": {
        "alpha": 0.47,
        "beta": 0.53,
        "gamma": 0.0
    },
    "total_runtime_sec": 0.9299721717834473
}