{
    "core_count": 12,
    "border_count": 7,
    "noise_count": 339,
    "noise_ratio": 0.946927374301676,
    "neighbor_hist": [
        0,
        231,
        67,
        40,
        6,
        2,
        9,
        2,
        0,
        1
    ],
    "combined_score": 0.32884478968493286,
    "silhouette": -0.24401519879157327,
    "davies_bouldin": 2.3915793323765997,
    "sse": 8.910008775971164,
    "weights": {
        "alpha": 0.47,
        "beta": 0.53,
        "gamma": 0.0
    }
}