{
    "clean_state": "raw",
    "best_k": 2,
    "best_cov_type": "tied",
    "best_combined": 0.7217015761644041,
    "best_silhouette": 0.6683091063317794,
    "best_db": 0.5512632467478018,
    "best_sse": 7831.622463951253,
    "weights": {
        "alpha": 0.47,
        "beta": 0.53,
        "gamma": 0.0
    },
    "n_iter_final": 1,
    "ll_curve_final": [
        7.0643055662720275,
        7.0643055662720275
    ],
    "total_runtime_sec": 10.620306968688965
}