{
    "clean_state": "raw",
    "best_k": 5,
    "linkage": "single",
    "metric": "manhattan",
    "combined": 1.204821908813279,
    "silhouette": 0.27293856205040357,
    "davies_bouldin": 0.46801026832797943,
    "intra_dist_mean": 3.2382925758328267,
    "inter_dist_mean": 5.378933504933419,
    "ratio_intra_inter": 0.6020324610561083,
    "n_merge_steps": 890,
    "h_max": 4.586766314803311,
    "total_runtime_sec": 10.45600962638855
}