{
    "clean_state": "raw",
    "best_k": 5,
    "linkage": "single",
    "metric": "euclidean",
    "combined": 1.1658847970687658,
    "silhouette": 0.24713624411406,
    "davies_bouldin": 0.47970066294331354,
    "intra_dist_mean": 3.2389825796208194,
    "inter_dist_mean": 5.302644597118378,
    "ratio_intra_inter": 0.6108239992890289,
    "n_merge_steps": 890,
    "total_runtime_sec": 35.48605465888977
}