{
    "clean_state": "raw",
    "best_k": 5,
    "linkage": "single",
    "metric": "euclidean",
    "combined": 0.7612694325676576,
    "silhouette": 0.49802832702927113,
    "davies_bouldin": 0.29453565181894564,
    "sse": 6441.389297074539,
    "weights": {
        "alpha": 0.47,
        "beta": 0.53,
        "gamma": 0.0
    },
    "intra_dist_mean": 3.4584465182918747,
    "inter_dist_mean": 11.10763330603788,
    "ratio_intra_inter": 0.3113576423531756,
    "n_merge_steps": 910,
    "h_max": 7.601738901384399,
    "total_runtime_sec": 17.994640588760376
}