{
    "clean_state": "raw",
    "best_k": 31,
    "best_cov_type": "tied",
    "best_combined": 0.6139509718133298,
    "best_silhouette": 0.577109475046731,
    "best_db": 0.9486178240500935,
    "best_sse": 1367.2320299579603,
    "weights": {
        "alpha": 0.47,
        "beta": 0.53,
        "gamma": 0.0
    },
    "n_iter_final": 1,
    "ll_curve_final": [
        -6.101870790939654,
        -5.946219492230335,
        -5.760415080382405,
        -4.940652710872466,
        -3.7054898293697347,
        -3.3413407887672166,
        -3.3388463256155716,
        -3.331810569841659,
        -3.322664686857388,
        -3.30833970955282,
        -3.2827645687465057,
        -3.253235065628768,
        -3.1803476073890855,
        -3.1606842559457995,
        -3.1369686894462707,
        -3.128805406069689,
        -3.0969379396312102,
        -3.065083353687753,
        -2.9699181787292135,
        -2.927652533168117,
        -2.920516462874395,
        -2.920515850201878
    ],
    "total_runtime_sec": 11.193216562271118
}