{
    "clean_state": "raw",
    "best_k": 24,
    "best_cov_type": "tied",
    "best_combined": 0.7588537147030043,
    "best_silhouette": 0.5486913475222354,
    "best_db": 1.0319746170321484,
    "n_iter_final": 1,
    "ll_curve_final": [
        -1.0309218064674766,
        -0.38860689024067596,
        0.1599387264604567,
        0.23856788538934873,
        0.30051707591878135,
        0.30052526956785164
    ],
    "total_runtime_sec": 13.610023736953735
}