{
    "clean_state": "raw",
    "best_k": 5,
    "linkage": "single",
    "metric": "manhattan",
    "combined": 0.9628755130338467,
    "silhouette": 0.19301202099302972,
    "davies_bouldin": 0.5771209611322335,
    "intra_dist_mean": 3.240837958621751,
    "inter_dist_mean": 5.3018615842870185,
    "ratio_intra_inter": 0.6112641582771459,
    "n_merge_steps": 1922,
    "total_runtime_sec": 105.26120519638062
}