{
    "n_trials": 30,
    "avg_iterations": 8.366666666666667,
    "median_iterations": 9.0,
    "avg_auc_delta": 7.356518979268651,
    "avg_geo_decay": 0.5817492241646709,
    "best_k": 12,
    "best_combined_score": 0.6035164720101226,
    "best_sse": 1027.9660405870866,
    "weights": {
        "alpha": 0.47,
        "beta": 0.53,
        "gamma": 0.0
    },
    "total_runtime_sec": 0.8988137245178223
}