{
    "n_trials": 31,
    "avg_iterations": 13.96774193548387,
    "median_iterations": 13.0,
    "avg_auc_delta": 6.60324895192566,
    "avg_geo_decay": 0.665644174251923,
    "best_k": 42,
    "best_combined_score": 0.6254384989213786,
    "best_sse": 711.115021916441,
    "total_runtime_sec": 14.367376327514648
}