{
    "n_trials": 30,
    "avg_iterations": 13.4,
    "median_iterations": 13.0,
    "avg_auc_delta": 4.874956255948268,
    "avg_geo_decay": 0.6365125731876652,
    "best_k": 42,
    "best_combined_score": 0.7191741937742286,
    "best_sse": 636.2384395885456,
    "total_runtime_sec": 2.803412675857544
}