{
    "centroid_movements": [
        8.359567454844231e-16
    ],
    "sse_list": [
        752.2664369330056,
        752.2664369330056
    ],
    "final_iteration": 2
}