{
    "core_count": 2300,
    "border_count": 48,
    "noise_count": 28,
    "noise_ratio": 0.011784511784511785,
    "neighbor_hist": [
        0,
        4,
        1,
        11,
        5,
        12,
        3,
        11,
        13,
        6,
        5,
        5,
        3,
        15,
        9,
        9,
        6,
        5,
        1,
        2,
        3,
        7,
        17,
        4,
        1,
        6,
        3,
        1,
        5,
        4,
        3,
        5,
        5,
        13,
        6,
        4,
        2,
        7,
        10,
        5,
        14,
        6,
        1,
        4,
        2,
        3,
        7,
        3,
        18,
        2081
    ],
    "combined_score": 0.5303390800843175,
    "silhouette": 0.3044016070239154,
    "davies_bouldin": 1.1980172660792665,
    "sse": 10010.454911253468,
    "weights": {
        "alpha": 0.47,
        "beta": 0.53,
        "gamma": 0.0
    }
}