{
    "n_trials": 31,
    "avg_iterations": 20.612903225806452,
    "median_iterations": 20.0,
    "avg_auc_delta": 14.57390142451202,
    "avg_geo_decay": 0.7359935041124225,
    "best_k": 43,
    "best_combined_score": 0.470063345754251,
    "best_sse": 3070.2812441669384,
    "total_runtime_sec": 9.56259560585022
}