{
    "core_count": 456,
    "border_count": 19,
    "noise_count": 19,
    "noise_ratio": 0.038461538461538464,
    "neighbor_hist": [
        0,
        9,
        8,
        4,
        17,
        8,
        5,
        4,
        5,
        7,
        3,
        1,
        2,
        5,
        6,
        8,
        2,
        4,
        5,
        7,
        3,
        3,
        6,
        3,
        7,
        5,
        5,
        6,
        5,
        4,
        3,
        6,
        2,
        0,
        2,
        0,
        4,
        1,
        2,
        3,
        1,
        4,
        1,
        6,
        5,
        4,
        2,
        2,
        2,
        287
    ],
    "combined_score": 0.46490261959454976,
    "silhouette": 0.3087579616910228,
    "davies_bouldin": 1.7033016344859264,
    "sse": 2360.0370229904397,
    "weights": {
        "alpha": 0.47,
        "beta": 0.53,
        "gamma": 0.0
    }
}