{
    "clean_state": "raw",
    "best_k": 5,
    "linkage": "single",
    "metric": "manhattan",
    "combined": 0.7927396505377571,
    "silhouette": 0.5797758404805406,
    "davies_bouldin": 0.25740956043407703,
    "sse": 14235.060893751872,
    "weights": {
        "alpha": 0.47,
        "beta": 0.53,
        "gamma": 0.0
    },
    "intra_dist_mean": 3.070629685848723,
    "inter_dist_mean": 13.761434501474486,
    "ratio_intra_inter": 0.22313296520936776,
    "n_merge_steps": 2409,
    "h_max": 52.08348997274035,
    "total_runtime_sec": 126.57794761657715
}