{
    "n_trials": 31,
    "avg_iterations": 12.096774193548388,
    "median_iterations": 12.0,
    "avg_auc_delta": 9.627160829669977,
    "avg_geo_decay": 0.6633508268549513,
    "best_k": 8,
    "best_combined_score": 0.5345106608640745,
    "best_sse": 999.929080700766,
    "weights": {
        "alpha": 0.47,
        "beta": 0.53,
        "gamma": 0.0
    },
    "total_runtime_sec": 2.69791841506958
}