{
    "clean_state": "raw",
    "best_k": 47,
    "linkage": "single",
    "metric": "euclidean",
    "combined": 1.8289427899272437,
    "silhouette": 0.6049983526008772,
    "davies_bouldin": 0.32755877487803703,
    "intra_dist_mean": 1.1385455593564968,
    "inter_dist_mean": 4.266045015278397,
    "ratio_intra_inter": 0.26688550056988314,
    "n_merge_steps": 2375,
    "total_runtime_sec": 140.89882016181946
}