{
    "clean_state": "raw",
    "best_k": 5,
    "linkage": "average",
    "metric": "manhattan",
    "combined": 0.8303202563811525,
    "silhouette": 0.6281697786956557,
    "davies_bouldin": 0.183055106798647,
    "sse": 14627.30109409637,
    "weights": {
        "alpha": 0.47,
        "beta": 0.53,
        "gamma": 0.0
    },
    "intra_dist_mean": 3.0749914489330648,
    "inter_dist_mean": 15.75540912561775,
    "ratio_intra_inter": 0.19517052362245801,
    "n_merge_steps": 2409,
    "h_max": 63.56566047653189,
    "total_runtime_sec": 141.27910995483398
}