{
    "clean_state": "raw",
    "best_k": 47,
    "linkage": "single",
    "metric": "euclidean",
    "combined": 1.8289427976531467,
    "silhouette": 0.6049983526013782,
    "davies_bouldin": 0.32755877322019317,
    "intra_dist_mean": 1.1385455593553977,
    "inter_dist_mean": 4.266045015278397,
    "ratio_intra_inter": 0.2668855005696255,
    "n_merge_steps": 2375,
    "h_max": 3.8710056289477364,
    "total_runtime_sec": 126.29663753509521
}