{
    "centroid_movements": [
        1.2138581102678632e-15
    ],
    "sse_list": [
        500.5911156443591,
        500.5911156443592
    ],
    "final_iteration": 2
}