{
    "n_trials": 20,
    "avg_iterations": 13.1,
    "median_iterations": 13.0,
    "avg_auc_delta": 6.856432449009377,
    "avg_geo_decay": 0.6496990338267407,
    "best_k": 9,
    "best_combined_score": 0.5619828810288697,
    "best_sse": 2850.435147029012,
    "weights": {
        "alpha": 0.47,
        "beta": 0.53,
        "gamma": 0.0
    },
    "total_runtime_sec": 2.0200772285461426
}