{
    "n_trials": 31,
    "avg_iterations": 13.96774193548387,
    "median_iterations": 14.0,
    "avg_auc_delta": 6.521388598354211,
    "avg_geo_decay": 0.648477409292854,
    "best_k": 40,
    "best_combined_score": 0.6661467717101509,
    "best_sse": 486.9092553123078,
    "total_runtime_sec": 7.343867063522339
}