{
    "n_trials": 30,
    "avg_iterations": 15.4,
    "median_iterations": 16.0,
    "avg_auc_delta": 4.077016070672986,
    "avg_geo_decay": 0.6711271492402111,
    "best_k": 40,
    "best_combined_score": 0.7049186052503204,
    "best_sse": 451.5588713425675,
    "total_runtime_sec": 2.7065086364746094
}