{
    "clean_state": "raw",
    "best_k": 37,
    "best_cov_type": "spherical",
    "best_combined": 0.5070003237641704,
    "best_silhouette": 0.19627682448402087,
    "best_db": 1.2388943858428472,
    "best_sse": 2205.515123214851,
    "weights": {
        "alpha": 0.47,
        "beta": 0.53,
        "gamma": 0.0
    },
    "n_iter_final": 1,
    "ll_curve_final": [
        -6.724640318561786,
        -6.666221760823248,
        -6.629906386080008,
        -6.5846580577312785,
        -6.544908149103498,
        -6.5160919127033665,
        -6.4921193969543305,
        -6.4740759495892375,
        -6.466144377289173,
        -6.46221663470897,
        -6.460371278958395,
        -6.4590640491187425,
        -6.4583310926607504
    ],
    "total_runtime_sec": 17.778908014297485
}