{
    "n_trials": 31,
    "avg_iterations": 7.0,
    "median_iterations": 7.0,
    "avg_auc_delta": 14.049222223104945,
    "avg_geo_decay": 0.6398442118674632,
    "best_k": 17,
    "best_combined_score": 0.7110304389525186,
    "best_sse": 277.56858545576506,
    "weights": {
        "alpha": 0.47,
        "beta": 0.53,
        "gamma": 0.0
    },
    "total_runtime_sec": 3.148602247238159
}