{
    "n_trials": 31,
    "avg_iterations": 12.0,
    "median_iterations": 12.0,
    "avg_auc_delta": 12.157850371724932,
    "avg_geo_decay": 0.5891094308665574,
    "best_k": 49,
    "best_combined_score": 0.8152801103787712,
    "best_sse": 1187.2173002162158,
    "total_runtime_sec": 17.67257046699524
}