{
    "n_trials": 30,
    "avg_iterations": 10.6,
    "median_iterations": 12.5,
    "avg_auc_delta": 8.491340237715624,
    "avg_geo_decay": 0.6532251960821792,
    "best_k": 49,
    "best_combined_score": 0.8476095728243842,
    "best_sse": 1085.6766158804523,
    "total_runtime_sec": 4.827094078063965
}