{
    "n_trials": 30,
    "avg_iterations": 10.466666666666667,
    "median_iterations": 9.5,
    "avg_auc_delta": 14.966420963136605,
    "avg_geo_decay": 0.6276084937055074,
    "best_k": 27,
    "best_combined_score": 0.44248912583695116,
    "best_sse": 7706.555203284922,
    "weights": {
        "alpha": 0.47,
        "beta": 0.53,
        "gamma": 0.0
    },
    "total_runtime_sec": 3.224003553390503
}