{
    "clean_state": "raw",
    "best_k": 9,
    "best_cov_type": "tied",
    "best_combined": 0.5959096999953227,
    "best_silhouette": 0.25517919388765803,
    "best_db": 1.0676458190500162,
    "n_iter_final": 1,
    "ll_curve_final": [
        -9.18426873442311,
        -9.085201269459336,
        -9.006414099233112,
        -8.990156471154954,
        -8.963790328143071,
        -8.956874938438464,
        -8.95530538151248,
        -8.953385648201037,
        -8.949954822388726,
        -8.948825634704374,
        -8.948539841385653
    ],
    "total_runtime_sec": 4.781558036804199
}