{
    "clean_state": "raw",
    "best_k": 3,
    "best_cov_type": "spherical",
    "best_combined": 0.4148428955045427,
    "best_silhouette": 0.12737246115665146,
    "best_db": 1.9750073696568091,
    "best_sse": 735.5300274580006,
    "weights": {
        "alpha": 0.47,
        "beta": 0.53,
        "gamma": 0.0
    },
    "n_iter_final": 1,
    "ll_curve_final": [
        -24.879412875819924,
        -24.77413467646893,
        -24.69842464057453,
        -24.65721829582914,
        -24.63523866438911,
        -24.614900345611588,
        -24.599724848027805,
        -24.591450856936518,
        -24.582228994824476,
        -24.565157227574645,
        -24.55597003977723,
        -24.554571970645625,
        -24.554102671187504
    ],
    "total_runtime_sec": 1.071197271347046
}