{
    "clean_state": "raw",
    "best_k": 7,
    "best_cov_type": "tied",
    "best_combined": 0.5244324075947838,
    "best_silhouette": 0.2645827429656083,
    "best_db": 1.2750514584176804,
    "n_iter_final": 1,
    "ll_curve_final": [
        -7.6495625059291745,
        -7.5316267687771985,
        -7.505094166913815,
        -7.460270873808596,
        -7.405281510968379,
        -7.390362827126008,
        -7.387631899156275,
        -7.387332643384885
    ],
    "total_runtime_sec": 26.375645637512207
}