{
    "core_count": 118,
    "border_count": 50,
    "noise_count": 815,
    "noise_ratio": 0.8290946083418108,
    "neighbor_hist": [
        0,
        621,
        122,
        54,
        41,
        27,
        16,
        18,
        14,
        14,
        16,
        6,
        7,
        4,
        3,
        4,
        4,
        2,
        2,
        1,
        1,
        3,
        2,
        0,
        0,
        1
    ],
    "combined_score": 0.3459828364856138,
    "silhouette": -0.1844860750152128,
    "davies_bouldin": 2.2786214954811097,
    "sse": 466.5772079210195,
    "weights": {
        "alpha": 0.47,
        "beta": 0.53,
        "gamma": 0.0
    }
}