{
    "clean_state": "raw",
    "best_k": 22,
    "best_cov_type": "spherical",
    "best_combined": 0.5791500566577984,
    "best_silhouette": 0.21335551223092844,
    "best_db": 1.0582630969605367,
    "n_iter_final": 1,
    "ll_curve_final": [
        -6.279926240721209,
        -6.138564901328802,
        -6.071625944013815,
        -6.031889968027655,
        -6.0178934554837085,
        -6.003831983620415,
        -5.991919142034192,
        -5.983492367356703,
        -5.977578852736793,
        -5.974146267586348,
        -5.971784290911449,
        -5.955010138579065,
        -5.897578711568397,
        -5.897273829908408
    ],
    "total_runtime_sec": 7.248433589935303
}