{
    "core_count": 966,
    "border_count": 5,
    "noise_count": 25,
    "noise_ratio": 0.025100401606425703,
    "neighbor_hist": [
        0,
        14,
        3,
        4,
        6,
        3,
        1,
        0,
        0,
        0,
        1,
        1,
        0,
        0,
        0,
        0,
        0,
        0,
        1,
        0,
        0,
        0,
        0,
        4,
        0,
        1,
        0,
        0,
        1,
        0,
        0,
        0,
        0,
        3,
        0,
        1,
        0,
        0,
        0,
        0,
        0,
        0,
        0,
        0,
        0,
        0,
        46,
        0,
        0,
        906
    ],
    "combined_score": 0.5096418854393621,
    "silhouette": 0.690229235228988,
    "davies_bouldin": 1.6528764778966338,
    "sse": 2019.0118700887288,
    "weights": {
        "alpha": 0.47,
        "beta": 0.53,
        "gamma": 0.0
    }
}