{
    "n_trials": 31,
    "avg_iterations": 8.483870967741936,
    "median_iterations": 9.0,
    "avg_auc_delta": 6.651916413875505,
    "avg_geo_decay": 0.4614757727519206,
    "best_k": 48,
    "best_combined_score": 0.5803201728453913,
    "best_sse": 1950.1599348217912,
    "weights": {
        "alpha": 0.47,
        "beta": 0.53,
        "gamma": 0.0
    },
    "total_runtime_sec": 75.84419584274292
}