{
    "n_trials": 31,
    "avg_iterations": 13.225806451612904,
    "median_iterations": 13.0,
    "avg_auc_delta": 9.329208776557712,
    "avg_geo_decay": 0.6555295536092783,
    "best_k": 25,
    "best_combined_score": 0.5193637648523621,
    "best_sse": 1509.3392138455206,
    "weights": {
        "alpha": 0.47,
        "beta": 0.53,
        "gamma": 0.0
    },
    "total_runtime_sec": 34.307050466537476
}