{
    "n_trials": 31,
    "avg_iterations": 10.451612903225806,
    "median_iterations": 10.0,
    "avg_auc_delta": 6.681283024742485,
    "avg_geo_decay": 0.6109322423284019,
    "best_k": 45,
    "best_combined_score": 0.6192551074124593,
    "best_sse": 749.4158580310084,
    "weights": {
        "alpha": 0.47,
        "beta": 0.53,
        "gamma": 0.0
    },
    "total_runtime_sec": 15.507636070251465
}