{
    "n_trials": 31,
    "avg_iterations": 5.483870967741935,
    "median_iterations": 6.0,
    "avg_auc_delta": 6.0571538395126,
    "avg_geo_decay": 0.41009006810138066,
    "best_k": 13,
    "best_combined_score": 0.5185615147702884,
    "best_sse": 5332.714255228176,
    "weights": {
        "alpha": 0.47,
        "beta": 0.53,
        "gamma": 0.0
    },
    "total_runtime_sec": 3.2528176307678223
}