{
    "core_count": 259,
    "border_count": 89,
    "noise_count": 652,
    "noise_ratio": 0.652,
    "neighbor_hist": [
        0,
        445,
        140,
        62,
        56,
        38,
        39,
        24,
        21,
        10,
        13,
        10,
        14,
        5,
        2,
        10,
        5,
        3,
        4,
        4,
        7,
        1,
        2,
        4,
        0,
        2,
        3,
        6,
        6,
        3,
        4,
        1,
        6,
        6,
        7,
        5,
        3,
        3,
        5,
        0,
        1,
        0,
        2,
        1,
        2,
        0,
        3,
        3,
        2,
        7
    ],
    "combined_score": 0.380430463148577,
    "silhouette": -0.1486580675850166,
    "davies_bouldin": 1.8763435357551992,
    "sse": 862.7056249718557,
    "weights": {
        "alpha": 0.47,
        "beta": 0.53,
        "gamma": 0.0
    }
}