{
    "n_trials": 31,
    "avg_iterations": 6.709677419354839,
    "median_iterations": 6.0,
    "avg_auc_delta": 19.269644470014487,
    "avg_geo_decay": 0.636769084393615,
    "best_k": 19,
    "best_combined_score": 0.7382238344773692,
    "best_sse": 303.8258365360169,
    "weights": {
        "alpha": 0.47,
        "beta": 0.53,
        "gamma": 0.0
    },
    "total_runtime_sec": 1.112226963043213
}