{
    "clean_state": "raw",
    "best_k": 27,
    "best_cov_type": "tied",
    "best_combined": 0.4943392317589488,
    "best_silhouette": 0.22901204651530072,
    "best_db": 1.3163672601793868,
    "n_iter_final": 1,
    "ll_curve_final": [
        12.859275541427035,
        14.258211295168381,
        14.321858018645202,
        14.341787542235759,
        14.387388641798859,
        14.59716312727593,
        14.631281480757567,
        14.671078429562382,
        14.713543236434498,
        14.76241546673636,
        14.805719281819828,
        14.821009541885678,
        14.82540831222651,
        14.827680512425038,
        14.828166761223368
    ],
    "total_runtime_sec": 15.170407056808472
}