{
    "clean_state": "raw",
    "best_k": 7,
    "best_cov_type": "tied",
    "best_combined": 0.5624159385455043,
    "best_silhouette": 0.3305542546145044,
    "best_db": 1.0218320493636117,
    "best_sse": 3931.653937539942,
    "weights": {
        "alpha": 0.47,
        "beta": 0.53,
        "gamma": 0.0
    },
    "n_iter_final": 1,
    "ll_curve_final": [
        -7.116966639806229,
        -6.756259921081505,
        -6.3585668671574895,
        -6.180189911888797,
        -6.177533941669673,
        -6.177222216894551
    ],
    "total_runtime_sec": 23.529293298721313
}