{
    "n_trials": 30,
    "avg_iterations": 3.0,
    "median_iterations": 3.0,
    "avg_auc_delta": 3.123138449415731,
    "avg_geo_decay": 0.2390015580005457,
    "best_k": 11,
    "best_combined_score": 1.3890094822476171,
    "best_sse": 91.95021624112755,
    "total_runtime_sec": 0.14307808876037598
}