{
    "n_trials": 31,
    "avg_iterations": 3.5806451612903225,
    "median_iterations": 3.0,
    "avg_auc_delta": 4.826260499631302,
    "avg_geo_decay": 0.43710986704511384,
    "best_k": 11,
    "best_combined_score": 1.2483721701736026,
    "best_sse": 88.95758448543177,
    "total_runtime_sec": 1.492363691329956
}