{
    "n_trials": 30,
    "avg_iterations": 3.9,
    "median_iterations": 4.0,
    "avg_auc_delta": 5.368180194986564,
    "avg_geo_decay": 0.30094395818770386,
    "best_k": 12,
    "best_combined_score": 0.7083217994901242,
    "best_sse": 242.97850121870786,
    "weights": {
        "alpha": 0.47,
        "beta": 0.53,
        "gamma": 0.0
    },
    "total_runtime_sec": 3.2769103050231934
}