{
    "n_trials": 31,
    "avg_iterations": 12.03225806451613,
    "median_iterations": 10.0,
    "avg_auc_delta": 9.946731823759544,
    "avg_geo_decay": 0.6083998160016695,
    "best_k": 8,
    "best_combined_score": 0.5419927713637918,
    "best_sse": 1202.722415040795,
    "weights": {
        "alpha": 0.47,
        "beta": 0.53,
        "gamma": 0.0
    },
    "total_runtime_sec": 7.099128007888794
}