{
    "n_trials": 31,
    "avg_iterations": 12.580645161290322,
    "median_iterations": 12.0,
    "avg_auc_delta": 9.437715160043028,
    "avg_geo_decay": 0.6617626714997228,
    "best_k": 38,
    "best_combined_score": 0.5756530509711227,
    "best_sse": 1134.443709174418,
    "weights": {
        "alpha": 0.47,
        "beta": 0.53,
        "gamma": 0.0
    },
    "total_runtime_sec": 9.04411005973816
}