{
    "core_count": 78,
    "border_count": 0,
    "noise_count": 29,
    "noise_ratio": 0.27102803738317754,
    "neighbor_hist": [
        0,
        10,
        12,
        3,
        4,
        0,
        0,
        0,
        0,
        0,
        0,
        0,
        0,
        0,
        0,
        0,
        16,
        0,
        1,
        0,
        0,
        0,
        0,
        0,
        0,
        8,
        17,
        0,
        0,
        0,
        0,
        1,
        1,
        0,
        4,
        1,
        29
    ],
    "combined_score": 0.4848961756524344,
    "silhouette": 0.5199203758388257,
    "davies_bouldin": 1.7242333921719721,
    "sse": 10.342640817748503,
    "weights": {
        "alpha": 0.47,
        "beta": 0.53,
        "gamma": 0.0
    }
}