{
    "n_trials": 31,
    "avg_iterations": 5.096774193548387,
    "median_iterations": 5.0,
    "avg_auc_delta": 3.754102776124306,
    "avg_geo_decay": 0.546433706462067,
    "best_k": 11,
    "best_combined_score": 0.6490566220493017,
    "best_sse": 202.28645392098989,
    "weights": {
        "alpha": 0.47,
        "beta": 0.53,
        "gamma": 0.0
    },
    "total_runtime_sec": 0.5415458679199219
}