{
    "centroid_movements": [
        1.4792731215091989e-15
    ],
    "sse_list": [
        9596.405653139956,
        9596.405653139956
    ],
    "final_iteration": 2
}