{
    "n_trials": 31,
    "avg_iterations": 15.129032258064516,
    "median_iterations": 15.0,
    "avg_auc_delta": 25.17479649960486,
    "avg_geo_decay": 0.7223769674955665,
    "best_k": 31,
    "best_combined_score": 0.29567524745974366,
    "best_sse": 9138.020047349271,
    "total_runtime_sec": 6.386202812194824
}