{
    "n_trials": 30,
    "avg_iterations": 10.3,
    "median_iterations": 8.0,
    "avg_auc_delta": 5.1048162635541665,
    "avg_geo_decay": 0.5208088736873531,
    "best_k": 48,
    "best_combined_score": 0.6263956259074386,
    "best_sse": 932.868428051649,
    "weights": {
        "alpha": 0.47,
        "beta": 0.53,
        "gamma": 0.0
    },
    "total_runtime_sec": 7.391519546508789
}