{
    "n_trials": 31,
    "avg_iterations": 18.903225806451612,
    "median_iterations": 18.0,
    "avg_auc_delta": 13.786070959125027,
    "avg_geo_decay": 0.6975136952215371,
    "best_k": 48,
    "best_combined_score": 0.49446294958283066,
    "best_sse": 2374.251679181637,
    "total_runtime_sec": 12.793557405471802
}