{
    "n_trials": 30,
    "avg_iterations": 20.0,
    "median_iterations": 19.0,
    "avg_auc_delta": 9.120697954848067,
    "avg_geo_decay": 0.6861780347145153,
    "best_k": 48,
    "best_combined_score": 0.5151864181734677,
    "best_sse": 2260.757466537076,
    "total_runtime_sec": 6.22553825378418
}