{
    "n_trials": 30,
    "avg_iterations": 14.266666666666667,
    "median_iterations": 14.5,
    "avg_auc_delta": 13.859513700278164,
    "avg_geo_decay": 0.7141793161842062,
    "best_k": 23,
    "best_combined_score": 0.4743013554282197,
    "best_sse": 2679.349636392036,
    "weights": {
        "alpha": 0.47,
        "beta": 0.53,
        "gamma": 0.0
    },
    "total_runtime_sec": 1.7039291858673096
}