{
    "core_count": 77,
    "border_count": 68,
    "noise_count": 233,
    "noise_ratio": 0.6164021164021164,
    "neighbor_hist": [
        0,
        107,
        47,
        22,
        22,
        12,
        5,
        6,
        5,
        11,
        9,
        8,
        5,
        10,
        9,
        6,
        2,
        5,
        7,
        3,
        5,
        2,
        5,
        1,
        3,
        5,
        3,
        2,
        5,
        2,
        3,
        2,
        0,
        2,
        3,
        3,
        3,
        2,
        4,
        0,
        3,
        2,
        3,
        3,
        5,
        1,
        1,
        1,
        0,
        3
    ],
    "combined_score": 0.39491145470711436,
    "silhouette": 0.024640008776150964,
    "davies_bouldin": 2.0468261017313423,
    "sse": 145.4888884386548,
    "weights": {
        "alpha": 0.47,
        "beta": 0.53,
        "gamma": 0.0
    }
}