{
    "clean_state": "raw",
    "best_k": 6,
    "best_cov_type": "tied",
    "best_combined": 0.5778483543116781,
    "best_silhouette": 0.2829288542615254,
    "best_db": 1.1457800548018595,
    "n_iter_final": 1,
    "ll_curve_final": [
        -8.983916244651777,
        -8.856153306160756,
        -8.735733105202401,
        -8.662543952053962,
        -8.646702102556777,
        -8.641538697281023,
        -8.638957362618715,
        -8.638371101521543
    ],
    "total_runtime_sec": 16.772705554962158
}