{
    "clean_state": "raw",
    "best_k": 19,
    "best_cov_type": "spherical",
    "best_combined": 0.48539151685845294,
    "best_silhouette": 0.1665104664522973,
    "best_db": 1.3667366096621982,
    "best_sse": 3434.136216156,
    "weights": {
        "alpha": 0.47,
        "beta": 0.53,
        "gamma": 0.0
    },
    "n_iter_final": 1,
    "ll_curve_final": [
        -16.68079683467075,
        -16.56039770551403,
        -16.517184121833143,
        -16.50287889933512,
        -16.477313788636827,
        -16.444543603611063,
        -16.420691085102455,
        -16.415188028270652,
        -16.413111755801435,
        -16.41149911683099,
        -16.410169572238615,
        -16.408530842316384,
        -16.405148602942216,
        -16.397667073655,
        -16.38369113363442,
        -16.37789314315108,
        -16.373166041837283,
        -16.3679510659732,
        -16.363114775863878,
        -16.353710317844847,
        -16.345101551728895,
        -16.342532399971592,
        -16.33912030496234,
        -16.338391731222153
    ],
    "total_runtime_sec": 8.736522436141968
}