{
    "n_trials": 30,
    "avg_iterations": 8.5,
    "median_iterations": 6.5,
    "avg_auc_delta": 13.62258733869433,
    "avg_geo_decay": 0.5355684660060277,
    "best_k": 31,
    "best_combined_score": 0.5535653049325704,
    "best_sse": 3986.7127425166527,
    "total_runtime_sec": 1.524592399597168
}