{
    "n_trials": 31,
    "avg_iterations": 10.516129032258064,
    "median_iterations": 10.0,
    "avg_auc_delta": 18.66447334676438,
    "avg_geo_decay": 0.5614555100201566,
    "best_k": 29,
    "best_combined_score": 0.5634252610816898,
    "best_sse": 4256.569313925586,
    "total_runtime_sec": 11.524618864059448
}