{
    "clean_state": "raw",
    "best_k": 6,
    "linkage": "single",
    "metric": "euclidean",
    "combined": 1.856817800650377,
    "silhouette": 0.5870607371204646,
    "davies_bouldin": 0.3198388151381033,
    "intra_dist_mean": 3.22819888578504,
    "inter_dist_mean": 12.01869753868359,
    "ratio_intra_inter": 0.26859806359170235,
    "n_merge_steps": 1106,
    "h_max": 27.509450465987932,
    "total_runtime_sec": 22.140998125076294
}