{
    "clean_state": "raw",
    "best_k": 22,
    "linkage": "single",
    "metric": "euclidean",
    "combined": 1.3426406232966328,
    "silhouette": 0.27610548840095783,
    "davies_bouldin": 0.41507972035644936,
    "intra_dist_mean": 3.03212979985442,
    "inter_dist_mean": 7.092453212687866,
    "ratio_intra_inter": 0.4275149527147729,
    "n_merge_steps": 1106,
    "total_runtime_sec": 27.505243062973022
}