{
    "n_trials": 30,
    "avg_iterations": 9.9,
    "median_iterations": 11.0,
    "avg_auc_delta": 7.577980703269876,
    "avg_geo_decay": 0.501249262770829,
    "best_k": 49,
    "best_combined_score": 0.7854821642113232,
    "best_sse": 1190.0746338736824,
    "total_runtime_sec": 4.700785875320435
}