{
    "n_trials": 20,
    "avg_iterations": 20.65,
    "median_iterations": 21.0,
    "avg_auc_delta": 21.07563175453641,
    "avg_geo_decay": 0.7852714720907912,
    "best_k": 14,
    "best_combined_score": 0.40575992130199673,
    "best_sse": 11029.148056348695,
    "weights": {
        "alpha": 0.47,
        "beta": 0.53,
        "gamma": 0.0
    },
    "total_runtime_sec": 2.7921717166900635
}