{
    "n_trials": 31,
    "avg_iterations": 12.612903225806452,
    "median_iterations": 12.0,
    "avg_auc_delta": 13.422329533452347,
    "avg_geo_decay": 0.5422391207024205,
    "best_k": 49,
    "best_combined_score": 0.7025467448556355,
    "best_sse": 1439.6405564729935,
    "total_runtime_sec": 14.517266750335693
}