{
    "clean_state": "raw",
    "best_k": 10,
    "best_cov_type": "tied",
    "best_combined": 0.8571371943143375,
    "best_silhouette": 0.4653716889835785,
    "best_db": 0.8007028892516385,
    "n_iter_final": 1,
    "ll_curve_final": [
        -7.618041375173729,
        -6.660008747363572,
        -3.809279900449706,
        -3.8078878288773477,
        -3.807468519436863
    ],
    "total_runtime_sec": 52.74797320365906
}