{
    "clean_state": "raw",
    "best_k": 18,
    "best_cov_type": "tied",
    "best_combined": 0.4317014371452594,
    "best_silhouette": 0.09950697551814267,
    "best_db": 1.757522818354189,
    "best_sse": 10164.672531067015,
    "weights": {
        "alpha": 0.47,
        "beta": 0.53,
        "gamma": 0.0
    },
    "n_iter_final": 1,
    "ll_curve_final": [
        -20.786877314897296,
        -15.493990037878353,
        -15.470617878429518,
        -15.433936408490217,
        -15.340382697238168,
        -15.231158808556843,
        -15.222407680422123,
        -15.216977291538674,
        -15.207543757931605,
        -15.200396376733686,
        -15.194452646108294,
        -15.187451428167131,
        -15.182122177479899,
        -15.175110110228793,
        -15.17172291135488,
        -15.171099378047034
    ],
    "total_runtime_sec": 11.498136281967163
}