{
    "n_trials": 31,
    "avg_iterations": 20.258064516129032,
    "median_iterations": 18.0,
    "avg_auc_delta": 13.74066338585998,
    "avg_geo_decay": 0.7384348450581052,
    "best_k": 37,
    "best_combined_score": 0.5116103587270984,
    "best_sse": 2051.2278851174838,
    "weights": {
        "alpha": 0.47,
        "beta": 0.53,
        "gamma": 0.0
    },
    "total_runtime_sec": 9.235747337341309
}