{
    "clean_state": "raw",
    "best_k": 48,
    "linkage": "average",
    "metric": "euclidean",
    "combined": 0.6886331886475157,
    "silhouette": 0.5265764050933104,
    "davies_bouldin": 0.5781037361000362,
    "sse": 976.8439392387811,
    "weights": {
        "alpha": 0.47,
        "beta": 0.53,
        "gamma": 0.0
    },
    "intra_dist_mean": 0.8150144981760523,
    "inter_dist_mean": 3.445624186982699,
    "ratio_intra_inter": 0.23653609736513845,
    "n_merge_steps": 2375,
    "h_max": 4.769897308665493,
    "total_runtime_sec": 171.59016060829163
}