{
    "clean_state": "raw",
    "best_k": 5,
    "best_cov_type": "spherical",
    "best_combined": 0.4210054999013949,
    "best_silhouette": 0.11568070360165576,
    "best_db": 1.3767840956520996,
    "n_iter_final": 1,
    "ll_curve_final": [
        -20.581900339596146,
        -20.57868294057529,
        -20.576975607182618,
        -20.575256627753234,
        -20.572703364021034,
        -20.56771825630621,
        -20.557295310870185,
        -20.543478527642232,
        -20.538440625554422,
        -20.53728129126915,
        -20.5353202395283,
        -20.531343226797645,
        -20.526543953183364,
        -20.524854477630065,
        -20.524734982239153
    ],
    "total_runtime_sec": 0.4868605136871338
}