{
    "clean_state": "raw",
    "best_k": 32,
    "best_cov_type": "spherical",
    "best_combined": 0.5465883087877644,
    "best_silhouette": 0.24620589758263461,
    "best_db": 1.0287567017602113,
    "best_sse": 1246.0393689986456,
    "weights": {
        "alpha": 0.47,
        "beta": 0.53,
        "gamma": 0.0
    },
    "n_iter_final": 1,
    "ll_curve_final": [
        -5.5408917895715355,
        -5.386499051119612,
        -5.345360273611612,
        -5.316898914049956,
        -5.286998075733378,
        -5.254036674600614,
        -5.215826142841234,
        -5.182592301387812,
        -5.167912760370741,
        -5.146167957344089,
        -5.126863762856339,
        -5.114860876086259,
        -5.107956227247717,
        -5.102644197508969,
        -5.093358362960294,
        -5.0825031578603905,
        -5.076220564125612,
        -5.075419850191857
    ],
    "total_runtime_sec": 35.90042448043823
}