{
    "clean_state": "raw",
    "best_k": 11,
    "best_cov_type": "tied",
    "best_combined": 1.0100603759164501,
    "best_silhouette": 0.5090671331776337,
    "best_db": 0.6617898846567277,
    "n_iter_final": 1,
    "ll_curve_final": [
        -5.834756016078839,
        -3.5685896579739786,
        -3.532804653696996,
        -3.506547894672628,
        -3.4086183041069114,
        -2.9001876605073518,
        -2.6443543452870855,
        -2.6442638553535427
    ],
    "total_runtime_sec": 54.63490271568298
}