{
    "clean_state": "raw",
    "best_k": 21,
    "best_cov_type": "tied",
    "best_combined": 0.45755431674495156,
    "best_silhouette": 0.1650609546584365,
    "best_db": 1.6013361011882432,
    "best_sse": 8154.653110383977,
    "weights": {
        "alpha": 0.47,
        "beta": 0.53,
        "gamma": 0.0
    },
    "n_iter_final": 1,
    "ll_curve_final": [
        -18.88368284960263,
        -18.09455110588681,
        -12.858786772362913,
        -12.626776206354723,
        -12.62153073051945,
        -12.617639058305999,
        -12.61613282510766,
        -12.614891433697757,
        -12.61381516092219,
        -12.612800861078897,
        -12.611917186201735
    ],
    "total_runtime_sec": 16.71399736404419
}