{
    "clean_state": "raw",
    "best_k": 5,
    "linkage": "single",
    "metric": "euclidean",
    "combined": 0.6981363614359982,
    "silhouette": 0.46774740091598277,
    "davies_bouldin": 0.49424103729212454,
    "sse": 3756.018375809742,
    "weights": {
        "alpha": 0.47,
        "beta": 0.53,
        "gamma": 0.0
    },
    "intra_dist_mean": 3.30705486838977,
    "inter_dist_mean": 7.242767537152391,
    "ratio_intra_inter": 0.4566009956036135,
    "n_merge_steps": 618,
    "h_max": 6.063342623462961,
    "total_runtime_sec": 33.6819531917572
}