{
    "clean_state": "raw",
    "best_k": 9,
    "linkage": "single",
    "metric": "euclidean",
    "combined": 0.8945865918401628,
    "silhouette": 0.16608439800386054,
    "davies_bouldin": 0.6161092411116769,
    "intra_dist_mean": 2.919798759326673,
    "inter_dist_mean": 5.370888708459372,
    "ratio_intra_inter": 0.5436341949754657,
    "n_merge_steps": 1248,
    "h_max": 4.765076204354086,
    "total_runtime_sec": 31.98798894882202
}