{
    "clean_state": "raw",
    "best_k": 9,
    "linkage": "single",
    "metric": "euclidean",
    "combined": 0.894586591840082,
    "silhouette": 0.166084398003699,
    "davies_bouldin": 0.6161092411116769,
    "intra_dist_mean": 2.919798759327304,
    "inter_dist_mean": 5.370888708459372,
    "ratio_intra_inter": 0.5436341949755832,
    "n_merge_steps": 1248,
    "total_runtime_sec": 65.09036445617676
}