{
    "clean_state": "raw",
    "best_k": 23,
    "best_cov_type": "spherical",
    "best_combined": 0.5697875511953722,
    "best_silhouette": 0.32745803362947673,
    "best_db": 0.9753203476244046,
    "best_sse": 1920.2918673656322,
    "weights": {
        "alpha": 0.47,
        "beta": 0.53,
        "gamma": 0.0
    },
    "n_iter_final": 1,
    "ll_curve_final": [
        -7.547815630465837,
        -7.5183503146952955,
        -7.471980088580521,
        -7.447246279925377,
        -7.42541433482717,
        -7.380970296931882,
        -7.379811553991351,
        -7.379807784744055
    ],
    "total_runtime_sec": 8.604852199554443
}