{
    "core_count": 210,
    "border_count": 4,
    "noise_count": 17,
    "noise_ratio": 0.0735930735930736,
    "neighbor_hist": [
        0,
        11,
        5,
        4,
        1,
        2,
        2,
        6,
        2,
        2,
        1,
        1,
        3,
        0,
        0,
        0,
        0,
        0,
        0,
        0,
        0,
        0,
        0,
        0,
        6,
        0,
        0,
        0,
        0,
        0,
        5,
        0,
        0,
        0,
        0,
        0,
        0,
        0,
        0,
        0,
        0,
        0,
        2,
        34,
        0,
        0,
        5,
        0,
        2,
        137
    ],
    "combined_score": 0.5084177592153866,
    "silhouette": 0.5320164993927544,
    "davies_bouldin": 1.5534264745781934,
    "sse": 292.4554152241051,
    "weights": {
        "alpha": 0.47,
        "beta": 0.53,
        "gamma": 0.0
    }
}