{
    "clean_state": "raw",
    "best_k": 18,
    "best_cov_type": "tied",
    "best_combined": 0.5005355560124789,
    "best_silhouette": 0.19496255406094848,
    "best_db": 1.2853293203157385,
    "best_sse": 2410.9361270022196,
    "weights": {
        "alpha": 0.47,
        "beta": 0.53,
        "gamma": 0.0
    },
    "n_iter_final": 1,
    "ll_curve_final": [
        -14.472790647772722,
        -13.94811936068018,
        -13.927165771204855,
        -13.916324391533003,
        -13.903317938213918,
        -13.872331996055175,
        -13.844340003549217,
        -13.82887189702849,
        -13.828319737857683
    ],
    "total_runtime_sec": 5.050286769866943
}