{
    "clean_state": "raw",
    "best_k": 11,
    "best_cov_type": "tied",
    "best_combined": 0.6694484819374673,
    "best_silhouette": 0.30345699752668753,
    "best_db": 0.965773036100552,
    "n_iter_final": 1,
    "ll_curve_final": [
        -7.812779231377397,
        -7.7693527318586035,
        -7.751643269217984,
        -7.7396518800911265,
        -7.731017019122591,
        -7.721244874403325,
        -7.704803180441696,
        -7.683930675797213,
        -7.670692545779223,
        -7.667184959754531,
        -7.665758758432078,
        -7.664943977536378
    ],
    "total_runtime_sec": 33.06098294258118
}