{
    "n_trials": 30,
    "avg_iterations": 9.733333333333333,
    "median_iterations": 9.0,
    "avg_auc_delta": 5.491484662610192,
    "avg_geo_decay": 0.5293362758504115,
    "best_k": 41,
    "best_combined_score": 0.5905936392528,
    "best_sse": 881.447949956328,
    "weights": {
        "alpha": 0.47,
        "beta": 0.53,
        "gamma": 0.0
    },
    "total_runtime_sec": 16.892135858535767
}