{
    "n_trials": 31,
    "avg_iterations": 4.161290322580645,
    "median_iterations": 4.0,
    "avg_auc_delta": 8.18462556483773,
    "avg_geo_decay": 0.33819089100929906,
    "best_k": 7,
    "best_combined_score": 0.29861174677020497,
    "best_sse": 578.4134666843602,
    "total_runtime_sec": 1.0610578060150146
}