{
    "clean_state": "raw",
    "best_k": 12,
    "best_cov_type": "tied",
    "best_combined": 0.27265453061154543,
    "best_silhouette": 0.04698146462189483,
    "best_db": 2.006712064153021,
    "n_iter_final": 1,
    "ll_curve_final": [
        -23.011498485782496,
        -22.947392794408216,
        -22.914869777034205,
        -22.89133545952598,
        -22.846950397627218,
        -22.787872222326374,
        -22.730808355700017,
        -22.67430667460074,
        -22.166153614498494,
        -17.091741251547756,
        -17.084626970711284,
        -17.077739601498035,
        -17.069399650477468,
        -17.060681152596654,
        -17.05076366409744,
        -17.04313119475213,
        -17.041220070051146,
        -17.03844289638388,
        -17.01044027095646,
        -16.891252972140734,
        -16.8827445119486,
        -16.881604314412268,
        -16.881222038482722
    ],
    "total_runtime_sec": 22.441269636154175
}