{
    "n_trials": 31,
    "avg_iterations": 4.225806451612903,
    "median_iterations": 4.0,
    "avg_auc_delta": 6.260008754996041,
    "avg_geo_decay": 0.36645360278927797,
    "best_k": 13,
    "best_combined_score": 0.7567941996193093,
    "best_sse": 748.2854206791413,
    "weights": {
        "alpha": 0.47,
        "beta": 0.53,
        "gamma": 0.0
    },
    "total_runtime_sec": 3.065297842025757
}