{
    "n_trials": 31,
    "avg_iterations": 2.935483870967742,
    "median_iterations": 2.0,
    "avg_auc_delta": 3.4249498754843213,
    "avg_geo_decay": 0.2429679453762264,
    "best_k": 11,
    "best_combined_score": 1.064632754194062,
    "best_sse": 211.14878319131174,
    "total_runtime_sec": 3.945140838623047
}