{
    "n_trials": 20,
    "avg_iterations": 2.0,
    "median_iterations": 2.0,
    "avg_auc_delta": 0.0,
    "avg_geo_decay": 0.0,
    "best_k": 10,
    "best_combined_score": 0.7810766855354795,
    "best_sse": 76.58622051672123,
    "weights": {
        "alpha": 0.47,
        "beta": 0.53,
        "gamma": 0.0
    },
    "total_runtime_sec": 0.21296095848083496
}