{
    "n_trials": 30,
    "avg_iterations": 4.266666666666667,
    "median_iterations": 5.0,
    "avg_auc_delta": 3.326143877729847,
    "avg_geo_decay": 0.2838909577580731,
    "best_k": 11,
    "best_combined_score": 1.5291376069995455,
    "best_sse": 105.79323335327196,
    "total_runtime_sec": 0.1805286407470703
}