{
    "n_trials": 30,
    "avg_iterations": 13.3,
    "median_iterations": 12.0,
    "avg_auc_delta": 7.849628732868778,
    "avg_geo_decay": 0.6662789215291629,
    "best_k": 48,
    "best_combined_score": 0.6959643108165332,
    "best_sse": 1456.4169941776172,
    "total_runtime_sec": 4.50339412689209
}