{
    "centroid_movements": [
        1.6464587241534148e-15
    ],
    "sse_list": [
        1748.371385898394,
        1748.371385898394
    ],
    "final_iteration": 2
}