{
    "n_trials": 31,
    "avg_iterations": 12.387096774193548,
    "median_iterations": 13.0,
    "avg_auc_delta": 10.184940540566668,
    "avg_geo_decay": 0.619091856900895,
    "best_k": 48,
    "best_combined_score": 0.647904739114523,
    "best_sse": 1581.7164578201277,
    "total_runtime_sec": 13.02695369720459
}