{
    "n_trials": 31,
    "avg_iterations": 15.35483870967742,
    "median_iterations": 15.0,
    "avg_auc_delta": 24.49000623278106,
    "avg_geo_decay": 0.7160357422798975,
    "best_k": 17,
    "best_combined_score": 0.39140495418190496,
    "best_sse": 10692.523580331543,
    "weights": {
        "alpha": 0.47,
        "beta": 0.53,
        "gamma": 0.0
    },
    "total_runtime_sec": 6.255296230316162
}