{
    "core_count": 1792,
    "border_count": 28,
    "noise_count": 87,
    "noise_ratio": 0.04562139486103828,
    "neighbor_hist": [
        0,
        24,
        34,
        28,
        29,
        26,
        14,
        35,
        16,
        25,
        34,
        7,
        11,
        10,
        22,
        23,
        29,
        12,
        25,
        34,
        11,
        16,
        10,
        32,
        16,
        17,
        12,
        21,
        10,
        13,
        9,
        6,
        8,
        5,
        6,
        6,
        5,
        10,
        8,
        19,
        9,
        10,
        12,
        19,
        12,
        27,
        9,
        9,
        19,
        1103
    ],
    "combined_score": 0.5276411873563391,
    "silhouette": 0.36364686229870447,
    "davies_bouldin": 1.2752817099216818,
    "sse": 2413.3122058986332,
    "weights": {
        "alpha": 0.47,
        "beta": 0.53,
        "gamma": 0.0
    }
}