{
    "n_trials": 31,
    "avg_iterations": 10.548387096774194,
    "median_iterations": 11.0,
    "avg_auc_delta": 10.335121066632846,
    "avg_geo_decay": 0.591978638134672,
    "best_k": 9,
    "best_combined_score": 0.5353098181028361,
    "best_sse": 1144.024784863217,
    "weights": {
        "alpha": 0.47,
        "beta": 0.53,
        "gamma": 0.0
    },
    "total_runtime_sec": 1.9165284633636475
}