{
    "n_trials": 30,
    "avg_iterations": 12.666666666666666,
    "median_iterations": 13.0,
    "avg_auc_delta": 8.114771661272725,
    "avg_geo_decay": 0.5988314223450978,
    "best_k": 26,
    "best_combined_score": 0.5193983803499764,
    "best_sse": 1110.6218378388362,
    "total_runtime_sec": 0.681389570236206
}