{
    "core_count": 1037,
    "border_count": 31,
    "noise_count": 21,
    "noise_ratio": 0.01928374655647383,
    "neighbor_hist": [
        0,
        8,
        4,
        10,
        9,
        7,
        7,
        7,
        11,
        4,
        4,
        12,
        14,
        12,
        2,
        7,
        18,
        11,
        3,
        11,
        9,
        10,
        6,
        12,
        8,
        6,
        6,
        4,
        5,
        9,
        3,
        3,
        8,
        4,
        4,
        4,
        5,
        2,
        1,
        8,
        7,
        7,
        8,
        5,
        7,
        4,
        4,
        2,
        6,
        761
    ],
    "combined_score": 0.4826373375802425,
    "silhouette": 0.24485691608306387,
    "davies_bouldin": 1.48460800637833,
    "sse": 5656.187268540652,
    "weights": {
        "alpha": 0.47,
        "beta": 0.53,
        "gamma": 0.0
    }
}