{
    "core_count": 197,
    "border_count": 10,
    "noise_count": 21,
    "noise_ratio": 0.09210526315789473,
    "neighbor_hist": [
        0,
        9,
        2,
        3,
        2,
        4,
        2,
        7,
        2,
        4,
        5,
        0,
        2,
        0,
        1,
        1,
        0,
        3,
        1,
        0,
        11,
        7,
        3,
        8,
        7,
        7,
        5,
        0,
        0,
        4,
        0,
        0,
        0,
        1,
        0,
        0,
        2,
        0,
        0,
        0,
        0,
        0,
        0,
        1,
        0,
        0,
        0,
        0,
        0,
        124
    ],
    "combined_score": 0.516482311055305,
    "silhouette": 0.5140188215551955,
    "davies_bouldin": 1.4817180894283282,
    "sse": 370.0092633334534,
    "weights": {
        "alpha": 0.47,
        "beta": 0.53,
        "gamma": 0.0
    }
}