{
    "n_trials": 31,
    "avg_iterations": 12.258064516129032,
    "median_iterations": 13.0,
    "avg_auc_delta": 12.698899393355621,
    "avg_geo_decay": 0.5906218314654506,
    "best_k": 29,
    "best_combined_score": 0.5585146233314056,
    "best_sse": 1303.7336700705957,
    "weights": {
        "alpha": 0.47,
        "beta": 0.53,
        "gamma": 0.0
    },
    "total_runtime_sec": 256.1348125934601
}