{
    "clean_state": "raw",
    "best_k": 11,
    "best_cov_type": "spherical",
    "best_combined": 0.5251039607898599,
    "best_silhouette": 0.20157311277192586,
    "best_db": 1.1171264391307143,
    "best_sse": 1222.3207739311472,
    "weights": {
        "alpha": 0.47,
        "beta": 0.53,
        "gamma": 0.0
    },
    "n_iter_final": 1,
    "ll_curve_final": [
        -8.000193995211841,
        -7.910157569603763,
        -7.870837110240368,
        -7.851054875189862,
        -7.838100346945306,
        -7.814819965596096,
        -7.794168863549053,
        -7.790857802517079,
        -7.789567653871769,
        -7.788931339183393
    ],
    "total_runtime_sec": 3.7621231079101562
}