{
    "clean_state": "raw",
    "best_k": 37,
    "best_cov_type": "tied",
    "best_combined": 0.7079886180223569,
    "best_silhouette": 0.3676448749642816,
    "best_db": 0.9538959562112345,
    "n_iter_final": 1,
    "ll_curve_final": [
        -2.877568681996655,
        0.7334107495830943,
        1.6428793850668697,
        1.6546194267829188,
        1.668730987195727,
        1.695795934625376,
        1.7529383494657131,
        1.8363153954859315,
        1.869993595059932,
        1.880061293482599,
        1.8846239995234675,
        1.8862313246803846,
        1.8871861920099897
    ],
    "total_runtime_sec": 47.6070818901062
}