{
    "clean_state": "raw",
    "best_k": 5,
    "linkage": "single",
    "metric": "euclidean",
    "combined": 0.7301173385143856,
    "silhouette": 0.4477822838004722,
    "davies_bouldin": 0.35919616595651044,
    "sse": 7292.375366127546,
    "weights": {
        "alpha": 0.47,
        "beta": 0.53,
        "gamma": 0.0
    },
    "intra_dist_mean": 3.4660404517687287,
    "inter_dist_mean": 10.095768934864056,
    "ratio_intra_inter": 0.3433161430427545,
    "n_merge_steps": 1035,
    "h_max": 6.484082290608425,
    "total_runtime_sec": 23.749749183654785
}