{
    "clean_state": "raw",
    "best_k": 7,
    "linkage": "single",
    "metric": "manhattan",
    "combined": 1.1408546076243404,
    "silhouette": 0.25722081107637856,
    "davies_bouldin": 0.49395195247307083,
    "intra_dist_mean": 3.082748028875051,
    "inter_dist_mean": 7.600154406936032,
    "ratio_intra_inter": 0.4056164998518025,
    "n_merge_steps": 1491,
    "h_max": 5.411837796197592,
    "total_runtime_sec": 46.28127574920654
}