{
    "clean_state": "raw",
    "best_k": 7,
    "linkage": "single",
    "metric": "manhattan",
    "combined": 1.1408546026429003,
    "silhouette": 0.25722081107626815,
    "davies_bouldin": 0.49395195490387245,
    "intra_dist_mean": 3.082748028875485,
    "inter_dist_mean": 7.600154406936032,
    "ratio_intra_inter": 0.40561649985185966,
    "n_merge_steps": 1491,
    "total_runtime_sec": 85.14112114906311
}