{
    "clean_state": "raw",
    "best_k": 14,
    "linkage": "single",
    "metric": "manhattan",
    "combined": 2.188123940876251,
    "silhouette": 0.544553931760784,
    "davies_bouldin": 0.2609811777900898,
    "intra_dist_mean": 1.9876569646700881,
    "inter_dist_mean": 7.136298685126909,
    "ratio_intra_inter": 0.2785277147679339,
    "n_merge_steps": 232,
    "h_max": 15.304919592076676,
    "total_runtime_sec": 1.1442995071411133
}