{
    "clean_state": "raw",
    "best_k": 5,
    "linkage": "average",
    "metric": "euclidean",
    "combined": 0.7611406688710768,
    "silhouette": 0.4998859784045244,
    "davies_bouldin": 0.2964212925256978,
    "sse": 488.9324333200494,
    "weights": {
        "alpha": 0.47,
        "beta": 0.53,
        "gamma": 0.0
    },
    "intra_dist_mean": 3.116419529924188,
    "inter_dist_mean": 8.015391009579053,
    "ratio_intra_inter": 0.3888044296528293,
    "n_merge_steps": 79,
    "h_max": 9.472834580208705,
    "total_runtime_sec": 1.008009910583496
}