{
    "clean_state": "raw",
    "best_k": 5,
    "linkage": "single",
    "metric": "manhattan",
    "combined": 2.389767410324113,
    "silhouette": 0.7017720397756715,
    "davies_bouldin": 0.24523250952475006,
    "intra_dist_mean": 2.5710906685056694,
    "inter_dist_mean": 10.655947395585386,
    "ratio_intra_inter": 0.2412822223175197,
    "n_merge_steps": 232,
    "total_runtime_sec": 2.8268775939941406
}