{
    "core_count": 1926,
    "border_count": 14,
    "noise_count": 10,
    "noise_ratio": 0.005128205128205128,
    "neighbor_hist": [
        0,
        2,
        6,
        6,
        10,
        5,
        7,
        3,
        10,
        6,
        4,
        10,
        5,
        2,
        4,
        0,
        0,
        3,
        5,
        9,
        5,
        10,
        2,
        1,
        6,
        1,
        1,
        3,
        0,
        3,
        2,
        14,
        4,
        2,
        7,
        1,
        4,
        23,
        0,
        2,
        6,
        1,
        0,
        13,
        5,
        12,
        8,
        4,
        0,
        1713
    ],
    "combined_score": 0.5324894506222244,
    "silhouette": 0.38254744783810996,
    "davies_bouldin": 1.2605040455238175,
    "sse": 3857.14922470252,
    "weights": {
        "alpha": 0.47,
        "beta": 0.53,
        "gamma": 0.0
    }
}