{
    "n_trials": 31,
    "avg_iterations": 4.645161290322581,
    "median_iterations": 4.0,
    "avg_auc_delta": 3.2858655763977707,
    "avg_geo_decay": 0.22364572546025022,
    "best_k": 19,
    "best_combined_score": 0.45261018070632403,
    "best_sse": 9482.945353767978,
    "weights": {
        "alpha": 0.47,
        "beta": 0.53,
        "gamma": 0.0
    },
    "total_runtime_sec": 20.054627180099487
}