{
    "clean_state": "raw",
    "best_k": 5,
    "linkage": "single",
    "metric": "euclidean",
    "combined": 1.289461131919386,
    "silhouette": 0.46104966189411606,
    "davies_bouldin": 0.4721719328545957,
    "intra_dist_mean": 3.17978759566439,
    "inter_dist_mean": 7.669756152434709,
    "ratio_intra_inter": 0.4145878346672827,
    "n_merge_steps": 2324,
    "h_max": 5.061609421443673,
    "total_runtime_sec": 125.20221495628357
}