{
    "centroid_movements": [
        0.0
    ],
    "sse_list": [
        855.4817901458674,
        855.4817901458674
    ],
    "final_iteration": 2
}