{
    "n_trials": 30,
    "avg_iterations": 10.7,
    "median_iterations": 9.0,
    "avg_auc_delta": 5.678506077784112,
    "avg_geo_decay": 0.6040258445124926,
    "best_k": 41,
    "best_combined_score": 0.6085942652499511,
    "best_sse": 812.7557797770938,
    "weights": {
        "alpha": 0.47,
        "beta": 0.53,
        "gamma": 0.0
    },
    "total_runtime_sec": 14.307764530181885
}