{
    "n_trials": 31,
    "avg_iterations": 9.741935483870968,
    "median_iterations": 9.0,
    "avg_auc_delta": 11.76016679427765,
    "avg_geo_decay": 0.6149325705734898,
    "best_k": 12,
    "best_combined_score": 0.41878649687543135,
    "best_sse": 802.7655662061743,
    "total_runtime_sec": 2.6711008548736572
}