{
    "clean_state": "raw",
    "best_k": 22,
    "best_cov_type": "tied",
    "best_combined": 0.6647260089902631,
    "best_silhouette": 0.33702438922598005,
    "best_db": 1.0076301495706612,
    "n_iter_final": 1,
    "ll_curve_final": [
        -5.280438380775919,
        -5.1351745172493235,
        -5.051580199459794,
        -5.028261713980294,
        -5.014687033291197,
        -5.010993196554459,
        -5.009570518926863,
        -5.008843766728514
    ],
    "total_runtime_sec": 57.90221333503723
}