{
    "clean_state": "raw",
    "best_k": 9,
    "best_cov_type": "tied",
    "best_combined": 0.5847626645753793,
    "best_silhouette": 0.29627384746006485,
    "best_db": 0.8583775145290229,
    "best_sse": 3748.171542057797,
    "weights": {
        "alpha": 0.47,
        "beta": 0.53,
        "gamma": 0.0
    },
    "n_iter_final": 1,
    "ll_curve_final": [
        -6.117074074031572,
        -6.053889624486251,
        -6.002025086372035,
        -5.959697335657206,
        -5.946054665960815,
        -5.941975825174178,
        -5.9399196460897885,
        -5.938160821317639,
        -5.93653900977041,
        -5.935483882993734,
        -5.934856315361507
    ],
    "total_runtime_sec": 76.23221635818481
}