{
    "core_count": 251,
    "border_count": 77,
    "noise_count": 63,
    "noise_ratio": 0.16112531969309463,
    "neighbor_hist": [
        0,
        10,
        13,
        21,
        13,
        16,
        6,
        8,
        12,
        10,
        12,
        5,
        5,
        5,
        4,
        8,
        6,
        7,
        5,
        7,
        6,
        4,
        2,
        5,
        2,
        2,
        5,
        2,
        3,
        5,
        7,
        7,
        6,
        1,
        3,
        2,
        2,
        6,
        3,
        2,
        4,
        3,
        1,
        4,
        3,
        4,
        2,
        0,
        0,
        122
    ],
    "combined_score": 0.4026839122595399,
    "silhouette": 0.16390621939411368,
    "davies_bouldin": 2.161721028813828,
    "sse": 1481.8845539386894,
    "weights": {
        "alpha": 0.47,
        "beta": 0.53,
        "gamma": 0.0
    }
}