{
    "n_trials": 31,
    "avg_iterations": 5.387096774193548,
    "median_iterations": 5.0,
    "avg_auc_delta": 9.050004250062123,
    "avg_geo_decay": 0.4976722934339292,
    "best_k": 12,
    "best_combined_score": 0.9553832136463106,
    "best_sse": 266.1528110099671,
    "total_runtime_sec": 2.2441368103027344
}