{
    "n_trials": 30,
    "avg_iterations": 6.266666666666667,
    "median_iterations": 6.0,
    "avg_auc_delta": 8.45325837366366,
    "avg_geo_decay": 0.57064975601714,
    "best_k": 12,
    "best_combined_score": 0.9678171965847093,
    "best_sse": 246.92861430020272,
    "total_runtime_sec": 0.16805195808410645
}