{
    "clean_state": "raw",
    "best_k": 6,
    "linkage": "single",
    "metric": "manhattan",
    "combined": 0.9759382650316062,
    "silhouette": 0.1811376650901934,
    "davies_bouldin": 0.564736009233771,
    "intra_dist_mean": 5.702780676664667,
    "inter_dist_mean": 8.380445399215565,
    "ratio_intra_inter": 0.6804865857365748,
    "n_merge_steps": 194,
    "total_runtime_sec": 2.8336851596832275
}