{
    "n_trials": 31,
    "avg_iterations": 15.225806451612904,
    "median_iterations": 14.0,
    "avg_auc_delta": 11.565372275017571,
    "avg_geo_decay": 0.6479337296918584,
    "best_k": 10,
    "best_combined_score": 0.5338496623765026,
    "best_sse": 3739.847474651943,
    "weights": {
        "alpha": 0.47,
        "beta": 0.53,
        "gamma": 0.0
    },
    "total_runtime_sec": 4.367876052856445
}