{
    "clean_state": "raw",
    "best_k": 5,
    "linkage": "single",
    "metric": "manhattan",
    "combined": 2.3409615508004986,
    "silhouette": 0.5522723259178709,
    "davies_bouldin": 0.2421512264156477,
    "intra_dist_mean": 2.8910012890926686,
    "inter_dist_mean": 13.04037597532374,
    "ratio_intra_inter": 0.22169616079805363,
    "n_merge_steps": 765,
    "h_max": 30.917063447202324,
    "total_runtime_sec": 8.443472623825073
}