{
    "clean_state": "raw",
    "best_k": 5,
    "linkage": "single",
    "metric": "manhattan",
    "combined": 0.6688832152000586,
    "silhouette": 0.37941469422374485,
    "davies_bouldin": 0.5350582006669468,
    "sse": 17338.63636462378,
    "weights": {
        "alpha": 0.47,
        "beta": 0.53,
        "gamma": 0.0
    },
    "intra_dist_mean": 5.603506622409,
    "inter_dist_mean": 10.104621072986731,
    "ratio_intra_inter": 0.5545489120209193,
    "n_merge_steps": 999,
    "h_max": 15.645280695386656,
    "total_runtime_sec": 24.195202112197876
}