{
    "clean_state": "raw",
    "best_k": 5,
    "linkage": "single",
    "metric": "manhattan",
    "combined": 2.3409615487694735,
    "silhouette": 0.5522723259177937,
    "davies_bouldin": 0.24215122665383051,
    "intra_dist_mean": 2.8910012890932935,
    "inter_dist_mean": 13.04037597532374,
    "ratio_intra_inter": 0.22169616079810153,
    "n_merge_steps": 765,
    "total_runtime_sec": 15.127321720123291
}