{
    "n_trials": 31,
    "avg_iterations": 4.67741935483871,
    "median_iterations": 5.0,
    "avg_auc_delta": 3.8382013238584274,
    "avg_geo_decay": 0.5170858765796936,
    "best_k": 20,
    "best_combined_score": 0.5580435087209108,
    "best_sse": 2675.5512946681965,
    "weights": {
        "alpha": 0.47,
        "beta": 0.53,
        "gamma": 0.0
    },
    "total_runtime_sec": 10.506947994232178
}