{
    "n_trials": 30,
    "avg_iterations": 4.5,
    "median_iterations": 5.0,
    "avg_auc_delta": 3.155993172340622,
    "avg_geo_decay": 0.27608646131429404,
    "best_k": 19,
    "best_combined_score": 1.3138509225511337,
    "best_sse": 165.32387219895878,
    "total_runtime_sec": 0.25760436058044434
}