{
    "n_trials": 30,
    "avg_iterations": 5.066666666666666,
    "median_iterations": 4.5,
    "avg_auc_delta": 4.823195413543835,
    "avg_geo_decay": 0.324343953044968,
    "best_k": 12,
    "best_combined_score": 0.7337387183731076,
    "best_sse": 106.68030836698267,
    "weights": {
        "alpha": 0.47,
        "beta": 0.53,
        "gamma": 0.0
    },
    "total_runtime_sec": 0.38219237327575684
}