{
    "n_trials": 31,
    "avg_iterations": 5.709677419354839,
    "median_iterations": 5.0,
    "avg_auc_delta": 6.016733468704424,
    "avg_geo_decay": 0.37766193827810424,
    "best_k": 19,
    "best_combined_score": 1.2177420891951798,
    "best_sse": 154.6355331193647,
    "total_runtime_sec": 3.3796727657318115
}