{
    "clean_state": "raw",
    "best_k": 12,
    "best_cov_type": "tied",
    "best_combined": 0.3438439650746998,
    "best_silhouette": 0.10732940572086007,
    "best_db": 1.723072821209386,
    "n_iter_final": 1,
    "ll_curve_final": [
        -20.658880359738305,
        -20.49977885732939,
        -20.46374359569421,
        -20.433808383977905,
        -20.402063368507154,
        -20.34429957513473,
        -20.276259351454513,
        -20.24664655951538,
        -20.24659063537581
    ],
    "total_runtime_sec": 1.9856293201446533
}