{
    "clean_state": "raw",
    "best_k": 32,
    "best_cov_type": "spherical",
    "best_combined": 0.5931671543145487,
    "best_silhouette": 0.361609276700563,
    "best_db": 0.8783129371988805,
    "best_sse": 776.4960238695713,
    "weights": {
        "alpha": 0.47,
        "beta": 0.53,
        "gamma": 0.0
    },
    "n_iter_final": 1,
    "ll_curve_final": [
        -4.088287357128374,
        -4.010539847711945,
        -3.9633962563911145,
        -3.8837744154998015,
        -3.8690310722697423,
        -3.8635087858132104,
        -3.849742201691799,
        -3.8482339948496187,
        -3.846885553262465,
        -3.8463401618898905
    ],
    "total_runtime_sec": 7.663531064987183
}