{
    "clean_state": "raw",
    "best_k": 7,
    "best_cov_type": "full",
    "best_combined": 0.7113888843750305,
    "best_silhouette": 0.5047122522090612,
    "best_db": 0.4735787723973554,
    "best_sse": 1664.4877767758962,
    "weights": {
        "alpha": 0.47,
        "beta": 0.53,
        "gamma": 0.0
    },
    "n_iter_final": 1,
    "ll_curve_final": [
        -1.249553662988471,
        -1.2065916745935492,
        -0.875321170933347,
        -0.8743133246459673,
        -0.874265117873105
    ],
    "total_runtime_sec": 24.39804196357727
}