{
    "clean_state": "raw",
    "best_k": 16,
    "best_cov_type": "full",
    "best_combined": 0.5327021309052734,
    "best_silhouette": 0.2402655425464811,
    "best_db": 1.2119174347943478,
    "n_iter_final": 1,
    "ll_curve_final": [
        32.273606574802834,
        32.273611965505516
    ],
    "total_runtime_sec": 6.753500699996948
}