{
    "clean_state": "raw",
    "best_k": 9,
    "linkage": "single",
    "metric": "euclidean",
    "combined": 0.6701499039798702,
    "silhouette": 0.3564586527363349,
    "davies_bouldin": 0.5079669927710997,
    "sse": 9312.554017811879,
    "weights": {
        "alpha": 0.47,
        "beta": 0.53,
        "gamma": 0.0
    },
    "intra_dist_mean": 3.4611074918377747,
    "inter_dist_mean": 8.733005953680976,
    "ratio_intra_inter": 0.3963248748706642,
    "n_merge_steps": 1401,
    "h_max": 6.4711160441179905,
    "total_runtime_sec": 65.4964108467102
}