{
    "core_count": 996,
    "border_count": 16,
    "noise_count": 26,
    "noise_ratio": 0.025048169556840076,
    "neighbor_hist": [
        0,
        10,
        12,
        8,
        6,
        6,
        12,
        5,
        3,
        13,
        15,
        6,
        5,
        4,
        13,
        9,
        12,
        5,
        8,
        11,
        7,
        7,
        2,
        6,
        18,
        9,
        14,
        6,
        7,
        7,
        4,
        3,
        3,
        5,
        6,
        7,
        3,
        4,
        7,
        3,
        3,
        3,
        4,
        3,
        3,
        2,
        4,
        3,
        2,
        720
    ],
    "combined_score": 0.5106043216304272,
    "silhouette": 0.3583168072905744,
    "davies_bouldin": 1.3894918562559262,
    "sse": 5445.888980710422,
    "weights": {
        "alpha": 0.47,
        "beta": 0.53,
        "gamma": 0.0
    }
}