{
    "n_trials": 31,
    "avg_iterations": 6.741935483870968,
    "median_iterations": 7.0,
    "avg_auc_delta": 11.299886913428624,
    "avg_geo_decay": 0.49900894110358096,
    "best_k": 31,
    "best_combined_score": 0.6133910678590773,
    "best_sse": 1517.6740576329537,
    "weights": {
        "alpha": 0.47,
        "beta": 0.53,
        "gamma": 0.0
    },
    "total_runtime_sec": 6.348087310791016
}