{
    "clean_state": "raw",
    "best_k": 6,
    "linkage": "single",
    "metric": "manhattan",
    "combined": 0.6267484831624471,
    "silhouette": 0.29562048773848887,
    "davies_bouldin": 0.6415382482084195,
    "sse": 12516.675372135216,
    "weights": {
        "alpha": 0.47,
        "beta": 0.53,
        "gamma": 0.0
    },
    "intra_dist_mean": 3.429717402071588,
    "inter_dist_mean": 6.703688914827796,
    "ratio_intra_inter": 0.5116164317358063,
    "n_merge_steps": 1977,
    "h_max": 8.89603469447542,
    "total_runtime_sec": 88.43416714668274
}