{
    "n_trials": 31,
    "avg_iterations": 12.741935483870968,
    "median_iterations": 12.0,
    "avg_auc_delta": 7.135450729472611,
    "avg_geo_decay": 0.6375544677209347,
    "best_k": 46,
    "best_combined_score": 0.6070383939595069,
    "best_sse": 800.9811503983838,
    "weights": {
        "alpha": 0.47,
        "beta": 0.53,
        "gamma": 0.0
    },
    "total_runtime_sec": 12.67972183227539
}