{
    "clean_state": "raw",
    "best_k": 12,
    "best_cov_type": "full",
    "best_combined": 0.29596430224188724,
    "best_silhouette": 0.08259743706942292,
    "best_db": 1.963359134444013,
    "n_iter_final": 1,
    "ll_curve_final": [
        14.853272209235557,
        14.853272209236458
    ],
    "total_runtime_sec": 2.508387327194214
}