{
    "clean_state": "raw",
    "best_k": 26,
    "best_cov_type": "full",
    "best_combined": 0.47534322388229483,
    "best_silhouette": 0.2086004953280919,
    "best_db": 1.3475527958947215,
    "n_iter_final": 1,
    "ll_curve_final": [
        35.59550066719194,
        36.151805408879184,
        36.8794359443802,
        36.999946668443364,
        37.036549838722074,
        37.059983470388275,
        37.07600119728194,
        37.11207610540667,
        37.151475647747056,
        37.165661155336785,
        37.171436310038814,
        37.175538693119144,
        37.178720457958434,
        37.18021139033465,
        37.18037967091907
    ],
    "total_runtime_sec": 16.498380661010742
}