{
    "clean_state": "raw",
    "best_k": 29,
    "best_cov_type": "tied",
    "best_combined": 0.5227665719726196,
    "best_silhouette": 0.21400929676843383,
    "best_db": 1.202611330264557,
    "n_iter_final": 1,
    "ll_curve_final": [
        -10.9549451238063,
        -3.6783536014323435,
        -3.6321068111162984,
        -3.572110197484641,
        -3.51719493463406,
        -3.509211360812133,
        -3.5086230315280487
    ],
    "total_runtime_sec": 14.4862539768219
}