{
    "clean_state": "raw",
    "best_k": 15,
    "best_cov_type": "full",
    "best_combined": 0.44052814929057155,
    "best_silhouette": 0.11866146152110522,
    "best_db": 1.6975708204430682,
    "best_sse": 9579.451319694055,
    "weights": {
        "alpha": 0.47,
        "beta": 0.53,
        "gamma": 0.0
    },
    "n_iter_final": 1,
    "ll_curve_final": [
        6.132062027995008,
        6.681064601925008,
        7.0786249355758155,
        7.1375398962342445,
        7.169366865855564,
        7.2618699858932825,
        7.442211036385519,
        7.633804895808939,
        7.742316472141495,
        7.753620236114384,
        7.762108431129285,
        7.762934275527424
    ],
    "total_runtime_sec": 14.049748420715332
}