{
    "clean_state": "raw",
    "best_k": 16,
    "best_cov_type": "tied",
    "best_combined": 0.8618154833877999,
    "best_silhouette": 0.5419376397077862,
    "best_db": 0.8462432486450127,
    "n_iter_final": 1,
    "ll_curve_final": [
        -5.22919077803273,
        -4.53089278362033,
        -0.4088166033676217,
        -0.40820760087619523
    ],
    "total_runtime_sec": 37.034480571746826
}