{
    "n_trials": 30,
    "avg_iterations": 12.966666666666667,
    "median_iterations": 12.0,
    "avg_auc_delta": 7.97863186506894,
    "avg_geo_decay": 0.6050657211103593,
    "best_k": 37,
    "best_combined_score": 0.6139484966018882,
    "best_sse": 1267.3594065480781,
    "total_runtime_sec": 2.233383893966675
}