{
    "n_trials": 31,
    "avg_iterations": 14.806451612903226,
    "median_iterations": 13.0,
    "avg_auc_delta": 11.69234773793457,
    "avg_geo_decay": 0.6257305922963887,
    "best_k": 37,
    "best_combined_score": 0.5899317421824234,
    "best_sse": 1350.9153891063704,
    "total_runtime_sec": 7.35655403137207
}