{
    "n_trials": 30,
    "avg_iterations": 7.266666666666667,
    "median_iterations": 7.0,
    "avg_auc_delta": 7.411633653879392,
    "avg_geo_decay": 0.4790709618863413,
    "best_k": 31,
    "best_combined_score": 0.5677924687638699,
    "best_sse": 1533.5217151911497,
    "weights": {
        "alpha": 0.47,
        "beta": 0.53,
        "gamma": 0.0
    },
    "total_runtime_sec": 4.217707395553589
}