{
    "n_trials": 31,
    "avg_iterations": 7.0,
    "median_iterations": 7.0,
    "avg_auc_delta": 14.43299680078082,
    "avg_geo_decay": 0.6190191337762215,
    "best_k": 14,
    "best_combined_score": 0.6809183676810305,
    "best_sse": 387.3961290700093,
    "weights": {
        "alpha": 0.47,
        "beta": 0.53,
        "gamma": 0.0
    },
    "total_runtime_sec": 6.956928730010986
}