{
    "core_count": 1312,
    "border_count": 39,
    "noise_count": 51,
    "noise_ratio": 0.03637660485021398,
    "neighbor_hist": [
        0,
        36,
        21,
        17,
        16,
        14,
        11,
        19,
        10,
        13,
        15,
        10,
        11,
        12,
        16,
        6,
        7,
        3,
        9,
        12,
        10,
        3,
        8,
        7,
        5,
        6,
        7,
        3,
        5,
        0,
        2,
        3,
        4,
        0,
        5,
        2,
        3,
        5,
        2,
        5,
        2,
        4,
        4,
        4,
        1,
        7,
        4,
        2,
        4,
        1027
    ],
    "combined_score": 0.47254207177087804,
    "silhouette": 0.3101314322104378,
    "davies_bouldin": 1.6391102271956604,
    "sse": 7580.843670043742,
    "weights": {
        "alpha": 0.47,
        "beta": 0.53,
        "gamma": 0.0
    }
}