{
    "n_trials": 31,
    "avg_iterations": 4.548387096774194,
    "median_iterations": 4.0,
    "avg_auc_delta": 5.208374794591528,
    "avg_geo_decay": 0.2975603288862904,
    "best_k": 27,
    "best_combined_score": 0.4973588830602226,
    "best_sse": 6801.100772717627,
    "weights": {
        "alpha": 0.47,
        "beta": 0.53,
        "gamma": 0.0
    },
    "total_runtime_sec": 30.022347450256348
}