{
    "n_trials": 31,
    "avg_iterations": 8.225806451612904,
    "median_iterations": 7.0,
    "avg_auc_delta": 9.516013167645555,
    "avg_geo_decay": 0.4143704726941775,
    "best_k": 6,
    "best_combined_score": 0.6410287456143844,
    "best_sse": 3261.1344619397105,
    "weights": {
        "alpha": 0.47,
        "beta": 0.53,
        "gamma": 0.0
    },
    "total_runtime_sec": 23.58740520477295
}