{
    "core_count": 636,
    "border_count": 43,
    "noise_count": 39,
    "noise_ratio": 0.054317548746518104,
    "neighbor_hist": [
        0,
        11,
        11,
        8,
        7,
        9,
        20,
        16,
        18,
        14,
        10,
        12,
        7,
        8,
        8,
        7,
        2,
        11,
        7,
        4,
        6,
        8,
        3,
        4,
        4,
        4,
        5,
        1,
        5,
        1,
        11,
        4,
        5,
        5,
        1,
        5,
        2,
        7,
        4,
        5,
        6,
        1,
        6,
        1,
        4,
        4,
        5,
        3,
        4,
        404
    ],
    "combined_score": 0.5237641665823916,
    "silhouette": 0.34870017682964516,
    "davies_bouldin": 1.2873374997624276,
    "sse": 3481.2004799630836,
    "weights": {
        "alpha": 0.47,
        "beta": 0.53,
        "gamma": 0.0
    }
}