{
    "n_trials": 31,
    "avg_iterations": 4.516129032258065,
    "median_iterations": 4.0,
    "avg_auc_delta": 4.533392378422003,
    "avg_geo_decay": 0.3828713402847788,
    "best_k": 7,
    "best_combined_score": 0.6058421461218513,
    "best_sse": 254.02808575614688,
    "weights": {
        "alpha": 0.47,
        "beta": 0.53,
        "gamma": 0.0
    },
    "total_runtime_sec": 4.879252672195435
}