{
    "clean_state": "raw",
    "best_k": 6,
    "linkage": "single",
    "metric": "euclidean",
    "combined": 2.0589862596666606,
    "silhouette": 0.6090195546179676,
    "davies_bouldin": 0.28498529619963714,
    "intra_dist_mean": 2.032836870158913,
    "inter_dist_mean": 7.558482984340733,
    "ratio_intra_inter": 0.26894773387334053,
    "n_merge_steps": 74,
    "h_max": 10.01451987413769,
    "total_runtime_sec": 0.5536706447601318
}