{
    "clean_state": "raw",
    "best_k": 6,
    "linkage": "single",
    "metric": "euclidean",
    "combined": 0.8511015589884028,
    "silhouette": 0.693498856262363,
    "davies_bouldin": 0.16959256519555255,
    "sse": 223.03388132013146,
    "weights": {
        "alpha": 0.47,
        "beta": 0.53,
        "gamma": 0.0
    },
    "intra_dist_mean": 2.1122980018751885,
    "inter_dist_mean": 9.738188738272326,
    "ratio_intra_inter": 0.21690871461274625,
    "n_merge_steps": 74,
    "h_max": 10.059319194239947,
    "total_runtime_sec": 1.0075790882110596
}