{
    "clean_state": "raw",
    "best_k": 31,
    "best_cov_type": "full",
    "best_combined": 0.38839713323548725,
    "best_silhouette": 0.06069154825923414,
    "best_db": 2.185792479396886,
    "best_sse": 10423.018221108137,
    "weights": {
        "alpha": 0.47,
        "beta": 0.53,
        "gamma": 0.0
    },
    "n_iter_final": 1,
    "ll_curve_final": [
        1.4871904674220682,
        2.623577147223855,
        3.8391754164042595,
        4.4283678140507385,
        4.665819282666192,
        4.680071693289267,
        4.698039502028833,
        4.722960453639729,
        4.808204332712121,
        5.19635709286703,
        5.218466655655758,
        5.243642679283457,
        5.259393734068808,
        5.295378909950137,
        5.29542297132221
    ],
    "total_runtime_sec": 22.53079128265381
}