{
    "clean_state": "raw",
    "best_k": 37,
    "best_cov_type": "tied",
    "best_combined": 0.815864447926026,
    "best_silhouette": 0.5003779359218341,
    "best_db": 0.8838990157940736,
    "n_iter_final": 1,
    "ll_curve_final": [
        0.22034065489843638,
        3.781138017405477,
        3.8127023858294176,
        3.837854809028107,
        3.8463323072420503,
        3.848829091031925,
        3.8517008629949707,
        3.8562207927440966,
        3.858809861158356,
        3.868151555568417,
        3.8906985008977943,
        3.8959552823499193,
        3.901373716661197,
        3.9154173666221426,
        3.9245480213525554,
        3.9294009522099427,
        3.9299143734490776
    ],
    "total_runtime_sec": 57.22716569900513
}