{
    "clean_state": "raw",
    "best_k": 18,
    "best_cov_type": "full",
    "best_combined": 0.420022396005978,
    "best_silhouette": 0.15276480537073797,
    "best_db": 1.4550110863653472,
    "n_iter_final": 1,
    "ll_curve_final": [
        17.917781761020525,
        18.375297538904302,
        19.17654562270108,
        19.287821741109493,
        19.304094531386344,
        19.30412496847442
    ],
    "total_runtime_sec": 4.983107328414917
}