{
    "clean_state": "raw",
    "best_k": 7,
    "best_cov_type": "diag",
    "best_combined": 0.707197070956008,
    "best_silhouette": 0.4783440752498304,
    "best_db": 0.46827630629040523,
    "best_sse": 1991.392034144396,
    "weights": {
        "alpha": 0.47,
        "beta": 0.53,
        "gamma": 0.0
    },
    "n_iter_final": 1,
    "ll_curve_final": [
        -1.9224730573885935,
        -1.746683855106105,
        -1.649524810625096,
        -1.4202874193337445,
        -1.4175116607219596,
        -1.4120320637341441,
        -1.3951892145824853,
        -1.355617428353552,
        -1.274003029978982,
        -1.2418237674246333,
        -1.1969405273075124,
        -1.1753009623097794,
        -1.061587773950585,
        -0.9774253282727936,
        -0.9774253276749202
    ],
    "total_runtime_sec": 24.33850336074829
}