{
    "n_trials": 31,
    "avg_iterations": 14.32258064516129,
    "median_iterations": 14.0,
    "avg_auc_delta": 19.95475849675751,
    "avg_geo_decay": 0.6537351443046221,
    "best_k": 31,
    "best_combined_score": 0.46177584936906246,
    "best_sse": 4181.097734266915,
    "total_runtime_sec": 7.959446907043457
}