{
    "n_trials": 30,
    "avg_iterations": 14.466666666666667,
    "median_iterations": 11.0,
    "avg_auc_delta": 13.561902283213668,
    "avg_geo_decay": 0.585167158235704,
    "best_k": 31,
    "best_combined_score": 0.521879656730463,
    "best_sse": 3819.4426261049794,
    "total_runtime_sec": 2.1842119693756104
}