{
    "clean_state": "raw",
    "best_k": 15,
    "best_cov_type": "tied",
    "best_combined": 0.4497385400018543,
    "best_silhouette": 0.10504104421443959,
    "best_db": 1.5903150883287156,
    "best_sse": 3981.33658308098,
    "weights": {
        "alpha": 0.47,
        "beta": 0.53,
        "gamma": 0.0
    },
    "n_iter_final": 1,
    "ll_curve_final": [
        -20.617273905219758,
        -19.478164668809686,
        -14.726627131300424,
        -14.614893745178453,
        -14.591875988819048,
        -14.56567393379104,
        -14.554808461378029,
        -14.55123402637061,
        -14.546328920229643,
        -14.540255614721811,
        -14.53642537895445,
        -14.533286339934673,
        -14.526844823688947,
        -14.523975141605398,
        -14.522075865953152,
        -14.515570759841253,
        -14.514495842134048,
        -14.514328865374623
    ],
    "total_runtime_sec": 4.6566174030303955
}