{
    "clean_state": "raw",
    "best_k": 9,
    "best_cov_type": "tied",
    "best_combined": 0.7272621835106745,
    "best_silhouette": 0.32174990031602024,
    "best_db": 0.8827882596157883,
    "n_iter_final": 1,
    "ll_curve_final": [
        -6.138816603310066,
        -6.096119487971833,
        -6.080852636022554,
        -6.074176272623831,
        -6.06994426366744,
        -6.066420063251205,
        -6.063070434678109,
        -6.059573072425622,
        -6.055648365515111,
        -6.050934106651772,
        -6.044842884505953,
        -6.036260027043909,
        -6.022732446983432,
        -5.998628568922191,
        -5.960616942103673,
        -5.9345505553697375,
        -5.909851513838902,
        -5.894825645927437,
        -5.888605204085993,
        -5.88497676128574,
        -5.882904070091147,
        -5.881348955562161,
        -5.8801304513424535,
        -5.8793563116059335
    ],
    "total_runtime_sec": 9.27482008934021
}