{
    "n_trials": 30,
    "avg_iterations": 11.233333333333333,
    "median_iterations": 9.0,
    "avg_auc_delta": 8.043629211466644,
    "avg_geo_decay": 0.6068048425348148,
    "best_k": 20,
    "best_combined_score": 0.6091675498989549,
    "best_sse": 1003.2002182739211,
    "total_runtime_sec": 0.4506855010986328
}