{
    "n_trials": 31,
    "avg_iterations": 10.096774193548388,
    "median_iterations": 9.0,
    "avg_auc_delta": 11.82815778010297,
    "avg_geo_decay": 0.595100460064129,
    "best_k": 20,
    "best_combined_score": 0.5901855069608456,
    "best_sse": 1143.6045554923498,
    "total_runtime_sec": 3.1577394008636475
}