{
    "centroid_movements": [
        0.0
    ],
    "sse_list": [
        1171.1955981899198,
        1171.1955981899198
    ],
    "final_iteration": 2
}