{
    "n_trials": 30,
    "avg_iterations": 10.3,
    "median_iterations": 11.0,
    "avg_auc_delta": 4.866339185295269,
    "avg_geo_decay": 0.6169770012186196,
    "best_k": 45,
    "best_combined_score": 0.5993095377679402,
    "best_sse": 675.2656624323513,
    "weights": {
        "alpha": 0.47,
        "beta": 0.53,
        "gamma": 0.0
    },
    "total_runtime_sec": 4.84140157699585
}