{
    "core_count": 69,
    "border_count": 17,
    "noise_count": 318,
    "noise_ratio": 0.7871287128712872,
    "neighbor_hist": [
        0,
        250,
        41,
        27,
        17,
        13,
        6,
        6,
        3,
        3,
        3,
        1,
        4,
        4,
        4,
        2,
        3,
        2,
        3,
        1,
        1,
        1,
        0,
        1,
        1,
        2,
        3,
        1,
        1
    ],
    "combined_score": 0.3531013084704471,
    "silhouette": -0.16466553096202197,
    "davies_bouldin": 2.2202842649299015,
    "sse": 163.91163779866793,
    "weights": {
        "alpha": 0.47,
        "beta": 0.53,
        "gamma": 0.0
    }
}