{
    "n_trials": 31,
    "avg_iterations": 9.903225806451612,
    "median_iterations": 9.0,
    "avg_auc_delta": 9.76470138361535,
    "avg_geo_decay": 0.5253817550766742,
    "best_k": 15,
    "best_combined_score": 0.5456013780903372,
    "best_sse": 1002.2120395903812,
    "weights": {
        "alpha": 0.47,
        "beta": 0.53,
        "gamma": 0.0
    },
    "total_runtime_sec": 3.6340105533599854
}