{
    "clean_state": "raw",
    "best_k": 5,
    "linkage": "single",
    "metric": "manhattan",
    "combined": 2.0599654644341623,
    "silhouette": 0.49348519459670315,
    "davies_bouldin": 0.2757520926204765,
    "intra_dist_mean": 3.1901481058211245,
    "inter_dist_mean": 15.444046774998165,
    "ratio_intra_inter": 0.20656167080414045,
    "n_merge_steps": 2409,
    "h_max": 46.62540481862159,
    "total_runtime_sec": 132.16566038131714
}