{
    "core_count": 717,
    "border_count": 37,
    "noise_count": 94,
    "noise_ratio": 0.11084905660377359,
    "neighbor_hist": [
        0,
        13,
        12,
        18,
        11,
        6,
        11,
        20,
        24,
        16,
        15,
        8,
        1,
        4,
        9,
        14,
        17,
        18,
        17,
        10,
        8,
        15,
        7,
        19,
        12,
        13,
        1,
        13,
        3,
        3,
        2,
        8,
        4,
        3,
        5,
        3,
        9,
        10,
        13,
        7,
        10,
        8,
        12,
        6,
        6,
        5,
        11,
        7,
        4,
        377
    ],
    "combined_score": 0.4686136157628256,
    "silhouette": 0.15689986645208479,
    "davies_bouldin": 1.493279080941028,
    "sse": 3187.2672361221344,
    "weights": {
        "alpha": 0.47,
        "beta": 0.53,
        "gamma": 0.0
    }
}