{
    "n_trials": 30,
    "avg_iterations": 9.7,
    "median_iterations": 10.0,
    "avg_auc_delta": 6.1307744503555615,
    "avg_geo_decay": 0.5606891001443276,
    "best_k": 26,
    "best_combined_score": 0.7419709639034282,
    "best_sse": 581.2147876968206,
    "total_runtime_sec": 0.719937801361084
}