{
    "n_trials": 30,
    "avg_iterations": 12.466666666666667,
    "median_iterations": 11.5,
    "avg_auc_delta": 5.424331400222412,
    "avg_geo_decay": 0.592963142145753,
    "best_k": 9,
    "best_combined_score": 0.6636453607738534,
    "best_sse": 1578.8768491883543,
    "weights": {
        "alpha": 0.47,
        "beta": 0.53,
        "gamma": 0.0
    },
    "total_runtime_sec": 1.7285792827606201
}