{
    "n_trials": 31,
    "avg_iterations": 13.935483870967742,
    "median_iterations": 14.0,
    "avg_auc_delta": 21.927259513122717,
    "avg_geo_decay": 0.6492919285777988,
    "best_k": 31,
    "best_combined_score": 0.3323042147826882,
    "best_sse": 8132.3658589185925,
    "total_runtime_sec": 9.062962293624878
}