{
    "n_trials": 30,
    "avg_iterations": 12.533333333333333,
    "median_iterations": 10.5,
    "avg_auc_delta": 16.212887735838613,
    "avg_geo_decay": 0.6738277171920323,
    "best_k": 31,
    "best_combined_score": 0.3418749647975924,
    "best_sse": 7744.910608009439,
    "total_runtime_sec": 1.9197206497192383
}