{
    "n_trials": 30,
    "avg_iterations": 14.233333333333333,
    "median_iterations": 14.0,
    "avg_auc_delta": 6.399677298629404,
    "avg_geo_decay": 0.7310730269554544,
    "best_k": 32,
    "best_combined_score": 0.5930415717046166,
    "best_sse": 606.16446487696,
    "weights": {
        "alpha": 0.47,
        "beta": 0.53,
        "gamma": 0.0
    },
    "total_runtime_sec": 4.3522844314575195
}