{
    "core_count": 2160,
    "border_count": 24,
    "noise_count": 47,
    "noise_ratio": 0.0210667861945316,
    "neighbor_hist": [
        0,
        16,
        17,
        19,
        19,
        18,
        13,
        18,
        7,
        9,
        7,
        5,
        7,
        7,
        7,
        5,
        9,
        11,
        12,
        14,
        5,
        2,
        2,
        3,
        2,
        6,
        4,
        10,
        5,
        8,
        4,
        3,
        1,
        5,
        11,
        17,
        7,
        13,
        7,
        5,
        12,
        6,
        5,
        8,
        4,
        10,
        6,
        11,
        6,
        1823
    ],
    "combined_score": 0.47767960043666163,
    "silhouette": 0.281320627465927,
    "davies_bouldin": 1.5657270519366535,
    "sse": 6766.365790107108,
    "weights": {
        "alpha": 0.47,
        "beta": 0.53,
        "gamma": 0.0
    }
}