{
    "clean_state": "raw",
    "best_k": 6,
    "linkage": "single",
    "metric": "euclidean",
    "combined": 0.7632201834534421,
    "silhouette": 0.5347863004073652,
    "davies_bouldin": 0.31655617043032686,
    "sse": 2545.741309168558,
    "weights": {
        "alpha": 0.47,
        "beta": 0.53,
        "gamma": 0.0
    },
    "intra_dist_mean": 2.835459300895921,
    "inter_dist_mean": 8.398254456142405,
    "ratio_intra_inter": 0.33762483807831695,
    "n_merge_steps": 493,
    "h_max": 22.366499169893107,
    "total_runtime_sec": 6.028217792510986
}