{
    "clean_state": "raw",
    "best_k": 5,
    "linkage": "single",
    "metric": "manhattan",
    "combined": 1.5977896953389772,
    "silhouette": 0.6595125847488776,
    "davies_bouldin": 0.3943113792042455,
    "intra_dist_mean": 1.9991108767589894,
    "inter_dist_mean": 6.764868076992604,
    "ratio_intra_inter": 0.29551365289113224,
    "n_merge_steps": 1531,
    "total_runtime_sec": 43.78342890739441
}