{
    "clean_state": "raw",
    "best_k": 40,
    "best_cov_type": "spherical",
    "best_combined": 0.6297523671922737,
    "best_silhouette": 0.4940155139032847,
    "best_db": 0.8089601570020601,
    "best_sse": 978.5491715302713,
    "weights": {
        "alpha": 0.47,
        "beta": 0.53,
        "gamma": 0.0
    },
    "n_iter_final": 1,
    "ll_curve_final": [
        -2.256128751676785,
        -2.116589610304366,
        -2.029955351721831,
        -1.9495442404339538,
        -1.791387312079333,
        -1.6714654459866451,
        -1.5031635825377125,
        -1.398904475537992,
        -1.2010073684197267,
        -1.156299949142222,
        -1.1554312803698636
    ],
    "total_runtime_sec": 26.321255207061768
}