{
    "n_trials": 31,
    "avg_iterations": 4.387096774193548,
    "median_iterations": 4.0,
    "avg_auc_delta": 4.087126035310253,
    "avg_geo_decay": 0.27970481958148824,
    "best_k": 24,
    "best_combined_score": 0.44463050513286917,
    "best_sse": 7100.973946186986,
    "weights": {
        "alpha": 0.47,
        "beta": 0.53,
        "gamma": 0.0
    },
    "total_runtime_sec": 2.5813090801239014
}