{
    "n_trials": 31,
    "avg_iterations": 7.935483870967742,
    "median_iterations": 8.0,
    "avg_auc_delta": 11.947877716300432,
    "avg_geo_decay": 0.5471301261233864,
    "best_k": 31,
    "best_combined_score": 0.5747410242605377,
    "best_sse": 1980.4248174215618,
    "weights": {
        "alpha": 0.47,
        "beta": 0.53,
        "gamma": 0.0
    },
    "total_runtime_sec": 5.761206865310669
}