{
    "n_trials": 31,
    "avg_iterations": 13.35483870967742,
    "median_iterations": 13.0,
    "avg_auc_delta": 22.670196726264127,
    "avg_geo_decay": 0.6619210460720625,
    "best_k": 31,
    "best_combined_score": 0.3121932908190739,
    "best_sse": 8043.368140301365,
    "total_runtime_sec": 6.286908149719238
}