{
    "n_trials": 30,
    "avg_iterations": 13.233333333333333,
    "median_iterations": 11.0,
    "avg_auc_delta": 16.399021862299584,
    "avg_geo_decay": 0.6894041657347135,
    "best_k": 31,
    "best_combined_score": 0.3418749647975924,
    "best_sse": 7744.910608009439,
    "total_runtime_sec": 1.8912029266357422
}