{
    "n_trials": 30,
    "avg_iterations": 13.8,
    "median_iterations": 15.0,
    "avg_auc_delta": 5.52674983899386,
    "avg_geo_decay": 0.6138069567449417,
    "best_k": 7,
    "best_combined_score": 0.5935050252541286,
    "best_sse": 4454.602057205415,
    "weights": {
        "alpha": 0.47,
        "beta": 0.53,
        "gamma": 0.0
    },
    "total_runtime_sec": 5.217545986175537
}