{
    "centroid_movements": [
        0.0
    ],
    "sse_list": [
        1930.4604457588734,
        1930.4604457588734
    ],
    "final_iteration": 2
}