{
    "n_trials": 30,
    "avg_iterations": 8.3,
    "median_iterations": 8.0,
    "avg_auc_delta": 10.832194555334484,
    "avg_geo_decay": 0.5789110550709952,
    "best_k": 14,
    "best_combined_score": 0.3719589973725695,
    "best_sse": 1791.8708545603063,
    "total_runtime_sec": 0.21950221061706543
}