{
    "n_trials": 31,
    "avg_iterations": 11.064516129032258,
    "median_iterations": 10.0,
    "avg_auc_delta": 17.438106729080314,
    "avg_geo_decay": 0.6570503301511692,
    "best_k": 14,
    "best_combined_score": 0.36371420357483997,
    "best_sse": 1885.3071509443514,
    "total_runtime_sec": 3.1534178256988525
}