{
    "clean_state": "raw",
    "best_k": 5,
    "linkage": "single",
    "metric": "euclidean",
    "combined": 1.4674193703085192,
    "silhouette": 0.653038490374113,
    "davies_bouldin": 0.4382504559255517,
    "intra_dist_mean": 3.2027165771019357,
    "inter_dist_mean": 12.090931031206077,
    "ratio_intra_inter": 0.2648858527797092,
    "n_merge_steps": 2398,
    "h_max": 7.8022779068215735,
    "total_runtime_sec": 129.02191042900085
}