{
    "clean_state": "raw",
    "best_k": 21,
    "linkage": "single",
    "metric": "euclidean",
    "combined": 1.353193921640652,
    "silhouette": 0.3729091799146133,
    "davies_bouldin": 0.4285447369624637,
    "intra_dist_mean": 3.029450232376472,
    "inter_dist_mean": 8.279583066652833,
    "ratio_intra_inter": 0.36589405625720894,
    "n_merge_steps": 2398,
    "total_runtime_sec": 157.06305289268494
}