{
    "n_trials": 31,
    "avg_iterations": 14.193548387096774,
    "median_iterations": 14.0,
    "avg_auc_delta": 9.458420429854419,
    "avg_geo_decay": 0.6215809908545761,
    "best_k": 40,
    "best_combined_score": 0.5876440226802381,
    "best_sse": 1306.1013084322217,
    "weights": {
        "alpha": 0.47,
        "beta": 0.53,
        "gamma": 0.0
    },
    "total_runtime_sec": 10.396140098571777
}