{
    "n_trials": 31,
    "avg_iterations": 11.290322580645162,
    "median_iterations": 11.0,
    "avg_auc_delta": 18.046798461050823,
    "avg_geo_decay": 0.5799162399000831,
    "best_k": 17,
    "best_combined_score": 0.4900520612530676,
    "best_sse": 5127.202126154358,
    "weights": {
        "alpha": 0.47,
        "beta": 0.53,
        "gamma": 0.0
    },
    "total_runtime_sec": 6.675536632537842
}