method,Contrib
GroundTruth,0.1357330759148168
horizon,0.11963620805275658
baran,0.10142567159081574
