method,Contrib
boostclean,0.9972622351713433
Unified,0.21553510878949866
holoclean,0.08525182155612479
