{
    "n_trials": 31,
    "avg_iterations": 14.580645161290322,
    "median_iterations": 14.0,
    "avg_auc_delta": 11.593614196823069,
    "avg_geo_decay": 0.6344116069074716,
    "best_k": 8,
    "best_combined_score": 0.5166534300002852,
    "best_sse": 5117.815592339353,
    "weights": {
        "alpha": 0.47,
        "beta": 0.53,
        "gamma": 0.0
    },
    "total_runtime_sec": 3.5961835384368896
}