{
    "n_trials": 31,
    "avg_iterations": 12.709677419354838,
    "median_iterations": 13.0,
    "avg_auc_delta": 9.146308280358133,
    "avg_geo_decay": 0.6416203556685995,
    "best_k": 48,
    "best_combined_score": 0.7414582274693304,
    "best_sse": 1077.863045904083,
    "total_runtime_sec": 9.99596619606018
}