{
    "centroid_movements": [
        1.864617137421838e-15
    ],
    "sse_list": [
        1095.6900572221125,
        1095.6900572221125
    ],
    "final_iteration": 2
}