{
    "n_trials": 30,
    "avg_iterations": 11.9,
    "median_iterations": 10.0,
    "avg_auc_delta": 5.8937232329956055,
    "avg_geo_decay": 0.5786021510927082,
    "best_k": 48,
    "best_combined_score": 0.7903845261673882,
    "best_sse": 1006.549057453849,
    "total_runtime_sec": 4.333133697509766
}