{
    "n_trials": 30,
    "avg_iterations": 17.933333333333334,
    "median_iterations": 18.0,
    "avg_auc_delta": 9.131041183821077,
    "avg_geo_decay": 0.6889832210698361,
    "best_k": 10,
    "best_combined_score": 0.5452113056426474,
    "best_sse": 5813.8536256360785,
    "weights": {
        "alpha": 0.47,
        "beta": 0.53,
        "gamma": 0.0
    },
    "total_runtime_sec": 6.275462627410889
}