{
    "clean_state": "raw",
    "best_k": 48,
    "linkage": "average",
    "metric": "euclidean",
    "combined": 1.1158665699168904,
    "silhouette": 0.4275066525357907,
    "davies_bouldin": 0.5542541399542361,
    "intra_dist_mean": 1.1340937866827787,
    "inter_dist_mean": 3.4998563450119837,
    "ratio_intra_inter": 0.32404009618816837,
    "n_merge_steps": 2375,
    "total_runtime_sec": 162.3066051006317
}