{
    "clean_state": "raw",
    "best_k": 48,
    "linkage": "average",
    "metric": "euclidean",
    "combined": 1.1158665706186315,
    "silhouette": 0.42750665254677067,
    "davies_bouldin": 0.5542541395264627,
    "intra_dist_mean": 1.134093786657171,
    "inter_dist_mean": 3.4998563450119837,
    "ratio_intra_inter": 0.3240400961808516,
    "n_merge_steps": 2375,
    "h_max": 9.732318866882553,
    "total_runtime_sec": 141.1354260444641
}