{
    "clean_state": "raw",
    "best_k": 5,
    "linkage": "single",
    "metric": "euclidean",
    "combined": 0.7835068045600886,
    "silhouette": 0.5332736413414281,
    "davies_bouldin": 0.2514070888397597,
    "sse": 8323.321622022115,
    "weights": {
        "alpha": 0.47,
        "beta": 0.53,
        "gamma": 0.0
    },
    "intra_dist_mean": 3.1415829187410416,
    "inter_dist_mean": 11.462946155620358,
    "ratio_intra_inter": 0.2740641782741367,
    "n_merge_steps": 1402,
    "h_max": 37.03825872522255,
    "total_runtime_sec": 171.28967547416687
}