{
    "clean_state": "raw",
    "best_k": 6,
    "linkage": "single",
    "metric": "manhattan",
    "combined": 1.8015202839714943,
    "silhouette": 0.6504565120162549,
    "davies_bouldin": 0.33868637812112273,
    "intra_dist_mean": 3.0982484107610415,
    "inter_dist_mean": 11.842988051411846,
    "ratio_intra_inter": 0.26161036364394763,
    "n_merge_steps": 2385,
    "total_runtime_sec": 216.55307292938232
}