{
    "clean_state": "raw",
    "best_k": 18,
    "linkage": "single",
    "metric": "euclidean",
    "combined": 1.7737589172250279,
    "silhouette": 0.43866576549131114,
    "davies_bouldin": 0.32166213696199847,
    "intra_dist_mean": 2.86490727496236,
    "inter_dist_mean": 8.28252355613837,
    "ratio_intra_inter": 0.3458978722540143,
    "n_merge_steps": 2385,
    "h_max": 7.720754772667503,
    "total_runtime_sec": 133.1158320903778
}