{
    "n_trials": 31,
    "avg_iterations": 12.258064516129032,
    "median_iterations": 12.0,
    "avg_auc_delta": 9.243239613797927,
    "avg_geo_decay": 0.662310918546705,
    "best_k": 28,
    "best_combined_score": 0.5796985625679267,
    "best_sse": 1411.925576618379,
    "weights": {
        "alpha": 0.47,
        "beta": 0.53,
        "gamma": 0.0
    },
    "total_runtime_sec": 11.334764003753662
}