{
    "n_trials": 31,
    "avg_iterations": 5.451612903225806,
    "median_iterations": 5.0,
    "avg_auc_delta": 7.494420946998167,
    "avg_geo_decay": 0.44529438583063663,
    "best_k": 15,
    "best_combined_score": 1.0896664662215154,
    "best_sse": 236.93309129834205,
    "total_runtime_sec": 2.783304452896118
}