{
    "core_count": 898,
    "border_count": 26,
    "noise_count": 39,
    "noise_ratio": 0.040498442367601244,
    "neighbor_hist": [
        0,
        29,
        15,
        12,
        9,
        7,
        17,
        15,
        15,
        12,
        9,
        10,
        7,
        4,
        6,
        10,
        9,
        10,
        8,
        4,
        15,
        6,
        7,
        5,
        5,
        6,
        4,
        6,
        0,
        1,
        2,
        3,
        4,
        2,
        4,
        8,
        6,
        5,
        6,
        4,
        3,
        3,
        8,
        5,
        3,
        5,
        6,
        4,
        9,
        610
    ],
    "combined_score": 0.4948602950607114,
    "silhouette": 0.3809046147891543,
    "davies_bouldin": 1.5284134842817438,
    "sse": 5338.571120236022,
    "weights": {
        "alpha": 0.47,
        "beta": 0.53,
        "gamma": 0.0
    }
}