{
    "n_trials": 31,
    "avg_iterations": 5.870967741935484,
    "median_iterations": 5.0,
    "avg_auc_delta": 5.191565998795683,
    "avg_geo_decay": 0.3981335017843796,
    "best_k": 13,
    "best_combined_score": 0.7217005612649284,
    "best_sse": 307.66636249711604,
    "weights": {
        "alpha": 0.47,
        "beta": 0.53,
        "gamma": 0.0
    },
    "total_runtime_sec": 4.076201438903809
}