{
    "n_trials": 31,
    "avg_iterations": 12.870967741935484,
    "median_iterations": 12.0,
    "avg_auc_delta": 25.288263497840145,
    "avg_geo_decay": 0.6399406098842558,
    "best_k": 31,
    "best_combined_score": 0.4371272461064405,
    "best_sse": 8016.003910989779,
    "weights": {
        "alpha": 0.47,
        "beta": 0.53,
        "gamma": 0.0
    },
    "total_runtime_sec": 5.786576509475708
}