{
    "n_trials": 31,
    "avg_iterations": 15.193548387096774,
    "median_iterations": 15.0,
    "avg_auc_delta": 13.950322452857483,
    "avg_geo_decay": 0.671014319254884,
    "best_k": 27,
    "best_combined_score": 0.5500952144870302,
    "best_sse": 1054.1893915712967,
    "weights": {
        "alpha": 0.47,
        "beta": 0.53,
        "gamma": 0.0
    },
    "total_runtime_sec": 203.59751892089844
}