{
    "clean_state": "raw",
    "best_k": 8,
    "best_cov_type": "tied",
    "best_combined": 0.5576251942354015,
    "best_silhouette": 0.3188717724310315,
    "best_db": 1.038846911807266,
    "best_sse": 1730.4997897627527,
    "weights": {
        "alpha": 0.47,
        "beta": 0.53,
        "gamma": 0.0
    },
    "n_iter_final": 1,
    "ll_curve_final": [
        -9.195092354574212,
        -9.095158713222274,
        -9.056549887524424,
        -9.02470855466075,
        -8.987374385897022,
        -8.965201099921545,
        -8.962393529752386,
        -8.962245002129043
    ],
    "total_runtime_sec": 7.89993953704834
}