{
    "clean_state": "raw",
    "best_k": 22,
    "best_cov_type": "tied",
    "best_combined": 0.6015340109086489,
    "best_silhouette": 0.30548829885556483,
    "best_db": 1.1141071644313802,
    "n_iter_final": 1,
    "ll_curve_final": [
        -6.473652891668148,
        -6.430676834548506,
        -6.408284569744259,
        -6.381336365353088,
        -6.354258807809553,
        -6.333797774513024,
        -6.310621386264393,
        -6.284876107523669,
        -6.253742164036761,
        -6.231721202389814,
        -6.213297900333722,
        -6.186397847124315,
        -6.1267956348496195,
        -5.990159729682485,
        -5.900704165292524,
        -5.8746378597750715,
        -5.854662983266153,
        -5.843217821399935,
        -5.831404869784375,
        -5.823235066849915,
        -5.812474125578856,
        -5.78525785024092,
        -5.669120563771693,
        -5.593891388774235,
        -5.587000905155268,
        -5.586111223834346
    ],
    "total_runtime_sec": 56.006813526153564
}