{
    "n_trials": 31,
    "avg_iterations": 4.548387096774194,
    "median_iterations": 4.0,
    "avg_auc_delta": 8.04293644141857,
    "avg_geo_decay": 0.23646291621754462,
    "best_k": 26,
    "best_combined_score": 0.5393967239785975,
    "best_sse": 2385.837107545336,
    "weights": {
        "alpha": 0.47,
        "beta": 0.53,
        "gamma": 0.0
    },
    "total_runtime_sec": 5.9020514488220215
}