{
    "clean_state": "raw",
    "best_k": 5,
    "linkage": "single",
    "metric": "euclidean",
    "combined": 3.0791877301678094,
    "silhouette": 0.7264490010038992,
    "davies_bouldin": 0.18409674863732012,
    "intra_dist_mean": 2.9225505639391756,
    "inter_dist_mean": 14.6438538820806,
    "ratio_intra_inter": 0.19957523391538645,
    "n_merge_steps": 810,
    "total_runtime_sec": 25.0828115940094
}