{
    "clean_state": "raw",
    "best_k": 6,
    "linkage": "single",
    "metric": "manhattan",
    "combined": 0.8432680055985261,
    "silhouette": 0.7407653091226408,
    "davies_bouldin": 0.21862308232504826,
    "sse": 4202.650319067854,
    "weights": {
        "alpha": 0.47,
        "beta": 0.53,
        "gamma": 0.0
    },
    "intra_dist_mean": 2.618527054905475,
    "inter_dist_mean": 11.318001814216583,
    "ratio_intra_inter": 0.23135948358093586,
    "n_merge_steps": 941,
    "h_max": 20.159046098824433,
    "total_runtime_sec": 19.29611349105835
}