{
    "core_count": 148,
    "border_count": 90,
    "noise_count": 149,
    "noise_ratio": 0.3850129198966408,
    "neighbor_hist": [
        0,
        14,
        25,
        9,
        17,
        25,
        12,
        6,
        13,
        23,
        12,
        9,
        5,
        10,
        6,
        7,
        15,
        10,
        10,
        2,
        9,
        4,
        6,
        5,
        8,
        3,
        2,
        2,
        4,
        3,
        2,
        1,
        6,
        2,
        3,
        2,
        1,
        7,
        0,
        5,
        2,
        0,
        1,
        0,
        0,
        3,
        3,
        1,
        2,
        70
    ],
    "combined_score": 0.3612963283852203,
    "silhouette": 0.06906004952332954,
    "davies_bouldin": 2.563271795713465,
    "sse": 731.3908772762458,
    "weights": {
        "alpha": 0.47,
        "beta": 0.53,
        "gamma": 0.0
    }
}