{
    "n_trials": 30,
    "avg_iterations": 11.8,
    "median_iterations": 12.0,
    "avg_auc_delta": 6.674362116229276,
    "avg_geo_decay": 0.6360011127109133,
    "best_k": 24,
    "best_combined_score": 0.522885525386268,
    "best_sse": 1366.076643446904,
    "weights": {
        "alpha": 0.47,
        "beta": 0.53,
        "gamma": 0.0
    },
    "total_runtime_sec": 1.3542256355285645
}