{
    "centroid_movements": [
        1.5490723687380824e-15
    ],
    "sse_list": [
        1238.4549982130382,
        1238.454998213038
    ],
    "final_iteration": 2
}