{
    "n_trials": 30,
    "avg_iterations": 9.666666666666666,
    "median_iterations": 9.0,
    "avg_auc_delta": 5.773117772706474,
    "avg_geo_decay": 0.5427645062961326,
    "best_k": 42,
    "best_combined_score": 0.6835606385081963,
    "best_sse": 1153.5907311953097,
    "total_runtime_sec": 2.5573198795318604
}