{
    "n_trials": 31,
    "avg_iterations": 13.161290322580646,
    "median_iterations": 11.0,
    "avg_auc_delta": 10.09843637666426,
    "avg_geo_decay": 0.6670827261671313,
    "best_k": 42,
    "best_combined_score": 0.6917146619081616,
    "best_sse": 1250.44173474413,
    "total_runtime_sec": 10.160297155380249
}