{
    "n_trials": 31,
    "avg_iterations": 9.096774193548388,
    "median_iterations": 8.0,
    "avg_auc_delta": 7.744899151897158,
    "avg_geo_decay": 0.4509702706641262,
    "best_k": 48,
    "best_combined_score": 0.9078789975604576,
    "best_sse": 420.1634154960027,
    "total_runtime_sec": 10.590805768966675
}