{
    "n_trials": 30,
    "avg_iterations": 8.833333333333334,
    "median_iterations": 5.0,
    "avg_auc_delta": 4.088761661308806,
    "avg_geo_decay": 0.35525744919166585,
    "best_k": 9,
    "best_combined_score": 0.6623306744601964,
    "best_sse": 4422.006866243354,
    "weights": {
        "alpha": 0.47,
        "beta": 0.53,
        "gamma": 0.0
    },
    "total_runtime_sec": 9.156895399093628
}