{
    "n_trials": 31,
    "avg_iterations": 9.774193548387096,
    "median_iterations": 8.0,
    "avg_auc_delta": 6.612107607885338,
    "avg_geo_decay": 0.4945608276364013,
    "best_k": 48,
    "best_combined_score": 0.8594427979139655,
    "best_sse": 428.2950422812049,
    "total_runtime_sec": 11.715285301208496
}