{
    "centroid_movements": [
        2.2655631385067213e-15
    ],
    "sse_list": [
        453.01248412941936,
        453.01248412941936
    ],
    "final_iteration": 2
}