{
    "clean_state": "raw",
    "best_k": 9,
    "best_cov_type": "full",
    "best_combined": 0.44311514706235045,
    "best_silhouette": 0.1012062193388176,
    "best_db": 1.6474345999243034,
    "best_sse": 564.6936647683502,
    "weights": {
        "alpha": 0.47,
        "beta": 0.53,
        "gamma": 0.0
    },
    "n_iter_final": 1,
    "ll_curve_final": [
        46.11540802368985,
        46.11540802368985
    ],
    "total_runtime_sec": 4.000128269195557
}