{
    "clean_state": "raw",
    "best_k": 17,
    "best_cov_type": "spherical",
    "best_combined": 0.5195856624287101,
    "best_silhouette": 0.2322746789665027,
    "best_db": 1.239316094685053,
    "n_iter_final": 1,
    "ll_curve_final": [
        -7.943204843289151,
        -7.91736093179329,
        -7.907758443947686,
        -7.903218879719514,
        -7.900847980673916,
        -7.899396247763016,
        -7.898445131948946
    ],
    "total_runtime_sec": 5.133430004119873
}