{
    "clean_state": "raw",
    "best_k": 8,
    "best_cov_type": "full",
    "best_combined": 0.6186360186114189,
    "best_silhouette": 0.46051294844703394,
    "best_db": 0.8355658372675394,
    "best_sse": 235.06012986031683,
    "weights": {
        "alpha": 0.47,
        "beta": 0.53,
        "gamma": 0.0
    },
    "n_iter_final": 1,
    "ll_curve_final": [
        31.98870564984843,
        32.26875505039593,
        32.59669109431958,
        33.02771899579481,
        33.02775667095344
    ],
    "total_runtime_sec": 1.1771636009216309
}