{
    "clean_state": "raw",
    "best_k": 11,
    "best_cov_type": "full",
    "best_combined": 1.391134431815201,
    "best_silhouette": 0.6228006492659859,
    "best_db": 0.4630769711488087,
    "n_iter_final": 1,
    "ll_curve_final": [
        30.749697070703192,
        33.584926942805815,
        33.64590535186262,
        33.64620288071707
    ],
    "total_runtime_sec": 2.004265546798706
}