{
    "n_trials": 20,
    "avg_iterations": 13.6,
    "median_iterations": 12.0,
    "avg_auc_delta": 3.489709486219757,
    "avg_geo_decay": 0.6541410345741204,
    "best_k": 8,
    "best_combined_score": 0.6492978152602142,
    "best_sse": 1226.9808064368365,
    "weights": {
        "alpha": 0.47,
        "beta": 0.53,
        "gamma": 0.0
    },
    "total_runtime_sec": 2.831202745437622
}