{
    "n_trials": 30,
    "avg_iterations": 6.366666666666666,
    "median_iterations": 5.0,
    "avg_auc_delta": 10.0441463236538,
    "avg_geo_decay": 0.4069322771165408,
    "best_k": 15,
    "best_combined_score": 0.5286348565171622,
    "best_sse": 1382.2672836162442,
    "total_runtime_sec": 0.2204294204711914
}