{
    "n_trials": 31,
    "avg_iterations": 7.903225806451613,
    "median_iterations": 8.0,
    "avg_auc_delta": 13.824740102651388,
    "avg_geo_decay": 0.5558491879216622,
    "best_k": 15,
    "best_combined_score": 0.5389870224836664,
    "best_sse": 1513.7397239473655,
    "total_runtime_sec": 3.0593032836914062
}