{
    "core_count": 910,
    "border_count": 15,
    "noise_count": 16,
    "noise_ratio": 0.01700318809776833,
    "neighbor_hist": [
        0,
        12,
        5,
        5,
        9,
        19,
        13,
        11,
        10,
        22,
        10,
        4,
        11,
        8,
        15,
        8,
        6,
        6,
        12,
        7,
        7,
        10,
        15,
        6,
        9,
        5,
        6,
        7,
        8,
        8,
        6,
        3,
        4,
        0,
        10,
        5,
        5,
        1,
        2,
        3,
        8,
        4,
        6,
        3,
        7,
        5,
        5,
        9,
        3,
        578
    ],
    "combined_score": 0.525860006636112,
    "silhouette": 0.37617343800314806,
    "davies_bouldin": 1.2992327599657671,
    "sse": 5731.09393308548,
    "weights": {
        "alpha": 0.47,
        "beta": 0.53,
        "gamma": 0.0
    }
}