{
    "clean_state": "raw",
    "best_k": 31,
    "best_cov_type": "full",
    "best_combined": 1.0537299002843756,
    "best_silhouette": 0.7216169509965762,
    "best_db": 0.7215825375212718,
    "n_iter_final": 1,
    "ll_curve_final": [
        33.04844923403095,
        33.04844923367523
    ],
    "total_runtime_sec": 10.865220308303833
}