{
    "n_trials": 30,
    "avg_iterations": 13.533333333333333,
    "median_iterations": 14.0,
    "avg_auc_delta": 5.976137317123148,
    "avg_geo_decay": 0.6460111181363717,
    "best_k": 37,
    "best_combined_score": 0.6158514533850824,
    "best_sse": 822.8792292052593,
    "weights": {
        "alpha": 0.47,
        "beta": 0.53,
        "gamma": 0.0
    },
    "total_runtime_sec": 19.003326892852783
}