{
    "n_trials": 31,
    "avg_iterations": 9.064516129032258,
    "median_iterations": 9.0,
    "avg_auc_delta": 17.423532647464018,
    "avg_geo_decay": 0.576090636657159,
    "best_k": 20,
    "best_combined_score": 0.4170409945134581,
    "best_sse": 3195.1104651568803,
    "total_runtime_sec": 4.948452711105347
}