{
    "clean_state": "raw",
    "best_k": 6,
    "linkage": "single",
    "metric": "manhattan",
    "combined": 2.826510034313473,
    "silhouette": 0.6042124894802942,
    "davies_bouldin": 0.1980665700412809,
    "intra_dist_mean": 2.4497893280783045,
    "inter_dist_mean": 12.244724193770661,
    "ratio_intra_inter": 0.20006896760683282,
    "n_merge_steps": 248,
    "h_max": 16.641673011864796,
    "total_runtime_sec": 1.295133113861084
}