{
    "clean_state": "raw",
    "best_k": 5,
    "linkage": "single",
    "metric": "manhattan",
    "combined": 0.8040679301253625,
    "silhouette": 0.6384904754012163,
    "davies_bouldin": 0.2641079773889448,
    "sse": 588.9055807970817,
    "weights": {
        "alpha": 0.47,
        "beta": 0.53,
        "gamma": 0.0
    },
    "intra_dist_mean": 2.3424442646870314,
    "inter_dist_mean": 9.09360379016168,
    "ratio_intra_inter": 0.25759251433640107,
    "n_merge_steps": 150,
    "h_max": 11.560459174443835,
    "total_runtime_sec": 7.914527416229248
}