{
    "n_trials": 31,
    "avg_iterations": 5.064516129032258,
    "median_iterations": 4.0,
    "avg_auc_delta": 4.31468524257683,
    "avg_geo_decay": 0.32159174877724905,
    "best_k": 15,
    "best_combined_score": 1.404809945455369,
    "best_sse": 132.51256961158555,
    "total_runtime_sec": 3.808123826980591
}