{
    "n_trials": 30,
    "avg_iterations": 4.4,
    "median_iterations": 4.0,
    "avg_auc_delta": 3.559029856625293,
    "avg_geo_decay": 0.3330263359377607,
    "best_k": 15,
    "best_combined_score": 1.2594152228286104,
    "best_sse": 133.76432698714947,
    "total_runtime_sec": 0.18707799911499023
}