{
    "n_trials": 20,
    "avg_iterations": 3.15,
    "median_iterations": 3.0,
    "avg_auc_delta": 4.093853098733825,
    "avg_geo_decay": 0.45608589175074393,
    "best_k": 8,
    "best_combined_score": 0.6170116427028149,
    "best_sse": 225.9615419346542,
    "weights": {
        "alpha": 0.47,
        "beta": 0.53,
        "gamma": 0.0
    },
    "total_runtime_sec": 0.20027399063110352
}