{
    "n_trials": 31,
    "avg_iterations": 7.709677419354839,
    "median_iterations": 7.0,
    "avg_auc_delta": 7.85557359605061,
    "avg_geo_decay": 0.4536834130683851,
    "best_k": 12,
    "best_combined_score": 0.5471459077810749,
    "best_sse": 2336.448786356424,
    "weights": {
        "alpha": 0.47,
        "beta": 0.53,
        "gamma": 0.0
    },
    "total_runtime_sec": 4.729701995849609
}