{
    "clean_state": "raw",
    "best_k": 14,
    "linkage": "single",
    "metric": "euclidean",
    "combined": 0.9091980807327738,
    "silhouette": 0.15797897883815498,
    "davies_bouldin": 0.6022582821129513,
    "intra_dist_mean": 5.124334415695502,
    "inter_dist_mean": 8.789079533793862,
    "ratio_intra_inter": 0.5830342524483867,
    "n_merge_steps": 216,
    "total_runtime_sec": 2.660236358642578
}