{
    "clean_state": "raw",
    "best_k": 8,
    "linkage": "single",
    "metric": "euclidean",
    "combined": 0.7638997473754818,
    "silhouette": 0.5832272314853831,
    "davies_bouldin": 0.3497137811014207,
    "sse": 9144.79754344733,
    "weights": {
        "alpha": 0.47,
        "beta": 0.53,
        "gamma": 0.0
    },
    "intra_dist_mean": 2.7456207257928997,
    "inter_dist_mean": 7.626372262309937,
    "ratio_intra_inter": 0.36001661489324205,
    "n_merge_steps": 2104,
    "h_max": 5.790003731718096,
    "total_runtime_sec": 93.34116101264954
}