{
    "clean_state": "raw",
    "best_k": 6,
    "linkage": "single",
    "metric": "manhattan",
    "combined": 1.676844867784224,
    "silhouette": 0.48482433324641555,
    "davies_bouldin": 0.3485698559404737,
    "intra_dist_mean": 3.2477339875227678,
    "inter_dist_mean": 10.771668292585884,
    "ratio_intra_inter": 0.3015070552959632,
    "n_merge_steps": 802,
    "total_runtime_sec": 18.80132269859314
}