{
    "core_count": 2115,
    "border_count": 81,
    "noise_count": 180,
    "noise_ratio": 0.07575757575757576,
    "neighbor_hist": [
        0,
        55,
        80,
        72,
        54,
        59,
        57,
        69,
        50,
        75,
        59,
        41,
        31,
        47,
        47,
        29,
        31,
        44,
        30,
        37,
        21,
        26,
        25,
        15,
        9,
        14,
        20,
        23,
        23,
        19,
        16,
        13,
        15,
        12,
        14,
        8,
        13,
        12,
        18,
        12,
        13,
        26,
        16,
        27,
        15,
        7,
        12,
        12,
        5,
        948
    ],
    "combined_score": 0.4787193669376401,
    "silhouette": 0.22146669342848418,
    "davies_bouldin": 1.4893205308739694,
    "sse": 2975.60693063938,
    "weights": {
        "alpha": 0.47,
        "beta": 0.53,
        "gamma": 0.0
    }
}