{
    "clean_state": "raw",
    "best_k": 45,
    "linkage": "single",
    "metric": "manhattan",
    "combined": 1.4854373462303778,
    "silhouette": 0.3890013651616174,
    "davies_bouldin": 0.38731567092258784,
    "intra_dist_mean": 2.40055275629545,
    "inter_dist_mean": 5.130529424405347,
    "ratio_intra_inter": 0.4678957194701632,
    "n_merge_steps": 2409,
    "total_runtime_sec": 107.29292798042297
}