{
    "clean_state": "raw",
    "best_k": 45,
    "linkage": "single",
    "metric": "manhattan",
    "combined": 1.4854373512319943,
    "silhouette": 0.38900136516163275,
    "davies_bouldin": 0.38731566942197093,
    "intra_dist_mean": 2.4005527562953746,
    "inter_dist_mean": 5.130529424405347,
    "ratio_intra_inter": 0.46789571947014846,
    "n_merge_steps": 2409,
    "h_max": 48.42740159219345,
    "total_runtime_sec": 136.88366651535034
}