{
    "clean_state": "raw",
    "best_k": 6,
    "linkage": "single",
    "metric": "euclidean",
    "combined": 1.9403824135901158,
    "silhouette": 0.5883787308841226,
    "davies_bouldin": 0.3037310846151935,
    "intra_dist_mean": 3.35429797711717,
    "inter_dist_mean": 9.361355678468003,
    "ratio_intra_inter": 0.358313271317317,
    "n_merge_steps": 1395,
    "total_runtime_sec": 80.18974542617798
}