{
    "clean_state": "raw",
    "best_k": 6,
    "linkage": "single",
    "metric": "euclidean",
    "combined": 1.9403824135901437,
    "silhouette": 0.5883787308841781,
    "davies_bouldin": 0.30373108461519344,
    "intra_dist_mean": 3.3542979771167056,
    "inter_dist_mean": 9.361355678468003,
    "ratio_intra_inter": 0.35831327131726737,
    "n_merge_steps": 1395,
    "h_max": 5.679947985150806,
    "total_runtime_sec": 39.78435397148132
}