{
    "n_trials": 31,
    "avg_iterations": 9.451612903225806,
    "median_iterations": 9.0,
    "avg_auc_delta": 5.607479294185505,
    "avg_geo_decay": 0.4826371752670617,
    "best_k": 46,
    "best_combined_score": 1.0345952345360911,
    "best_sse": 282.75227724280165,
    "total_runtime_sec": 9.402740716934204
}