{
    "n_trials": 30,
    "avg_iterations": 8.9,
    "median_iterations": 7.0,
    "avg_auc_delta": 6.415698178015703,
    "avg_geo_decay": 0.4896802629492225,
    "best_k": 48,
    "best_combined_score": 0.6328280774674307,
    "best_sse": 1518.634672410927,
    "weights": {
        "alpha": 0.47,
        "beta": 0.53,
        "gamma": 0.0
    },
    "total_runtime_sec": 6.351646900177002
}