{
    "centroid_movements": [
        1.41785392409645e-15
    ],
    "sse_list": [
        235.62956318670024,
        235.62956318670024
    ],
    "final_iteration": 2
}