{
    "n_trials": 30,
    "avg_iterations": 7.6,
    "median_iterations": 9.0,
    "avg_auc_delta": 2.389725353478922,
    "avg_geo_decay": 0.2944304469474671,
    "best_k": 48,
    "best_combined_score": 1.0133492823098822,
    "best_sse": 220.0531572795911,
    "total_runtime_sec": 3.7651402950286865
}