{
    "clean_state": "raw",
    "best_k": 6,
    "linkage": "single",
    "metric": "manhattan",
    "combined": 0.9554802086770762,
    "silhouette": 0.16223535104262743,
    "davies_bouldin": 0.5718451798196252,
    "intra_dist_mean": 5.835871075216155,
    "inter_dist_mean": 9.836409557416454,
    "ratio_intra_inter": 0.5932928108727877,
    "n_merge_steps": 999,
    "total_runtime_sec": 30.21869421005249
}