{
    "core_count": 352,
    "border_count": 61,
    "noise_count": 464,
    "noise_ratio": 0.5290763968072976,
    "neighbor_hist": [
        0,
        302,
        99,
        66,
        27,
        31,
        22,
        16,
        11,
        28,
        13,
        12,
        10,
        13,
        9,
        2,
        2,
        2,
        1,
        4,
        4,
        4,
        1,
        4,
        3,
        4,
        9,
        5,
        9,
        14,
        3,
        3,
        1,
        4,
        1,
        5,
        2,
        6,
        8,
        5,
        2,
        3,
        3,
        2,
        2,
        3,
        1,
        0,
        1,
        95
    ],
    "combined_score": 0.3757374746177248,
    "silhouette": -0.05765508633449381,
    "davies_bouldin": 2.1394737308618432,
    "sse": 1632.3671425978941,
    "weights": {
        "alpha": 0.47,
        "beta": 0.53,
        "gamma": 0.0
    }
}