{
    "clean_state": "raw",
    "best_k": 5,
    "linkage": "single",
    "metric": "manhattan",
    "combined": 2.414621562702252,
    "silhouette": 0.7589072228758095,
    "davies_bouldin": 0.245679969404675,
    "intra_dist_mean": 2.96913157293692,
    "inter_dist_mean": 15.633210696326234,
    "ratio_intra_inter": 0.1899246182125895,
    "n_merge_steps": 899,
    "total_runtime_sec": 26.33155584335327
}