{
    "clean_state": "raw",
    "best_k": 5,
    "linkage": "single",
    "metric": "euclidean",
    "combined": 0.9023528289207478,
    "silhouette": 0.8161773427084869,
    "davies_bouldin": 0.11442142693685065,
    "sse": 7353.004478016809,
    "weights": {
        "alpha": 0.47,
        "beta": 0.53,
        "gamma": 0.0
    },
    "intra_dist_mean": 2.888326911387305,
    "inter_dist_mean": 21.855781173927753,
    "ratio_intra_inter": 0.13215390877141112,
    "n_merge_steps": 975,
    "h_max": 22.113448404307242,
    "total_runtime_sec": 21.915764570236206
}