{
    "clean_state": "raw",
    "best_k": 26,
    "linkage": "single",
    "metric": "euclidean",
    "combined": 1.9108014711238626,
    "silhouette": 0.4909718608784318,
    "davies_bouldin": 0.3002433999951981,
    "intra_dist_mean": 2.215611969761486,
    "inter_dist_mean": 8.402720828129384,
    "ratio_intra_inter": 0.2636779223158438,
    "n_merge_steps": 899,
    "h_max": 25.31660977302201,
    "total_runtime_sec": 12.553792953491211
}