{
    "n_trials": 31,
    "avg_iterations": 6.032258064516129,
    "median_iterations": 5.0,
    "avg_auc_delta": 10.1903196934651,
    "avg_geo_decay": 1.032317860435213,
    "best_k": 9,
    "best_combined_score": 0.7111347630433738,
    "best_sse": 124.90633259293061,
    "weights": {
        "alpha": 0.47,
        "beta": 0.53,
        "gamma": 0.0
    },
    "total_runtime_sec": 0.38210391998291016
}