{
    "n_trials": 31,
    "avg_iterations": 13.548387096774194,
    "median_iterations": 14.0,
    "avg_auc_delta": 9.197376964285086,
    "avg_geo_decay": 0.6356360995529926,
    "best_k": 44,
    "best_combined_score": 0.6017356833345721,
    "best_sse": 1115.3164062447636,
    "weights": {
        "alpha": 0.47,
        "beta": 0.53,
        "gamma": 0.0
    },
    "total_runtime_sec": 9.257844924926758
}