{
    "clean_state": "raw",
    "best_k": 6,
    "linkage": "single",
    "metric": "euclidean",
    "combined": 0.7358713520161415,
    "silhouette": 0.5969640686474812,
    "davies_bouldin": 0.4534269991241579,
    "sse": 11301.824609482068,
    "weights": {
        "alpha": 0.47,
        "beta": 0.53,
        "gamma": 0.0
    },
    "intra_dist_mean": 4.422861273036367,
    "inter_dist_mean": 11.96307449379153,
    "ratio_intra_inter": 0.3697094150279953,
    "n_merge_steps": 999,
    "h_max": 9.059945712723245,
    "total_runtime_sec": 24.79830813407898
}