{
    "clean_state": "raw",
    "best_k": 5,
    "linkage": "single",
    "metric": "euclidean",
    "combined": 1.3633801642406584,
    "silhouette": 0.3719607790598935,
    "davies_bouldin": 0.4246645962904575,
    "intra_dist_mean": 3.5212420115949774,
    "inter_dist_mean": 9.598597501186468,
    "ratio_intra_inter": 0.36684963726829417,
    "n_merge_steps": 1068,
    "total_runtime_sec": 36.985682010650635
}