{
    "n_trials": 31,
    "avg_iterations": 5.032258064516129,
    "median_iterations": 5.0,
    "avg_auc_delta": 8.728520436796902,
    "avg_geo_decay": 0.6477953112849418,
    "best_k": 9,
    "best_combined_score": 0.6992182864952113,
    "best_sse": 145.18871277155768,
    "weights": {
        "alpha": 0.47,
        "beta": 0.53,
        "gamma": 0.0
    },
    "total_runtime_sec": 3.1906521320343018
}