{
    "n_trials": 31,
    "avg_iterations": 3.3548387096774195,
    "median_iterations": 3.0,
    "avg_auc_delta": 4.037886392248722,
    "avg_geo_decay": 0.42389248939667873,
    "best_k": 11,
    "best_combined_score": 1.8708298985739966,
    "best_sse": 70.3739311051749,
    "total_runtime_sec": 3.8593251705169678
}