{
    "n_trials": 30,
    "avg_iterations": 4.033333333333333,
    "median_iterations": 4.0,
    "avg_auc_delta": 3.6871565348793025,
    "avg_geo_decay": 0.3429388027508321,
    "best_k": 11,
    "best_combined_score": 1.8103911464926106,
    "best_sse": 79.69110345180378,
    "total_runtime_sec": 0.15232157707214355
}