{
    "n_trials": 31,
    "avg_iterations": 19.322580645161292,
    "median_iterations": 16.0,
    "avg_auc_delta": 12.970438977617196,
    "avg_geo_decay": 0.6794482079256552,
    "best_k": 7,
    "best_combined_score": 0.5454045452728266,
    "best_sse": 7861.609210217821,
    "weights": {
        "alpha": 0.47,
        "beta": 0.53,
        "gamma": 0.0
    },
    "total_runtime_sec": 7.940295457839966
}