{
    "n_trials": 31,
    "avg_iterations": 10.741935483870968,
    "median_iterations": 10.0,
    "avg_auc_delta": 15.356379871729533,
    "avg_geo_decay": 0.5446099221527528,
    "best_k": 37,
    "best_combined_score": 0.6061489930572536,
    "best_sse": 1441.7751342949418,
    "weights": {
        "alpha": 0.47,
        "beta": 0.53,
        "gamma": 0.0
    },
    "total_runtime_sec": 10.033292770385742
}