{
    "clean_state": "raw",
    "best_k": 17,
    "best_cov_type": "tied",
    "best_combined": 0.7117640055680373,
    "best_silhouette": 0.36703381293650156,
    "best_db": 0.9465267312439124,
    "n_iter_final": 1,
    "ll_curve_final": [
        -5.093621411055214,
        -4.871504981785238,
        -4.65294102886447,
        -4.426351223092505,
        -4.291289850673341,
        -4.278737006636368,
        -4.278505014070975
    ],
    "total_runtime_sec": 23.512614965438843
}