{
    "clean_state": "raw",
    "best_k": 9,
    "best_cov_type": "tied",
    "best_combined": 0.5488130438805203,
    "best_silhouette": 0.2815708265038281,
    "best_db": 1.0540363259822978,
    "best_sse": 1814.918223690984,
    "weights": {
        "alpha": 0.47,
        "beta": 0.53,
        "gamma": 0.0
    },
    "n_iter_final": 1,
    "ll_curve_final": [
        -7.837630457228049,
        -7.686185025737141,
        -7.654318885179061,
        -7.64127055818459,
        -7.6353565264286924,
        -7.6288521616236915,
        -7.62068026003158,
        -7.612389528768143,
        -7.608001310138792,
        -7.606527931769855,
        -7.606034671327782
    ],
    "total_runtime_sec": 28.042397499084473
}