{
    "n_trials": 31,
    "avg_iterations": 5.32258064516129,
    "median_iterations": 5.0,
    "avg_auc_delta": 8.044078724069957,
    "avg_geo_decay": 0.4306130557844986,
    "best_k": 13,
    "best_combined_score": 0.7055795170473248,
    "best_sse": 177.18933339582088,
    "weights": {
        "alpha": 0.47,
        "beta": 0.53,
        "gamma": 0.0
    },
    "total_runtime_sec": 2.126246452331543
}