{
    "n_trials": 31,
    "avg_iterations": 3.4193548387096775,
    "median_iterations": 4.0,
    "avg_auc_delta": 3.361395538203719,
    "avg_geo_decay": 0.3413422612731272,
    "best_k": 8,
    "best_combined_score": 0.7036089266965793,
    "best_sse": 240.5698995642528,
    "weights": {
        "alpha": 0.47,
        "beta": 0.53,
        "gamma": 0.0
    },
    "total_runtime_sec": 4.421191453933716
}