{
    "n_trials": 31,
    "avg_iterations": 4.419354838709677,
    "median_iterations": 4.0,
    "avg_auc_delta": 5.072526466232927,
    "avg_geo_decay": 0.37309396577913473,
    "best_k": 10,
    "best_combined_score": 0.5470250933666275,
    "best_sse": 1620.420876270229,
    "weights": {
        "alpha": 0.47,
        "beta": 0.53,
        "gamma": 0.0
    },
    "total_runtime_sec": 4.63919734954834
}