{
    "clean_state": "raw",
    "best_k": 7,
    "linkage": "single",
    "metric": "euclidean",
    "combined": 0.9920817120654492,
    "silhouette": 0.28172559593173413,
    "davies_bouldin": 0.5873929628653742,
    "intra_dist_mean": 3.0589269048674375,
    "inter_dist_mean": 4.795061777250306,
    "ratio_intra_inter": 0.6379327414256838,
    "n_merge_steps": 2374,
    "h_max": 3.006115721746841,
    "total_runtime_sec": 130.71456956863403
}