{
    "n_trials": 31,
    "avg_iterations": 11.838709677419354,
    "median_iterations": 12.0,
    "avg_auc_delta": 8.626112185508058,
    "avg_geo_decay": 0.6336779276745106,
    "best_k": 35,
    "best_combined_score": 0.6211163129283563,
    "best_sse": 1070.0155587068427,
    "total_runtime_sec": 8.87804913520813
}