{
    "centroid_movements": [
        7.4157805447168355e-16
    ],
    "sse_list": [
        981.1123705479714,
        981.1123705479714
    ],
    "final_iteration": 2
}