{
    "n_trials": 30,
    "avg_iterations": 11.133333333333333,
    "median_iterations": 11.0,
    "avg_auc_delta": 6.070820997546431,
    "avg_geo_decay": 0.62578052138029,
    "best_k": 35,
    "best_combined_score": 0.6687893185479648,
    "best_sse": 926.4730975446554,
    "total_runtime_sec": 1.5031049251556396
}