{
    "n_trials": 30,
    "avg_iterations": 7.6,
    "median_iterations": 7.0,
    "avg_auc_delta": 5.820703669549922,
    "avg_geo_decay": 0.5267314581706972,
    "best_k": 17,
    "best_combined_score": 0.5506287623113835,
    "best_sse": 742.2238874657619,
    "weights": {
        "alpha": 0.47,
        "beta": 0.53,
        "gamma": 0.0
    },
    "total_runtime_sec": 2.706770658493042
}