{
    "clean_state": "raw",
    "best_k": 10,
    "linkage": "single",
    "metric": "manhattan",
    "combined": 0.6259394119779278,
    "silhouette": 0.23559871652216705,
    "davies_bouldin": 0.5789319303249029,
    "sse": 6645.860133330012,
    "weights": {
        "alpha": 0.47,
        "beta": 0.53,
        "gamma": 0.0
    },
    "intra_dist_mean": 5.503468332321932,
    "inter_dist_mean": 8.760048641353988,
    "ratio_intra_inter": 0.6282463211837447,
    "n_merge_steps": 407,
    "h_max": 17.0068694804068,
    "total_runtime_sec": 22.634069442749023
}