{
    "clean_state": "raw",
    "best_k": 5,
    "linkage": "single",
    "metric": "manhattan",
    "combined": 2.5058825771428115,
    "silhouette": 0.5989378415459602,
    "davies_bouldin": 0.22661208543398886,
    "intra_dist_mean": 3.2089156948483826,
    "inter_dist_mean": 13.826930351310398,
    "ratio_intra_inter": 0.23207722996478658,
    "n_merge_steps": 1024,
    "total_runtime_sec": 32.16800856590271
}