{
    "n_trials": 31,
    "avg_iterations": 4.32258064516129,
    "median_iterations": 4.0,
    "avg_auc_delta": 5.102692680127421,
    "avg_geo_decay": 0.40454729029072456,
    "best_k": 9,
    "best_combined_score": 1.0963524262863213,
    "best_sse": 170.48269189470906,
    "total_runtime_sec": 1.0540351867675781
}