{
    "n_trials": 20,
    "avg_iterations": 2.85,
    "median_iterations": 3.0,
    "avg_auc_delta": 2.447971615885921,
    "avg_geo_decay": 0.13607159881536013,
    "best_k": 9,
    "best_combined_score": 0.7342511357577718,
    "best_sse": 118.5876896152084,
    "weights": {
        "alpha": 0.47,
        "beta": 0.53,
        "gamma": 0.0
    },
    "total_runtime_sec": 0.23933887481689453
}