{
    "n_trials": 20,
    "avg_iterations": 4.6,
    "median_iterations": 5.0,
    "avg_auc_delta": 5.094570550738652,
    "avg_geo_decay": 0.4655991808385574,
    "best_k": 9,
    "best_combined_score": 0.9978802922258652,
    "best_sse": 154.8302186130898,
    "total_runtime_sec": 0.09214448928833008
}