{
    "n_trials": 30,
    "avg_iterations": 4.933333333333334,
    "median_iterations": 4.0,
    "avg_auc_delta": 6.727952858113942,
    "avg_geo_decay": 0.48300149488126004,
    "best_k": 17,
    "best_combined_score": 1.5125120741733449,
    "best_sse": 148.0627685033635,
    "total_runtime_sec": 0.23259210586547852
}