{
    "n_trials": 30,
    "avg_iterations": 3.4,
    "median_iterations": 3.0,
    "avg_auc_delta": 2.02250716294111,
    "avg_geo_decay": 0.10010776542904264,
    "best_k": 11,
    "best_combined_score": 0.8259098515060045,
    "best_sse": 121.20527522250208,
    "weights": {
        "alpha": 0.47,
        "beta": 0.53,
        "gamma": 0.0
    },
    "total_runtime_sec": 0.43497753143310547
}