{
    "n_trials": 30,
    "avg_iterations": 6.7,
    "median_iterations": 6.5,
    "avg_auc_delta": 4.350941723229692,
    "avg_geo_decay": 0.47184215637093424,
    "best_k": 20,
    "best_combined_score": 1.1708119922479516,
    "best_sse": 170.99088060729787,
    "total_runtime_sec": 0.30177855491638184
}