{
    "n_trials": 30,
    "avg_iterations": 4.733333333333333,
    "median_iterations": 5.0,
    "avg_auc_delta": 3.5098733350853633,
    "avg_geo_decay": 0.38754424569243756,
    "best_k": 19,
    "best_combined_score": 0.7588992669791165,
    "best_sse": 141.6498807427473,
    "weights": {
        "alpha": 0.47,
        "beta": 0.53,
        "gamma": 0.0
    },
    "total_runtime_sec": 0.5750918388366699
}