{
    "n_trials": 31,
    "avg_iterations": 6.0,
    "median_iterations": 5.0,
    "avg_auc_delta": 6.566832030333099,
    "avg_geo_decay": 0.41227128662925866,
    "best_k": 20,
    "best_combined_score": 1.1692874184571445,
    "best_sse": 181.5564164607296,
    "total_runtime_sec": 5.591849327087402
}