{
    "core_count": 499,
    "border_count": 80,
    "noise_count": 110,
    "noise_ratio": 0.15965166908563136,
    "neighbor_hist": [
        0,
        32,
        28,
        33,
        28,
        31,
        38,
        32,
        38,
        22,
        25,
        26,
        23,
        21,
        13,
        17,
        8,
        15,
        12,
        18,
        9,
        7,
        11,
        10,
        10,
        8,
        4,
        8,
        17,
        7,
        11,
        9,
        7,
        13,
        5,
        6,
        4,
        9,
        3,
        7,
        7,
        4,
        5,
        5,
        5,
        3,
        2,
        1,
        5,
        27
    ],
    "combined_score": 0.41926019897782896,
    "silhouette": 0.058533173559041016,
    "davies_bouldin": 1.8247780550501684,
    "sse": 1743.2437976545464,
    "weights": {
        "alpha": 0.47,
        "beta": 0.53,
        "gamma": 0.0
    }
}