{
    "core_count": 62,
    "border_count": 2,
    "noise_count": 12,
    "noise_ratio": 0.15789473684210525,
    "neighbor_hist": [
        0,
        7,
        2,
        4,
        1,
        0,
        0,
        1,
        3,
        1,
        1,
        0,
        0,
        0,
        14,
        0,
        0,
        0,
        1,
        0,
        0,
        0,
        0,
        0,
        0,
        0,
        0,
        0,
        0,
        0,
        1,
        0,
        0,
        0,
        0,
        0,
        0,
        1,
        0,
        0,
        1,
        21,
        14,
        3
    ],
    "combined_score": 0.45807721902956544,
    "silhouette": 0.4332368885320846,
    "davies_bouldin": 1.8814716376786444,
    "sse": 82.49033158173104,
    "weights": {
        "alpha": 0.47,
        "beta": 0.53,
        "gamma": 0.0
    }
}