{
    "n_trials": 31,
    "avg_iterations": 10.709677419354838,
    "median_iterations": 11.0,
    "avg_auc_delta": 14.949847099570233,
    "avg_geo_decay": 0.5961036919781141,
    "best_k": 30,
    "best_combined_score": 0.5129382746691796,
    "best_sse": 2287.6205725957284,
    "weights": {
        "alpha": 0.47,
        "beta": 0.53,
        "gamma": 0.0
    },
    "total_runtime_sec": 93.73337936401367
}