{
    "n_trials": 31,
    "avg_iterations": 9.387096774193548,
    "median_iterations": 8.0,
    "avg_auc_delta": 15.65910297239433,
    "avg_geo_decay": 0.6161276442869067,
    "best_k": 15,
    "best_combined_score": 0.3415153676095668,
    "best_sse": 2252.4603515497747,
    "total_runtime_sec": 3.5859827995300293
}