{
    "n_trials": 30,
    "avg_iterations": 7.5,
    "median_iterations": 6.5,
    "avg_auc_delta": 5.645055510264803,
    "avg_geo_decay": 0.44823739880399,
    "best_k": 31,
    "best_combined_score": 0.5631808551089967,
    "best_sse": 888.2068021115019,
    "weights": {
        "alpha": 0.47,
        "beta": 0.53,
        "gamma": 0.0
    },
    "total_runtime_sec": 3.665632724761963
}