{
    "n_trials": 30,
    "avg_iterations": 9.066666666666666,
    "median_iterations": 9.0,
    "avg_auc_delta": 11.74617505161655,
    "avg_geo_decay": 0.6054463258709981,
    "best_k": 15,
    "best_combined_score": 0.3751317249784086,
    "best_sse": 2153.8179944089625,
    "total_runtime_sec": 0.22946500778198242
}