{
    "clean_state": "raw",
    "best_k": 33,
    "best_cov_type": "spherical",
    "best_combined": 0.8118976894319196,
    "best_silhouette": 0.4190214489467554,
    "best_db": 0.8300312408559696,
    "n_iter_final": 1,
    "ll_curve_final": [
        -3.7837581571887005,
        -3.727634179507547,
        -3.695795231984379,
        -3.6748615048018216,
        -3.6660399367311283,
        -3.6625353543818973,
        -3.6618341409366737
    ],
    "total_runtime_sec": 45.27301526069641
}