{
    "clean_state": "raw",
    "best_k": 20,
    "best_cov_type": "tied",
    "best_combined": 0.57190668006134,
    "best_silhouette": 0.3324173316729906,
    "best_db": 0.9680232972265364,
    "best_sse": 1063.0987748450093,
    "weights": {
        "alpha": 0.47,
        "beta": 0.53,
        "gamma": 0.0
    },
    "n_iter_final": 1,
    "ll_curve_final": [
        -5.800442246964846,
        -5.548092037737287,
        -5.522690360586041,
        -5.509590765757577,
        -5.501910193820349,
        -5.496159848646022,
        -5.491500056051738,
        -5.48777741090165,
        -5.485096867465296,
        -5.483393086612353,
        -5.4824058321215725
    ],
    "total_runtime_sec": 12.147617816925049
}