{
    "n_trials": 31,
    "avg_iterations": 11.064516129032258,
    "median_iterations": 10.0,
    "avg_auc_delta": 9.726500380940502,
    "avg_geo_decay": 0.575490470304435,
    "best_k": 5,
    "best_combined_score": 0.4841561099759382,
    "best_sse": 3497.2733931204903,
    "weights": {
        "alpha": 0.47,
        "beta": 0.53,
        "gamma": 0.0
    },
    "total_runtime_sec": 3.1722490787506104
}