{
    "clean_state": "raw",
    "best_k": 6,
    "linkage": "single",
    "metric": "euclidean",
    "combined": 2.4686429612139094,
    "silhouette": 0.6271116465994295,
    "davies_bouldin": 0.23200918014105268,
    "intra_dist_mean": 2.8490033220520283,
    "inter_dist_mean": 11.56518520100211,
    "ratio_intra_inter": 0.24634307817266246,
    "n_merge_steps": 520,
    "total_runtime_sec": 10.601709365844727
}