{
    "clean_state": "raw",
    "best_k": 6,
    "linkage": "single",
    "metric": "euclidean",
    "combined": 2.468642961213933,
    "silhouette": 0.62711164659947,
    "davies_bouldin": 0.23200918014105235,
    "intra_dist_mean": 2.8490033220517046,
    "inter_dist_mean": 11.56518520100211,
    "ratio_intra_inter": 0.24634307817263448,
    "n_merge_steps": 520,
    "h_max": 20.433023873643023,
    "total_runtime_sec": 3.546588182449341
}