{
    "n_trials": 31,
    "avg_iterations": 8.67741935483871,
    "median_iterations": 7.0,
    "avg_auc_delta": 8.524480405163525,
    "avg_geo_decay": 0.41558839900420064,
    "best_k": 9,
    "best_combined_score": 0.5323436043425338,
    "best_sse": 4119.235555366361,
    "weights": {
        "alpha": 0.47,
        "beta": 0.53,
        "gamma": 0.0
    },
    "total_runtime_sec": 61.397273540496826
}