{
    "n_trials": 31,
    "avg_iterations": 4.387096774193548,
    "median_iterations": 4.0,
    "avg_auc_delta": 4.553587673752511,
    "avg_geo_decay": 0.3625490011801404,
    "best_k": 9,
    "best_combined_score": 0.5243503618997253,
    "best_sse": 640.4427908234404,
    "weights": {
        "alpha": 0.47,
        "beta": 0.53,
        "gamma": 0.0
    },
    "total_runtime_sec": 4.4547083377838135
}