{
    "n_trials": 31,
    "avg_iterations": 12.064516129032258,
    "median_iterations": 11.0,
    "avg_auc_delta": 8.742416007743099,
    "avg_geo_decay": 0.6182575880260961,
    "best_k": 48,
    "best_combined_score": 0.7275901072342669,
    "best_sse": 1183.3672221865622,
    "total_runtime_sec": 8.113808393478394
}