{
    "n_trials": 30,
    "avg_iterations": 17.533333333333335,
    "median_iterations": 17.0,
    "avg_auc_delta": 10.76953254202372,
    "avg_geo_decay": 0.6564078546303982,
    "best_k": 9,
    "best_combined_score": 0.5611134389126653,
    "best_sse": 6413.165323107632,
    "weights": {
        "alpha": 0.47,
        "beta": 0.53,
        "gamma": 0.0
    },
    "total_runtime_sec": 6.807751417160034
}