{
    "centroid_movements": [
        1.820297840578362e-15
    ],
    "sse_list": [
        1051.9048799645489,
        1051.9048799645489
    ],
    "final_iteration": 2
}