{
    "clean_state": "raw",
    "best_k": 8,
    "best_cov_type": "tied",
    "best_combined": 0.8153530584021615,
    "best_silhouette": 0.357241737236536,
    "best_db": 0.785259498455229,
    "n_iter_final": 1,
    "ll_curve_final": [
        -6.957820682123811,
        -6.872147604439073,
        -6.80718816775389,
        -6.766815965374462,
        -6.737123828089975,
        -6.721631430910034,
        -6.719211520971878,
        -6.718595116929782
    ],
    "total_runtime_sec": 10.284594058990479
}