{
    "clean_state": "raw",
    "best_k": 31,
    "best_cov_type": "tied",
    "best_combined": 0.527962607579119,
    "best_silhouette": 0.2814561142961678,
    "best_db": 1.18968490216763,
    "best_sse": 3186.7912075771815,
    "weights": {
        "alpha": 0.47,
        "beta": 0.53,
        "gamma": 0.0
    },
    "n_iter_final": 1,
    "ll_curve_final": [
        8.91871220373374,
        9.070986058550632,
        9.126359716398117,
        9.286369098442702,
        9.322904940464236,
        9.39852923153743,
        9.48900660048459,
        9.577813952040804,
        9.62430776582477,
        9.629845159533595,
        9.632062748941099,
        9.63305094286324
    ],
    "total_runtime_sec": 20.125079870224
}