{
    "core_count": 2328,
    "border_count": 0,
    "noise_count": 48,
    "noise_ratio": 0.020202020202020204,
    "neighbor_hist": [
        0,
        10,
        10,
        12,
        16,
        10,
        6,
        0,
        8,
        0,
        0,
        0,
        0,
        13,
        0,
        15,
        16,
        17,
        18,
        0,
        20,
        0,
        22,
        69,
        0,
        25,
        26,
        27,
        0,
        0,
        30,
        31,
        0,
        0,
        0,
        0,
        0,
        0,
        0,
        0,
        0,
        0,
        0,
        0,
        0,
        0,
        0,
        0,
        0,
        1975
    ],
    "combined_score": 0.6309437466689858,
    "silhouette": 0.8133239846143907,
    "davies_bouldin": 1.0123440072772802,
    "sse": 282.362840883351,
    "weights": {
        "alpha": 0.47,
        "beta": 0.53,
        "gamma": 0.0
    }
}