{
    "clean_state": "raw",
    "best_k": 41,
    "linkage": "average",
    "metric": "euclidean",
    "combined": 1.056455350932097,
    "silhouette": 0.4362322490769593,
    "davies_bouldin": 0.596417278660464,
    "intra_dist_mean": 1.0304067192949389,
    "inter_dist_mean": 3.4771435403127207,
    "ratio_intra_inter": 0.29633712481192875,
    "n_merge_steps": 1746,
    "h_max": 4.763131603898198,
    "total_runtime_sec": 58.56552720069885
}