{
    "clean_state": "raw",
    "best_k": 5,
    "linkage": "single",
    "metric": "euclidean",
    "combined": 0.7728789754364555,
    "silhouette": 0.5960772981164424,
    "davies_bouldin": 0.33003722103710487,
    "sse": 4091.476177995464,
    "weights": {
        "alpha": 0.47,
        "beta": 0.53,
        "gamma": 0.0
    },
    "intra_dist_mean": 3.4198288393876144,
    "inter_dist_mean": 10.36012513301694,
    "ratio_intra_inter": 0.3300953217725669,
    "n_merge_steps": 586,
    "h_max": 6.599298497151055,
    "total_runtime_sec": 8.834749460220337
}