{
    "clean_state": "raw",
    "best_k": 35,
    "linkage": "single",
    "metric": "euclidean",
    "combined": 1.0895019778353605,
    "silhouette": 0.3174940794125627,
    "davies_bouldin": 0.5371983317166767,
    "intra_dist_mean": 1.9805533788535619,
    "inter_dist_mean": 3.9006573592400215,
    "ratio_intra_inter": 0.5077486168226096,
    "n_merge_steps": 1746,
    "total_runtime_sec": 78.76044416427612
}