{
    "core_count": 635,
    "border_count": 30,
    "noise_count": 42,
    "noise_ratio": 0.0594059405940594,
    "neighbor_hist": [
        0,
        22,
        13,
        19,
        7,
        11,
        8,
        6,
        8,
        14,
        7,
        7,
        5,
        5,
        5,
        7,
        3,
        5,
        9,
        8,
        5,
        6,
        4,
        5,
        2,
        4,
        6,
        4,
        7,
        4,
        5,
        1,
        5,
        2,
        4,
        2,
        6,
        3,
        3,
        1,
        4,
        3,
        4,
        6,
        2,
        3,
        1,
        4,
        4,
        428
    ],
    "combined_score": 0.4018925715293121,
    "silhouette": 0.09654799119002784,
    "davies_bouldin": 2.077342467509732,
    "sse": 3386.5236432618312,
    "weights": {
        "alpha": 0.47,
        "beta": 0.53,
        "gamma": 0.0
    }
}