{
    "n_trials": 31,
    "avg_iterations": 9.193548387096774,
    "median_iterations": 8.0,
    "avg_auc_delta": 20.052356316561422,
    "avg_geo_decay": 0.5535042947365519,
    "best_k": 30,
    "best_combined_score": 0.5394521343025823,
    "best_sse": 5019.422111654809,
    "total_runtime_sec": 9.5542733669281
}