{
    "n_trials": 30,
    "avg_iterations": 7.733333333333333,
    "median_iterations": 8.0,
    "avg_auc_delta": 12.197614128679676,
    "avg_geo_decay": 0.4775791589630203,
    "best_k": 30,
    "best_combined_score": 0.5224253510658209,
    "best_sse": 4869.827445545204,
    "total_runtime_sec": 1.2933001518249512
}