{
    "n_trials": 31,
    "avg_iterations": 6.0,
    "median_iterations": 6.0,
    "avg_auc_delta": 6.741873628313586,
    "avg_geo_decay": 0.41884935309113064,
    "best_k": 20,
    "best_combined_score": 1.1230160758197028,
    "best_sse": 245.91521268764848,
    "total_runtime_sec": 3.7281277179718018
}