{
    "n_trials": 30,
    "avg_iterations": 5.3,
    "median_iterations": 5.0,
    "avg_auc_delta": 6.281428621181376,
    "avg_geo_decay": 0.4012010475780553,
    "best_k": 9,
    "best_combined_score": 0.6885288552805687,
    "best_sse": 230.5623770301547,
    "weights": {
        "alpha": 0.47,
        "beta": 0.53,
        "gamma": 0.0
    },
    "total_runtime_sec": 0.37734341621398926
}