{
    "n_trials": 30,
    "avg_iterations": 6.133333333333334,
    "median_iterations": 6.0,
    "avg_auc_delta": 3.68322140333329,
    "avg_geo_decay": 0.3204490104379609,
    "best_k": 20,
    "best_combined_score": 1.12461110349784,
    "best_sse": 214.23541547251438,
    "total_runtime_sec": 0.3228147029876709
}