{
    "clean_state": "raw",
    "best_k": 7,
    "linkage": "single",
    "metric": "euclidean",
    "combined": 0.611680769692883,
    "silhouette": 0.21056296793850207,
    "davies_bouldin": 0.6195121919498732,
    "sse": 5868.815688747185,
    "weights": {
        "alpha": 0.47,
        "beta": 0.53,
        "gamma": 0.0
    },
    "intra_dist_mean": 3.206682885746107,
    "inter_dist_mean": 4.985784162594882,
    "ratio_intra_inter": 0.6431652035407256,
    "n_merge_steps": 1024,
    "h_max": 2.3646138247152826,
    "total_runtime_sec": 31.35536766052246
}