{
    "core_count": 701,
    "border_count": 11,
    "noise_count": 22,
    "noise_ratio": 0.02997275204359673,
    "neighbor_hist": [
        0,
        14,
        8,
        5,
        6,
        2,
        13,
        3,
        3,
        5,
        5,
        2,
        11,
        7,
        6,
        4,
        7,
        4,
        0,
        1,
        0,
        1,
        0,
        0,
        0,
        1,
        2,
        6,
        2,
        12,
        0,
        11,
        2,
        0,
        1,
        0,
        0,
        0,
        1,
        3,
        1,
        3,
        2,
        2,
        1,
        0,
        0,
        0,
        0,
        577
    ],
    "combined_score": 0.5250639497041081,
    "silhouette": 0.5147209051950111,
    "davies_bouldin": 1.4225538614213111,
    "sse": 2455.481267897942,
    "weights": {
        "alpha": 0.47,
        "beta": 0.53,
        "gamma": 0.0
    }
}