{
    "clean_state": "raw",
    "best_k": 7,
    "best_cov_type": "tied",
    "best_combined": 0.5511463431805662,
    "best_silhouette": 0.3092022836747553,
    "best_db": 1.0686899354684007,
    "best_sse": 2287.663300441075,
    "weights": {
        "alpha": 0.47,
        "beta": 0.53,
        "gamma": 0.0
    },
    "n_iter_final": 1,
    "ll_curve_final": [
        -8.122764472775764,
        -7.407362945065927,
        -7.397501389195688,
        -7.393191864683775,
        -7.391197925827123,
        -7.390095371601621,
        -7.389481475037881
    ],
    "total_runtime_sec": 12.568374633789062
}