{
    "clean_state": "raw",
    "best_k": 29,
    "best_cov_type": "tied",
    "best_combined": 0.8533260134917446,
    "best_silhouette": 0.4956122147482696,
    "best_db": 0.8257366850345713,
    "n_iter_final": 1,
    "ll_curve_final": [
        -2.089188398576979,
        -1.4677927505025443,
        -0.5722831063636531,
        1.004076746333212,
        1.0066454775020048,
        1.0071056958030034
    ],
    "total_runtime_sec": 31.166237831115723
}