{
    "clean_state": "raw",
    "best_k": 45,
    "best_cov_type": "spherical",
    "best_combined": 0.6739443780644241,
    "best_silhouette": 0.32937671517920813,
    "best_db": 0.981824426020158,
    "n_iter_final": 1,
    "ll_curve_final": [
        -2.9267604660133744,
        -2.7993991210246696,
        -2.7616012078514642,
        -2.717042238431842,
        -2.6971400008886364,
        -2.687891160832933,
        -2.683260650001813,
        -2.6798244660722434,
        -2.676959404027182,
        -2.6746712525342993,
        -2.672022904255904,
        -2.6678086525049536,
        -2.663203061278927,
        -2.6550386340378043,
        -2.6458665731372935,
        -2.638352602739491,
        -2.6352796836219206,
        -2.6346496446489818
    ],
    "total_runtime_sec": 30.491524696350098
}