{
    "clean_state": "raw",
    "best_k": 9,
    "best_cov_type": "tied",
    "best_combined": 0.5925044034963559,
    "best_silhouette": 0.32849502159096144,
    "best_db": 0.8494030098720571,
    "best_sse": 6137.755788975739,
    "weights": {
        "alpha": 0.47,
        "beta": 0.53,
        "gamma": 0.0
    },
    "n_iter_final": 1,
    "ll_curve_final": [
        -6.788846320291781,
        -6.73774677462777,
        -6.722089249585299,
        -6.717348284801852,
        -6.715167772754982,
        -6.713800178972878,
        -6.712840741055385
    ],
    "total_runtime_sec": 39.366676568984985
}