{
    "n_trials": 31,
    "avg_iterations": 15.258064516129032,
    "median_iterations": 14.0,
    "avg_auc_delta": 9.890825035409545,
    "avg_geo_decay": 0.6799185856639356,
    "best_k": 10,
    "best_combined_score": 0.568408629492494,
    "best_sse": 3822.2427408386166,
    "weights": {
        "alpha": 0.47,
        "beta": 0.53,
        "gamma": 0.0
    },
    "total_runtime_sec": 8.804724931716919
}