{
    "n_trials": 31,
    "avg_iterations": 6.709677419354839,
    "median_iterations": 7.0,
    "avg_auc_delta": 3.5503048896959215,
    "avg_geo_decay": 0.4476522403967334,
    "best_k": 9,
    "best_combined_score": 0.5436754869469856,
    "best_sse": 470.51150506780385,
    "weights": {
        "alpha": 0.47,
        "beta": 0.53,
        "gamma": 0.0
    },
    "total_runtime_sec": 1.2165017127990723
}