{
    "core_count": 269,
    "border_count": 3,
    "noise_count": 26,
    "noise_ratio": 0.087248322147651,
    "neighbor_hist": [
        0,
        6,
        11,
        6,
        6,
        1,
        6,
        5,
        4,
        1,
        0,
        1,
        12,
        0,
        0,
        0,
        1,
        0,
        2,
        0,
        0,
        1,
        0,
        0,
        1,
        0,
        1,
        2,
        4,
        7,
        16,
        3,
        0,
        2,
        0,
        0,
        0,
        0,
        0,
        0,
        0,
        0,
        0,
        0,
        0,
        0,
        0,
        0,
        0,
        199
    ],
    "combined_score": 0.5015189546683639,
    "silhouette": 0.6723059734533547,
    "davies_bouldin": 1.70159337616378,
    "sse": 59.586655213188514,
    "weights": {
        "alpha": 0.47,
        "beta": 0.53,
        "gamma": 0.0
    }
}