{
    "clean_state": "raw",
    "best_k": 6,
    "linkage": "single",
    "metric": "manhattan",
    "combined": 2.144333457479587,
    "silhouette": 0.5458152811347342,
    "davies_bouldin": 0.2671759657697683,
    "intra_dist_mean": 3.311522793159455,
    "inter_dist_mean": 10.175568842049563,
    "ratio_intra_inter": 0.3254385916465504,
    "n_merge_steps": 976,
    "total_runtime_sec": 26.886048078536987
}