{
    "n_trials": 31,
    "avg_iterations": 9.129032258064516,
    "median_iterations": 8.0,
    "avg_auc_delta": 9.210126420946672,
    "avg_geo_decay": 0.49462063023667524,
    "best_k": 11,
    "best_combined_score": 0.5644068552538776,
    "best_sse": 2128.3025848888324,
    "weights": {
        "alpha": 0.47,
        "beta": 0.53,
        "gamma": 0.0
    },
    "total_runtime_sec": 6.566708326339722
}