{
    "clean_state": "raw",
    "best_k": 3,
    "best_cov_type": "tied",
    "best_combined": 0.8878505019987171,
    "best_silhouette": 0.7912153922028586,
    "best_db": 0.13496679869708503,
    "best_sse": 4498.618070618466,
    "weights": {
        "alpha": 0.47,
        "beta": 0.53,
        "gamma": 0.0
    },
    "n_iter_final": 1,
    "ll_curve_final": [
        -1.4185481704365301,
        -1.4185481704365301
    ],
    "total_runtime_sec": 11.51760721206665
}