{
    "clean_state": "raw",
    "best_k": 12,
    "best_cov_type": "tied",
    "best_combined": 1.0323340579820883,
    "best_silhouette": 0.5433691142410362,
    "best_db": 0.6573329758760921,
    "n_iter_final": 1,
    "ll_curve_final": [
        3.695016501504758,
        3.79427445966171,
        3.7983369356329595,
        3.799555937545601,
        3.8003260190314583
    ],
    "total_runtime_sec": 15.34198546409607
}