{
    "core_count": 680,
    "border_count": 8,
    "noise_count": 50,
    "noise_ratio": 0.06775067750677506,
    "neighbor_hist": [
        0,
        22,
        17,
        7,
        7,
        4,
        1,
        10,
        2,
        4,
        8,
        6,
        3,
        2,
        7,
        1,
        1,
        3,
        5,
        4,
        5,
        2,
        4,
        1,
        6,
        3,
        5,
        2,
        3,
        3,
        10,
        4,
        1,
        5,
        3,
        4,
        1,
        1,
        1,
        1,
        2,
        4,
        5,
        1,
        1,
        1,
        1,
        2,
        1,
        541
    ],
    "combined_score": 0.49689619525083323,
    "silhouette": 0.39215944856781765,
    "davies_bouldin": 1.5231750108940862,
    "sse": 3022.9749868916083,
    "weights": {
        "alpha": 0.47,
        "beta": 0.53,
        "gamma": 0.0
    }
}