{
    "n_trials": 31,
    "avg_iterations": 11.580645161290322,
    "median_iterations": 11.0,
    "avg_auc_delta": 12.509036104375953,
    "avg_geo_decay": 0.6292341622260732,
    "best_k": 20,
    "best_combined_score": 0.5853554900362222,
    "best_sse": 679.012403844162,
    "total_runtime_sec": 4.932379722595215
}