{
    "n_trials": 30,
    "avg_iterations": 9.766666666666667,
    "median_iterations": 10.0,
    "avg_auc_delta": 6.576057954189213,
    "avg_geo_decay": 0.5953041007234641,
    "best_k": 20,
    "best_combined_score": 0.524762252770563,
    "best_sse": 680.9440795965606,
    "total_runtime_sec": 0.303755521774292
}