{
    "clean_state": "raw",
    "best_k": 9,
    "best_cov_type": "tied",
    "best_combined": 0.5390824629453566,
    "best_silhouette": 0.2792275698442686,
    "best_db": 1.1135572332838584,
    "best_sse": 7653.062414480474,
    "weights": {
        "alpha": 0.47,
        "beta": 0.53,
        "gamma": 0.0
    },
    "n_iter_final": 1,
    "ll_curve_final": [
        -9.113565053985331,
        -9.079769324232254,
        -9.064978651314421,
        -9.054779726676438,
        -9.042886986194507,
        -9.02665936474731,
        -9.007113761836807,
        -8.993546000218812,
        -8.9878239828362,
        -8.98636178994315,
        -8.986058707335168
    ],
    "total_runtime_sec": 49.193721532821655
}