{
    "clean_state": "raw",
    "best_k": 29,
    "best_cov_type": "tied",
    "best_combined": 0.6951376517054378,
    "best_silhouette": 0.3243158830889055,
    "best_db": 0.9381220156560487,
    "n_iter_final": 1,
    "ll_curve_final": [
        -4.649627809103439,
        -4.516521642958431,
        -4.410862924165048,
        -4.338310813363734,
        -4.268857155730904,
        -4.251615627464197,
        -4.246500522446371,
        -4.240614690203237,
        -4.219022186916062,
        -4.1617662864131955,
        -4.14825542910484,
        -4.14775115757583
    ],
    "total_runtime_sec": 52.93416094779968
}