{
    "core_count": 582,
    "border_count": 56,
    "noise_count": 362,
    "noise_ratio": 0.362,
    "neighbor_hist": [
        0,
        247,
        83,
        45,
        43,
        38,
        29,
        28,
        19,
        14,
        29,
        20,
        11,
        13,
        11,
        3,
        12,
        4,
        5,
        5,
        5,
        3,
        6,
        4,
        6,
        5,
        10,
        1,
        4,
        8,
        6,
        9,
        8,
        14,
        5,
        2,
        1,
        3,
        2,
        5,
        4,
        3,
        6,
        2,
        3,
        1,
        2,
        1,
        2,
        210
    ],
    "combined_score": 0.41526625839368586,
    "silhouette": -0.01030987689996894,
    "davies_bouldin": 1.7515119110149453,
    "sse": 2225.1923081658188,
    "weights": {
        "alpha": 0.47,
        "beta": 0.53,
        "gamma": 0.0
    }
}