{
    "n_trials": 31,
    "avg_iterations": 3.2903225806451615,
    "median_iterations": 3.0,
    "avg_auc_delta": 2.8618087909331282,
    "avg_geo_decay": 0.3102428979156051,
    "best_k": 11,
    "best_combined_score": 1.4379376279340914,
    "best_sse": 67.63161020594613,
    "total_runtime_sec": 2.0780038833618164
}