{
    "n_trials": 30,
    "avg_iterations": 3.9,
    "median_iterations": 4.0,
    "avg_auc_delta": 4.119154806155633,
    "avg_geo_decay": 0.2597272551733329,
    "best_k": 10,
    "best_combined_score": 0.7209168420906791,
    "best_sse": 240.6056623991527,
    "weights": {
        "alpha": 0.47,
        "beta": 0.53,
        "gamma": 0.0
    },
    "total_runtime_sec": 0.39743661880493164
}