{
    "n_trials": 30,
    "avg_iterations": 2.1666666666666665,
    "median_iterations": 2.0,
    "avg_auc_delta": 0.4961509677406222,
    "avg_geo_decay": 0.038108223007388274,
    "best_k": 11,
    "best_combined_score": 1.6568012068715938,
    "best_sse": 66.13629741620862,
    "total_runtime_sec": 0.148040771484375
}