{
    "n_trials": 31,
    "avg_iterations": 14.258064516129032,
    "median_iterations": 13.0,
    "avg_auc_delta": 8.96712760433824,
    "avg_geo_decay": 0.651111086900839,
    "best_k": 48,
    "best_combined_score": 0.7848960243791638,
    "best_sse": 1180.6546718313998,
    "total_runtime_sec": 8.56354808807373
}