{
    "n_trials": 30,
    "avg_iterations": 9.3,
    "median_iterations": 10.0,
    "avg_auc_delta": 4.984427882700713,
    "avg_geo_decay": 0.4748714078462629,
    "best_k": 48,
    "best_combined_score": 0.7718329421083041,
    "best_sse": 1114.970547602543,
    "total_runtime_sec": 4.010708332061768
}