{
    "n_trials": 31,
    "avg_iterations": 5.354838709677419,
    "median_iterations": 4.0,
    "avg_auc_delta": 2.8597726875462235,
    "avg_geo_decay": 0.18356828257234864,
    "best_k": 24,
    "best_combined_score": 0.6587530632131061,
    "best_sse": 1549.6561035774446,
    "weights": {
        "alpha": 0.47,
        "beta": 0.53,
        "gamma": 0.0
    },
    "total_runtime_sec": 49.14861798286438
}