{
    "clean_state": "raw",
    "best_k": 7,
    "best_cov_type": "diag",
    "best_combined": 0.6417272040281184,
    "best_silhouette": 0.38145357608273733,
    "best_db": 0.6563242333742915,
    "best_sse": 2550.355042585813,
    "weights": {
        "alpha": 0.47,
        "beta": 0.53,
        "gamma": 0.0
    },
    "n_iter_final": 1,
    "ll_curve_final": [
        -3.0228684157409957,
        -2.748390802908134,
        -2.7434658822578646,
        -2.736641347311799,
        -2.726131965147798,
        -2.707660441934309,
        -2.6693396881362044,
        -2.5868319896895837,
        -2.51218347660829,
        -2.498477525895063,
        -2.4936822027921304,
        -2.492138595525712,
        -2.491684161934508
    ],
    "total_runtime_sec": 15.010136842727661
}