{
    "clean_state": "raw",
    "best_k": 5,
    "linkage": "single",
    "metric": "euclidean",
    "combined": 2.290687316589407,
    "silhouette": 0.5957759460817728,
    "davies_bouldin": 0.2509033343566164,
    "intra_dist_mean": 3.225423138039731,
    "inter_dist_mean": 10.619487295375883,
    "ratio_intra_inter": 0.30372682299303616,
    "n_merge_steps": 1411,
    "h_max": 6.75959340675584,
    "total_runtime_sec": 41.01398038864136
}