{
    "core_count": 39,
    "border_count": 43,
    "noise_count": 230,
    "noise_ratio": 0.7371794871794872,
    "neighbor_hist": [
        0,
        133,
        46,
        28,
        20,
        13,
        4,
        7,
        9,
        8,
        5,
        6,
        6,
        5,
        4,
        7,
        4,
        3,
        1,
        2,
        1
    ],
    "combined_score": 0.3920623920086692,
    "silhouette": -0.12315988062323668,
    "davies_bouldin": 1.7897796311412384,
    "sse": 28.618351258885696,
    "weights": {
        "alpha": 0.47,
        "beta": 0.53,
        "gamma": 0.0
    }
}