{
    "clean_state": "raw",
    "best_k": 26,
    "best_cov_type": "tied",
    "best_combined": 0.7525917297592344,
    "best_silhouette": 0.7862625337736624,
    "best_db": 0.5141570679438208,
    "best_sse": 370.1649888044268,
    "weights": {
        "alpha": 0.47,
        "beta": 0.53,
        "gamma": 0.0
    },
    "n_iter_final": 1,
    "ll_curve_final": [
        12.51106629506837,
        15.739221337206033,
        16.06865731026122,
        16.068657310651087
    ],
    "total_runtime_sec": 7.786292552947998
}