{
    "clean_state": "raw",
    "best_k": 31,
    "best_cov_type": "tied",
    "best_combined": 0.9373008116356412,
    "best_silhouette": 0.6643901874398701,
    "best_db": 0.8263018927043955,
    "n_iter_final": 1,
    "ll_curve_final": [
        1.0192083794661169,
        1.6766035180889949,
        1.9863549693641662,
        2.069633195202159,
        2.4097383067890434,
        5.34942274628507,
        5.360062029656214,
        5.3600626870887975
    ],
    "total_runtime_sec": 11.854468584060669
}