{
    "n_trials": 31,
    "avg_iterations": 4.354838709677419,
    "median_iterations": 4.0,
    "avg_auc_delta": 5.538951185882466,
    "avg_geo_decay": 0.2801411112261483,
    "best_k": 18,
    "best_combined_score": 0.5018352613309554,
    "best_sse": 7207.590851430513,
    "weights": {
        "alpha": 0.47,
        "beta": 0.53,
        "gamma": 0.0
    },
    "total_runtime_sec": 4.14566445350647
}