{
    "clean_state": "raw",
    "best_k": 10,
    "linkage": "single",
    "metric": "manhattan",
    "combined": 1.7117809527289727,
    "silhouette": 0.4279103473966476,
    "davies_bouldin": 0.3338171948967163,
    "intra_dist_mean": 3.1243760108145877,
    "inter_dist_mean": 7.037997829078123,
    "ratio_intra_inter": 0.4439296639032059,
    "n_merge_steps": 984,
    "total_runtime_sec": 22.540188789367676
}