{
    "clean_state": "raw",
    "best_k": 10,
    "linkage": "single",
    "metric": "manhattan",
    "combined": 1.7117809595064593,
    "silhouette": 0.42791034739704853,
    "davies_bouldin": 0.3338171933862772,
    "intra_dist_mean": 3.124376010812359,
    "inter_dist_mean": 7.037997829078123,
    "ratio_intra_inter": 0.4439296639028892,
    "n_merge_steps": 984,
    "h_max": 6.943051137367721,
    "total_runtime_sec": 15.996538877487183
}