{
    "core_count": 227,
    "border_count": 0,
    "noise_count": 17,
    "noise_ratio": 0.06967213114754098,
    "neighbor_hist": [
        0,
        9,
        4,
        0,
        4,
        2,
        2,
        0,
        2,
        2,
        10,
        7,
        1,
        2,
        0,
        0,
        0,
        1,
        1,
        0,
        7,
        9,
        0,
        3,
        0,
        3,
        2,
        8,
        0,
        0,
        0,
        12,
        5,
        4,
        1,
        1,
        0,
        0,
        0,
        0,
        0,
        0,
        0,
        0,
        1,
        1,
        0,
        0,
        0,
        140
    ],
    "combined_score": 0.4745810398404546,
    "silhouette": 0.5046212564399507,
    "davies_bouldin": 1.7969429171546263,
    "sse": 488.7416745360863,
    "weights": {
        "alpha": 0.47,
        "beta": 0.53,
        "gamma": 0.0
    }
}