{
    "n_trials": 31,
    "avg_iterations": 6.580645161290323,
    "median_iterations": 6.0,
    "avg_auc_delta": 9.215069283998274,
    "avg_geo_decay": 0.3374055380659139,
    "best_k": 20,
    "best_combined_score": 0.5532940194131211,
    "best_sse": 1200.5027133129117,
    "weights": {
        "alpha": 0.47,
        "beta": 0.53,
        "gamma": 0.0
    },
    "total_runtime_sec": 5.3896989822387695
}