{
    "clean_state": "raw",
    "best_k": 5,
    "linkage": "single",
    "metric": "euclidean",
    "combined": 1.132558247367352,
    "silhouette": 0.23686750727523623,
    "davies_bouldin": 0.4930361144923209,
    "intra_dist_mean": 5.76971462655772,
    "inter_dist_mean": 9.834348427869662,
    "ratio_intra_inter": 0.5866900759999798,
    "n_merge_steps": 999,
    "total_runtime_sec": 31.801276445388794
}