{
    "clean_state": "raw",
    "best_k": 6,
    "linkage": "single",
    "metric": "euclidean",
    "combined": 0.6236256507485695,
    "silhouette": 0.18590728457637537,
    "davies_bouldin": 0.5299698526717,
    "sse": 10535.33002095447,
    "weights": {
        "alpha": 0.47,
        "beta": 0.53,
        "gamma": 0.0
    },
    "intra_dist_mean": 3.2517926447359975,
    "inter_dist_mean": 4.958189324924895,
    "ratio_intra_inter": 0.6558427747783913,
    "n_merge_steps": 1771,
    "h_max": 2.2206087793057607,
    "total_runtime_sec": 117.64663767814636
}