{
    "core_count": 1737,
    "border_count": 28,
    "noise_count": 1,
    "noise_ratio": 0.0005662514156285391,
    "neighbor_hist": [
        0,
        0,
        0,
        3,
        2,
        2,
        1,
        2,
        2,
        1,
        4,
        4,
        5,
        3,
        9,
        12,
        13,
        7,
        14,
        4,
        2,
        0,
        1,
        1,
        11,
        19,
        13,
        4,
        3,
        7,
        7,
        6,
        3,
        6,
        5,
        2,
        11,
        21,
        4,
        4,
        3,
        4,
        4,
        7,
        6,
        2,
        5,
        3,
        3,
        1511
    ],
    "combined_score": 0.6133963512054306,
    "silhouette": 0.3190507331235498,
    "davies_bouldin": 0.7313841163454264,
    "sse": 6211.7880175084665,
    "weights": {
        "alpha": 0.47,
        "beta": 0.53,
        "gamma": 0.0
    }
}