{
    "n_trials": 31,
    "avg_iterations": 6.709677419354839,
    "median_iterations": 7.0,
    "avg_auc_delta": 13.34053434239309,
    "avg_geo_decay": 0.5567887620739169,
    "best_k": 10,
    "best_combined_score": 0.6564312070968634,
    "best_sse": 540.721078484135,
    "weights": {
        "alpha": 0.47,
        "beta": 0.53,
        "gamma": 0.0
    },
    "total_runtime_sec": 3.6520490646362305
}