{
    "core_count": 368,
    "border_count": 5,
    "noise_count": 19,
    "noise_ratio": 0.04846938775510204,
    "neighbor_hist": [
        0,
        12,
        6,
        4,
        2,
        4,
        9,
        2,
        4,
        1,
        9,
        6,
        13,
        0,
        0,
        2,
        0,
        0,
        1,
        0,
        1,
        1,
        0,
        1,
        0,
        0,
        0,
        6,
        8,
        1,
        0,
        6,
        14,
        10,
        0,
        6,
        11,
        6,
        2,
        5,
        6,
        1,
        3,
        7,
        2,
        0,
        0,
        0,
        8,
        212
    ],
    "combined_score": 0.48680444294949254,
    "silhouette": 0.528665125334796,
    "davies_bouldin": 1.715655453337501,
    "sse": 546.8659648504246,
    "weights": {
        "alpha": 0.47,
        "beta": 0.53,
        "gamma": 0.0
    }
}