{
    "core_count": 955,
    "border_count": 34,
    "noise_count": 54,
    "noise_ratio": 0.05177372962607862,
    "neighbor_hist": [
        0,
        28,
        26,
        14,
        20,
        10,
        9,
        8,
        6,
        8,
        26,
        9,
        9,
        9,
        9,
        7,
        15,
        7,
        5,
        6,
        6,
        4,
        11,
        10,
        10,
        4,
        2,
        7,
        5,
        2,
        6,
        6,
        11,
        7,
        8,
        2,
        6,
        8,
        3,
        6,
        2,
        6,
        1,
        6,
        5,
        6,
        5,
        3,
        1,
        653
    ],
    "combined_score": 0.4841159751834787,
    "silhouette": 0.4155356138730852,
    "davies_bouldin": 1.6444550034425083,
    "sse": 5415.082068103575,
    "weights": {
        "alpha": 0.47,
        "beta": 0.53,
        "gamma": 0.0
    }
}