{
    "clean_state": "raw",
    "best_k": 12,
    "best_cov_type": "tied",
    "best_combined": 0.4134981073826699,
    "best_silhouette": 0.0664874274739628,
    "best_db": 1.8999861273217358,
    "best_sse": 11885.580083422252,
    "weights": {
        "alpha": 0.47,
        "beta": 0.53,
        "gamma": 0.0
    },
    "n_iter_final": 1,
    "ll_curve_final": [
        -22.537471831857022,
        -18.913705706986658,
        -17.642841333572623,
        -17.634458017435428,
        -17.62383540159344,
        -17.595864701833907,
        -17.58891631713335,
        -17.58784163823734,
        -17.586521151533546,
        -17.584693985297722,
        -17.58188425763206,
        -17.577677262652745,
        -17.57333003027896,
        -17.57079698326384,
        -17.570072776184357
    ],
    "total_runtime_sec": 15.602871656417847
}