{
    "n_trials": 31,
    "avg_iterations": 11.67741935483871,
    "median_iterations": 10.0,
    "avg_auc_delta": 6.43026776738441,
    "avg_geo_decay": 0.5595232744300941,
    "best_k": 9,
    "best_combined_score": 0.5752131076148458,
    "best_sse": 4117.231613344367,
    "weights": {
        "alpha": 0.47,
        "beta": 0.53,
        "gamma": 0.0
    },
    "total_runtime_sec": 59.89896488189697
}