{
    "n_trials": 30,
    "avg_iterations": 7.9,
    "median_iterations": 7.5,
    "avg_auc_delta": 3.9960452176404693,
    "avg_geo_decay": 0.4909798129990587,
    "best_k": 48,
    "best_combined_score": 0.8831171204373961,
    "best_sse": 691.7872258801392,
    "total_runtime_sec": 3.6718931198120117
}