{
    "n_trials": 31,
    "avg_iterations": 11.516129032258064,
    "median_iterations": 10.0,
    "avg_auc_delta": 6.850722905927635,
    "avg_geo_decay": 0.6104419544609003,
    "best_k": 48,
    "best_combined_score": 0.8647621251920751,
    "best_sse": 688.7407592899945,
    "total_runtime_sec": 8.751527309417725
}