{
    "centroid_movements": [
        1.0782335604725698e-15
    ],
    "sse_list": [
        718.1925850355225,
        718.1925850355225
    ],
    "final_iteration": 2
}