{
    "n_trials": 30,
    "avg_iterations": 12.7,
    "median_iterations": 13.0,
    "avg_auc_delta": 6.375219273059994,
    "avg_geo_decay": 0.630549654186287,
    "best_k": 8,
    "best_combined_score": 0.5694814092389302,
    "best_sse": 1720.1030846099313,
    "weights": {
        "alpha": 0.47,
        "beta": 0.53,
        "gamma": 0.0
    },
    "total_runtime_sec": 3.548021078109741
}