{
    "n_trials": 31,
    "avg_iterations": 14.064516129032258,
    "median_iterations": 12.0,
    "avg_auc_delta": 9.173433829107486,
    "avg_geo_decay": 0.6124623084817914,
    "best_k": 46,
    "best_combined_score": 0.6054344741647092,
    "best_sse": 1178.3247767673797,
    "weights": {
        "alpha": 0.47,
        "beta": 0.53,
        "gamma": 0.0
    },
    "total_runtime_sec": 10.424426078796387
}