{
    "n_trials": 31,
    "avg_iterations": 11.96774193548387,
    "median_iterations": 12.0,
    "avg_auc_delta": 8.634890673670704,
    "avg_geo_decay": 0.6227017466975672,
    "best_k": 47,
    "best_combined_score": 0.6209438251401668,
    "best_sse": 891.555793428525,
    "weights": {
        "alpha": 0.47,
        "beta": 0.53,
        "gamma": 0.0
    },
    "total_runtime_sec": 14.684338092803955
}