{
    "n_trials": 30,
    "avg_iterations": 13.866666666666667,
    "median_iterations": 13.0,
    "avg_auc_delta": 9.94170747329982,
    "avg_geo_decay": 0.6630881345685896,
    "best_k": 39,
    "best_combined_score": 0.5136625909394611,
    "best_sse": 2278.364774335212,
    "total_runtime_sec": 2.509734630584717
}