{
    "n_trials": 31,
    "avg_iterations": 16.903225806451612,
    "median_iterations": 16.0,
    "avg_auc_delta": 13.847691871622699,
    "avg_geo_decay": 0.689714819226227,
    "best_k": 39,
    "best_combined_score": 0.5442882561619037,
    "best_sse": 2369.2795740189513,
    "total_runtime_sec": 8.69584345817566
}