{
    "core_count": 1275,
    "border_count": 10,
    "noise_count": 2,
    "noise_ratio": 0.001554001554001554,
    "neighbor_hist": [
        0,
        0,
        0,
        8,
        2,
        2,
        6,
        8,
        6,
        1,
        4,
        18,
        3,
        8,
        10,
        6,
        2,
        1,
        4,
        6,
        4,
        6,
        5,
        28,
        9,
        2,
        5,
        4,
        7,
        5,
        7,
        5,
        9,
        4,
        4,
        8,
        1,
        13,
        3,
        7,
        2,
        3,
        1,
        4,
        4,
        3,
        4,
        7,
        7,
        1021
    ],
    "combined_score": 0.6083707485440554,
    "silhouette": 0.3167181597667839,
    "davies_bouldin": 0.7544120534829937,
    "sse": 4807.282873601097,
    "weights": {
        "alpha": 0.47,
        "beta": 0.53,
        "gamma": 0.0
    }
}