{
    "n_trials": 31,
    "avg_iterations": 15.35483870967742,
    "median_iterations": 14.0,
    "avg_auc_delta": 10.929174647237103,
    "avg_geo_decay": 0.6789655861777498,
    "best_k": 34,
    "best_combined_score": 0.5308499132668218,
    "best_sse": 1623.7516384835667,
    "total_runtime_sec": 9.696362495422363
}