{
    "centroid_movements": [
        0.0
    ],
    "sse_list": [
        1586.509297275051,
        1586.509297275051
    ],
    "final_iteration": 2
}