{
    "n_trials": 30,
    "avg_iterations": 9.5,
    "median_iterations": 7.0,
    "avg_auc_delta": 6.257869393020589,
    "avg_geo_decay": 0.5492488761740348,
    "best_k": 35,
    "best_combined_score": 0.5896056906480209,
    "best_sse": 1488.924389388504,
    "total_runtime_sec": 1.322951316833496
}