{
    "n_trials": 30,
    "avg_iterations": 11.2,
    "median_iterations": 10.0,
    "avg_auc_delta": 7.2038212176542,
    "avg_geo_decay": 0.6334885712961691,
    "best_k": 15,
    "best_combined_score": 0.5101936750613986,
    "best_sse": 858.3767423254892,
    "weights": {
        "alpha": 0.47,
        "beta": 0.53,
        "gamma": 0.0
    },
    "total_runtime_sec": 0.826885461807251
}