{
    "n_trials": 31,
    "avg_iterations": 11.258064516129032,
    "median_iterations": 9.0,
    "avg_auc_delta": 20.48461165763213,
    "avg_geo_decay": 0.5890777740911823,
    "best_k": 13,
    "best_combined_score": 0.47575886173825455,
    "best_sse": 8729.581085174052,
    "weights": {
        "alpha": 0.47,
        "beta": 0.53,
        "gamma": 0.0
    },
    "total_runtime_sec": 4.97500467300415
}