{
    "clean_state": "raw",
    "best_k": 7,
    "linkage": "single",
    "metric": "manhattan",
    "combined": 1.3332047036400656,
    "silhouette": 0.3327999882424709,
    "davies_bouldin": 0.4285207249516428,
    "intra_dist_mean": 5.655760266602289,
    "inter_dist_mean": 10.36822485855777,
    "ratio_intra_inter": 0.5454897384805044,
    "n_merge_steps": 999,
    "h_max": 14.49905795235124,
    "total_runtime_sec": 17.98247480392456
}