{
    "clean_state": "raw",
    "best_k": 41,
    "linkage": "average",
    "metric": "manhattan",
    "combined": 0.6326003510565157,
    "silhouette": 0.42738178510390024,
    "davies_bouldin": 0.7400536961179794,
    "sse": 1983.302719748774,
    "weights": {
        "alpha": 0.47,
        "beta": 0.53,
        "gamma": 0.0
    },
    "intra_dist_mean": 1.262330414238459,
    "inter_dist_mean": 3.5436815976526352,
    "ratio_intra_inter": 0.3562200438872051,
    "n_merge_steps": 1861,
    "h_max": 8.175805705350902,
    "total_runtime_sec": 74.63299465179443
}