{
    "n_trials": 31,
    "avg_iterations": 18.806451612903224,
    "median_iterations": 18.0,
    "avg_auc_delta": 14.081896018026105,
    "avg_geo_decay": 0.7342280366284432,
    "best_k": 37,
    "best_combined_score": 0.5083686197922774,
    "best_sse": 2068.2640403634628,
    "weights": {
        "alpha": 0.47,
        "beta": 0.53,
        "gamma": 0.0
    },
    "total_runtime_sec": 14.114805698394775
}