{
    "n_trials": 31,
    "avg_iterations": 9.67741935483871,
    "median_iterations": 9.0,
    "avg_auc_delta": 6.609604789994152,
    "avg_geo_decay": 0.6029929045740637,
    "best_k": 41,
    "best_combined_score": 0.6260004382393639,
    "best_sse": 854.0446279278169,
    "weights": {
        "alpha": 0.47,
        "beta": 0.53,
        "gamma": 0.0
    },
    "total_runtime_sec": 13.250848293304443
}