{
    "n_trials": 20,
    "avg_iterations": 9.05,
    "median_iterations": 8.0,
    "avg_auc_delta": 14.563523516475765,
    "avg_geo_decay": 0.5574127335793955,
    "best_k": 14,
    "best_combined_score": 0.44895157426147647,
    "best_sse": 6411.13681444367,
    "weights": {
        "alpha": 0.47,
        "beta": 0.53,
        "gamma": 0.0
    },
    "total_runtime_sec": 0.9786391258239746
}