{
    "n_trials": 31,
    "avg_iterations": 11.741935483870968,
    "median_iterations": 11.0,
    "avg_auc_delta": 11.606589607080563,
    "avg_geo_decay": 0.6095877465609325,
    "best_k": 28,
    "best_combined_score": 0.6088925248803744,
    "best_sse": 1106.499924204019,
    "total_runtime_sec": 6.4541661739349365
}