{
    "n_trials": 30,
    "avg_iterations": 10.0,
    "median_iterations": 9.0,
    "avg_auc_delta": 6.689079164219497,
    "avg_geo_decay": 0.5805207934485594,
    "best_k": 28,
    "best_combined_score": 0.6201387565431272,
    "best_sse": 964.2307777828003,
    "total_runtime_sec": 0.7549898624420166
}