{
    "clean_state": "raw",
    "best_k": 5,
    "linkage": "single",
    "metric": "euclidean",
    "combined": 2.073653101304948,
    "silhouette": 0.5164190919652623,
    "davies_bouldin": 0.2754147869451271,
    "intra_dist_mean": 3.1174117946747963,
    "inter_dist_mean": 10.261745608895737,
    "ratio_intra_inter": 0.3037896195723328,
    "n_merge_steps": 526,
    "total_runtime_sec": 9.019767999649048
}