{
    "clean_state": "raw",
    "best_k": 5,
    "linkage": "single",
    "metric": "euclidean",
    "combined": 0.618735655393519,
    "silhouette": 0.20132735679844263,
    "davies_bouldin": 0.5730778550018878,
    "sse": 7135.827496818636,
    "weights": {
        "alpha": 0.47,
        "beta": 0.53,
        "gamma": 0.0
    },
    "intra_dist_mean": 5.777646006326937,
    "inter_dist_mean": 8.300943701633255,
    "ratio_intra_inter": 0.6960227913832807,
    "n_merge_steps": 407,
    "h_max": 6.740308945422279,
    "total_runtime_sec": 4.596662282943726
}