{
    "n_trials": 30,
    "avg_iterations": 3.6666666666666665,
    "median_iterations": 4.0,
    "avg_auc_delta": 3.2476338337953172,
    "avg_geo_decay": 0.22020400441734023,
    "best_k": 11,
    "best_combined_score": 0.7399089876591471,
    "best_sse": 200.23567335857518,
    "weights": {
        "alpha": 0.47,
        "beta": 0.53,
        "gamma": 0.0
    },
    "total_runtime_sec": 0.4510226249694824
}