{
    "n_trials": 31,
    "avg_iterations": 3.4193548387096775,
    "median_iterations": 3.0,
    "avg_auc_delta": 2.74904872646264,
    "avg_geo_decay": 0.3635471394907651,
    "best_k": 8,
    "best_combined_score": 1.457200077580529,
    "best_sse": 37.2683908851107,
    "total_runtime_sec": 1.2741804122924805
}