{
    "clean_state": "raw",
    "best_k": 5,
    "linkage": "single",
    "metric": "manhattan",
    "combined": 0.9690218042392068,
    "silhouette": 0.2388033974037653,
    "davies_bouldin": 0.58849831441287,
    "intra_dist_mean": 4.457819232903918,
    "inter_dist_mean": 10.166494147052795,
    "ratio_intra_inter": 0.4384814635629112,
    "n_merge_steps": 161,
    "h_max": 35.64210704021018,
    "total_runtime_sec": 0.7985579967498779
}