{
    "clean_state": "raw",
    "best_k": 5,
    "linkage": "single",
    "metric": "manhattan",
    "combined": 0.9690218042392066,
    "silhouette": 0.2388033974037653,
    "davies_bouldin": 0.5884983144128701,
    "intra_dist_mean": 4.457819232903916,
    "inter_dist_mean": 10.166494147052795,
    "ratio_intra_inter": 0.43848146356291096,
    "n_merge_steps": 161,
    "total_runtime_sec": 2.2473320960998535
}