{
    "core_count": 139,
    "border_count": 2,
    "noise_count": 10,
    "noise_ratio": 0.06622516556291391,
    "neighbor_hist": [
        0,
        3,
        5,
        4,
        0,
        8,
        2,
        1,
        0,
        0,
        0,
        1,
        1,
        0,
        0,
        11,
        0,
        10,
        10,
        0,
        0,
        0,
        0,
        0,
        0,
        0,
        0,
        0,
        0,
        0,
        0,
        0,
        0,
        0,
        0,
        0,
        0,
        0,
        0,
        0,
        0,
        0,
        0,
        0,
        0,
        0,
        0,
        0,
        0,
        95
    ],
    "combined_score": 0.5333101604358237,
    "silhouette": 0.5591156495435091,
    "davies_bouldin": 1.4003312944939434,
    "sse": 234.4277971904258,
    "weights": {
        "alpha": 0.47,
        "beta": 0.53,
        "gamma": 0.0
    }
}