{
    "n_trials": 31,
    "avg_iterations": 8.612903225806452,
    "median_iterations": 8.0,
    "avg_auc_delta": 15.63103758686698,
    "avg_geo_decay": 0.6040890757170919,
    "best_k": 13,
    "best_combined_score": 0.3451738207560441,
    "best_sse": 2008.9467709160076,
    "total_runtime_sec": 4.581613540649414
}