{
    "n_trials": 30,
    "avg_iterations": 11.933333333333334,
    "median_iterations": 11.0,
    "avg_auc_delta": 14.722567672700336,
    "avg_geo_decay": 0.7056873036438566,
    "best_k": 13,
    "best_combined_score": 0.3079013373557199,
    "best_sse": 2169.975971278369,
    "total_runtime_sec": 0.222412109375
}