{
    "n_trials": 30,
    "avg_iterations": 3.8,
    "median_iterations": 4.0,
    "avg_auc_delta": 5.576248128390535,
    "avg_geo_decay": 0.29739665557285,
    "best_k": 19,
    "best_combined_score": 0.9914458136956582,
    "best_sse": 279.58430171130556,
    "total_runtime_sec": 0.27242302894592285
}