{
    "n_trials": 31,
    "avg_iterations": 8.387096774193548,
    "median_iterations": 7.0,
    "avg_auc_delta": 12.087795148316426,
    "avg_geo_decay": 0.34084938701533163,
    "best_k": 7,
    "best_combined_score": 0.603963401310879,
    "best_sse": 2799.293809892837,
    "weights": {
        "alpha": 0.47,
        "beta": 0.53,
        "gamma": 0.0
    },
    "total_runtime_sec": 4.3601484298706055
}