{
    "core_count": 374,
    "border_count": 1,
    "noise_count": 14,
    "noise_ratio": 0.03598971722365039,
    "neighbor_hist": [
        0,
        8,
        6,
        1,
        0,
        6,
        2,
        2,
        0,
        2,
        1,
        5,
        3,
        0,
        3,
        0,
        0,
        1,
        0,
        1,
        2,
        3,
        1,
        0,
        0,
        0,
        1,
        0,
        2,
        1,
        0,
        1,
        0,
        1,
        1,
        4,
        3,
        0,
        0,
        0,
        9,
        0,
        3,
        1,
        0,
        0,
        0,
        6,
        2,
        307
    ],
    "combined_score": 0.48265781882782144,
    "silhouette": 0.6048665511092829,
    "davies_bouldin": 1.8040428341777357,
    "sse": 1000.3911350548665,
    "weights": {
        "alpha": 0.47,
        "beta": 0.53,
        "gamma": 0.0
    }
}