{
    "core_count": 2021,
    "border_count": 47,
    "noise_count": 141,
    "noise_ratio": 0.06382978723404255,
    "neighbor_hist": [
        0,
        41,
        57,
        39,
        51,
        29,
        28,
        28,
        43,
        22,
        23,
        45,
        27,
        32,
        22,
        26,
        16,
        22,
        15,
        16,
        14,
        23,
        20,
        29,
        14,
        21,
        30,
        24,
        37,
        31,
        50,
        18,
        5,
        6,
        6,
        7,
        2,
        1,
        2,
        7,
        2,
        12,
        6,
        3,
        9,
        9,
        6,
        3,
        15,
        1215
    ],
    "combined_score": 0.5091037192622572,
    "silhouette": 0.36354634023292753,
    "davies_bouldin": 1.4053914044537013,
    "sse": 2499.0353286897853,
    "weights": {
        "alpha": 0.47,
        "beta": 0.53,
        "gamma": 0.0
    }
}