{
    "n_trials": 31,
    "avg_iterations": 12.258064516129032,
    "median_iterations": 12.0,
    "avg_auc_delta": 9.116659954845963,
    "avg_geo_decay": 0.6212751246772592,
    "best_k": 46,
    "best_combined_score": 0.594956554970977,
    "best_sse": 1176.5260348622007,
    "weights": {
        "alpha": 0.47,
        "beta": 0.53,
        "gamma": 0.0
    },
    "total_runtime_sec": 9.368953704833984
}