{
    "n_trials": 30,
    "avg_iterations": 5.333333333333333,
    "median_iterations": 4.0,
    "avg_auc_delta": 4.894952218516161,
    "avg_geo_decay": 0.3101892225459911,
    "best_k": 20,
    "best_combined_score": 0.9408292787337943,
    "best_sse": 265.8899350591992,
    "total_runtime_sec": 0.29404354095458984
}