{
    "n_trials": 30,
    "avg_iterations": 3.933333333333333,
    "median_iterations": 3.0,
    "avg_auc_delta": 3.698811582973042,
    "avg_geo_decay": 0.17672641041866224,
    "best_k": 16,
    "best_combined_score": 0.6976745231494,
    "best_sse": 293.09389576334326,
    "weights": {
        "alpha": 0.47,
        "beta": 0.53,
        "gamma": 0.0
    },
    "total_runtime_sec": 3.0495967864990234
}