{
    "clean_state": "raw",
    "best_k": 31,
    "best_cov_type": "tied",
    "best_combined": 0.5380411604060714,
    "best_silhouette": 0.2811722370065649,
    "best_db": 1.1224354679369255,
    "best_sse": 2090.662116975939,
    "weights": {
        "alpha": 0.47,
        "beta": 0.53,
        "gamma": 0.0
    },
    "n_iter_final": 1,
    "ll_curve_final": [
        -6.6178604884640695,
        -6.555283488165244,
        -6.521178100521131,
        -6.500538246391117,
        -6.480378101259936,
        -6.466605657631262,
        -6.442010951723947,
        -6.426702414561214,
        -6.424903341219558,
        -6.424481720899784
    ],
    "total_runtime_sec": 24.810363054275513
}