{
    "clean_state": "raw",
    "best_k": 6,
    "linkage": "single",
    "metric": "manhattan",
    "combined": 1.750027084156833,
    "silhouette": 0.4746020344588316,
    "davies_bouldin": 0.33052910961968024,
    "intra_dist_mean": 3.4448671320670656,
    "inter_dist_mean": 10.47626786640968,
    "ratio_intra_inter": 0.32882579712495713,
    "n_merge_steps": 1495,
    "total_runtime_sec": 44.69355225563049
}