{
    "clean_state": "raw",
    "best_k": 6,
    "linkage": "single",
    "metric": "manhattan",
    "combined": 1.7500270829798752,
    "silhouette": 0.4746020344727083,
    "davies_bouldin": 0.3305291098783603,
    "intra_dist_mean": 3.444867132065874,
    "inter_dist_mean": 10.47626786640968,
    "ratio_intra_inter": 0.3288257971248434,
    "n_merge_steps": 1495,
    "h_max": 10.546181027645794,
    "total_runtime_sec": 44.31219935417175
}