{
    "n_trials": 30,
    "avg_iterations": 4.833333333333333,
    "median_iterations": 5.0,
    "avg_auc_delta": 3.2402304921483123,
    "avg_geo_decay": 0.33840784111027195,
    "best_k": 16,
    "best_combined_score": 1.169559598288437,
    "best_sse": 165.14947408741276,
    "total_runtime_sec": 0.2255878448486328
}