{
    "n_trials": 31,
    "avg_iterations": 4.967741935483871,
    "median_iterations": 5.0,
    "avg_auc_delta": 4.959270763278251,
    "avg_geo_decay": 0.3628935301969494,
    "best_k": 15,
    "best_combined_score": 1.0719503715050065,
    "best_sse": 196.58106497443538,
    "total_runtime_sec": 3.238273859024048
}