{
    "n_trials": 31,
    "avg_iterations": 4.903225806451613,
    "median_iterations": 5.0,
    "avg_auc_delta": 3.306368880692028,
    "avg_geo_decay": 0.2909388640927824,
    "best_k": 15,
    "best_combined_score": 0.39548555513572364,
    "best_sse": 11854.309821194563,
    "weights": {
        "alpha": 0.47,
        "beta": 0.53,
        "gamma": 0.0
    },
    "total_runtime_sec": 8.666444778442383
}