{
    "n_trials": 31,
    "avg_iterations": 3.935483870967742,
    "median_iterations": 4.0,
    "avg_auc_delta": 2.548476618295373,
    "avg_geo_decay": 0.43322234743630766,
    "best_k": 22,
    "best_combined_score": 0.46672577459281633,
    "best_sse": 5342.022214646585,
    "weights": {
        "alpha": 0.47,
        "beta": 0.53,
        "gamma": 0.0
    },
    "total_runtime_sec": 1.173701286315918
}