{
    "clean_state": "raw",
    "best_k": 26,
    "best_cov_type": "tied",
    "best_combined": 0.720359519123374,
    "best_silhouette": 0.36779670909912154,
    "best_db": 0.9320339160006494,
    "n_iter_final": 1,
    "ll_curve_final": [
        -4.659984496573265,
        -4.5024497302125885,
        -4.389801171050324,
        -4.293445350748015,
        -4.257130386610961,
        -4.249425666114928,
        -4.247913417922721,
        -4.246984177549327
    ],
    "total_runtime_sec": 48.34048128128052
}