{
    "n_trials": 30,
    "avg_iterations": 15.933333333333334,
    "median_iterations": 16.0,
    "avg_auc_delta": 9.573521088374198,
    "avg_geo_decay": 0.656070344777534,
    "best_k": 48,
    "best_combined_score": 0.5345920919579814,
    "best_sse": 1980.4032710133868,
    "total_runtime_sec": 5.826902866363525
}