{
    "n_trials": 30,
    "avg_iterations": 11.433333333333334,
    "median_iterations": 10.0,
    "avg_auc_delta": 16.587528455527334,
    "avg_geo_decay": 0.6453224166296094,
    "best_k": 27,
    "best_combined_score": 0.45082537604095324,
    "best_sse": 6786.596710535372,
    "weights": {
        "alpha": 0.47,
        "beta": 0.53,
        "gamma": 0.0
    },
    "total_runtime_sec": 2.45944881439209
}