{
    "n_trials": 31,
    "avg_iterations": 21.419354838709676,
    "median_iterations": 21.0,
    "avg_auc_delta": 13.330709379835776,
    "avg_geo_decay": 0.726976948858175,
    "best_k": 48,
    "best_combined_score": 0.5314536498219212,
    "best_sse": 2069.4116349768688,
    "total_runtime_sec": 20.911898136138916
}