{
    "n_trials": 31,
    "avg_iterations": 11.419354838709678,
    "median_iterations": 10.0,
    "avg_auc_delta": 7.923606613631706,
    "avg_geo_decay": 0.6036081592491945,
    "best_k": 38,
    "best_combined_score": 0.6138758821304666,
    "best_sse": 1157.4494560032945,
    "weights": {
        "alpha": 0.47,
        "beta": 0.53,
        "gamma": 0.0
    },
    "total_runtime_sec": 10.391472101211548
}