{
    "clean_state": "raw",
    "best_k": 30,
    "best_cov_type": "spherical",
    "best_combined": 0.5032169143119585,
    "best_silhouette": 0.196428684034827,
    "best_db": 1.2670623282420777,
    "best_sse": 2452.4720899019894,
    "weights": {
        "alpha": 0.47,
        "beta": 0.53,
        "gamma": 0.0
    },
    "n_iter_final": 1,
    "ll_curve_final": [
        -7.082947292234169,
        -7.009979893942717,
        -6.981828002148937,
        -6.950369434376802,
        -6.912471463738908,
        -6.895743741602781,
        -6.888509414347516,
        -6.882926316016183,
        -6.878078628919234,
        -6.874452900481976,
        -6.8704784760647035,
        -6.861146317368348,
        -6.849847193643584,
        -6.839929529530601,
        -6.82391383490684,
        -6.8008482956419645,
        -6.797092903721789,
        -6.790718058644906,
        -6.790249527725364
    ],
    "total_runtime_sec": 19.02525281906128
}