{
    "clean_state": "raw",
    "best_k": 40,
    "best_cov_type": "tied",
    "best_combined": 0.5403798848211036,
    "best_silhouette": 0.29581591652817457,
    "best_db": 1.122902506462448,
    "best_sse": 1891.6180360079213,
    "weights": {
        "alpha": 0.47,
        "beta": 0.53,
        "gamma": 0.0
    },
    "n_iter_final": 1,
    "ll_curve_final": [
        -6.183778866540469,
        -6.13379308495801,
        -6.088850430953745,
        -6.028087013018576,
        -5.9742125192141575,
        -5.9426786879660325,
        -5.925400104755033,
        -5.908311582447889,
        -5.847874966437943,
        -5.8112477351971155,
        -5.789187307460471,
        -5.782078679740575,
        -5.780635337654457,
        -5.780062315905511
    ],
    "total_runtime_sec": 34.30635714530945
}