{
    "n_trials": 31,
    "avg_iterations": 4.387096774193548,
    "median_iterations": 5.0,
    "avg_auc_delta": 8.264357246730066,
    "avg_geo_decay": 0.5814453893127187,
    "best_k": 10,
    "best_combined_score": 0.6840396057945168,
    "best_sse": 240.78810373807084,
    "weights": {
        "alpha": 0.47,
        "beta": 0.53,
        "gamma": 0.0
    },
    "total_runtime_sec": 0.5142998695373535
}