{
    "n_trials": 31,
    "avg_iterations": 7.354838709677419,
    "median_iterations": 7.0,
    "avg_auc_delta": 5.3603375458177505,
    "avg_geo_decay": 0.3901414846398653,
    "best_k": 48,
    "best_combined_score": 0.6414164640806151,
    "best_sse": 273.39219943202716,
    "weights": {
        "alpha": 0.47,
        "beta": 0.53,
        "gamma": 0.0
    },
    "total_runtime_sec": 7.481173515319824
}