{
    "clean_state": "raw",
    "best_k": 8,
    "best_cov_type": "tied",
    "best_combined": 0.660630408426426,
    "best_silhouette": 0.44279304313505286,
    "best_db": 0.6267765757876199,
    "best_sse": 188.90856266378395,
    "weights": {
        "alpha": 0.47,
        "beta": 0.53,
        "gamma": 0.0
    },
    "n_iter_final": 1,
    "ll_curve_final": [
        11.843985283879528,
        14.670878995013243,
        18.702434048331686,
        18.70952794069068,
        18.71414222415537,
        18.717061630890793,
        18.71875229931573,
        18.71969727037713
    ],
    "total_runtime_sec": 5.901508569717407
}