{
    "core_count": 456,
    "border_count": 17,
    "noise_count": 21,
    "noise_ratio": 0.04251012145748988,
    "neighbor_hist": [
        0,
        14,
        12,
        4,
        8,
        10,
        8,
        7,
        6,
        0,
        1,
        1,
        6,
        6,
        1,
        3,
        6,
        5,
        3,
        2,
        1,
        0,
        2,
        0,
        3,
        1,
        0,
        1,
        3,
        1,
        0,
        0,
        1,
        0,
        2,
        0,
        5,
        0,
        3,
        2,
        2,
        2,
        4,
        1,
        1,
        2,
        1,
        1,
        1,
        351
    ],
    "combined_score": 0.5322542741908189,
    "silhouette": 0.4763080252982716,
    "davies_bouldin": 1.3435429564320405,
    "sse": 1230.4652234189516,
    "weights": {
        "alpha": 0.47,
        "beta": 0.53,
        "gamma": 0.0
    }
}