{
    "n_trials": 31,
    "avg_iterations": 12.03225806451613,
    "median_iterations": 11.0,
    "avg_auc_delta": 10.046646704445518,
    "avg_geo_decay": 0.6000297460861491,
    "best_k": 8,
    "best_combined_score": 0.6288908319285722,
    "best_sse": 1395.2688610302666,
    "weights": {
        "alpha": 0.47,
        "beta": 0.53,
        "gamma": 0.0
    },
    "total_runtime_sec": 17.90132737159729
}