{
    "n_trials": 31,
    "avg_iterations": 12.516129032258064,
    "median_iterations": 12.0,
    "avg_auc_delta": 20.903682774270617,
    "avg_geo_decay": 0.6488361542109451,
    "best_k": 15,
    "best_combined_score": 0.43308520911140536,
    "best_sse": 8270.335086954645,
    "weights": {
        "alpha": 0.47,
        "beta": 0.53,
        "gamma": 0.0
    },
    "total_runtime_sec": 5.095542669296265
}