{
    "n_trials": 31,
    "avg_iterations": 7.032258064516129,
    "median_iterations": 7.0,
    "avg_auc_delta": 6.7932938051755105,
    "avg_geo_decay": 0.4247661547344148,
    "best_k": 43,
    "best_combined_score": 0.594676650778649,
    "best_sse": 2188.3600691942033,
    "weights": {
        "alpha": 0.47,
        "beta": 0.53,
        "gamma": 0.0
    },
    "total_runtime_sec": 68.39181804656982
}