{
    "n_trials": 31,
    "avg_iterations": 11.03225806451613,
    "median_iterations": 11.0,
    "avg_auc_delta": 8.896465456594585,
    "avg_geo_decay": 0.5370695496961165,
    "best_k": 25,
    "best_combined_score": 0.6005154955927346,
    "best_sse": 622.7693172641265,
    "weights": {
        "alpha": 0.47,
        "beta": 0.53,
        "gamma": 0.0
    },
    "total_runtime_sec": 3.927983522415161
}