{
    "clean_state": "raw",
    "best_k": 14,
    "best_cov_type": "spherical",
    "best_combined": 0.6012699884742023,
    "best_silhouette": 0.2749355305428523,
    "best_db": 1.078045716441937,
    "n_iter_final": 1,
    "ll_curve_final": [
        -6.2159041856933035,
        -6.168943574504525,
        -6.15656409537167,
        -6.148551245422364,
        -6.142925629605025,
        -6.1377860578736545,
        -6.131896613403157,
        -6.12459957475198,
        -6.116083265166203,
        -6.107541433339043,
        -6.103049692990871,
        -6.102378845564492
    ],
    "total_runtime_sec": 7.914687395095825
}