{
    "n_trials": 30,
    "avg_iterations": 3.6333333333333333,
    "median_iterations": 4.0,
    "avg_auc_delta": 2.0996255012498724,
    "avg_geo_decay": 0.19763250654155584,
    "best_k": 15,
    "best_combined_score": 1.3566100639775995,
    "best_sse": 137.82791634252436,
    "total_runtime_sec": 0.19008708000183105
}