{
    "n_trials": 31,
    "avg_iterations": 5.032258064516129,
    "median_iterations": 4.0,
    "avg_auc_delta": 4.671554277989502,
    "avg_geo_decay": 0.4288910830148793,
    "best_k": 15,
    "best_combined_score": 1.2153767300908966,
    "best_sse": 179.61639427256785,
    "total_runtime_sec": 2.782137870788574
}