{
    "core_count": 702,
    "border_count": 21,
    "noise_count": 16,
    "noise_ratio": 0.02165087956698241,
    "neighbor_hist": [
        0,
        9,
        7,
        10,
        11,
        9,
        11,
        15,
        11,
        6,
        6,
        8,
        9,
        4,
        10,
        9,
        5,
        7,
        7,
        12,
        6,
        6,
        16,
        10,
        7,
        7,
        4,
        6,
        8,
        2,
        4,
        4,
        3,
        4,
        3,
        3,
        4,
        10,
        5,
        6,
        4,
        7,
        2,
        8,
        3,
        5,
        9,
        6,
        7,
        404
    ],
    "combined_score": 0.3632993063010926,
    "silhouette": 0.21953330018027994,
    "davies_bouldin": 2.739178679852721,
    "sse": 4102.093694925052,
    "weights": {
        "alpha": 0.47,
        "beta": 0.53,
        "gamma": 0.0
    }
}