{
    "clean_state": "raw",
    "best_k": 30,
    "best_cov_type": "tied",
    "best_combined": 0.593455696763877,
    "best_silhouette": 0.29068822170605757,
    "best_db": 1.1157935115283428,
    "n_iter_final": 1,
    "ll_curve_final": [
        -6.309380631738195,
        -6.248349502626928,
        -6.220082024900542,
        -6.172017787712791,
        -6.081109011243869,
        -6.002322349611235,
        -5.988672751295359,
        -5.982934612289625,
        -5.980314615733071,
        -5.97895724367939,
        -5.978016679526265
    ],
    "total_runtime_sec": 41.61878752708435
}