{
    "clean_state": "raw",
    "best_k": 8,
    "best_cov_type": "tied",
    "best_combined": 0.5444894344994268,
    "best_silhouette": 0.2796756587210997,
    "best_db": 1.0792864086525413,
    "best_sse": 4968.013328462176,
    "weights": {
        "alpha": 0.47,
        "beta": 0.53,
        "gamma": 0.0
    },
    "n_iter_final": 1,
    "ll_curve_final": [
        -9.110764079771121,
        -8.991199551320518,
        -8.942047062251921,
        -8.913078812920933,
        -8.901012132543995,
        -8.898492976983135,
        -8.89791971820207
    ],
    "total_runtime_sec": 17.016591787338257
}