{
    "n_trials": 30,
    "avg_iterations": 10.866666666666667,
    "median_iterations": 10.5,
    "avg_auc_delta": 6.001652752850315,
    "avg_geo_decay": 0.5963557705659586,
    "best_k": 22,
    "best_combined_score": 0.5489683880728707,
    "best_sse": 1414.0187888652295,
    "weights": {
        "alpha": 0.47,
        "beta": 0.53,
        "gamma": 0.0
    },
    "total_runtime_sec": 8.160155057907104
}