{
    "n_trials": 30,
    "avg_iterations": 9.8,
    "median_iterations": 9.0,
    "avg_auc_delta": 5.473322691830402,
    "avg_geo_decay": 0.49020734943154376,
    "best_k": 28,
    "best_combined_score": 0.7743480967189301,
    "best_sse": 485.8195023313112,
    "total_runtime_sec": 0.8318748474121094
}