{
    "n_trials": 31,
    "avg_iterations": 11.838709677419354,
    "median_iterations": 11.0,
    "avg_auc_delta": 7.882536652147506,
    "avg_geo_decay": 0.6005064774826885,
    "best_k": 28,
    "best_combined_score": 0.7415166857918307,
    "best_sse": 544.4428929542833,
    "total_runtime_sec": 6.78430438041687
}