{
    "n_trials": 30,
    "avg_iterations": 10.1,
    "median_iterations": 10.0,
    "avg_auc_delta": 6.60987609282919,
    "avg_geo_decay": 0.5384393306416069,
    "best_k": 25,
    "best_combined_score": 0.6448010073361885,
    "best_sse": 556.71581061925,
    "weights": {
        "alpha": 0.47,
        "beta": 0.53,
        "gamma": 0.0
    },
    "total_runtime_sec": 1.8353145122528076
}