{
    "core_count": 227,
    "border_count": 3,
    "noise_count": 11,
    "noise_ratio": 0.04564315352697095,
    "neighbor_hist": [
        0,
        3,
        1,
        6,
        4,
        7,
        6,
        3,
        5,
        8,
        7,
        8,
        2,
        7,
        5,
        2,
        2,
        2,
        4,
        1,
        0,
        1,
        2,
        1,
        6,
        1,
        2,
        4,
        2,
        4,
        2,
        2,
        0,
        5,
        0,
        1,
        1,
        1,
        2,
        5,
        0,
        2,
        3,
        3,
        3,
        6,
        6,
        2,
        0,
        91
    ],
    "combined_score": 0.5683400960930405,
    "silhouette": 0.36881610634985723,
    "davies_bouldin": 1.0241226993924761,
    "sse": 790.8886986103166,
    "weights": {
        "alpha": 0.47,
        "beta": 0.53,
        "gamma": 0.0
    }
}