{
    "core_count": 169,
    "border_count": 19,
    "noise_count": 812,
    "noise_ratio": 0.812,
    "neighbor_hist": [
        0,
        558,
        151,
        79,
        43,
        46,
        28,
        16,
        17,
        11,
        9,
        3,
        11,
        14,
        8,
        3,
        1,
        0,
        2
    ],
    "combined_score": 0.37933542782842455,
    "silhouette": -0.20651536601390844,
    "davies_bouldin": 1.7387571535216109,
    "sse": 65.83925268097957,
    "weights": {
        "alpha": 0.47,
        "beta": 0.53,
        "gamma": 0.0
    }
}