{
    "n_trials": 30,
    "avg_iterations": 8.633333333333333,
    "median_iterations": 7.0,
    "avg_auc_delta": 5.754888029871856,
    "avg_geo_decay": 0.39773539417917164,
    "best_k": 33,
    "best_combined_score": 0.6154907779823117,
    "best_sse": 1892.8932298242319,
    "weights": {
        "alpha": 0.47,
        "beta": 0.53,
        "gamma": 0.0
    },
    "total_runtime_sec": 5.736304521560669
}