{
    "n_trials": 31,
    "avg_iterations": 8.548387096774194,
    "median_iterations": 8.0,
    "avg_auc_delta": 5.522417767116307,
    "avg_geo_decay": 0.44242269257517425,
    "best_k": 48,
    "best_combined_score": 1.07904866069264,
    "best_sse": 297.19922496167476,
    "total_runtime_sec": 9.428988218307495
}