{
    "n_trials": 30,
    "avg_iterations": 5.2,
    "median_iterations": 4.0,
    "avg_auc_delta": 2.613993871828795,
    "avg_geo_decay": 0.2885304166037087,
    "best_k": 48,
    "best_combined_score": 1.2503980015482736,
    "best_sse": 223.72768348137475,
    "total_runtime_sec": 3.2608089447021484
}