{
    "n_trials": 31,
    "avg_iterations": 7.741935483870968,
    "median_iterations": 7.0,
    "avg_auc_delta": 7.17098042087548,
    "avg_geo_decay": 0.3557480975728176,
    "best_k": 8,
    "best_combined_score": 0.5558188645812461,
    "best_sse": 3163.4274159091383,
    "weights": {
        "alpha": 0.47,
        "beta": 0.53,
        "gamma": 0.0
    },
    "total_runtime_sec": 4.466914653778076
}