{
    "core_count": 2337,
    "border_count": 0,
    "noise_count": 39,
    "noise_ratio": 0.016414141414141416,
    "neighbor_hist": [
        0,
        6,
        4,
        21,
        8,
        17,
        7,
        14,
        3,
        3,
        2,
        0,
        2,
        18,
        15,
        5,
        19,
        20,
        7,
        7,
        29,
        28,
        12,
        36,
        14,
        60,
        0,
        0,
        0,
        0,
        0,
        31,
        0,
        0,
        0,
        0,
        0,
        0,
        0,
        0,
        0,
        0,
        0,
        0,
        0,
        0,
        2,
        1,
        0,
        1985
    ],
    "combined_score": 0.6204861289084337,
    "silhouette": 0.8006373133693185,
    "davies_bouldin": 1.055853179509726,
    "sse": 362.84109220527984,
    "weights": {
        "alpha": 0.47,
        "beta": 0.53,
        "gamma": 0.0
    }
}