{
    "n_trials": 30,
    "avg_iterations": 12.666666666666666,
    "median_iterations": 11.5,
    "avg_auc_delta": 7.2223693760188405,
    "avg_geo_decay": 0.6693399546499498,
    "best_k": 31,
    "best_combined_score": 0.5579593263939824,
    "best_sse": 1296.5941300173115,
    "total_runtime_sec": 1.1889557838439941
}