{
    "n_trials": 30,
    "avg_iterations": 7.266666666666667,
    "median_iterations": 7.0,
    "avg_auc_delta": 8.388179455707109,
    "avg_geo_decay": 0.501282707123956,
    "best_k": 19,
    "best_combined_score": 0.5514408603882821,
    "best_sse": 975.1159556069013,
    "weights": {
        "alpha": 0.47,
        "beta": 0.53,
        "gamma": 0.0
    },
    "total_runtime_sec": 4.036558389663696
}