{
    "n_trials": 31,
    "avg_iterations": 13.548387096774194,
    "median_iterations": 12.0,
    "avg_auc_delta": 23.256011064102054,
    "avg_geo_decay": 0.6466331137001405,
    "best_k": 28,
    "best_combined_score": 0.48764797789910164,
    "best_sse": 5110.519864136359,
    "total_runtime_sec": 6.010595798492432
}