{
    "n_trials": 30,
    "avg_iterations": 15.9,
    "median_iterations": 19.0,
    "avg_auc_delta": 19.412397913093514,
    "avg_geo_decay": 0.7456027217177472,
    "best_k": 28,
    "best_combined_score": 0.46518145180091774,
    "best_sse": 4891.063237367249,
    "total_runtime_sec": 1.7913050651550293
}