{
    "core_count": 2181,
    "border_count": 47,
    "noise_count": 57,
    "noise_ratio": 0.024945295404814005,
    "neighbor_hist": [
        0,
        30,
        33,
        27,
        14,
        23,
        6,
        10,
        19,
        19,
        12,
        3,
        10,
        13,
        5,
        15,
        11,
        5,
        10,
        8,
        12,
        14,
        16,
        9,
        4,
        9,
        9,
        4,
        6,
        15,
        7,
        12,
        2,
        5,
        15,
        15,
        10,
        6,
        9,
        3,
        7,
        6,
        3,
        7,
        3,
        4,
        6,
        7,
        5,
        1782
    ],
    "combined_score": 0.5280485378186799,
    "silhouette": 0.41394124518594133,
    "davies_bouldin": 1.3187866347776136,
    "sse": 12865.12915068074,
    "weights": {
        "alpha": 0.47,
        "beta": 0.53,
        "gamma": 0.0
    }
}