{
    "n_trials": 31,
    "avg_iterations": 6.032258064516129,
    "median_iterations": 6.0,
    "avg_auc_delta": 12.242773239706873,
    "avg_geo_decay": 0.5779214123539347,
    "best_k": 13,
    "best_combined_score": 0.6639070430416615,
    "best_sse": 227.5330832850424,
    "weights": {
        "alpha": 0.47,
        "beta": 0.53,
        "gamma": 0.0
    },
    "total_runtime_sec": 6.500080347061157
}