{
    "n_trials": 31,
    "avg_iterations": 10.741935483870968,
    "median_iterations": 9.0,
    "avg_auc_delta": 10.268777719771096,
    "avg_geo_decay": 0.5135020422459109,
    "best_k": 19,
    "best_combined_score": 0.6089671386523189,
    "best_sse": 909.2230267492907,
    "weights": {
        "alpha": 0.47,
        "beta": 0.53,
        "gamma": 0.0
    },
    "total_runtime_sec": 3.830781936645508
}