{
    "clean_state": "raw",
    "best_k": 6,
    "linkage": "average",
    "metric": "manhattan",
    "combined": 1.719588927125379,
    "silhouette": 0.53603863021808,
    "davies_bouldin": 0.34445471706001235,
    "intra_dist_mean": 3.9529074041580374,
    "inter_dist_mean": 12.691754214823753,
    "ratio_intra_inter": 0.3114547711253971,
    "n_merge_steps": 390,
    "total_runtime_sec": 10.360366344451904
}