{
    "clean_state": "raw",
    "best_k": 7,
    "linkage": "single",
    "metric": "manhattan",
    "combined": 1.9575436257814356,
    "silhouette": 0.5511925119170309,
    "davies_bouldin": 0.2972744623112918,
    "intra_dist_mean": 3.3022187077262566,
    "inter_dist_mean": 13.571007996301674,
    "ratio_intra_inter": 0.24332891916546825,
    "n_merge_steps": 2409,
    "h_max": 40.79935528541446,
    "total_runtime_sec": 130.9826066493988
}