{
    "clean_state": "raw",
    "best_k": 40,
    "linkage": "single",
    "metric": "euclidean",
    "combined": 1.493413635709259,
    "silhouette": 0.42940811266445267,
    "davies_bouldin": 0.3910192025335356,
    "intra_dist_mean": 2.4513702246127673,
    "inter_dist_mean": 5.298537938299952,
    "ratio_intra_inter": 0.46265031092687287,
    "n_merge_steps": 2409,
    "total_runtime_sec": 130.8824074268341
}