{
    "n_trials": 31,
    "avg_iterations": 12.096774193548388,
    "median_iterations": 12.0,
    "avg_auc_delta": 9.982148610171906,
    "avg_geo_decay": 0.5942261457581175,
    "best_k": 38,
    "best_combined_score": 0.6110147582743997,
    "best_sse": 1516.4525352313065,
    "weights": {
        "alpha": 0.47,
        "beta": 0.53,
        "gamma": 0.0
    },
    "total_runtime_sec": 387.0056345462799
}