{
    "n_trials": 31,
    "avg_iterations": 18.387096774193548,
    "median_iterations": 17.0,
    "avg_auc_delta": 12.428010112077581,
    "avg_geo_decay": 0.7280528504122451,
    "best_k": 6,
    "best_combined_score": 0.5290462769574348,
    "best_sse": 4325.702269130922,
    "weights": {
        "alpha": 0.47,
        "beta": 0.53,
        "gamma": 0.0
    },
    "total_runtime_sec": 4.139105796813965
}