{
    "n_trials": 31,
    "avg_iterations": 7.451612903225806,
    "median_iterations": 7.0,
    "avg_auc_delta": 10.712373124239674,
    "avg_geo_decay": 0.5746731502901077,
    "best_k": 14,
    "best_combined_score": 0.7079217724281832,
    "best_sse": 650.4996710053488,
    "total_runtime_sec": 3.676471471786499
}