{
    "centroid_movements": [
        0.0
    ],
    "sse_list": [
        596.1279582831987,
        596.1279582831987
    ],
    "final_iteration": 2
}