{
    "n_trials": 30,
    "avg_iterations": 5.9,
    "median_iterations": 6.0,
    "avg_auc_delta": 6.2774524861663545,
    "avg_geo_decay": 0.3773915265398952,
    "best_k": 15,
    "best_combined_score": 0.7010475419948092,
    "best_sse": 584.2551448808047,
    "total_runtime_sec": 0.20030641555786133
}