{
    "n_trials": 30,
    "avg_iterations": 9.833333333333334,
    "median_iterations": 8.5,
    "avg_auc_delta": 6.153317322160464,
    "avg_geo_decay": 0.5594454110286529,
    "best_k": 48,
    "best_combined_score": 0.5874337003972608,
    "best_sse": 1294.9147505736394,
    "weights": {
        "alpha": 0.47,
        "beta": 0.53,
        "gamma": 0.0
    },
    "total_runtime_sec": 7.882680416107178
}