{
    "clean_state": "raw",
    "best_k": 9,
    "best_cov_type": "full",
    "best_combined": 1.5441539748658768,
    "best_silhouette": 0.6648672432192572,
    "best_db": 0.4126364624117712,
    "n_iter_final": 1,
    "ll_curve_final": [
        33.78882884386493,
        33.78941014465462
    ],
    "total_runtime_sec": 1.225412130355835
}