{
    "n_trials": 31,
    "avg_iterations": 3.838709677419355,
    "median_iterations": 3.0,
    "avg_auc_delta": 2.7381813980784195,
    "avg_geo_decay": 0.29023334850345983,
    "best_k": 11,
    "best_combined_score": 0.8005473079666866,
    "best_sse": 134.8111211805317,
    "weights": {
        "alpha": 0.47,
        "beta": 0.53,
        "gamma": 0.0
    },
    "total_runtime_sec": 2.33839750289917
}