{
    "clean_state": "raw",
    "best_k": 47,
    "linkage": "average",
    "metric": "euclidean",
    "combined": 0.9401008243331304,
    "silhouette": 0.4700354020925786,
    "davies_bouldin": 0.7091362471834269,
    "intra_dist_mean": 1.0082420513816412,
    "inter_dist_mean": 3.5222522134618175,
    "ratio_intra_inter": 0.2862492491389231,
    "n_merge_steps": 2219,
    "h_max": 4.838760714749003,
    "total_runtime_sec": 113.03208255767822
}