{
    "clean_state": "raw",
    "best_k": 5,
    "linkage": "single",
    "metric": "manhattan",
    "combined": 0.7661034502765405,
    "silhouette": 0.5025132537443314,
    "davies_bouldin": 0.28243075900065884,
    "sse": 5415.191067509445,
    "weights": {
        "alpha": 0.47,
        "beta": 0.53,
        "gamma": 0.0
    },
    "intra_dist_mean": 3.6131910396334996,
    "inter_dist_mean": 10.465593749152898,
    "ratio_intra_inter": 0.3452447253578529,
    "n_merge_steps": 729,
    "h_max": 8.444506954321188,
    "total_runtime_sec": 11.542422533035278
}