{
    "clean_state": "raw",
    "best_k": 47,
    "linkage": "average",
    "metric": "euclidean",
    "combined": 0.9401008243199365,
    "silhouette": 0.47003540206619066,
    "davies_bouldin": 0.7091362471834269,
    "intra_dist_mean": 1.0082420513842179,
    "inter_dist_mean": 3.5222522134618175,
    "ratio_intra_inter": 0.28624924913965455,
    "n_merge_steps": 2219,
    "total_runtime_sec": 110.99162888526917
}