{
    "n_trials": 31,
    "avg_iterations": 17.483870967741936,
    "median_iterations": 16.0,
    "avg_auc_delta": 12.307151777721462,
    "avg_geo_decay": 0.666945573339349,
    "best_k": 9,
    "best_combined_score": 0.5538447097645922,
    "best_sse": 6807.499522259539,
    "weights": {
        "alpha": 0.47,
        "beta": 0.53,
        "gamma": 0.0
    },
    "total_runtime_sec": 7.4355387687683105
}