{
    "clean_state": "raw",
    "best_k": 10,
    "best_cov_type": "tied",
    "best_combined": 0.5798885843951025,
    "best_silhouette": 0.2720312144623983,
    "best_db": 1.1264483888943106,
    "n_iter_final": 1,
    "ll_curve_final": [
        -7.364159877122814,
        -7.326478076652843,
        -7.285940636097143,
        -7.263858290321079,
        -7.256511524465819,
        -7.253625847930479,
        -7.251816489546159,
        -7.250260479082469,
        -7.248646936982439,
        -7.246767961003338,
        -7.244459505515418,
        -7.241571609957332,
        -7.2379909409258385,
        -7.233696145233533,
        -7.2286328538406295,
        -7.22230326022432,
        -7.2144961039979,
        -7.208433055681712,
        -7.205903354253655,
        -7.205114117052535
    ],
    "total_runtime_sec": 16.307565212249756
}