{
    "clean_state": "raw",
    "best_k": 14,
    "best_cov_type": "tied",
    "best_combined": 0.563931516382847,
    "best_silhouette": 0.3091823483561913,
    "best_db": 0.9910557746164409,
    "best_sse": 654.5990201420949,
    "weights": {
        "alpha": 0.47,
        "beta": 0.53,
        "gamma": 0.0
    },
    "n_iter_final": 1,
    "ll_curve_final": [
        -8.01912471134686,
        -7.763406959306152,
        -7.495656633696245,
        -7.257543349821434,
        -7.15393047439673,
        -6.98106139185376,
        -6.797535825376921,
        -6.637673714043256,
        -6.592361089013103,
        -6.489908180147746,
        -6.371552071913331,
        -6.235135827530049,
        -6.21426363877415,
        -6.2034609519934625,
        -6.201166335325037,
        -6.199802419722576,
        -6.1987523339791855,
        -6.197883231705864
    ],
    "total_runtime_sec": 3.5178096294403076
}