{
    "clean_state": "raw",
    "best_k": 10,
    "linkage": "single",
    "metric": "manhattan",
    "combined": 1.1462957330059869,
    "silhouette": 0.3192815949218039,
    "davies_bouldin": 0.5067627819889952,
    "intra_dist_mean": 5.576324568823291,
    "inter_dist_mean": 9.636599236705708,
    "ratio_intra_inter": 0.5786610433670988,
    "n_merge_steps": 999,
    "h_max": 14.59241339782835,
    "total_runtime_sec": 17.80358123779297
}