{
    "n_trials": 31,
    "avg_iterations": 9.290322580645162,
    "median_iterations": 9.0,
    "avg_auc_delta": 7.337760838174726,
    "avg_geo_decay": 0.3888458651071072,
    "best_k": 48,
    "best_combined_score": 0.578075225276693,
    "best_sse": 2324.490194966039,
    "weights": {
        "alpha": 0.47,
        "beta": 0.53,
        "gamma": 0.0
    },
    "total_runtime_sec": 83.54544854164124
}