{
    "n_trials": 31,
    "avg_iterations": 12.516129032258064,
    "median_iterations": 11.0,
    "avg_auc_delta": 8.642254831365753,
    "avg_geo_decay": 0.508890308901005,
    "best_k": 12,
    "best_combined_score": 0.6153930791371008,
    "best_sse": 828.7417597864777,
    "weights": {
        "alpha": 0.47,
        "beta": 0.53,
        "gamma": 0.0
    },
    "total_runtime_sec": 29.85767912864685
}