{
    "n_trials": 30,
    "avg_iterations": 12.8,
    "median_iterations": 12.0,
    "avg_auc_delta": 5.46973845002748,
    "avg_geo_decay": 0.5823510325940825,
    "best_k": 18,
    "best_combined_score": 0.5625742232983715,
    "best_sse": 2931.61942117227,
    "weights": {
        "alpha": 0.47,
        "beta": 0.53,
        "gamma": 0.0
    },
    "total_runtime_sec": 7.112736701965332
}