{
    "n_trials": 31,
    "avg_iterations": 13.096774193548388,
    "median_iterations": 12.0,
    "avg_auc_delta": 21.361658871761016,
    "avg_geo_decay": 0.6448156582814526,
    "best_k": 29,
    "best_combined_score": 0.5009641100298471,
    "best_sse": 3987.51776569584,
    "total_runtime_sec": 6.975309610366821
}