{
    "clean_state": "raw",
    "best_k": 22,
    "best_cov_type": "tied",
    "best_combined": 0.5235253238792421,
    "best_silhouette": 0.2809675304557292,
    "best_db": 1.219447088421499,
    "best_sse": 2259.677309035891,
    "weights": {
        "alpha": 0.47,
        "beta": 0.53,
        "gamma": 0.0
    },
    "n_iter_final": 1,
    "ll_curve_final": [
        -7.4875204270054105,
        -7.353163282655149,
        -7.24670484231757,
        -7.201175386049336,
        -7.161525338444964,
        -7.118498098369186,
        -7.060822190866918,
        -6.904231355500545,
        -6.647677084444939,
        -6.460957448937574,
        -6.345915168689439,
        -6.323427418064816,
        -6.313123404413494,
        -6.2974199584969215,
        -6.275875611171473,
        -6.273889358134588,
        -6.272828631448349,
        -6.271797040775755,
        -6.270677606014058,
        -6.269692025787865
    ],
    "total_runtime_sec": 13.201220750808716
}