{
    "clean_state": "raw",
    "best_k": 10,
    "best_cov_type": "full",
    "best_combined": 0.5977472940477485,
    "best_silhouette": 0.3041254591351215,
    "best_db": 1.1218696805960995,
    "n_iter_final": 1,
    "ll_curve_final": [
        1.5833947874259309,
        2.330313580109295,
        2.6427208770264023,
        2.8565411993800423,
        2.8966888911692723,
        2.912823227962159,
        2.9365754892529767,
        3.007979134383479,
        3.013345311777542,
        3.0195464847450357,
        3.030560543513504,
        3.04067011072779,
        3.0528120056665444,
        3.0738302722691286,
        3.1007908138112477,
        3.1106823177130023,
        3.1261507129664907,
        3.1391162997138284,
        3.1392213191625253
    ],
    "total_runtime_sec": 19.686042308807373
}