{
    "core_count": 1312,
    "border_count": 26,
    "noise_count": 64,
    "noise_ratio": 0.0456490727532097,
    "neighbor_hist": [
        0,
        42,
        16,
        18,
        14,
        14,
        12,
        15,
        3,
        6,
        21,
        21,
        2,
        6,
        4,
        5,
        2,
        9,
        3,
        7,
        7,
        4,
        28,
        8,
        2,
        6,
        2,
        2,
        5,
        3,
        1,
        3,
        3,
        1,
        4,
        0,
        2,
        0,
        1,
        9,
        0,
        0,
        4,
        1,
        2,
        3,
        2,
        2,
        0,
        1077
    ],
    "combined_score": 0.4994540008136593,
    "silhouette": 0.32213838192434224,
    "davies_bouldin": 1.4362583640143602,
    "sse": 6793.482720087705,
    "weights": {
        "alpha": 0.47,
        "beta": 0.53,
        "gamma": 0.0
    }
}