{
    "clean_state": "raw",
    "best_k": 5,
    "linkage": "single",
    "metric": "euclidean",
    "combined": 0.8471468458804045,
    "silhouette": 0.7243287063416929,
    "davies_bouldin": 0.19866643410709445,
    "sse": 15013.408003725519,
    "weights": {
        "alpha": 0.47,
        "beta": 0.53,
        "gamma": 0.0
    },
    "intra_dist_mean": 3.1583118040842058,
    "inter_dist_mean": 15.988775254922283,
    "ratio_intra_inter": 0.19753306639992294,
    "n_merge_steps": 2409,
    "h_max": 50.694984639415246,
    "total_runtime_sec": 124.47693252563477
}