{
    "clean_state": "raw",
    "best_k": 5,
    "linkage": "single",
    "metric": "euclidean",
    "combined": 1.1765296534172245,
    "silhouette": 0.26640080999267174,
    "davies_bouldin": 0.47923510316303847,
    "intra_dist_mean": 3.2317121731430816,
    "inter_dist_mean": 5.27652859051832,
    "ratio_intra_inter": 0.6124693759737619,
    "n_merge_steps": 2375,
    "h_max": 2.5697585752528833,
    "total_runtime_sec": 99.05300331115723
}