{
    "n_trials": 31,
    "avg_iterations": 3.0,
    "median_iterations": 3.0,
    "avg_auc_delta": 0.0,
    "avg_geo_decay": 0.0,
    "best_k": 5,
    "best_combined_score": 0.3640927454041324,
    "best_sse": 460.4705503852139,
    "weights": {
        "alpha": 0.47,
        "beta": 0.53,
        "gamma": 0.0
    },
    "total_runtime_sec": 0.16209745407104492
}