{
    "clean_state": "raw",
    "best_k": 13,
    "best_cov_type": "tied",
    "best_combined": 0.9505917291936083,
    "best_silhouette": 0.5061180286368867,
    "best_db": 0.7168122574573198,
    "n_iter_final": 1,
    "ll_curve_final": [
        -4.616637747593536,
        -4.272016422941313,
        -4.261209288467656,
        -4.2489667909095346,
        -4.2373581375134695,
        -4.227423941741106,
        -4.209177479845242,
        -4.165860700024681,
        -4.111642726303179,
        -4.089418740962475,
        -4.0836540046325025,
        -4.081287362339174,
        -4.079704424659866,
        -4.078677581408182,
        -4.078050600355011
    ],
    "total_runtime_sec": 12.499530792236328
}