{
    "clean_state": "raw",
    "best_k": 14,
    "best_cov_type": "tied",
    "best_combined": 0.6654834066689457,
    "best_silhouette": 0.4565572635531568,
    "best_db": 0.6175654238186068,
    "best_sse": 1124.314126128039,
    "weights": {
        "alpha": 0.47,
        "beta": 0.53,
        "gamma": 0.0
    },
    "n_iter_final": 1,
    "ll_curve_final": [
        -3.573446293805665,
        -3.417860262666606,
        -3.4150884339471546,
        -3.4142247787552398
    ],
    "total_runtime_sec": 10.169169664382935
}