{
    "n_trials": 31,
    "avg_iterations": 6.838709677419355,
    "median_iterations": 6.0,
    "avg_auc_delta": 3.8405439954559277,
    "avg_geo_decay": 0.42165843786979756,
    "best_k": 10,
    "best_combined_score": 0.562947152065747,
    "best_sse": 1913.5586096476695,
    "weights": {
        "alpha": 0.47,
        "beta": 0.53,
        "gamma": 0.0
    },
    "total_runtime_sec": 6.002450942993164
}