{
    "clean_state": "raw",
    "best_k": 15,
    "linkage": "single",
    "metric": "manhattan",
    "combined": 2.4916229259923157,
    "silhouette": 0.5962958092946442,
    "davies_bouldin": 0.22794880048071406,
    "intra_dist_mean": 2.195221947622338,
    "inter_dist_mean": 8.237175552723114,
    "ratio_intra_inter": 0.2665017800787743,
    "n_merge_steps": 281,
    "total_runtime_sec": 5.397166013717651
}