{
    "n_trials": 31,
    "avg_iterations": 8.67741935483871,
    "median_iterations": 8.0,
    "avg_auc_delta": 8.19553541746057,
    "avg_geo_decay": 0.6031375533232043,
    "best_k": 5,
    "best_combined_score": 0.4530343963121419,
    "best_sse": 949.6582579166804,
    "weights": {
        "alpha": 0.47,
        "beta": 0.53,
        "gamma": 0.0
    },
    "total_runtime_sec": 3.5668210983276367
}