{
    "n_trials": 31,
    "avg_iterations": 5.483870967741935,
    "median_iterations": 5.0,
    "avg_auc_delta": 9.83175913511876,
    "avg_geo_decay": 0.400063919574749,
    "best_k": 31,
    "best_combined_score": 0.6227420504131753,
    "best_sse": 1088.458148573427,
    "weights": {
        "alpha": 0.47,
        "beta": 0.53,
        "gamma": 0.0
    },
    "total_runtime_sec": 6.2419397830963135
}