{
    "n_trials": 31,
    "avg_iterations": 9.290322580645162,
    "median_iterations": 9.0,
    "avg_auc_delta": 8.923955194017173,
    "avg_geo_decay": 0.478415483948716,
    "best_k": 12,
    "best_combined_score": 0.5365416742135356,
    "best_sse": 3345.0121418764516,
    "weights": {
        "alpha": 0.47,
        "beta": 0.53,
        "gamma": 0.0
    },
    "total_runtime_sec": 11.430784225463867
}