{
    "core_count": 260,
    "border_count": 100,
    "noise_count": 240,
    "noise_ratio": 0.4,
    "neighbor_hist": [
        0,
        113,
        56,
        33,
        36,
        20,
        26,
        14,
        20,
        22,
        16,
        15,
        11,
        7,
        9,
        10,
        8,
        8,
        7,
        6,
        12,
        10,
        4,
        2,
        4,
        6,
        4,
        5,
        8,
        5,
        4,
        7,
        3,
        3,
        8,
        2,
        2,
        8,
        4,
        7,
        2,
        2,
        2,
        4,
        3,
        2,
        2,
        1,
        1,
        36
    ],
    "combined_score": 0.3416670543267053,
    "silhouette": 0.06317795326546538,
    "davies_bouldin": 2.854121155988619,
    "sse": 1921.515998017508,
    "weights": {
        "alpha": 0.47,
        "beta": 0.53,
        "gamma": 0.0
    }
}