{
    "clean_state": "raw",
    "best_k": 13,
    "best_cov_type": "tied",
    "best_combined": 0.5481784770012021,
    "best_silhouette": 0.3299785646130103,
    "best_db": 1.1083869478031927,
    "best_sse": 2117.9785979959984,
    "weights": {
        "alpha": 0.47,
        "beta": 0.53,
        "gamma": 0.0
    },
    "n_iter_final": 1,
    "ll_curve_final": [
        -7.105509263417912,
        -7.045278976977107,
        -6.999879610332869,
        -6.97976298816714,
        -6.97280641785169,
        -6.970827616342323,
        -6.969856297561257
    ],
    "total_runtime_sec": 19.842602014541626
}