{
    "clean_state": "raw",
    "best_k": 18,
    "best_cov_type": "tied",
    "best_combined": 0.3449453846520974,
    "best_silhouette": 0.12445979258987984,
    "best_db": 1.7685624615243742,
    "n_iter_final": 1,
    "ll_curve_final": [
        -20.839516359489128,
        -19.280447251307656,
        -14.600322027570277,
        -14.48982392543564,
        -14.443613690001788,
        -14.40315318864744,
        -14.362905888099457,
        -14.335806253050503,
        -14.316129138073004,
        -14.300443649418911,
        -14.290668907290078,
        -14.287662578065316,
        -14.274133145489527,
        -14.087207997256264,
        -13.501738072416135,
        -8.861015154894877,
        -8.860687587549561
    ],
    "total_runtime_sec": 15.755017280578613
}