{
    "clean_state": "raw",
    "best_k": 8,
    "best_cov_type": "tied",
    "best_combined": 0.7098649207208299,
    "best_silhouette": 0.29492068659825704,
    "best_db": 0.8890397057083174,
    "n_iter_final": 1,
    "ll_curve_final": [
        -6.154304720494472,
        -6.059277856347655,
        -6.013345296913789,
        -5.973006758246859,
        -5.934249546499896,
        -5.911483277740112,
        -5.904220318540648,
        -5.902341387478783,
        -5.901693633854013
    ],
    "total_runtime_sec": 9.935529470443726
}