{
    "clean_state": "raw",
    "best_k": 15,
    "best_cov_type": "tied",
    "best_combined": 0.4433013316368712,
    "best_silhouette": 0.07959472679154837,
    "best_db": 1.6134053379866125,
    "best_sse": 10365.802244867305,
    "weights": {
        "alpha": 0.47,
        "beta": 0.53,
        "gamma": 0.0
    },
    "n_iter_final": 1,
    "ll_curve_final": [
        -21.594983111279912,
        -19.837073106200638,
        -15.285373110533666,
        -15.278409327523942,
        -15.275024849659289,
        -15.272854999928494,
        -15.269761643565737,
        -15.266976099213922,
        -15.265744467868263,
        -15.264292726608007,
        -15.261508690760456,
        -15.253987932371725,
        -15.238162754253693,
        -15.222326231050644,
        -15.201841201418464,
        -15.18056319473047,
        -15.174633413378254,
        -15.173413996931323,
        -15.172926951025596
    ],
    "total_runtime_sec": 15.636755466461182
}