{
    "clean_state": "raw",
    "best_k": 5,
    "linkage": "single",
    "metric": "manhattan",
    "combined": 2.235067925853373,
    "silhouette": 0.6612285325577368,
    "davies_bouldin": 0.26254248691549187,
    "intra_dist_mean": 2.4798296528873,
    "inter_dist_mean": 12.082738193291517,
    "ratio_intra_inter": 0.2052373901690534,
    "n_merge_steps": 248,
    "h_max": 15.514604439627238,
    "total_runtime_sec": 1.6054632663726807
}