{
    "clean_state": "raw",
    "best_k": 5,
    "linkage": "average",
    "metric": "euclidean",
    "combined": 0.8225400252042978,
    "silhouette": 0.6601597871511319,
    "davies_bouldin": 0.2255391530173644,
    "sse": 552.4623395734731,
    "weights": {
        "alpha": 0.47,
        "beta": 0.53,
        "gamma": 0.0
    },
    "intra_dist_mean": 2.254596705209426,
    "inter_dist_mean": 9.310463693075762,
    "ratio_intra_inter": 0.24215729522536436,
    "n_merge_steps": 150,
    "h_max": 10.548048100149863,
    "total_runtime_sec": 1.4815313816070557
}