{
    "clean_state": "raw",
    "best_k": 5,
    "linkage": "average",
    "metric": "euclidean",
    "combined": 2.235067925853381,
    "silhouette": 0.6612285325577368,
    "davies_bouldin": 0.26254248691549076,
    "intra_dist_mean": 2.4798296528873003,
    "inter_dist_mean": 12.082738193291517,
    "ratio_intra_inter": 0.20523739016905346,
    "n_merge_steps": 248,
    "total_runtime_sec": 3.329547643661499
}