{
    "n_trials": 30,
    "avg_iterations": 3.3333333333333335,
    "median_iterations": 3.0,
    "avg_auc_delta": 4.283536199187828,
    "avg_geo_decay": 0.25659493922450577,
    "best_k": 18,
    "best_combined_score": 0.7644219937299825,
    "best_sse": 195.67319439915303,
    "weights": {
        "alpha": 0.47,
        "beta": 0.53,
        "gamma": 0.0
    },
    "total_runtime_sec": 0.6099567413330078
}