{
    "n_trials": 31,
    "avg_iterations": 3.225806451612903,
    "median_iterations": 3.0,
    "avg_auc_delta": 3.0587085449357105,
    "avg_geo_decay": 0.2464590840566459,
    "best_k": 13,
    "best_combined_score": 1.660871654973874,
    "best_sse": 64.59388277749221,
    "total_runtime_sec": 2.789592981338501
}