{
    "n_trials": 30,
    "avg_iterations": 2.3666666666666667,
    "median_iterations": 2.0,
    "avg_auc_delta": 0.5049403381958666,
    "avg_geo_decay": 0.022967689208660307,
    "best_k": 13,
    "best_combined_score": 2.0826746701159577,
    "best_sse": 50.92293885833348,
    "total_runtime_sec": 0.17622160911560059
}