{
    "clean_state": "raw",
    "best_k": 7,
    "best_cov_type": "tied",
    "best_combined": 0.6803125498225073,
    "best_silhouette": 0.3318059946607036,
    "best_db": 0.9719881708604639,
    "n_iter_final": 1,
    "ll_curve_final": [
        -7.561799367115128,
        -7.1087664958037795,
        -7.086105581679813,
        -7.078654530410783,
        -7.076116683387795,
        -7.075244659400232
    ],
    "total_runtime_sec": 27.741043090820312
}