{
    "core_count": 652,
    "border_count": 70,
    "noise_count": 278,
    "noise_ratio": 0.278,
    "neighbor_hist": [
        0,
        103,
        43,
        46,
        34,
        17,
        28,
        25,
        22,
        20,
        10,
        18,
        29,
        20,
        23,
        23,
        13,
        16,
        17,
        8,
        7,
        9,
        6,
        4,
        9,
        11,
        4,
        9,
        11,
        15,
        11,
        9,
        8,
        9,
        7,
        1,
        7,
        6,
        13,
        6,
        6,
        5,
        4,
        4,
        6,
        4,
        6,
        5,
        3,
        280
    ],
    "combined_score": 0.3999197816001628,
    "silhouette": 0.05075205712453536,
    "davies_bouldin": 2.0300077756526322,
    "sse": 2208.127714139677,
    "weights": {
        "alpha": 0.47,
        "beta": 0.53,
        "gamma": 0.0
    }
}