{
    "clean_state": "raw",
    "best_k": 6,
    "best_cov_type": "spherical",
    "best_combined": 0.5213938497041796,
    "best_silhouette": 0.26658470020701114,
    "best_db": 1.288322772559397,
    "n_iter_final": 1,
    "ll_curve_final": [
        -9.209589568379029,
        -9.183324660200473,
        -9.17341224999835,
        -9.166745037996556,
        -9.16119879609752,
        -9.157835591479648,
        -9.155454683714895,
        -9.15368285239306,
        -9.152317279940787,
        -9.151239988014758,
        -9.150389820960356
    ],
    "total_runtime_sec": 8.176340579986572
}