{
    "clean_state": "raw",
    "best_k": 14,
    "best_cov_type": "tied",
    "best_combined": 0.4700450305221733,
    "best_silhouette": 0.12891473885922883,
    "best_db": 1.4430144246888648,
    "best_sse": 2196.039465660711,
    "weights": {
        "alpha": 0.47,
        "beta": 0.53,
        "gamma": 0.0
    },
    "n_iter_final": 1,
    "ll_curve_final": [
        -8.107080486270492,
        -7.935910592644545,
        -7.88595184777333,
        -7.836400896966225,
        -7.784516748168801,
        -7.711158017712193,
        -7.6293459458304405,
        -7.573479568170858,
        -7.542055090926899,
        -7.493288773085455,
        -7.442446768325508,
        -7.4280272504924545,
        -7.427932285222108
    ],
    "total_runtime_sec": 3.817800521850586
}