{
    "core_count": 835,
    "border_count": 10,
    "noise_count": 64,
    "noise_ratio": 0.0704070407040704,
    "neighbor_hist": [
        0,
        18,
        10,
        16,
        7,
        9,
        1,
        7,
        5,
        1,
        2,
        0,
        13,
        1,
        0,
        0,
        1,
        0,
        1,
        2,
        1,
        23,
        0,
        0,
        0,
        1,
        2,
        2,
        1,
        0,
        0,
        0,
        1,
        0,
        1,
        0,
        0,
        0,
        0,
        0,
        0,
        1,
        0,
        0,
        0,
        4,
        3,
        0,
        0,
        775
    ],
    "combined_score": 0.5266173522365062,
    "silhouette": 0.6376222495551832,
    "davies_bouldin": 1.499828364507715,
    "sse": 2465.718036981215,
    "weights": {
        "alpha": 0.47,
        "beta": 0.53,
        "gamma": 0.0
    }
}