{
    "n_trials": 31,
    "avg_iterations": 12.483870967741936,
    "median_iterations": 12.0,
    "avg_auc_delta": 8.332342482942737,
    "avg_geo_decay": 0.6233847150850378,
    "best_k": 40,
    "best_combined_score": 0.5838616130583022,
    "best_sse": 1028.979147469404,
    "weights": {
        "alpha": 0.47,
        "beta": 0.53,
        "gamma": 0.0
    },
    "total_runtime_sec": 34.48633122444153
}