{
    "n_trials": 30,
    "avg_iterations": 8.8,
    "median_iterations": 7.0,
    "avg_auc_delta": 2.845328737823614,
    "avg_geo_decay": 0.3774251966511626,
    "best_k": 5,
    "best_combined_score": 0.6591743184756106,
    "best_sse": 6285.629270280324,
    "weights": {
        "alpha": 0.47,
        "beta": 0.53,
        "gamma": 0.0
    },
    "total_runtime_sec": 5.993715763092041
}