{
    "n_trials": 31,
    "avg_iterations": 15.870967741935484,
    "median_iterations": 16.0,
    "avg_auc_delta": 24.845389238795438,
    "avg_geo_decay": 0.7090817909166774,
    "best_k": 31,
    "best_combined_score": 0.28156140376506683,
    "best_sse": 9282.423559375571,
    "total_runtime_sec": 6.303905725479126
}