{
    "n_trials": 30,
    "avg_iterations": 16.466666666666665,
    "median_iterations": 17.0,
    "avg_auc_delta": 18.697524524691325,
    "avg_geo_decay": 0.7222255448532313,
    "best_k": 30,
    "best_combined_score": 0.28564786467128117,
    "best_sse": 9533.507057135354,
    "total_runtime_sec": 2.2943432331085205
}