{
    "n_trials": 31,
    "avg_iterations": 7.258064516129032,
    "median_iterations": 7.0,
    "avg_auc_delta": 8.698314748478756,
    "avg_geo_decay": 0.6104083964057556,
    "best_k": 9,
    "best_combined_score": 0.5419606637372902,
    "best_sse": 2672.875609781319,
    "weights": {
        "alpha": 0.47,
        "beta": 0.53,
        "gamma": 0.0
    },
    "total_runtime_sec": 3.868999481201172
}