{
    "clean_state": "raw",
    "best_k": 31,
    "best_cov_type": "tied",
    "best_combined": 0.8153791203581087,
    "best_silhouette": 0.5980549763378301,
    "best_db": 0.9683323704819773,
    "n_iter_final": 1,
    "ll_curve_final": [
        -5.350701172635448,
        -0.6089091785044902,
        -0.4863654548925968,
        -0.2599622776626634,
        0.14311284250291012,
        0.9844981927385823,
        1.0144957170415714,
        1.0189758858130353,
        1.0251624005805102,
        1.0290966193778397,
        1.0323072096193249,
        1.0360464797592444,
        1.0362679098051326
    ],
    "total_runtime_sec": 16.281798601150513
}