{
    "core_count": 765,
    "border_count": 47,
    "noise_count": 188,
    "noise_ratio": 0.188,
    "neighbor_hist": [
        0,
        90,
        74,
        36,
        35,
        21,
        28,
        16,
        19,
        23,
        28,
        20,
        8,
        25,
        10,
        14,
        16,
        13,
        20,
        5,
        7,
        11,
        20,
        6,
        12,
        7,
        18,
        17,
        12,
        3,
        1,
        9,
        1,
        6,
        8,
        1,
        4,
        4,
        7,
        2,
        1,
        2,
        1,
        2,
        2,
        2,
        5,
        7,
        6,
        315
    ],
    "combined_score": 0.41969308070777184,
    "silhouette": 0.11515391002941869,
    "davies_bouldin": 1.9052086533554864,
    "sse": 2894.8724411058915,
    "weights": {
        "alpha": 0.47,
        "beta": 0.53,
        "gamma": 0.0
    }
}