{
    "n_trials": 31,
    "avg_iterations": 10.161290322580646,
    "median_iterations": 9.0,
    "avg_auc_delta": 6.574322368083189,
    "avg_geo_decay": 0.5461789225452944,
    "best_k": 10,
    "best_combined_score": 0.5844308176481382,
    "best_sse": 2730.3119908439917,
    "weights": {
        "alpha": 0.47,
        "beta": 0.53,
        "gamma": 0.0
    },
    "total_runtime_sec": 112.19809627532959
}