{
    "n_trials": 31,
    "avg_iterations": 3.2580645161290325,
    "median_iterations": 3.0,
    "avg_auc_delta": 1.6048567622832217,
    "avg_geo_decay": 0.30686506120169554,
    "best_k": 8,
    "best_combined_score": 0.6932561009588943,
    "best_sse": 135.53400555598336,
    "weights": {
        "alpha": 0.47,
        "beta": 0.53,
        "gamma": 0.0
    },
    "total_runtime_sec": 0.2553715705871582
}