{
    "clean_state": "raw",
    "best_k": 8,
    "best_cov_type": "tied",
    "best_combined": 0.7576342280392523,
    "best_silhouette": 0.33294763700468427,
    "best_db": 0.845794122768943,
    "n_iter_final": 1,
    "ll_curve_final": [
        -6.095154374446083,
        -6.025413297555109,
        -5.996979317024965,
        -5.970947343638554,
        -5.9456734909259925,
        -5.935381760720413,
        -5.933448689557721,
        -5.933043012862043
    ],
    "total_runtime_sec": 75.83034563064575
}