{
    "centroid_movements": [
        1.2726783146165427e-15
    ],
    "sse_list": [
        1137.6827242698334,
        1137.6827242698334
    ],
    "final_iteration": 2
}