{
    "n_trials": 30,
    "avg_iterations": 10.3,
    "median_iterations": 9.0,
    "avg_auc_delta": 6.135908944455616,
    "avg_geo_decay": 0.647863991177477,
    "best_k": 5,
    "best_combined_score": 0.5492277676790243,
    "best_sse": 1501.7424046626322,
    "weights": {
        "alpha": 0.47,
        "beta": 0.53,
        "gamma": 0.0
    },
    "total_runtime_sec": 1.80180025100708
}