{
    "n_trials": 31,
    "avg_iterations": 14.516129032258064,
    "median_iterations": 12.0,
    "avg_auc_delta": 10.453703863125392,
    "avg_geo_decay": 0.6366970887906437,
    "best_k": 33,
    "best_combined_score": 0.5673074113848456,
    "best_sse": 1156.0791614392185,
    "total_runtime_sec": 6.839978933334351
}