{
    "n_trials": 30,
    "avg_iterations": 8.133333333333333,
    "median_iterations": 7.0,
    "avg_auc_delta": 6.227844283659526,
    "avg_geo_decay": 0.49325168791381147,
    "best_k": 33,
    "best_combined_score": 0.6943060671628447,
    "best_sse": 999.450815839313,
    "total_runtime_sec": 1.0364737510681152
}