{
    "clean_state": "raw",
    "best_k": 5,
    "linkage": "single",
    "metric": "euclidean",
    "combined": 1.0910397008777213,
    "silhouette": 0.24454848763696777,
    "davies_bouldin": 0.5161207972028532,
    "intra_dist_mean": 5.772541229619498,
    "inter_dist_mean": 9.297201030511047,
    "ratio_intra_inter": 0.6208902239152263,
    "n_merge_steps": 825,
    "h_max": 7.469410131319725,
    "total_runtime_sec": 9.733475923538208
}