{
    "clean_state": "raw",
    "best_k": 5,
    "linkage": "single",
    "metric": "manhattan",
    "combined": 1.0841789753191213,
    "silhouette": 0.24021409436911542,
    "davies_bouldin": 0.5186335017216794,
    "intra_dist_mean": 5.772688233651835,
    "inter_dist_mean": 9.282142221272197,
    "ratio_intra_inter": 0.6219133575029425,
    "n_merge_steps": 825,
    "total_runtime_sec": 21.750454664230347
}