{
    "n_trials": 31,
    "avg_iterations": 2.3870967741935485,
    "median_iterations": 2.0,
    "avg_auc_delta": 0.0,
    "avg_geo_decay": 0.0,
    "best_k": 7,
    "best_combined_score": 0.4080681310094153,
    "best_sse": 634.399078046562,
    "weights": {
        "alpha": 0.47,
        "beta": 0.53,
        "gamma": 0.0
    },
    "total_runtime_sec": 1.194687843322754
}