{
    "n_trials": 31,
    "avg_iterations": 13.193548387096774,
    "median_iterations": 12.0,
    "avg_auc_delta": 9.796451996578531,
    "avg_geo_decay": 0.6375052491539773,
    "best_k": 32,
    "best_combined_score": 0.5417576069490763,
    "best_sse": 1087.017613113897,
    "weights": {
        "alpha": 0.47,
        "beta": 0.53,
        "gamma": 0.0
    },
    "total_runtime_sec": 10.542885780334473
}