{
    "n_trials": 31,
    "avg_iterations": 6.580645161290323,
    "median_iterations": 6.0,
    "avg_auc_delta": 9.018385840224141,
    "avg_geo_decay": 0.5229335605112411,
    "best_k": 10,
    "best_combined_score": 0.5490954719333354,
    "best_sse": 435.68744129956804,
    "weights": {
        "alpha": 0.47,
        "beta": 0.53,
        "gamma": 0.0
    },
    "total_runtime_sec": 2.1773529052734375
}