{
    "n_trials": 31,
    "avg_iterations": 12.0,
    "median_iterations": 12.0,
    "avg_auc_delta": 22.897433724387344,
    "avg_geo_decay": 0.6480154998430643,
    "best_k": 26,
    "best_combined_score": 0.38296291594492254,
    "best_sse": 5533.911445499068,
    "total_runtime_sec": 6.231879949569702
}