{
    "n_trials": 30,
    "avg_iterations": 10.1,
    "median_iterations": 10.0,
    "avg_auc_delta": 15.038844774516226,
    "avg_geo_decay": 0.6241160477031585,
    "best_k": 26,
    "best_combined_score": 0.3633020021764701,
    "best_sse": 5447.726430203992,
    "total_runtime_sec": 0.9865431785583496
}