{
    "n_trials": 30,
    "avg_iterations": 11.866666666666667,
    "median_iterations": 11.0,
    "avg_auc_delta": 6.106219248836762,
    "avg_geo_decay": 0.6062555833648541,
    "best_k": 38,
    "best_combined_score": 0.5983880853874897,
    "best_sse": 941.6740949027193,
    "weights": {
        "alpha": 0.47,
        "beta": 0.53,
        "gamma": 0.0
    },
    "total_runtime_sec": 4.937068462371826
}