{
    "core_count": 2014,
    "border_count": 56,
    "noise_count": 1,
    "noise_ratio": 0.0004828585224529213,
    "neighbor_hist": [
        0,
        0,
        0,
        0,
        0,
        3,
        2,
        4,
        2,
        1,
        2,
        3,
        4,
        1,
        0,
        2,
        0,
        1,
        4,
        12,
        16,
        6,
        4,
        2,
        1,
        2,
        1,
        2,
        0,
        1,
        1,
        1,
        3,
        0,
        2,
        22,
        8,
        4,
        2,
        3,
        6,
        5,
        1,
        2,
        0,
        7,
        5,
        10,
        9,
        1904
    ],
    "combined_score": 0.6951773127669341,
    "silhouette": 0.5050342761865315,
    "davies_bouldin": 0.5356819494765344,
    "sse": 6517.163266977042,
    "weights": {
        "alpha": 0.47,
        "beta": 0.53,
        "gamma": 0.0
    }
}