{
    "n_trials": 31,
    "avg_iterations": 7.709677419354839,
    "median_iterations": 7.0,
    "avg_auc_delta": 13.503128982733005,
    "avg_geo_decay": 0.5444154553657002,
    "best_k": 11,
    "best_combined_score": 0.4478249066954787,
    "best_sse": 1423.5368922304049,
    "weights": {
        "alpha": 0.47,
        "beta": 0.53,
        "gamma": 0.0
    },
    "total_runtime_sec": 1.9760427474975586
}