{
    "clean_state": "raw",
    "best_k": 20,
    "best_cov_type": "tied",
    "best_combined": 0.6353556301646147,
    "best_silhouette": 0.4829432128411804,
    "best_db": 0.7736737790244856,
    "best_sse": 808.5070296003806,
    "weights": {
        "alpha": 0.47,
        "beta": 0.53,
        "gamma": 0.0
    },
    "n_iter_final": 1,
    "ll_curve_final": [
        -0.24820323274926903,
        -0.10164182639623343,
        -0.09236000718028921,
        -0.046534533060899504,
        0.024369805813063916,
        0.11281439902330359,
        0.1858256814076573,
        0.18744444824729753,
        0.19191815706604798,
        0.24340685704290774,
        0.5985419876096738,
        0.5993658761895321
    ],
    "total_runtime_sec": 8.663556098937988
}