{
    "n_trials": 31,
    "avg_iterations": 16.29032258064516,
    "median_iterations": 16.0,
    "avg_auc_delta": 14.42957075834518,
    "avg_geo_decay": 0.6925470268417567,
    "best_k": 37,
    "best_combined_score": 0.5606067985592846,
    "best_sse": 2195.2693733686465,
    "total_runtime_sec": 11.97686219215393
}