{
    "n_trials": 30,
    "avg_iterations": 15.566666666666666,
    "median_iterations": 14.0,
    "avg_auc_delta": 10.089821178171857,
    "avg_geo_decay": 0.6803663303798505,
    "best_k": 39,
    "best_combined_score": 0.5488493850963053,
    "best_sse": 1984.4005121881762,
    "total_runtime_sec": 2.8300533294677734
}