{
    "n_trials": 30,
    "avg_iterations": 15.233333333333333,
    "median_iterations": 15.0,
    "avg_auc_delta": 17.588180780111635,
    "avg_geo_decay": 0.7063639132176291,
    "best_k": 13,
    "best_combined_score": 0.4420610280707632,
    "best_sse": 10421.078546611137,
    "weights": {
        "alpha": 0.47,
        "beta": 0.53,
        "gamma": 0.0
    },
    "total_runtime_sec": 2.8479368686676025
}