{
    "core_count": 83,
    "border_count": 24,
    "noise_count": 297,
    "noise_ratio": 0.7351485148514851,
    "neighbor_hist": [
        0,
        228,
        49,
        32,
        12,
        16,
        7,
        3,
        7,
        6,
        1,
        0,
        2,
        4,
        5,
        3,
        2,
        2,
        4,
        2,
        0,
        0,
        5,
        1,
        2,
        0,
        1,
        1,
        2,
        1,
        0,
        3,
        1,
        2
    ],
    "combined_score": 0.34951627416550457,
    "silhouette": -0.12765738297405854,
    "davies_bouldin": 2.365167615018226,
    "sse": 341.24371815513416,
    "weights": {
        "alpha": 0.47,
        "beta": 0.53,
        "gamma": 0.0
    }
}