{
    "centroid_movements": [
        7.635621405063415e-16
    ],
    "sse_list": [
        1112.7014212862696,
        1112.7014212862696
    ],
    "final_iteration": 2
}