{
    "clean_state": "raw",
    "best_k": 22,
    "best_cov_type": "tied",
    "best_combined": 0.7170398463183282,
    "best_silhouette": 0.388782837387094,
    "best_db": 0.9566660369998455,
    "n_iter_final": 1,
    "ll_curve_final": [
        -4.920141361068279,
        -4.869274271184665,
        -4.839608055774025,
        -4.829270778088211,
        -4.824714406702129,
        -4.821367675200426,
        -4.815154294284897,
        -4.808315031295337,
        -4.80271631268633,
        -4.798978137960337,
        -4.796587048464683,
        -4.7927352014139775,
        -4.785075810402007,
        -4.764742881283824,
        -4.6921945865168695,
        -4.610953446790521,
        -4.604599776617145,
        -4.604491306127602
    ],
    "total_runtime_sec": 61.73815369606018
}