{
    "clean_state": "raw",
    "best_k": 15,
    "best_cov_type": "tied",
    "best_combined": 0.5461149150947401,
    "best_silhouette": 0.2951103738411253,
    "best_db": 1.0854897674443194,
    "best_sse": 1558.1582579347682,
    "weights": {
        "alpha": 0.47,
        "beta": 0.53,
        "gamma": 0.0
    },
    "n_iter_final": 1,
    "ll_curve_final": [
        -6.408755971206736,
        -6.309919066853552,
        -6.301949264817907,
        -6.298439642673483,
        -6.296609309138778,
        -6.295443054809951,
        -6.294609481295647
    ],
    "total_runtime_sec": 13.735090494155884
}