{
    "n_trials": 30,
    "avg_iterations": 12.733333333333333,
    "median_iterations": 9.0,
    "avg_auc_delta": 8.243678536992185,
    "avg_geo_decay": 0.6254832383362301,
    "best_k": 30,
    "best_combined_score": 0.5806442329747079,
    "best_sse": 998.2937326267961,
    "total_runtime_sec": 1.1796536445617676
}