{
    "n_trials": 31,
    "avg_iterations": 4.161290322580645,
    "median_iterations": 4.0,
    "avg_auc_delta": 3.757813314323504,
    "avg_geo_decay": 0.2463129919148565,
    "best_k": 15,
    "best_combined_score": 0.4466934842363487,
    "best_sse": 2178.267310758709,
    "weights": {
        "alpha": 0.47,
        "beta": 0.53,
        "gamma": 0.0
    },
    "total_runtime_sec": 0.6414239406585693
}