{
    "n_trials": 31,
    "avg_iterations": 4.612903225806452,
    "median_iterations": 4.0,
    "avg_auc_delta": 8.317485096053648,
    "avg_geo_decay": 0.38454444878285104,
    "best_k": 5,
    "best_combined_score": 0.3969896082720836,
    "best_sse": 838.557302743564,
    "weights": {
        "alpha": 0.47,
        "beta": 0.53,
        "gamma": 0.0
    },
    "total_runtime_sec": 0.9418931007385254
}