{
    "clean_state": "raw",
    "best_k": 14,
    "best_cov_type": "tied",
    "best_combined": 0.9057351469789303,
    "best_silhouette": 0.5064668077112586,
    "best_db": 0.7662814778190052,
    "n_iter_final": 1,
    "ll_curve_final": [
        -2.508796247149612,
        -2.4125376957373814,
        -2.393887966079759,
        -2.386062142249569,
        -2.380458032474739,
        -2.375766106509864,
        -2.372772777265206,
        -2.3694047637500706,
        -2.3646042993539527,
        -2.3588273827020876,
        -2.3526103301143446,
        -2.3486942059660207,
        -2.3458162324765652,
        -2.34468802005608,
        -2.344289109894636
    ],
    "total_runtime_sec": 84.5513277053833
}