{
    "n_trials": 31,
    "avg_iterations": 3.903225806451613,
    "median_iterations": 4.0,
    "avg_auc_delta": 3.2320543884349537,
    "avg_geo_decay": 0.29418824651304365,
    "best_k": 11,
    "best_combined_score": 1.159646562284021,
    "best_sse": 128.61827156408847,
    "total_runtime_sec": 3.8331687450408936
}