{
    "n_trials": 30,
    "avg_iterations": 4.066666666666666,
    "median_iterations": 4.0,
    "avg_auc_delta": 3.493096561738829,
    "avg_geo_decay": 0.14075637394239524,
    "best_k": 10,
    "best_combined_score": 0.7149853230366483,
    "best_sse": 526.3626584120473,
    "weights": {
        "alpha": 0.47,
        "beta": 0.53,
        "gamma": 0.0
    },
    "total_runtime_sec": 0.5674595832824707
}