{
    "n_trials": 30,
    "avg_iterations": 4.633333333333334,
    "median_iterations": 5.0,
    "avg_auc_delta": 2.3339383892852985,
    "avg_geo_decay": 0.39564370626039413,
    "best_k": 11,
    "best_combined_score": 1.2751242316000413,
    "best_sse": 111.74315650624646,
    "total_runtime_sec": 0.1629939079284668
}