{
    "clean_state": "raw",
    "best_k": 17,
    "best_cov_type": "spherical",
    "best_combined": 0.5307950014952202,
    "best_silhouette": 0.2192563743089517,
    "best_db": 1.1871780562356362,
    "n_iter_final": 1,
    "ll_curve_final": [
        -6.432103285974663,
        -6.368255400050522,
        -6.300875701678226,
        -6.229557204376929,
        -6.159843274129279,
        -6.109938540625042,
        -6.079538212462769,
        -6.064904185059896,
        -6.059494439132873,
        -6.056720894043541,
        -6.055090484819995,
        -6.054109137297794
    ],
    "total_runtime_sec": 64.93270754814148
}