{
    "clean_state": "raw",
    "best_k": 5,
    "best_cov_type": "tied",
    "best_combined": 0.5680159951034002,
    "best_silhouette": 0.31992404301841315,
    "best_db": 0.9780219081712606,
    "best_sse": 5873.4647411535625,
    "weights": {
        "alpha": 0.47,
        "beta": 0.53,
        "gamma": 0.0
    },
    "n_iter_final": 1,
    "ll_curve_final": [
        14.13176751801469,
        14.217471226945262,
        14.264007433774866,
        14.324969966457413,
        14.356091476776966,
        14.35617109708637
    ],
    "total_runtime_sec": 10.640020370483398
}