{
    "clean_state": "raw",
    "best_k": 18,
    "best_cov_type": "tied",
    "best_combined": 0.5717365375215935,
    "best_silhouette": 0.293494450602299,
    "best_db": 1.1765001745282657,
    "n_iter_final": 1,
    "ll_curve_final": [
        -6.048927313930005,
        -5.894877798869715,
        -5.708698147173377,
        -5.672797141960939,
        -5.667735674590538,
        -5.666750923670904
    ],
    "total_runtime_sec": 13.188283205032349
}