{
    "clean_state": "raw",
    "best_k": 8,
    "best_cov_type": "tied",
    "best_combined": 0.5068568801959868,
    "best_silhouette": 0.23514998439228665,
    "best_db": 1.2866082009860649,
    "best_sse": 1321.0127387766884,
    "weights": {
        "alpha": 0.47,
        "beta": 0.53,
        "gamma": 0.0
    },
    "n_iter_final": 1,
    "ll_curve_final": [
        -8.651352433718564,
        -8.51458777425526,
        -8.473856348714198,
        -8.433623570156591,
        -8.406230195384774,
        -8.397762844867385,
        -8.39351258791751,
        -8.391165578366639,
        -8.389745735714857,
        -8.388900932929692
    ],
    "total_runtime_sec": 16.550163507461548
}