{
    "clean_state": "raw",
    "best_k": 8,
    "linkage": "single",
    "metric": "manhattan",
    "combined": 2.055768265677849,
    "silhouette": 0.543932789829893,
    "davies_bouldin": 0.2803001881515901,
    "intra_dist_mean": 2.2468980841557613,
    "inter_dist_mean": 8.237039987564554,
    "ratio_intra_inter": 0.2727797955998304,
    "n_merge_steps": 136,
    "h_max": 14.729765666051936,
    "total_runtime_sec": 0.7962648868560791
}