{
    "clean_state": "raw",
    "best_k": 8,
    "linkage": "single",
    "metric": "manhattan",
    "combined": 2.0557682496528393,
    "silhouette": 0.5439327898298789,
    "davies_bouldin": 0.2803001906697012,
    "intra_dist_mean": 2.246898084155762,
    "inter_dist_mean": 8.237039987564554,
    "ratio_intra_inter": 0.2727797955998305,
    "n_merge_steps": 136,
    "total_runtime_sec": 1.404383659362793
}