{
    "clean_state": "raw",
    "best_k": 5,
    "linkage": "single",
    "metric": "manhattan",
    "combined": 1.5992245616092664,
    "silhouette": 0.4122932710383279,
    "davies_bouldin": 0.35891746659379675,
    "intra_dist_mean": 3.1434930190749903,
    "inter_dist_mean": 6.901101230730055,
    "ratio_intra_inter": 0.45550600027091476,
    "n_merge_steps": 2375,
    "h_max": 5.560232836399416,
    "total_runtime_sec": 129.72240352630615
}