{
    "clean_state": "raw",
    "best_k": 5,
    "linkage": "single",
    "metric": "manhattan",
    "combined": 1.5992245803065033,
    "silhouette": 0.4122932710380306,
    "davies_bouldin": 0.35891746177653705,
    "intra_dist_mean": 3.1434930190767343,
    "inter_dist_mean": 6.901101230730055,
    "ratio_intra_inter": 0.4555060002711675,
    "n_merge_steps": 2375,
    "total_runtime_sec": 120.19938588142395
}