{
    "n_trials": 30,
    "avg_iterations": 10.733333333333333,
    "median_iterations": 10.0,
    "avg_auc_delta": 16.324488986672772,
    "avg_geo_decay": 0.6128265947140549,
    "best_k": 31,
    "best_combined_score": 0.4391509216330801,
    "best_sse": 8216.781082568385,
    "weights": {
        "alpha": 0.47,
        "beta": 0.53,
        "gamma": 0.0
    },
    "total_runtime_sec": 12.972049474716187
}