{
    "n_trials": 31,
    "avg_iterations": 11.516129032258064,
    "median_iterations": 11.0,
    "avg_auc_delta": 9.903807898799197,
    "avg_geo_decay": 0.6027758413664718,
    "best_k": 25,
    "best_combined_score": 0.5872191850815307,
    "best_sse": 779.1184189467982,
    "total_runtime_sec": 4.418539047241211
}