{
    "n_trials": 30,
    "avg_iterations": 10.233333333333333,
    "median_iterations": 10.5,
    "avg_auc_delta": 8.067504617277885,
    "avg_geo_decay": 0.582896104042725,
    "best_k": 25,
    "best_combined_score": 0.5987882676362157,
    "best_sse": 702.884318117847,
    "total_runtime_sec": 0.4611368179321289
}