{
    "n_trials": 30,
    "avg_iterations": 9.133333333333333,
    "median_iterations": 8.0,
    "avg_auc_delta": 4.614563656301659,
    "avg_geo_decay": 0.5763088006901415,
    "best_k": 48,
    "best_combined_score": 0.6756107848530529,
    "best_sse": 556.7081349252935,
    "weights": {
        "alpha": 0.47,
        "beta": 0.53,
        "gamma": 0.0
    },
    "total_runtime_sec": 11.221452474594116
}