{
    "n_trials": 31,
    "avg_iterations": 10.35483870967742,
    "median_iterations": 10.0,
    "avg_auc_delta": 7.79748276462695,
    "avg_geo_decay": 0.6429465585566154,
    "best_k": 15,
    "best_combined_score": 0.5393231362177917,
    "best_sse": 460.1628335701687,
    "weights": {
        "alpha": 0.47,
        "beta": 0.53,
        "gamma": 0.0
    },
    "total_runtime_sec": 3.714806079864502
}