{
    "clean_state": "raw",
    "best_k": 9,
    "linkage": "single",
    "metric": "euclidean",
    "combined": 0.8796387014665816,
    "silhouette": 0.13893345293722975,
    "davies_bouldin": 0.6171529199109298,
    "intra_dist_mean": 3.2211610087379783,
    "inter_dist_mean": 4.835208899732348,
    "ratio_intra_inter": 0.6661885919583782,
    "n_merge_steps": 875,
    "total_runtime_sec": 35.3582718372345
}