{
    "clean_state": "raw",
    "best_k": 9,
    "linkage": "single",
    "metric": "euclidean",
    "combined": 0.8796387014665943,
    "silhouette": 0.13893345293725456,
    "davies_bouldin": 0.6171529199109296,
    "intra_dist_mean": 3.2211610087378633,
    "inter_dist_mean": 4.835208899732348,
    "ratio_intra_inter": 0.6661885919583544,
    "n_merge_steps": 875,
    "h_max": 2.4612455840369813,
    "total_runtime_sec": 13.197498798370361
}