{
    "n_trials": 31,
    "avg_iterations": 12.903225806451612,
    "median_iterations": 12.0,
    "avg_auc_delta": 19.149487548637406,
    "avg_geo_decay": 0.6401077721519949,
    "best_k": 18,
    "best_combined_score": 0.4638755112775262,
    "best_sse": 8592.11320037021,
    "weights": {
        "alpha": 0.47,
        "beta": 0.53,
        "gamma": 0.0
    },
    "total_runtime_sec": 6.265246391296387
}