{
    "core_count": 2335,
    "border_count": 9,
    "noise_count": 32,
    "noise_ratio": 0.013468013468013467,
    "neighbor_hist": [
        0,
        9,
        4,
        4,
        13,
        4,
        7,
        10,
        9,
        5,
        14,
        7,
        15,
        21,
        20,
        17,
        4,
        0,
        0,
        0,
        0,
        1,
        0,
        3,
        0,
        1,
        1,
        2,
        0,
        2,
        0,
        1,
        1,
        1,
        1,
        4,
        2,
        2,
        4,
        6,
        5,
        1,
        0,
        1,
        3,
        3,
        4,
        0,
        1,
        2163
    ],
    "combined_score": 0.6052198084973018,
    "silhouette": 0.6276299670241939,
    "davies_bouldin": 1.0278592570723606,
    "sse": 1521.180437834153,
    "weights": {
        "alpha": 0.47,
        "beta": 0.53,
        "gamma": 0.0
    }
}