{
    "n_trials": 31,
    "avg_iterations": 7.580645161290323,
    "median_iterations": 6.0,
    "avg_auc_delta": 5.700863036475761,
    "avg_geo_decay": 0.3309154502494939,
    "best_k": 27,
    "best_combined_score": 0.5950200593704296,
    "best_sse": 1704.1173527039534,
    "weights": {
        "alpha": 0.47,
        "beta": 0.53,
        "gamma": 0.0
    },
    "total_runtime_sec": 26.524093627929688
}