{
    "n_trials": 31,
    "avg_iterations": 3.6774193548387095,
    "median_iterations": 4.0,
    "avg_auc_delta": 6.185077812970928,
    "avg_geo_decay": 0.47455985620277835,
    "best_k": 7,
    "best_combined_score": 0.6464612980323118,
    "best_sse": 170.8720847392938,
    "weights": {
        "alpha": 0.47,
        "beta": 0.53,
        "gamma": 0.0
    },
    "total_runtime_sec": 1.199174165725708
}