{
    "clean_state": "raw",
    "best_k": 45,
    "best_cov_type": "spherical",
    "best_combined": 0.6361211079658502,
    "best_silhouette": 0.5090479566295363,
    "best_db": 0.7907894351236483,
    "best_sse": 835.3947208584099,
    "weights": {
        "alpha": 0.47,
        "beta": 0.53,
        "gamma": 0.0
    },
    "n_iter_final": 1,
    "ll_curve_final": [
        -1.7122942724660057,
        -1.5609263828493307,
        -1.4588812764571115,
        -1.36810601217023,
        -1.2069097925963572,
        -1.0840655269447883,
        -0.9129396694942795,
        -0.7966008902569931,
        -0.5825430690661947,
        -0.5685357562496397,
        -0.5681692719286849
    ],
    "total_runtime_sec": 26.50547766685486
}