{
    "clean_state": "raw",
    "best_k": 8,
    "linkage": "single",
    "metric": "manhattan",
    "combined": 2.4457011751441025,
    "silhouette": 0.6646014918069292,
    "davies_bouldin": 0.2365855486173314,
    "intra_dist_mean": 1.1011852650482743,
    "inter_dist_mean": 5.04195894350827,
    "ratio_intra_inter": 0.21840425068630862,
    "n_merge_steps": 74,
    "h_max": 8.980029799164527,
    "total_runtime_sec": 0.3730921745300293
}