{
    "clean_state": "raw",
    "best_k": 8,
    "linkage": "single",
    "metric": "manhattan",
    "combined": 2.4457011536789404,
    "silhouette": 0.6646014918069292,
    "davies_bouldin": 0.23658555102025852,
    "intra_dist_mean": 1.1011852650482739,
    "inter_dist_mean": 5.04195894350827,
    "ratio_intra_inter": 0.21840425068630853,
    "n_merge_steps": 74,
    "total_runtime_sec": 0.8502025604248047
}