{
    "n_trials": 31,
    "avg_iterations": 6.67741935483871,
    "median_iterations": 6.0,
    "avg_auc_delta": 11.161486132961679,
    "avg_geo_decay": 0.437356415329753,
    "best_k": 12,
    "best_combined_score": 0.6372171072456879,
    "best_sse": 1144.6853117532416,
    "weights": {
        "alpha": 0.47,
        "beta": 0.53,
        "gamma": 0.0
    },
    "total_runtime_sec": 4.519864559173584
}