{
    "clean_state": "raw",
    "best_k": 7,
    "linkage": "single",
    "metric": "euclidean",
    "combined": 1.0532919814101984,
    "silhouette": 0.33990549132271763,
    "davies_bouldin": 0.5660339536216019,
    "intra_dist_mean": 3.024640166405642,
    "inter_dist_mean": 5.191320917368729,
    "ratio_intra_inter": 0.5826340183064868,
    "n_merge_steps": 2375,
    "total_runtime_sec": 157.87087750434875
}