{
    "clean_state": "raw",
    "best_k": 35,
    "best_cov_type": "tied",
    "best_combined": 0.6024432199861605,
    "best_silhouette": 0.28824677394014686,
    "best_db": 1.090941224842107,
    "n_iter_final": 1,
    "ll_curve_final": [
        -6.038613934411722,
        -5.966379271883363,
        -5.939656461077783,
        -5.914109791934352,
        -5.883338486607758,
        -5.854218545698236,
        -5.845255739396447,
        -5.8380714209672,
        -5.820255951441637,
        -5.799543650566752,
        -5.778769229186233,
        -5.773612230779286,
        -5.769547829040722,
        -5.767053203111563,
        -5.765015543459649,
        -5.763263377562508,
        -5.760319247031485,
        -5.7512578917535135,
        -5.745087032358223,
        -5.738346011173127,
        -5.731809187574788,
        -5.726043694719975,
        -5.717598660898655,
        -5.694928966318216,
        -5.681392110698676,
        -5.681322204706445
    ],
    "total_runtime_sec": 22.007059574127197
}