{
    "n_trials": 31,
    "avg_iterations": 9.96774193548387,
    "median_iterations": 10.0,
    "avg_auc_delta": 7.630314473319983,
    "avg_geo_decay": 0.5468489686942405,
    "best_k": 35,
    "best_combined_score": 0.5698822402265507,
    "best_sse": 2048.1398508413126,
    "weights": {
        "alpha": 0.47,
        "beta": 0.53,
        "gamma": 0.0
    },
    "total_runtime_sec": 42.00172829627991
}