{
    "n_trials": 31,
    "avg_iterations": 8.32258064516129,
    "median_iterations": 7.0,
    "avg_auc_delta": 6.988834574776867,
    "avg_geo_decay": 0.5157619969209688,
    "best_k": 22,
    "best_combined_score": 0.5375829861320345,
    "best_sse": 1518.7608487056007,
    "weights": {
        "alpha": 0.47,
        "beta": 0.53,
        "gamma": 0.0
    },
    "total_runtime_sec": 39.91773796081543
}