{
    "n_trials": 30,
    "avg_iterations": 12.766666666666667,
    "median_iterations": 13.0,
    "avg_auc_delta": 7.969906372968654,
    "avg_geo_decay": 0.6269142941405227,
    "best_k": 33,
    "best_combined_score": 0.5425517889074142,
    "best_sse": 1402.1565290729923,
    "total_runtime_sec": 1.4304392337799072
}