{
    "n_trials": 31,
    "avg_iterations": 13.096774193548388,
    "median_iterations": 13.0,
    "avg_auc_delta": 11.83547054848218,
    "avg_geo_decay": 0.6256704726627283,
    "best_k": 33,
    "best_combined_score": 0.4932338708962287,
    "best_sse": 1509.8293395859123,
    "total_runtime_sec": 6.853233098983765
}