{
    "clean_state": "raw",
    "best_k": 11,
    "best_cov_type": "tied",
    "best_combined": 0.724442638476108,
    "best_silhouette": 0.6257594163836264,
    "best_db": 0.5135475637900722,
    "best_sse": 403.8613903768996,
    "weights": {
        "alpha": 0.47,
        "beta": 0.53,
        "gamma": 0.0
    },
    "n_iter_final": 1,
    "ll_curve_final": [
        13.61032272177841,
        13.914007997781876,
        13.941427624056754,
        13.99442763486064,
        14.11807756998963,
        14.301369421669255,
        14.388620541987873,
        14.39677187260231,
        14.401426115980152,
        14.403221850981677,
        14.403791107859618
    ],
    "total_runtime_sec": 12.27617883682251
}