{
    "clean_state": "raw",
    "best_k": 9,
    "best_cov_type": "tied",
    "best_combined": 0.7342511357577718,
    "best_silhouette": 0.5949935418321317,
    "best_db": 0.45771275562581315,
    "best_sse": 118.5876896152084,
    "weights": {
        "alpha": 0.47,
        "beta": 0.53,
        "gamma": 0.0
    },
    "n_iter_final": 1,
    "ll_curve_final": [
        7.090750693291706,
        7.090824711811153
    ],
    "total_runtime_sec": 1.5033411979675293
}