{
    "clean_state": "raw",
    "best_k": 5,
    "linkage": "single",
    "metric": "euclidean",
    "combined": 0.9877382281433739,
    "silhouette": 0.35362799850300614,
    "davies_bouldin": 0.6165804179796808,
    "intra_dist_mean": 3.0121937081146526,
    "inter_dist_mean": 5.419599888733195,
    "ratio_intra_inter": 0.555796326288984,
    "n_merge_steps": 1255,
    "h_max": 2.9260704432595834,
    "total_runtime_sec": 44.61201572418213
}