{
    "clean_state": "raw",
    "best_k": 5,
    "linkage": "single",
    "metric": "euclidean",
    "combined": 0.987738228143203,
    "silhouette": 0.3536279985026636,
    "davies_bouldin": 0.6165804179796804,
    "intra_dist_mean": 3.012193708116448,
    "inter_dist_mean": 5.419599888733195,
    "ratio_intra_inter": 0.5557963262893153,
    "n_merge_steps": 1255,
    "total_runtime_sec": 51.52282929420471
}