{
    "n_trials": 31,
    "avg_iterations": 12.129032258064516,
    "median_iterations": 12.0,
    "avg_auc_delta": 10.925204578305703,
    "avg_geo_decay": 0.5903334647520057,
    "best_k": 30,
    "best_combined_score": 0.7102655254860304,
    "best_sse": 912.6415334551734,
    "total_runtime_sec": 6.70058274269104
}