{
    "n_trials": 30,
    "avg_iterations": 12.033333333333333,
    "median_iterations": 11.5,
    "avg_auc_delta": 6.929430717331714,
    "avg_geo_decay": 0.6071217958778488,
    "best_k": 30,
    "best_combined_score": 0.6621128881364483,
    "best_sse": 880.2987204306869,
    "total_runtime_sec": 1.2006583213806152
}