{
    "n_trials": 30,
    "avg_iterations": 15.7,
    "median_iterations": 14.0,
    "avg_auc_delta": 7.94116916515817,
    "avg_geo_decay": 0.6383104508929909,
    "best_k": 29,
    "best_combined_score": 0.5898095440330726,
    "best_sse": 843.2513453059189,
    "weights": {
        "alpha": 0.47,
        "beta": 0.53,
        "gamma": 0.0
    },
    "total_runtime_sec": 1.9142823219299316
}