{
    "n_trials": 20,
    "avg_iterations": 8.85,
    "median_iterations": 8.0,
    "avg_auc_delta": 6.4802123083744245,
    "avg_geo_decay": 0.5339278199756772,
    "best_k": 8,
    "best_combined_score": 0.5328593059864275,
    "best_sse": 1197.0834808438995,
    "weights": {
        "alpha": 0.47,
        "beta": 0.53,
        "gamma": 0.0
    },
    "total_runtime_sec": 0.49635767936706543
}