{
    "n_trials": 30,
    "avg_iterations": 12.133333333333333,
    "median_iterations": 11.0,
    "avg_auc_delta": 6.769176069865328,
    "avg_geo_decay": 0.6245240696793976,
    "best_k": 35,
    "best_combined_score": 0.6005517786190201,
    "best_sse": 1503.8303420862392,
    "total_runtime_sec": 1.4793026447296143
}