{
    "centroid_movements": [
        1.2013157339517858e-15
    ],
    "sse_list": [
        1580.7693071494054,
        1580.7693071494057
    ],
    "final_iteration": 2
}