{
    "clean_state": "raw",
    "best_k": 7,
    "linkage": "single",
    "metric": "manhattan",
    "combined": 0.7569479795869932,
    "silhouette": 0.5704897413367572,
    "davies_bouldin": 0.3633119614724988,
    "sse": 250.29971923027355,
    "weights": {
        "alpha": 0.47,
        "beta": 0.53,
        "gamma": 0.0
    },
    "intra_dist_mean": 2.221032274886445,
    "inter_dist_mean": 6.964684482411986,
    "ratio_intra_inter": 0.3188991950022904,
    "n_merge_steps": 77,
    "h_max": 8.038900099427483,
    "total_runtime_sec": 1.0639348030090332
}