{
    "clean_state": "raw",
    "best_k": 8,
    "linkage": "single",
    "metric": "euclidean",
    "combined": 0.8341901527055279,
    "silhouette": 0.21869416747114143,
    "davies_bouldin": 0.6898044851425953,
    "intra_dist_mean": 4.163158785130483,
    "inter_dist_mean": 7.377774889697338,
    "ratio_intra_inter": 0.5642837911662966,
    "n_merge_steps": 157,
    "total_runtime_sec": 1.3605687618255615
}