{
    "clean_state": "raw",
    "best_k": 5,
    "linkage": "single",
    "metric": "euclidean",
    "combined": 0.9590093472667696,
    "silhouette": 0.23332532234221534,
    "davies_bouldin": 0.5935798267546304,
    "intra_dist_mean": 4.461600909300268,
    "inter_dist_mean": 10.070033730180297,
    "ratio_intra_inter": 0.44305719611725103,
    "n_merge_steps": 157,
    "h_max": 15.66126803123084,
    "total_runtime_sec": 0.9237451553344727
}