{
    "clean_state": "raw",
    "best_k": 10,
    "best_cov_type": "tied",
    "best_combined": 0.6500981321981459,
    "best_silhouette": 0.32802916226296464,
    "best_db": 1.0286297466820222,
    "n_iter_final": 1,
    "ll_curve_final": [
        -7.213516563965498,
        -6.904664110202409,
        -6.049056324894944,
        -5.419749684052748,
        -5.409806799229719,
        -5.400462828662509,
        -5.390140611374591,
        -5.381000979214355,
        -5.3740376378924,
        -5.367197821613553,
        -5.358424466956112,
        -5.350634453355029,
        -5.346556469917233,
        -5.344690648620883,
        -5.343659652903468,
        -5.342986810487272
    ],
    "total_runtime_sec": 20.629096508026123
}