{
    "clean_state": "raw",
    "best_k": 8,
    "best_cov_type": "full",
    "best_combined": 0.40476602810239604,
    "best_silhouette": 0.1016036310117948,
    "best_db": 2.051436972435842,
    "best_sse": 849.4617449819835,
    "weights": {
        "alpha": 0.47,
        "beta": 0.53,
        "gamma": 0.0
    },
    "n_iter_final": 1,
    "ll_curve_final": [
        41.35800224955538,
        41.35800224955538
    ],
    "total_runtime_sec": 0.7867190837860107
}