{
    "clean_state": "raw",
    "best_k": 10,
    "linkage": "single",
    "metric": "manhattan",
    "combined": 2.8388622676732873,
    "silhouette": 0.6421401171805264,
    "davies_bouldin": 0.1985866816952695,
    "intra_dist_mean": 2.811030650299978,
    "inter_dist_mean": 11.538426826341645,
    "ratio_intra_inter": 0.2436233892719494,
    "n_merge_steps": 347,
    "h_max": 19.102970145426816,
    "total_runtime_sec": 1.7637927532196045
}