{
    "clean_state": "raw",
    "best_k": 10,
    "linkage": "single",
    "metric": "manhattan",
    "combined": 2.8388622441568394,
    "silhouette": 0.6421401171805264,
    "davies_bouldin": 0.19858668355009032,
    "intra_dist_mean": 2.811030650299978,
    "inter_dist_mean": 11.538426826341645,
    "ratio_intra_inter": 0.2436233892719494,
    "n_merge_steps": 347,
    "total_runtime_sec": 6.478726863861084
}