{
    "n_trials": 31,
    "avg_iterations": 12.161290322580646,
    "median_iterations": 10.0,
    "avg_auc_delta": 18.932016292227743,
    "avg_geo_decay": 0.5893837180993197,
    "best_k": 45,
    "best_combined_score": 0.6312304512022493,
    "best_sse": 1314.50836991219,
    "weights": {
        "alpha": 0.47,
        "beta": 0.53,
        "gamma": 0.0
    },
    "total_runtime_sec": 12.339508771896362
}