{
    "n_trials": 31,
    "avg_iterations": 9.903225806451612,
    "median_iterations": 9.0,
    "avg_auc_delta": 8.555754675205108,
    "avg_geo_decay": 0.5088370729270593,
    "best_k": 10,
    "best_combined_score": 0.6026154893522321,
    "best_sse": 1142.6377341606803,
    "weights": {
        "alpha": 0.47,
        "beta": 0.53,
        "gamma": 0.0
    },
    "total_runtime_sec": 11.059367656707764
}