{
    "clean_state": "raw",
    "best_k": 5,
    "linkage": "single",
    "metric": "euclidean",
    "combined": 3.572573546118266,
    "silhouette": 0.7210911715064858,
    "davies_bouldin": 0.15566489649834142,
    "intra_dist_mean": 3.3500645805636555,
    "inter_dist_mean": 22.34806935467399,
    "ratio_intra_inter": 0.14990398174430475,
    "n_merge_steps": 2409,
    "total_runtime_sec": 134.506249666214
}