{
    "n_trials": 31,
    "avg_iterations": 9.870967741935484,
    "median_iterations": 8.0,
    "avg_auc_delta": 7.123500104366919,
    "avg_geo_decay": 0.5102945879477981,
    "best_k": 13,
    "best_combined_score": 0.5590039072452289,
    "best_sse": 1322.3622962635238,
    "weights": {
        "alpha": 0.47,
        "beta": 0.53,
        "gamma": 0.0
    },
    "total_runtime_sec": 5.420647859573364
}