{
    "clean_state": "raw",
    "best_k": 5,
    "linkage": "single",
    "metric": "manhattan",
    "combined": 0.7419829769384966,
    "silhouette": 0.46365670065307163,
    "davies_bouldin": 0.33115606360584565,
    "sse": 6324.5649072531505,
    "weights": {
        "alpha": 0.47,
        "beta": 0.53,
        "gamma": 0.0
    },
    "intra_dist_mean": 3.4243631851433776,
    "inter_dist_mean": 9.771595200135978,
    "ratio_intra_inter": 0.35044054885689235,
    "n_merge_steps": 914,
    "h_max": 10.953957523478415,
    "total_runtime_sec": 25.019083499908447
}