{
    "clean_state": "raw",
    "best_k": 19,
    "linkage": "single",
    "metric": "manhattan",
    "combined": 0.8614120787461663,
    "silhouette": 0.025275981947224434,
    "davies_bouldin": 0.589084901628129,
    "intra_dist_mean": 3.078257439672864,
    "inter_dist_mean": 4.660071566000474,
    "ratio_intra_inter": 0.6605601214648578,
    "n_merge_steps": 614,
    "total_runtime_sec": 12.843290328979492
}