{
    "clean_state": "raw",
    "best_k": 5,
    "linkage": "single",
    "metric": "manhattan",
    "combined": 1.7238483996856897,
    "silhouette": 0.4186802438765112,
    "davies_bouldin": 0.33014015660823093,
    "intra_dist_mean": 3.2902852259551643,
    "inter_dist_mean": 9.995263803247402,
    "ratio_intra_inter": 0.3291844308187084,
    "n_merge_steps": 405,
    "total_runtime_sec": 10.773701906204224
}