{
    "clean_state": "raw",
    "best_k": 7,
    "linkage": "single",
    "metric": "manhattan",
    "combined": 0.5917212605704419,
    "silhouette": 0.20553369256263773,
    "davies_bouldin": 0.7174476694643773,
    "sse": 2140.062309425914,
    "weights": {
        "alpha": 0.47,
        "beta": 0.53,
        "gamma": 0.0
    },
    "intra_dist_mean": 5.400843004572021,
    "inter_dist_mean": 8.249830231327191,
    "ratio_intra_inter": 0.654661108547746,
    "n_merge_steps": 142,
    "h_max": 14.399614201523459,
    "total_runtime_sec": 1.3669309616088867
}