{
    "clean_state": "raw",
    "best_k": 5,
    "linkage": "single",
    "metric": "manhattan",
    "combined": 1.7238484151910356,
    "silhouette": 0.4186802438765801,
    "davies_bouldin": 0.3301401532283049,
    "intra_dist_mean": 3.290285225954789,
    "inter_dist_mean": 9.995263803247402,
    "ratio_intra_inter": 0.3291844308186709,
    "n_merge_steps": 405,
    "h_max": 17.461853975794114,
    "total_runtime_sec": 2.2664129734039307
}