{
    "n_trials": 31,
    "avg_iterations": 5.516129032258065,
    "median_iterations": 5.0,
    "avg_auc_delta": 5.826601538067495,
    "avg_geo_decay": 0.39692642515974114,
    "best_k": 13,
    "best_combined_score": 0.7641169921220563,
    "best_sse": 277.65675892370155,
    "weights": {
        "alpha": 0.47,
        "beta": 0.53,
        "gamma": 0.0
    },
    "total_runtime_sec": 4.809131383895874
}