{
    "n_trials": 31,
    "avg_iterations": 7.225806451612903,
    "median_iterations": 6.0,
    "avg_auc_delta": 6.979548017542462,
    "avg_geo_decay": 0.4078523744263827,
    "best_k": 9,
    "best_combined_score": 0.543742165482511,
    "best_sse": 2828.8190574331834,
    "weights": {
        "alpha": 0.47,
        "beta": 0.53,
        "gamma": 0.0
    },
    "total_runtime_sec": 3.7433440685272217
}