{
    "clean_state": "raw",
    "best_k": 5,
    "linkage": "single",
    "metric": "euclidean",
    "combined": 0.7473530376882205,
    "silhouette": 0.45218370507471484,
    "davies_bouldin": 0.3033107287844065,
    "sse": 4620.238340248576,
    "weights": {
        "alpha": 0.47,
        "beta": 0.53,
        "gamma": 0.0
    },
    "intra_dist_mean": 3.3830842167325987,
    "inter_dist_mean": 9.705985982945354,
    "ratio_intra_inter": 0.3485564704788115,
    "n_merge_steps": 717,
    "h_max": 14.438287267444055,
    "total_runtime_sec": 13.739282369613647
}