{
    "clean_state": "raw",
    "best_k": 5,
    "linkage": "average",
    "metric": "euclidean",
    "combined": 1.6508246591219722,
    "silhouette": 0.624769126922632,
    "davies_bouldin": 0.37356920315002906,
    "intra_dist_mean": 2.2170049882872207,
    "inter_dist_mean": 6.469798384725535,
    "ratio_intra_inter": 0.3426698726070007,
    "n_merge_steps": 1857,
    "h_max": 20.425635448105183,
    "total_runtime_sec": 78.13764333724976
}