{
    "clean_state": "raw",
    "best_k": 6,
    "linkage": "single",
    "metric": "euclidean",
    "combined": 1.6817635794263308,
    "silhouette": 0.6158004951227608,
    "davies_bouldin": 0.36393721879255275,
    "intra_dist_mean": 2.2168467034312167,
    "inter_dist_mean": 6.4687778527578645,
    "ratio_intra_inter": 0.3426994640859023,
    "n_merge_steps": 1857,
    "total_runtime_sec": 86.32250952720642
}