{
    "clean_state": "raw",
    "best_k": 41,
    "best_cov_type": "spherical",
    "best_combined": 0.5407236923975984,
    "best_silhouette": 0.2888654987422781,
    "best_db": 1.1133014997014676,
    "best_sse": 1924.1328975199997,
    "weights": {
        "alpha": 0.47,
        "beta": 0.53,
        "gamma": 0.0
    },
    "n_iter_final": 1,
    "ll_curve_final": [
        -5.366639541448928,
        -5.200823076268276,
        -5.135361769064003,
        -5.092350557291019,
        -5.071190825598195,
        -5.060420663415774,
        -5.048683782463496,
        -5.038472481268451,
        -5.031406301702195,
        -5.025439101227041,
        -5.017264456042748,
        -5.014936246949882,
        -5.0124774463653035,
        -5.010169073979634,
        -5.008184249176629,
        -5.006285180382523,
        -5.0046664338333935,
        -5.003458503956969,
        -5.00302312934799
    ],
    "total_runtime_sec": 20.776293754577637
}