{
    "clean_state": "raw",
    "best_k": 16,
    "best_cov_type": "full",
    "best_combined": 0.31844538623698415,
    "best_silhouette": 0.09851699441720846,
    "best_db": 1.8574455903284568,
    "n_iter_final": 1,
    "ll_curve_final": [
        3.2841658804618947,
        3.5250288814487747,
        3.742706213350412,
        3.785353391847978,
        3.799692982063405,
        3.7997004061509703
    ],
    "total_runtime_sec": 5.283563852310181
}