{
    "clean_state": "raw",
    "best_k": 5,
    "linkage": "single",
    "metric": "euclidean",
    "combined": 1.2282043314221252,
    "silhouette": 0.29526675883360626,
    "davies_bouldin": 0.4627183426244253,
    "intra_dist_mean": 5.602550366160899,
    "inter_dist_mean": 10.262798200246635,
    "ratio_intra_inter": 0.5459086554021605,
    "n_merge_steps": 404,
    "h_max": 10.87425336656404,
    "total_runtime_sec": 2.4586756229400635
}