{
    "clean_state": "raw",
    "best_k": 5,
    "linkage": "single",
    "metric": "euclidean",
    "combined": 0.6580188097165807,
    "silhouette": 0.32139120704323976,
    "davies_bouldin": 0.5251734531468515,
    "sse": 10333.131284865449,
    "weights": {
        "alpha": 0.47,
        "beta": 0.53,
        "gamma": 0.0
    },
    "intra_dist_mean": 3.174292025451619,
    "inter_dist_mean": 5.527165864998231,
    "ratio_intra_inter": 0.5743073580535764,
    "n_merge_steps": 1746,
    "h_max": 2.765484630077595,
    "total_runtime_sec": 86.82924795150757
}