{
    "core_count": 2268,
    "border_count": 39,
    "noise_count": 51,
    "noise_ratio": 0.021628498727735368,
    "neighbor_hist": [
        0,
        23,
        29,
        18,
        20,
        29,
        14,
        17,
        20,
        11,
        5,
        16,
        12,
        10,
        8,
        7,
        13,
        15,
        14,
        7,
        9,
        9,
        5,
        11,
        11,
        6,
        7,
        10,
        11,
        11,
        3,
        8,
        8,
        18,
        22,
        19,
        4,
        9,
        8,
        10,
        3,
        7,
        12,
        5,
        3,
        1,
        2,
        9,
        3,
        1826
    ],
    "combined_score": 0.5210243319648539,
    "silhouette": 0.44377403152797484,
    "davies_bouldin": 1.392876880935324,
    "sse": 13511.865298501878,
    "weights": {
        "alpha": 0.47,
        "beta": 0.53,
        "gamma": 0.0
    }
}