{
    "n_trials": 31,
    "avg_iterations": 10.709677419354838,
    "median_iterations": 10.0,
    "avg_auc_delta": 14.381846643072484,
    "avg_geo_decay": 0.6087438169488483,
    "best_k": 49,
    "best_combined_score": 0.8115806088363136,
    "best_sse": 1665.194639318867,
    "total_runtime_sec": 12.50100827217102
}