{
    "n_trials": 30,
    "avg_iterations": 15.033333333333333,
    "median_iterations": 15.0,
    "avg_auc_delta": 19.09009093178014,
    "avg_geo_decay": 0.7049285862674878,
    "best_k": 25,
    "best_combined_score": 0.39851903727884763,
    "best_sse": 9903.948138735224,
    "weights": {
        "alpha": 0.47,
        "beta": 0.53,
        "gamma": 0.0
    },
    "total_runtime_sec": 5.953300952911377
}