{
    "n_trials": 30,
    "avg_iterations": 7.666666666666667,
    "median_iterations": 7.0,
    "avg_auc_delta": 6.369044959509382,
    "avg_geo_decay": 0.5308324203960277,
    "best_k": 49,
    "best_combined_score": 0.842469139703921,
    "best_sse": 1525.7087520318507,
    "total_runtime_sec": 3.969245672225952
}