{
    "n_trials": 31,
    "avg_iterations": 12.193548387096774,
    "median_iterations": 10.0,
    "avg_auc_delta": 19.47665365028172,
    "avg_geo_decay": 0.6091880542325283,
    "best_k": 17,
    "best_combined_score": 0.5393362722241336,
    "best_sse": 2346.445031983445,
    "weights": {
        "alpha": 0.47,
        "beta": 0.53,
        "gamma": 0.0
    },
    "total_runtime_sec": 140.01177215576172
}