{
    "clean_state": "raw",
    "best_k": 5,
    "linkage": "single",
    "metric": "euclidean",
    "combined": 0.784851453577022,
    "silhouette": 0.5520639039889155,
    "davies_bouldin": 0.2612854512888462,
    "sse": 16894.336236991578,
    "weights": {
        "alpha": 0.47,
        "beta": 0.53,
        "gamma": 0.0
    },
    "intra_dist_mean": 3.347060850023354,
    "inter_dist_mean": 12.690309689427263,
    "ratio_intra_inter": 0.26374934354924706,
    "n_merge_steps": 2384,
    "h_max": 7.495389265164029,
    "total_runtime_sec": 120.66621494293213
}