{
    "n_trials": 30,
    "avg_iterations": 20.333333333333332,
    "median_iterations": 15.0,
    "avg_auc_delta": 7.4309173628937195,
    "avg_geo_decay": 0.6027711331255128,
    "best_k": 49,
    "best_combined_score": 0.6391118670973317,
    "best_sse": 1101.9655655816625,
    "total_runtime_sec": 6.973990440368652
}