{
    "n_trials": 31,
    "avg_iterations": 15.64516129032258,
    "median_iterations": 15.0,
    "avg_auc_delta": 11.09198967497267,
    "avg_geo_decay": 0.6100239274242278,
    "best_k": 49,
    "best_combined_score": 0.6281456603482081,
    "best_sse": 1280.322705908426,
    "total_runtime_sec": 16.391982555389404
}