{
    "n_trials": 31,
    "avg_iterations": 11.774193548387096,
    "median_iterations": 11.0,
    "avg_auc_delta": 21.03224521022061,
    "avg_geo_decay": 0.6104689700906327,
    "best_k": 31,
    "best_combined_score": 0.5254165442994985,
    "best_sse": 4742.900287413791,
    "total_runtime_sec": 10.792511463165283
}