{
    "n_trials": 30,
    "avg_iterations": 11.066666666666666,
    "median_iterations": 10.0,
    "avg_auc_delta": 5.238223051477892,
    "avg_geo_decay": 0.5725619795774458,
    "best_k": 48,
    "best_combined_score": 0.6263956259074386,
    "best_sse": 932.868428051649,
    "weights": {
        "alpha": 0.47,
        "beta": 0.53,
        "gamma": 0.0
    },
    "total_runtime_sec": 5.736917972564697
}