{
    "clean_state": "raw",
    "best_k": 6,
    "linkage": "single",
    "metric": "manhattan",
    "combined": 1.0404451679233917,
    "silhouette": 0.2795677817468871,
    "davies_bouldin": 0.5551476595482315,
    "intra_dist_mean": 3.0783942814277685,
    "inter_dist_mean": 5.178792156279535,
    "ratio_intra_inter": 0.5944232146282358,
    "n_merge_steps": 2022,
    "h_max": 4.324366496327015,
    "total_runtime_sec": 90.17768907546997
}