{
    "clean_state": "raw",
    "best_k": 8,
    "linkage": "single",
    "metric": "euclidean",
    "combined": 0.9459884475591991,
    "silhouette": 0.30428369356714124,
    "davies_bouldin": 0.6298446066424855,
    "intra_dist_mean": 2.8990152219786807,
    "inter_dist_mean": 5.420883975399221,
    "ratio_intra_inter": 0.5347864361484785,
    "n_merge_steps": 2022,
    "total_runtime_sec": 101.42693853378296
}