{
    "clean_state": "raw",
    "best_k": 14,
    "best_cov_type": "tied",
    "best_combined": 0.583594094914906,
    "best_silhouette": 0.372051148024143,
    "best_db": 0.940403928827463,
    "best_sse": 2647.6362738021962,
    "weights": {
        "alpha": 0.47,
        "beta": 0.53,
        "gamma": 0.0
    },
    "n_iter_final": 1,
    "ll_curve_final": [
        -5.714670603093881,
        -5.675342485538039,
        -5.665371903019507,
        -5.662398245662033,
        -5.661777568030183
    ],
    "total_runtime_sec": 28.30928349494934
}