{
    "clean_state": "raw",
    "best_k": 15,
    "best_cov_type": "full",
    "best_combined": 0.379648370344178,
    "best_silhouette": 0.11559608265860347,
    "best_db": 1.5535171317997611,
    "n_iter_final": 1,
    "ll_curve_final": [
        20.03636016372501,
        20.313178728937235,
        20.626478148932883,
        20.87683921170054,
        20.876840140522713
    ],
    "total_runtime_sec": 2.3596551418304443
}