{
    "n_trials": 31,
    "avg_iterations": 9.96774193548387,
    "median_iterations": 9.0,
    "avg_auc_delta": 10.849786454747935,
    "avg_geo_decay": 0.5818247571317212,
    "best_k": 16,
    "best_combined_score": 0.5450999716027451,
    "best_sse": 2727.719527831393,
    "weights": {
        "alpha": 0.47,
        "beta": 0.53,
        "gamma": 0.0
    },
    "total_runtime_sec": 11.278373956680298
}