{
    "clean_state": "raw",
    "best_k": 27,
    "best_cov_type": "full",
    "best_combined": 0.945861425043637,
    "best_silhouette": 0.6663286169175978,
    "best_db": 0.8160639024825028,
    "n_iter_final": 1,
    "ll_curve_final": [
        30.398181721461754,
        30.43469222340334,
        30.436234520622637,
        30.452175458038674,
        30.52410821237711,
        30.52410820656305
    ],
    "total_runtime_sec": 16.460914134979248
}