{
    "clean_state": "raw",
    "best_k": 28,
    "best_cov_type": "diag",
    "best_combined": 0.5767807104343519,
    "best_silhouette": 0.4887384056421315,
    "best_db": 1.0799133409243908,
    "best_sse": 1881.9171207201223,
    "weights": {
        "alpha": 0.47,
        "beta": 0.53,
        "gamma": 0.0
    },
    "n_iter_final": 1,
    "ll_curve_final": [
        24.478928154566276,
        25.1248556424293,
        26.07685249289633,
        26.34131819021298,
        26.40699279349693,
        26.501955757205074,
        26.537042271392824,
        26.53704210073457
    ],
    "total_runtime_sec": 5.839812517166138
}