{
    "n_trials": 31,
    "avg_iterations": 11.580645161290322,
    "median_iterations": 11.0,
    "avg_auc_delta": 21.43756251054614,
    "avg_geo_decay": 0.599473156577045,
    "best_k": 31,
    "best_combined_score": 0.4431187338241444,
    "best_sse": 6446.731634792065,
    "total_runtime_sec": 8.49868130683899
}