{
    "n_trials": 30,
    "avg_iterations": 9.866666666666667,
    "median_iterations": 10.0,
    "avg_auc_delta": 14.311871111088607,
    "avg_geo_decay": 0.621408866202147,
    "best_k": 31,
    "best_combined_score": 0.43744598263764967,
    "best_sse": 6372.684982733661,
    "total_runtime_sec": 1.633063793182373
}