{
    "n_trials": 31,
    "avg_iterations": 4.774193548387097,
    "median_iterations": 5.0,
    "avg_auc_delta": 3.122180403749535,
    "avg_geo_decay": 0.2746282309772939,
    "best_k": 9,
    "best_combined_score": 0.6939705675312878,
    "best_sse": 230.31750994873536,
    "weights": {
        "alpha": 0.47,
        "beta": 0.53,
        "gamma": 0.0
    },
    "total_runtime_sec": 0.5366499423980713
}