{
    "n_trials": 31,
    "avg_iterations": 13.580645161290322,
    "median_iterations": 13.0,
    "avg_auc_delta": 9.46252281709385,
    "avg_geo_decay": 0.6435854833311743,
    "best_k": 48,
    "best_combined_score": 0.5982737457120227,
    "best_sse": 1265.7661108930893,
    "weights": {
        "alpha": 0.47,
        "beta": 0.53,
        "gamma": 0.0
    },
    "total_runtime_sec": 10.083394289016724
}