{
    "n_trials": 31,
    "avg_iterations": 3.7096774193548385,
    "median_iterations": 3.0,
    "avg_auc_delta": 4.084012844267839,
    "avg_geo_decay": 0.3985379457999996,
    "best_k": 8,
    "best_combined_score": 1.0619069621665693,
    "best_sse": 73.81966533712252,
    "total_runtime_sec": 1.4146544933319092
}