{
    "n_trials": 20,
    "avg_iterations": 2.9,
    "median_iterations": 3.0,
    "avg_auc_delta": 1.9108835956678245,
    "avg_geo_decay": 0.24237045893772885,
    "best_k": 8,
    "best_combined_score": 0.7097022179259431,
    "best_sse": 124.87783559963951,
    "weights": {
        "alpha": 0.47,
        "beta": 0.53,
        "gamma": 0.0
    },
    "total_runtime_sec": 1.4502782821655273
}