{
    "n_trials": 31,
    "avg_iterations": 14.32258064516129,
    "median_iterations": 13.0,
    "avg_auc_delta": 10.363381646462916,
    "avg_geo_decay": 0.6521039739410638,
    "best_k": 10,
    "best_combined_score": 0.5037870740947298,
    "best_sse": 3315.6183309613216,
    "weights": {
        "alpha": 0.47,
        "beta": 0.53,
        "gamma": 0.0
    },
    "total_runtime_sec": 4.725446939468384
}