{
    "n_trials": 31,
    "avg_iterations": 8.225806451612904,
    "median_iterations": 7.0,
    "avg_auc_delta": 11.692602296109262,
    "avg_geo_decay": 0.5283092714871149,
    "best_k": 8,
    "best_combined_score": 0.6537260235969876,
    "best_sse": 1917.495962303364,
    "weights": {
        "alpha": 0.47,
        "beta": 0.53,
        "gamma": 0.0
    },
    "total_runtime_sec": 13.38847017288208
}