{
    "n_trials": 31,
    "avg_iterations": 10.225806451612904,
    "median_iterations": 10.0,
    "avg_auc_delta": 14.006504983112572,
    "avg_geo_decay": 0.566955324392879,
    "best_k": 33,
    "best_combined_score": 0.5063053160504761,
    "best_sse": 2217.585339778669,
    "weights": {
        "alpha": 0.47,
        "beta": 0.53,
        "gamma": 0.0
    },
    "total_runtime_sec": 92.84170484542847
}