{
    "clean_state": "raw",
    "best_k": 5,
    "linkage": "single",
    "metric": "manhattan",
    "combined": 2.3252497244670787,
    "silhouette": 0.5196998469979754,
    "davies_bouldin": 0.2420838811767294,
    "intra_dist_mean": 3.3815257188305927,
    "inter_dist_mean": 20.886664076201193,
    "ratio_intra_inter": 0.1618987937228056,
    "n_merge_steps": 2409,
    "h_max": 64.66112434074604,
    "total_runtime_sec": 133.33895921707153
}