{
    "clean_state": "raw",
    "best_k": 5,
    "linkage": "single",
    "metric": "manhattan",
    "combined": 2.325249694531072,
    "silhouette": 0.5196998469979754,
    "davies_bouldin": 0.24208388468550526,
    "intra_dist_mean": 3.3815257188305927,
    "inter_dist_mean": 20.886664076201193,
    "ratio_intra_inter": 0.1618987937228056,
    "n_merge_steps": 2409,
    "total_runtime_sec": 165.79800653457642
}