{
    "clean_state": "raw",
    "best_k": 5,
    "linkage": "single",
    "metric": "euclidean",
    "combined": 1.3674608654781601,
    "silhouette": 0.5279215038538647,
    "davies_bouldin": 0.45310371413639955,
    "intra_dist_mean": 3.0857614377077325,
    "inter_dist_mean": 6.940941101885401,
    "ratio_intra_inter": 0.44457392627479403,
    "n_merge_steps": 2117,
    "total_runtime_sec": 93.51281261444092
}