{
    "clean_state": "raw",
    "best_k": 45,
    "linkage": "average",
    "metric": "euclidean",
    "combined": 1.088859018544483,
    "silhouette": 0.435108485311309,
    "davies_bouldin": 0.5738520134816706,
    "intra_dist_mean": 1.3450727851292836,
    "inter_dist_mean": 3.6386019187042944,
    "ratio_intra_inter": 0.36966747536039724,
    "n_merge_steps": 2117,
    "h_max": 8.125722581548619,
    "total_runtime_sec": 102.38257384300232
}