{
    "n_trials": 31,
    "avg_iterations": 12.258064516129032,
    "median_iterations": 12.0,
    "avg_auc_delta": 8.534520909405012,
    "avg_geo_decay": 0.6076667862430384,
    "best_k": 45,
    "best_combined_score": 0.6057135126597628,
    "best_sse": 1157.5432139239088,
    "weights": {
        "alpha": 0.47,
        "beta": 0.53,
        "gamma": 0.0
    },
    "total_runtime_sec": 12.651052474975586
}