{
    "clean_state": "raw",
    "best_k": 5,
    "linkage": "single",
    "metric": "euclidean",
    "combined": 1.0749258486683997,
    "silhouette": 0.3532467554630591,
    "davies_bouldin": 0.5566053931461783,
    "intra_dist_mean": 4.669782839889314,
    "inter_dist_mean": 10.297050695201595,
    "ratio_intra_inter": 0.45350683201598396,
    "n_merge_steps": 260,
    "h_max": 9.587572186842838,
    "total_runtime_sec": 1.3910555839538574
}