{
    "clean_state": "raw",
    "best_k": 48,
    "linkage": "average",
    "metric": "manhattan",
    "combined": 0.6206881336691068,
    "silhouette": 0.4746071051924136,
    "davies_bouldin": 0.8370889162244396,
    "sse": 1900.4431421954923,
    "weights": {
        "alpha": 0.47,
        "beta": 0.53,
        "gamma": 0.0
    },
    "intra_dist_mean": 0.9622062432576158,
    "inter_dist_mean": 3.491051786942369,
    "ratio_intra_inter": 0.2756207303644976,
    "n_merge_steps": 2375,
    "h_max": 9.212053474354612,
    "total_runtime_sec": 121.54481196403503
}