{
    "core_count": 431,
    "border_count": 3,
    "noise_count": 12,
    "noise_ratio": 0.026905829596412557,
    "neighbor_hist": [
        0,
        10,
        2,
        0,
        3,
        9,
        0,
        4,
        0,
        0,
        0,
        11,
        0,
        0,
        0,
        2,
        0,
        0,
        3,
        0,
        0,
        0,
        0,
        3,
        1,
        0,
        1,
        0,
        0,
        0,
        0,
        0,
        1,
        0,
        0,
        0,
        0,
        0,
        0,
        1,
        0,
        0,
        0,
        0,
        0,
        0,
        0,
        0,
        0,
        395
    ],
    "combined_score": 0.5442591075221574,
    "silhouette": 0.6794232447330171,
    "davies_bouldin": 1.410649423807913,
    "sse": 1112.548930870224,
    "weights": {
        "alpha": 0.47,
        "beta": 0.53,
        "gamma": 0.0
    }
}