{
    "n_trials": 31,
    "avg_iterations": 13.580645161290322,
    "median_iterations": 13.0,
    "avg_auc_delta": 9.783403452842943,
    "avg_geo_decay": 0.6701922336106613,
    "best_k": 32,
    "best_combined_score": 0.5866892651209104,
    "best_sse": 1223.6994052216958,
    "total_runtime_sec": 5.829849004745483
}