{
    "n_trials": 30,
    "avg_iterations": 7.5,
    "median_iterations": 8.0,
    "avg_auc_delta": 7.245354207397226,
    "avg_geo_decay": 0.5816036843727748,
    "best_k": 10,
    "best_combined_score": 0.5582021156119248,
    "best_sse": 640.7001268488644,
    "weights": {
        "alpha": 0.47,
        "beta": 0.53,
        "gamma": 0.0
    },
    "total_runtime_sec": 0.8207283020019531
}