{
    "centroid_movements": [
        5.707319326151671e-16
    ],
    "sse_list": [
        1528.0609549166863,
        1528.0609549166861
    ],
    "final_iteration": 2
}