{
    "n_trials": 30,
    "avg_iterations": 11.1,
    "median_iterations": 8.5,
    "avg_auc_delta": 6.325890656823877,
    "avg_geo_decay": 0.641691477673726,
    "best_k": 32,
    "best_combined_score": 0.5849195681630597,
    "best_sse": 1133.1329874389935,
    "total_runtime_sec": 1.008019208908081
}