{
    "clean_state": "raw",
    "best_k": 5,
    "linkage": "single",
    "metric": "euclidean",
    "combined": 2.00622737815115,
    "silhouette": 0.6530517972420214,
    "davies_bouldin": 0.2976719411712755,
    "intra_dist_mean": 4.128754161909736,
    "inter_dist_mean": 13.574772245651562,
    "ratio_intra_inter": 0.30414905585115837,
    "n_merge_steps": 711,
    "total_runtime_sec": 23.11818265914917
}