{
    "clean_state": "raw",
    "best_k": 5,
    "linkage": "single",
    "metric": "manhattan",
    "combined": 2.211025039388802,
    "silhouette": 0.5194112045737439,
    "davies_bouldin": 0.2562368777213599,
    "intra_dist_mean": 3.382195338798005,
    "inter_dist_mean": 18.854479163039528,
    "ratio_intra_inter": 0.17938418290694289,
    "n_merge_steps": 2409,
    "h_max": 49.62433944892882,
    "total_runtime_sec": 130.55955743789673
}