{
    "clean_state": "raw",
    "best_k": 5,
    "linkage": "single",
    "metric": "euclidean",
    "combined": 2.060991161458938,
    "silhouette": 0.4737494927037795,
    "davies_bouldin": 0.27410531250038533,
    "intra_dist_mean": 3.382773251624568,
    "inter_dist_mean": 18.68085236569833,
    "ratio_intra_inter": 0.18108238239898602,
    "n_merge_steps": 2409,
    "total_runtime_sec": 176.3339011669159
}