{
    "core_count": 198,
    "border_count": 17,
    "noise_count": 12,
    "noise_ratio": 0.05286343612334802,
    "neighbor_hist": [
        0,
        6,
        2,
        0,
        4,
        1,
        4,
        0,
        1,
        2,
        2,
        7,
        0,
        3,
        1,
        1,
        0,
        1,
        0,
        1,
        10,
        5,
        1,
        3,
        1,
        1,
        3,
        3,
        8,
        1,
        0,
        4,
        1,
        0,
        0,
        0,
        0,
        0,
        0,
        0,
        2,
        0,
        0,
        1,
        1,
        0,
        0,
        0,
        0,
        146
    ],
    "combined_score": 0.4732796936291695,
    "silhouette": 0.542338776194206,
    "davies_bouldin": 1.8367008923232393,
    "sse": 397.26424123757613,
    "weights": {
        "alpha": 0.47,
        "beta": 0.53,
        "gamma": 0.0
    }
}