{
    "n_trials": 30,
    "avg_iterations": 6.966666666666667,
    "median_iterations": 7.0,
    "avg_auc_delta": 13.342909073802412,
    "avg_geo_decay": 0.4837248723471767,
    "best_k": 21,
    "best_combined_score": 0.40110083975128463,
    "best_sse": 3278.2064189407915,
    "total_runtime_sec": 0.49278974533081055
}