{
    "n_trials": 31,
    "avg_iterations": 11.290322580645162,
    "median_iterations": 11.0,
    "avg_auc_delta": 20.0384875284234,
    "avg_geo_decay": 0.6320453016495824,
    "best_k": 21,
    "best_combined_score": 0.38251057616854395,
    "best_sse": 3622.293910070788,
    "total_runtime_sec": 3.911886215209961
}