{
    "clean_state": "raw",
    "best_k": 5,
    "linkage": "single",
    "metric": "euclidean",
    "combined": 3.7839104750815205,
    "silhouette": 0.7747857068656369,
    "davies_bouldin": 0.14720959985989862,
    "intra_dist_mean": 3.4150392869564343,
    "inter_dist_mean": 21.868815603392427,
    "ratio_intra_inter": 0.15616023057172407,
    "n_merge_steps": 999,
    "h_max": 22.383074051792274,
    "total_runtime_sec": 17.220553874969482
}