{
    "n_trials": 31,
    "avg_iterations": 4.548387096774194,
    "median_iterations": 4.0,
    "avg_auc_delta": 4.301532941053563,
    "avg_geo_decay": 0.48389270831150105,
    "best_k": 20,
    "best_combined_score": 0.5580435087209108,
    "best_sse": 2675.5512946681965,
    "weights": {
        "alpha": 0.47,
        "beta": 0.53,
        "gamma": 0.0
    },
    "total_runtime_sec": 11.000995397567749
}