{
    "clean_state": "raw",
    "best_k": 34,
    "best_cov_type": "tied",
    "best_combined": 0.5430022853864841,
    "best_silhouette": 0.3144596869085395,
    "best_db": 1.1254531037238855,
    "best_sse": 2853.871648526071,
    "weights": {
        "alpha": 0.47,
        "beta": 0.53,
        "gamma": 0.0
    },
    "n_iter_final": 1,
    "ll_curve_final": [
        -6.437872106109672,
        -6.382912955433942,
        -6.339738626611824,
        -6.30893077517187,
        -6.280989508567223,
        -6.252014087007723,
        -6.237426146619406,
        -6.2311012692699315,
        -6.22206702906257,
        -6.208148108026513,
        -6.190846826242468,
        -6.178495579667899,
        -6.168485660407011,
        -6.157969039782531,
        -6.1098682130604365,
        -6.028068296057275,
        -5.989393654480346,
        -5.96903119877646,
        -5.947324950167019,
        -5.920956296302728,
        -5.882755740914453,
        -5.854903629695371,
        -5.849353253591494,
        -5.842389075960929,
        -5.825460342286323,
        -5.825265926635122
    ],
    "total_runtime_sec": 44.943541049957275
}