{
    "n_trials": 31,
    "avg_iterations": 12.580645161290322,
    "median_iterations": 11.0,
    "avg_auc_delta": 7.060124773013273,
    "avg_geo_decay": 0.6292824466058108,
    "best_k": 44,
    "best_combined_score": 0.6161734758541674,
    "best_sse": 905.5017578935983,
    "weights": {
        "alpha": 0.47,
        "beta": 0.53,
        "gamma": 0.0
    },
    "total_runtime_sec": 15.565562725067139
}