{
    "core_count": 331,
    "border_count": 23,
    "noise_count": 38,
    "noise_ratio": 0.09693877551020408,
    "neighbor_hist": [
        0,
        11,
        5,
        5,
        0,
        1,
        9,
        3,
        1,
        4,
        0,
        4,
        18,
        1,
        0,
        2,
        1,
        0,
        1,
        1,
        2,
        0,
        0,
        0,
        0,
        0,
        1,
        2,
        0,
        0,
        1,
        1,
        5,
        0,
        5,
        6,
        12,
        2,
        0,
        1,
        0,
        28,
        14,
        3,
        2,
        4,
        1,
        0,
        0,
        235
    ],
    "combined_score": 0.5210239650693884,
    "silhouette": 0.5206861645874951,
    "davies_bouldin": 1.4550103845999125,
    "sse": 533.2354324962309,
    "weights": {
        "alpha": 0.47,
        "beta": 0.53,
        "gamma": 0.0
    }
}