{
    "clean_state": "raw",
    "best_k": 8,
    "linkage": "single",
    "metric": "euclidean",
    "combined": 2.724365805039498,
    "silhouette": 0.651781811407419,
    "davies_bouldin": 0.20846580472385406,
    "intra_dist_mean": 3.1897515130113887,
    "inter_dist_mean": 12.464856080300498,
    "ratio_intra_inter": 0.25589958620157893,
    "n_merge_steps": 2278,
    "total_runtime_sec": 139.62424063682556
}