{
    "centroid_movements": [
        1.6239752200693066e-15
    ],
    "sse_list": [
        8147.282084238641,
        8147.282084238641
    ],
    "final_iteration": 2
}