{
    "n_trials": 30,
    "avg_iterations": 14.266666666666667,
    "median_iterations": 14.0,
    "avg_auc_delta": 7.534626258914249,
    "avg_geo_decay": 0.676115578690898,
    "best_k": 38,
    "best_combined_score": 0.5456993547008795,
    "best_sse": 1766.7586764484142,
    "weights": {
        "alpha": 0.47,
        "beta": 0.53,
        "gamma": 0.0
    },
    "total_runtime_sec": 9.963821411132812
}