{
    "n_trials": 30,
    "avg_iterations": 7.6,
    "median_iterations": 7.5,
    "avg_auc_delta": 4.196568642488468,
    "avg_geo_decay": 0.4907960206407554,
    "best_k": 45,
    "best_combined_score": 0.8365616152214733,
    "best_sse": 659.3430950607687,
    "total_runtime_sec": 2.706615447998047
}