{
    "centroid_movements": [
        5.340694943204953e-16
    ],
    "sse_list": [
        720.8790094795161,
        720.8790094795161
    ],
    "final_iteration": 2
}