{
    "n_trials": 31,
    "avg_iterations": 12.451612903225806,
    "median_iterations": 12.0,
    "avg_auc_delta": 6.907622285902499,
    "avg_geo_decay": 0.6615521908246036,
    "best_k": 45,
    "best_combined_score": 0.8038811112939324,
    "best_sse": 732.69269608782,
    "total_runtime_sec": 10.451506614685059
}