{
    "n_trials": 30,
    "avg_iterations": 7.366666666666666,
    "median_iterations": 7.0,
    "avg_auc_delta": 6.876875966082967,
    "avg_geo_decay": 0.3919546441686738,
    "best_k": 8,
    "best_combined_score": 0.5717549555261329,
    "best_sse": 2042.0672747773478,
    "weights": {
        "alpha": 0.47,
        "beta": 0.53,
        "gamma": 0.0
    },
    "total_runtime_sec": 0.8722708225250244
}