{
    "n_trials": 31,
    "avg_iterations": 5.935483870967742,
    "median_iterations": 6.0,
    "avg_auc_delta": 10.711669457836893,
    "avg_geo_decay": 0.5643907569204957,
    "best_k": 12,
    "best_combined_score": 0.719948776213767,
    "best_sse": 175.51952178183112,
    "weights": {
        "alpha": 0.47,
        "beta": 0.53,
        "gamma": 0.0
    },
    "total_runtime_sec": 0.6236057281494141
}