{
    "clean_state": "raw",
    "best_k": 8,
    "best_cov_type": "tied",
    "best_combined": 0.7123376492348643,
    "best_silhouette": 0.3305188802027707,
    "best_db": 0.913946107983269,
    "n_iter_final": 1,
    "ll_curve_final": [
        -7.794052363433963,
        -7.728016788013848,
        -7.700684245054656,
        -7.694341392344254,
        -7.693627876566502
    ],
    "total_runtime_sec": 9.548229932785034
}