{
    "clean_state": "raw",
    "best_k": 18,
    "best_cov_type": "spherical",
    "best_combined": 0.5412462723115914,
    "best_silhouette": 0.27549100099886803,
    "best_db": 1.0955031833099804,
    "best_sse": 2050.1754711211233,
    "weights": {
        "alpha": 0.47,
        "beta": 0.53,
        "gamma": 0.0
    },
    "n_iter_final": 1,
    "ll_curve_final": [
        -11.094368154930434,
        -11.065168784621376,
        -10.99781489006905,
        -10.903316187413905,
        -10.804702700181858,
        -10.788274291487951,
        -10.785355936206292,
        -10.779208846480236,
        -10.764441315559642,
        -10.761223122605193,
        -10.761083078754366
    ],
    "total_runtime_sec": 7.836723327636719
}