{
    "clean_state": "raw",
    "best_k": 43,
    "linkage": "complete",
    "metric": "euclidean",
    "combined": 3.6807674149849867,
    "silhouette": 0.8583476181453467,
    "davies_bouldin": 0.153770753851545,
    "intra_dist_mean": 0.41423555081414776,
    "inter_dist_mean": 3.808995233733061,
    "ratio_intra_inter": 0.10875192154232796,
    "n_merge_steps": 2375,
    "total_runtime_sec": 128.99945974349976
}