{
    "clean_state": "raw",
    "best_k": 43,
    "linkage": "single",
    "metric": "euclidean",
    "combined": 3.6807674149851546,
    "silhouette": 0.8583476181457002,
    "davies_bouldin": 0.15377075385154543,
    "intra_dist_mean": 0.41423555081335944,
    "inter_dist_mean": 3.808995233733061,
    "ratio_intra_inter": 0.108751921542121,
    "n_merge_steps": 2375,
    "h_max": 3.183835721257977,
    "total_runtime_sec": 148.39245510101318
}