{
    "clean_state": "raw",
    "best_k": 47,
    "linkage": "single",
    "metric": "euclidean",
    "combined": 1.0543171046325042,
    "silhouette": 0.3001014037100708,
    "davies_bouldin": 0.5529343990490435,
    "intra_dist_mean": 2.060733729810468,
    "inter_dist_mean": 4.0127596578036195,
    "ratio_intra_inter": 0.513545266984142,
    "n_merge_steps": 2375,
    "total_runtime_sec": 154.36411356925964
}