{
    "clean_state": "raw",
    "best_k": 17,
    "best_cov_type": "tied",
    "best_combined": 0.5338350137315931,
    "best_silhouette": 0.21104999066416963,
    "best_db": 1.1673787175662618,
    "n_iter_final": 1,
    "ll_curve_final": [
        -9.63480393721919,
        -4.765909241439454,
        1.3104396191861074,
        1.318904481445394,
        1.3235821451088108,
        1.329476021807286,
        1.338340316590526,
        1.3540706126258635,
        1.385652502531598,
        1.4399822650912077,
        1.5076343058325146,
        1.538810512893966,
        1.5658844055811818,
        1.592938738932604,
        1.6018448516408021,
        1.6311556553062614,
        1.6593673658259034,
        1.6594725076013732
    ],
    "total_runtime_sec": 15.053668975830078
}