{
    "clean_state": "raw",
    "best_k": 21,
    "best_cov_type": "tied",
    "best_combined": 0.5818709454915488,
    "best_silhouette": 0.4299949587177654,
    "best_db": 1.0023569248223254,
    "best_sse": 2702.238449770874,
    "weights": {
        "alpha": 0.47,
        "beta": 0.53,
        "gamma": 0.0
    },
    "n_iter_final": 1,
    "ll_curve_final": [
        -4.213213929924942,
        -3.6869758256066225,
        -3.432389224957629,
        -2.8642236990063443,
        -0.5969331862360211,
        -0.5939148996055447,
        -0.5923034539371533,
        -0.5910868935591941,
        -0.5900835383494591,
        -0.5892476458300735
    ],
    "total_runtime_sec": 27.732080459594727
}