{
    "clean_state": "raw",
    "best_k": 28,
    "linkage": "average",
    "metric": "euclidean",
    "combined": 0.7587476085362149,
    "silhouette": 0.3073047722922449,
    "davies_bouldin": 0.8263162251141694,
    "intra_dist_mean": 1.5715757367835594,
    "inter_dist_mean": 3.518327472835445,
    "ratio_intra_inter": 0.4466826209092381,
    "n_merge_steps": 832,
    "total_runtime_sec": 38.39911246299744
}