{
    "n_trials": 30,
    "avg_iterations": 8.7,
    "median_iterations": 8.0,
    "avg_auc_delta": 7.306813155080881,
    "avg_geo_decay": 0.522307448412697,
    "best_k": 11,
    "best_combined_score": 0.5775627944268766,
    "best_sse": 1584.9925026021842,
    "weights": {
        "alpha": 0.47,
        "beta": 0.53,
        "gamma": 0.0
    },
    "total_runtime_sec": 1.5405964851379395
}