{
    "n_trials": 31,
    "avg_iterations": 12.741935483870968,
    "median_iterations": 13.0,
    "avg_auc_delta": 9.342680640932274,
    "avg_geo_decay": 0.5978297195775178,
    "best_k": 47,
    "best_combined_score": 0.7645382828834423,
    "best_sse": 1132.1986999629198,
    "total_runtime_sec": 12.552969932556152
}