{
    "n_trials": 30,
    "avg_iterations": 12.3,
    "median_iterations": 12.5,
    "avg_auc_delta": 5.884287564780042,
    "avg_geo_decay": 0.5814366326265799,
    "best_k": 47,
    "best_combined_score": 0.7539685709843988,
    "best_sse": 1049.1028006468391,
    "total_runtime_sec": 4.20770788192749
}