{
    "n_trials": 31,
    "avg_iterations": 4.32258064516129,
    "median_iterations": 4.0,
    "avg_auc_delta": 4.974808832727966,
    "avg_geo_decay": 0.35134662370182107,
    "best_k": 11,
    "best_combined_score": 0.7158628569084805,
    "best_sse": 144.81838815472372,
    "weights": {
        "alpha": 0.47,
        "beta": 0.53,
        "gamma": 0.0
    },
    "total_runtime_sec": 1.6787912845611572
}