{
    "n_trials": 31,
    "avg_iterations": 7.096774193548387,
    "median_iterations": 7.0,
    "avg_auc_delta": 5.4060761792771155,
    "avg_geo_decay": 0.572655812809743,
    "best_k": 10,
    "best_combined_score": 0.5496616096464276,
    "best_sse": 1377.1675962442728,
    "weights": {
        "alpha": 0.47,
        "beta": 0.53,
        "gamma": 0.0
    },
    "total_runtime_sec": 3.1066837310791016
}