{
    "n_trials": 31,
    "avg_iterations": 10.67741935483871,
    "median_iterations": 9.0,
    "avg_auc_delta": 6.1753219601015825,
    "avg_geo_decay": 0.4729802342079217,
    "best_k": 8,
    "best_combined_score": 0.5429011474523713,
    "best_sse": 5989.668882883008,
    "weights": {
        "alpha": 0.47,
        "beta": 0.53,
        "gamma": 0.0
    },
    "total_runtime_sec": 73.85104036331177
}