{
    "clean_state": "raw",
    "best_k": 9,
    "best_cov_type": "tied",
    "best_combined": 1.3371256160882938,
    "best_silhouette": 0.5987015800511301,
    "best_db": 0.48180008557056403,
    "n_iter_final": 1,
    "ll_curve_final": [
        10.461558887489327,
        10.498988208219485,
        10.499155769198286
    ],
    "total_runtime_sec": 0.9410495758056641
}