{
    "core_count": 678,
    "border_count": 24,
    "noise_count": 36,
    "noise_ratio": 0.04878048780487805,
    "neighbor_hist": [
        0,
        15,
        19,
        8,
        8,
        10,
        14,
        5,
        6,
        7,
        6,
        2,
        2,
        3,
        4,
        4,
        6,
        3,
        3,
        2,
        3,
        3,
        5,
        3,
        4,
        3,
        4,
        3,
        3,
        1,
        0,
        0,
        0,
        0,
        2,
        2,
        2,
        0,
        4,
        3,
        0,
        0,
        2,
        0,
        2,
        2,
        5,
        2,
        1,
        552
    ],
    "combined_score": 0.49632016852534927,
    "silhouette": 0.40130179393027193,
    "davies_bouldin": 1.5358936540984751,
    "sse": 3259.9037779014193,
    "weights": {
        "alpha": 0.47,
        "beta": 0.53,
        "gamma": 0.0
    }
}