{
    "core_count": 2336,
    "border_count": 21,
    "noise_count": 53,
    "noise_ratio": 0.02199170124481328,
    "neighbor_hist": [
        0,
        27,
        15,
        15,
        17,
        27,
        8,
        13,
        14,
        4,
        5,
        12,
        6,
        11,
        8,
        6,
        7,
        1,
        11,
        10,
        6,
        8,
        8,
        7,
        5,
        2,
        7,
        8,
        4,
        8,
        3,
        3,
        3,
        3,
        6,
        6,
        39,
        2,
        4,
        8,
        5,
        2,
        1,
        7,
        14,
        11,
        6,
        5,
        11,
        1991
    ],
    "combined_score": 0.5276130294965768,
    "silhouette": 0.41222767633100493,
    "davies_bouldin": 1.3202140083351193,
    "sse": 11422.99978925922,
    "weights": {
        "alpha": 0.47,
        "beta": 0.53,
        "gamma": 0.0
    }
}