{
    "core_count": 637,
    "border_count": 41,
    "noise_count": 52,
    "noise_ratio": 0.07123287671232877,
    "neighbor_hist": [
        0,
        22,
        29,
        14,
        28,
        18,
        11,
        11,
        12,
        16,
        9,
        7,
        13,
        15,
        7,
        5,
        9,
        6,
        2,
        3,
        3,
        6,
        4,
        2,
        3,
        4,
        1,
        2,
        3,
        5,
        5,
        3,
        4,
        4,
        5,
        4,
        5,
        7,
        4,
        19,
        16,
        15,
        8,
        11,
        4,
        10,
        2,
        2,
        2,
        330
    ],
    "combined_score": 0.38060393716364693,
    "silhouette": 0.175975587360813,
    "davies_bouldin": 2.4491827778251407,
    "sse": 3543.9838843907255,
    "weights": {
        "alpha": 0.47,
        "beta": 0.53,
        "gamma": 0.0
    }
}