{
    "n_trials": 31,
    "avg_iterations": 4.741935483870968,
    "median_iterations": 4.0,
    "avg_auc_delta": 5.342198213496583,
    "avg_geo_decay": 0.404300129412441,
    "best_k": 15,
    "best_combined_score": 1.08748921759494,
    "best_sse": 174.60309291258807,
    "total_runtime_sec": 2.842362642288208
}