{
    "core_count": 2120,
    "border_count": 26,
    "noise_count": 49,
    "noise_ratio": 0.02232346241457859,
    "neighbor_hist": [
        0,
        17,
        23,
        15,
        20,
        25,
        26,
        19,
        18,
        13,
        5,
        17,
        12,
        8,
        11,
        21,
        17,
        14,
        27,
        12,
        17,
        26,
        22,
        12,
        4,
        7,
        16,
        16,
        15,
        17,
        14,
        6,
        2,
        3,
        3,
        2,
        4,
        7,
        2,
        7,
        6,
        9,
        5,
        7,
        6,
        10,
        10,
        15,
        14,
        1591
    ],
    "combined_score": 0.49446992311335536,
    "silhouette": 0.21618849446269836,
    "davies_bouldin": 1.3574739464803975,
    "sse": 6278.645782115532,
    "weights": {
        "alpha": 0.47,
        "beta": 0.53,
        "gamma": 0.0
    }
}