{
    "clean_state": "raw",
    "best_k": 6,
    "linkage": "single",
    "metric": "euclidean",
    "combined": 2.000457570224895,
    "silhouette": 0.5984620922386692,
    "davies_bouldin": 0.2939055986461773,
    "intra_dist_mean": 3.9130199818677474,
    "inter_dist_mean": 14.063882485770929,
    "ratio_intra_inter": 0.2782318457102048,
    "n_merge_steps": 944,
    "total_runtime_sec": 29.988165855407715
}