{
    "clean_state": "raw",
    "best_k": 6,
    "linkage": "single",
    "metric": "euclidean",
    "combined": 2.000457570233972,
    "silhouette": 0.5984620922568387,
    "davies_bouldin": 0.29390559864617855,
    "intra_dist_mean": 3.9130199818653133,
    "inter_dist_mean": 14.063882485770929,
    "ratio_intra_inter": 0.2782318457100318,
    "n_merge_steps": 944,
    "h_max": 15.558217669707911,
    "total_runtime_sec": 16.449442863464355
}