{
    "n_trials": 31,
    "avg_iterations": 12.35483870967742,
    "median_iterations": 12.0,
    "avg_auc_delta": 10.646187143092478,
    "avg_geo_decay": 0.6369702738876744,
    "best_k": 29,
    "best_combined_score": 0.538405121267237,
    "best_sse": 882.5639060998526,
    "weights": {
        "alpha": 0.47,
        "beta": 0.53,
        "gamma": 0.0
    },
    "total_runtime_sec": 63.406832695007324
}