{
    "n_trials": 31,
    "avg_iterations": 8.064516129032258,
    "median_iterations": 7.0,
    "avg_auc_delta": 8.549918776350962,
    "avg_geo_decay": 0.464853784141307,
    "best_k": 9,
    "best_combined_score": 0.5448195536463492,
    "best_sse": 2990.360711043726,
    "weights": {
        "alpha": 0.47,
        "beta": 0.53,
        "gamma": 0.0
    },
    "total_runtime_sec": 4.841938257217407
}