{
    "clean_state": "raw",
    "best_k": 27,
    "best_cov_type": "full",
    "best_combined": 0.6259053959907812,
    "best_silhouette": 0.296704442930893,
    "best_db": 1.0470038242274828,
    "n_iter_final": 1,
    "ll_curve_final": [
        45.155378394503224,
        45.42466373740369,
        45.57503966136524,
        45.619010660180564,
        45.66162342206185,
        45.800381091443604,
        45.80086822743347
    ],
    "total_runtime_sec": 20.47194766998291
}