{
    "n_trials": 31,
    "avg_iterations": 6.258064516129032,
    "median_iterations": 6.0,
    "avg_auc_delta": 13.91161821737245,
    "avg_geo_decay": 0.8195711632324378,
    "best_k": 13,
    "best_combined_score": 0.6966449754162252,
    "best_sse": 194.1965874803049,
    "weights": {
        "alpha": 0.47,
        "beta": 0.53,
        "gamma": 0.0
    },
    "total_runtime_sec": 1.8479788303375244
}