{
    "n_trials": 31,
    "avg_iterations": 2.7096774193548385,
    "median_iterations": 3.0,
    "avg_auc_delta": 0.0,
    "avg_geo_decay": 0.0,
    "best_k": 7,
    "best_combined_score": 0.47718216502747296,
    "best_sse": 324.51486524372496,
    "weights": {
        "alpha": 0.47,
        "beta": 0.53,
        "gamma": 0.0
    },
    "total_runtime_sec": 0.22592926025390625
}