{
    "clean_state": "raw",
    "best_k": 19,
    "best_cov_type": "full",
    "best_combined": 0.4825777318425315,
    "best_silhouette": 0.16880685162653414,
    "best_db": 1.2557314533581474,
    "n_iter_final": 1,
    "ll_curve_final": [
        17.550118607410447,
        17.55012041487763
    ],
    "total_runtime_sec": 9.060097217559814
}