{
    "clean_state": "raw",
    "best_k": 34,
    "best_cov_type": "spherical",
    "best_combined": 0.5887066842850854,
    "best_silhouette": 0.38286538353319655,
    "best_db": 0.9224353922060097,
    "best_sse": 1207.4236991103448,
    "weights": {
        "alpha": 0.47,
        "beta": 0.53,
        "gamma": 0.0
    },
    "n_iter_final": 1,
    "ll_curve_final": [
        -3.6065713474804872,
        -3.46782382435983,
        -3.3846788926320235,
        -3.322301226568135,
        -3.241924887739591,
        -3.2188689801971435,
        -3.215131324087484,
        -3.2069918478962784,
        -3.177020571995828,
        -3.1639538876200732,
        -3.153964286925646,
        -3.1410320375848877,
        -3.1319787031480835,
        -3.127572692071953,
        -3.120690344751269,
        -3.113657642016832,
        -3.1006717869370464,
        -3.100308758971378
    ],
    "total_runtime_sec": 68.63887071609497
}