{
    "n_trials": 31,
    "avg_iterations": 5.096774193548387,
    "median_iterations": 5.0,
    "avg_auc_delta": 7.559565416834942,
    "avg_geo_decay": 1.2569715806178792,
    "best_k": 7,
    "best_combined_score": 0.7010273802379434,
    "best_sse": 112.47626386009375,
    "weights": {
        "alpha": 0.47,
        "beta": 0.53,
        "gamma": 0.0
    },
    "total_runtime_sec": 0.2522745132446289
}