{
    "clean_state": "raw",
    "best_k": 30,
    "best_cov_type": "tied",
    "best_combined": 0.4755114068029376,
    "best_silhouette": 0.1932552390986464,
    "best_db": 1.481580986283256,
    "best_sse": 4746.8695887972035,
    "weights": {
        "alpha": 0.47,
        "beta": 0.53,
        "gamma": 0.0
    },
    "n_iter_final": 1,
    "ll_curve_final": [
        11.752034445068167,
        12.361210902887338,
        12.782883310002429,
        13.024814902919733,
        13.662082179859889,
        14.135038579245025,
        14.226030469913214,
        14.245457409131705,
        14.246486661311494,
        14.24759389634561,
        14.249388430120455,
        14.253417837178574,
        14.260163647591751,
        14.27513983890482,
        14.301618350373213,
        14.30854845401482,
        14.312007485936435,
        14.315552460577695,
        14.31712515306753,
        14.31885689662073,
        14.322734649812627,
        14.332269278456348,
        14.349790981361082,
        14.363844656919213,
        14.3754056340528,
        14.378226181214442,
        14.37857549884604
    ],
    "total_runtime_sec": 13.668262481689453
}