{
    "clean_state": "raw",
    "best_k": 9,
    "best_cov_type": "tied",
    "best_combined": 1.1031771828180212,
    "best_silhouette": 0.5266172375853119,
    "best_db": 0.5953312475508956,
    "n_iter_final": 1,
    "ll_curve_final": [
        -5.262439117437236,
        -3.037952922079274,
        -3.0335909155061076,
        -3.031015097569756,
        -3.0310114740525664
    ],
    "total_runtime_sec": 44.95925688743591
}