{
    "clean_state": "raw",
    "best_k": 38,
    "linkage": "single",
    "metric": "manhattan",
    "combined": 2.112148653125586,
    "silhouette": 0.7121238991679453,
    "davies_bouldin": 0.28472398258674686,
    "intra_dist_mean": 0.8640627151088422,
    "inter_dist_mean": 4.28050436499982,
    "ratio_intra_inter": 0.20186002429381394,
    "n_merge_steps": 2375,
    "h_max": 4.10317074116037,
    "total_runtime_sec": 100.26879596710205
}