{
    "clean_state": "raw",
    "best_k": 43,
    "linkage": "single",
    "metric": "euclidean",
    "combined": 0.6970622384913109,
    "silhouette": 0.40802169138698646,
    "davies_bouldin": 0.4471486349350804,
    "sse": 6418.655478623171,
    "weights": {
        "alpha": 0.47,
        "beta": 0.53,
        "gamma": 0.0
    },
    "intra_dist_mean": 1.9577927439183462,
    "inter_dist_mean": 4.16542819861856,
    "ratio_intra_inter": 0.4700099606967578,
    "n_merge_steps": 2409,
    "h_max": 48.631997451634255,
    "total_runtime_sec": 124.15337705612183
}