{
    "clean_state": "raw",
    "best_k": 38,
    "linkage": "single",
    "metric": "manhattan",
    "combined": 2.112148653125151,
    "silhouette": 0.7121238991670815,
    "davies_bouldin": 0.2847239825867473,
    "intra_dist_mean": 0.8640627151107101,
    "inter_dist_mean": 4.28050436499982,
    "ratio_intra_inter": 0.20186002429425032,
    "n_merge_steps": 2375,
    "total_runtime_sec": 108.75860643386841
}