{
    "clean_state": "raw",
    "best_k": 7,
    "linkage": "single",
    "metric": "manhattan",
    "combined": 1.7047546960356075,
    "silhouette": 0.3995309607744186,
    "davies_bouldin": 0.3322282942636129,
    "intra_dist_mean": 3.712818652190254,
    "inter_dist_mean": 14.107684509454893,
    "ratio_intra_inter": 0.2631770401231811,
    "n_merge_steps": 999,
    "total_runtime_sec": 26.691593647003174
}