{
    "clean_state": "raw",
    "best_k": 7,
    "linkage": "single",
    "metric": "manhattan",
    "combined": 0.8182090855870303,
    "silhouette": 0.6115400637451737,
    "davies_bouldin": 0.20545002758230152,
    "sse": 8227.227383494046,
    "weights": {
        "alpha": 0.47,
        "beta": 0.53,
        "gamma": 0.0
    },
    "intra_dist_mean": 3.8826113123868367,
    "inter_dist_mean": 16.494335589751635,
    "ratio_intra_inter": 0.2353905855291904,
    "n_merge_steps": 999,
    "h_max": 26.23440748971295,
    "total_runtime_sec": 21.489256620407104
}