{
    "clean_state": "raw",
    "best_k": 5,
    "linkage": "single",
    "metric": "euclidean",
    "combined": 1.5290604448458813,
    "silhouette": 0.5436694181838527,
    "davies_bouldin": 0.3977010538208171,
    "intra_dist_mean": 3.689996895507918,
    "inter_dist_mean": 13.168804360766146,
    "ratio_intra_inter": 0.28020743527037695,
    "n_merge_steps": 999,
    "h_max": 20.505516445974347,
    "total_runtime_sec": 18.84612512588501
}