{
    "clean_state": "raw",
    "best_k": 5,
    "linkage": "single",
    "metric": "euclidean",
    "combined": 1.8358437865164712,
    "silhouette": 0.7126171892595398,
    "davies_bouldin": 0.33794397236499707,
    "intra_dist_mean": 2.075604320622942,
    "inter_dist_mean": 7.828064041913745,
    "ratio_intra_inter": 0.26514912365423743,
    "n_merge_steps": 1633,
    "total_runtime_sec": 106.04377698898315
}