{
    "clean_state": "raw",
    "best_k": 5,
    "linkage": "single",
    "metric": "euclidean",
    "combined": 0.6928735561821209,
    "silhouette": 0.4322675318996798,
    "davies_bouldin": 0.48483549247410684,
    "sse": 7089.583545027981,
    "weights": {
        "alpha": 0.47,
        "beta": 0.53,
        "gamma": 0.0
    },
    "intra_dist_mean": 3.4668950225796595,
    "inter_dist_mean": 9.05401337591088,
    "ratio_intra_inter": 0.3829125138917181,
    "n_merge_steps": 1037,
    "h_max": 5.1385706912427676,
    "total_runtime_sec": 24.872549295425415
}