{
    "n_trials": 30,
    "avg_iterations": 12.0,
    "median_iterations": 10.0,
    "avg_auc_delta": 16.09048189497622,
    "avg_geo_decay": 0.6515273944560228,
    "best_k": 31,
    "best_combined_score": 0.3418749647975924,
    "best_sse": 7744.910608009439,
    "total_runtime_sec": 1.8536581993103027
}