{
    "n_trials": 31,
    "avg_iterations": 12.774193548387096,
    "median_iterations": 12.0,
    "avg_auc_delta": 22.629949144387805,
    "avg_geo_decay": 0.6650809293228267,
    "best_k": 31,
    "best_combined_score": 0.3397103569349713,
    "best_sse": 7785.146193417846,
    "total_runtime_sec": 6.960428953170776
}