{
    "n_trials": 30,
    "avg_iterations": 12.6,
    "median_iterations": 13.0,
    "avg_auc_delta": 7.379783744212765,
    "avg_geo_decay": 0.6805738396107625,
    "best_k": 32,
    "best_combined_score": 0.5201750303672891,
    "best_sse": 1247.376511728672,
    "weights": {
        "alpha": 0.47,
        "beta": 0.53,
        "gamma": 0.0
    },
    "total_runtime_sec": 3.8250620365142822
}