{
    "clean_state": "raw",
    "best_k": 5,
    "linkage": "single",
    "metric": "manhattan",
    "combined": 1.7212832384548291,
    "silhouette": 0.510010151333742,
    "davies_bouldin": 0.3409994179067005,
    "intra_dist_mean": 3.4856166194498193,
    "inter_dist_mean": 10.96521608599588,
    "ratio_intra_inter": 0.3178794281948646,
    "n_merge_steps": 1541,
    "h_max": 11.233715864669687,
    "total_runtime_sec": 48.20959258079529
}