{
    "clean_state": "raw",
    "best_k": 6,
    "linkage": "single",
    "metric": "manhattan",
    "combined": 0.6699611111959176,
    "silhouette": 0.2784594373205279,
    "davies_bouldin": 0.4289887112632567,
    "sse": 17276.61928380761,
    "weights": {
        "alpha": 0.47,
        "beta": 0.53,
        "gamma": 0.0
    },
    "intra_dist_mean": 5.711352855915986,
    "inter_dist_mean": 12.049083835468755,
    "ratio_intra_inter": 0.4740072302512383,
    "n_merge_steps": 999,
    "h_max": 20.334228414658448,
    "total_runtime_sec": 21.099555015563965
}