{
    "clean_state": "raw",
    "best_k": 5,
    "linkage": "single",
    "metric": "manhattan",
    "combined": 1.7212832390383699,
    "silhouette": 0.5100101513337013,
    "davies_bouldin": 0.34099941777098686,
    "intra_dist_mean": 3.485616619450109,
    "inter_dist_mean": 10.96521608599588,
    "ratio_intra_inter": 0.31787942819489096,
    "n_merge_steps": 1541,
    "total_runtime_sec": 96.40570592880249
}