{
    "n_trials": 31,
    "avg_iterations": 8.774193548387096,
    "median_iterations": 8.0,
    "avg_auc_delta": 4.968554595537552,
    "avg_geo_decay": 0.505249901491956,
    "best_k": 8,
    "best_combined_score": 0.5382785435124741,
    "best_sse": 4418.4220482355295,
    "weights": {
        "alpha": 0.47,
        "beta": 0.53,
        "gamma": 0.0
    },
    "total_runtime_sec": 21.360718727111816
}