{
    "n_trials": 31,
    "avg_iterations": 4.387096774193548,
    "median_iterations": 4.0,
    "avg_auc_delta": 3.834486597858289,
    "avg_geo_decay": 0.32868600273711024,
    "best_k": 14,
    "best_combined_score": 0.7370443144882501,
    "best_sse": 93.86446837492919,
    "weights": {
        "alpha": 0.47,
        "beta": 0.53,
        "gamma": 0.0
    },
    "total_runtime_sec": 2.1464548110961914
}