{
    "clean_state": "raw",
    "best_k": 22,
    "best_cov_type": "spherical",
    "best_combined": 0.5716816967402576,
    "best_silhouette": 0.31766787388969897,
    "best_db": 0.9544218098510108,
    "best_sse": 1348.4444191549874,
    "weights": {
        "alpha": 0.47,
        "beta": 0.53,
        "gamma": 0.0
    },
    "n_iter_final": 1,
    "ll_curve_final": [
        -8.333876048821027,
        -8.230519064414885,
        -8.094614362985784,
        -8.051576761702993,
        -8.044013801781086,
        -8.031536154075344,
        -8.016500654496584,
        -7.988400968795966,
        -7.987801648809726
    ],
    "total_runtime_sec": 5.620816946029663
}