{
    "clean_state": "raw",
    "best_k": 10,
    "best_cov_type": "tied",
    "best_combined": 0.5701416054091656,
    "best_silhouette": 0.24514414310717542,
    "best_db": 1.1171448505280532,
    "n_iter_final": 1,
    "ll_curve_final": [
        -7.984715203190979,
        -7.940872149260348,
        -7.930772413366565,
        -7.925627589048667,
        -7.9213834239385035,
        -7.913349452809712,
        -7.864663814474177,
        -7.8420280862026805,
        -7.825446114274033,
        -7.801357467140935,
        -7.7612018982752975,
        -7.7131459668277715,
        -7.693609147569923,
        -7.6864671290523,
        -7.682346641678591,
        -7.680375980074037,
        -7.679630250156152
    ],
    "total_runtime_sec": 21.649757385253906
}