{
    "n_trials": 31,
    "avg_iterations": 11.67741935483871,
    "median_iterations": 10.0,
    "avg_auc_delta": 7.492714811231713,
    "avg_geo_decay": 0.5184801636427115,
    "best_k": 12,
    "best_combined_score": 0.5546268905403176,
    "best_sse": 3155.4888590527753,
    "weights": {
        "alpha": 0.47,
        "beta": 0.53,
        "gamma": 0.0
    },
    "total_runtime_sec": 20.802502155303955
}