{
    "clean_state": "raw",
    "best_k": 10,
    "best_cov_type": "tied",
    "best_combined": 0.5539508646351906,
    "best_silhouette": 0.30852634770197535,
    "best_db": 1.0506583024839151,
    "best_sse": 3566.910541981679,
    "weights": {
        "alpha": 0.47,
        "beta": 0.53,
        "gamma": 0.0
    },
    "n_iter_final": 1,
    "ll_curve_final": [
        -6.956323334027428,
        -6.916941095222495,
        -6.906162584900826,
        -6.901582191594205,
        -6.8980767150360025,
        -6.895016936208119,
        -6.8925191155338235,
        -6.890513980096978,
        -6.8885801625746685,
        -6.88540368534596,
        -6.871952367736922,
        -6.802206067836155,
        -6.584014853558597,
        -6.34281362624072,
        -4.601435268391895,
        -4.439052521792119,
        -4.438205484326761
    ],
    "total_runtime_sec": 18.74595332145691
}