{
    "clean_state": "raw",
    "best_k": 18,
    "best_cov_type": "tied",
    "best_combined": 0.3298471602700258,
    "best_silhouette": 0.07935224023219117,
    "best_db": 1.723121644857321,
    "n_iter_final": 1,
    "ll_curve_final": [
        -21.568873278521572,
        -20.315669621794765,
        -15.55543962269563,
        -15.291438596789733,
        -15.083691626056945,
        -14.96678250837115,
        -14.918994884575774,
        -14.875865417807079,
        -14.57457119104544,
        -14.534399311096557,
        -14.491343735881507,
        -14.470442827988839,
        -14.459846945990638,
        -14.448090692622714,
        -14.414563229747296,
        -14.363339336173944,
        -14.308306778284516,
        -14.299117808283647,
        -14.2964935435725,
        -14.293107696078524,
        -14.286021092334536,
        -14.279755988417477,
        -14.276354262856708,
        -14.275244394292105,
        -14.27431563671679
    ],
    "total_runtime_sec": 6.42923378944397
}