{
    "clean_state": "raw",
    "best_k": 12,
    "best_cov_type": "tied",
    "best_combined": 1.3504580581336323,
    "best_silhouette": 0.6005422355566591,
    "best_db": 0.4761057110754379,
    "n_iter_final": 1,
    "ll_curve_final": [
        14.195790909638243,
        14.214470268579786,
        14.21593442494956,
        14.217029048485506,
        14.218394326066525,
        14.220087570452595,
        14.221657027228844,
        14.222500116521172
    ],
    "total_runtime_sec": 2.8535563945770264
}