{
    "n_trials": 31,
    "avg_iterations": 15.451612903225806,
    "median_iterations": 14.0,
    "avg_auc_delta": 11.1156159581155,
    "avg_geo_decay": 0.6868359428692709,
    "best_k": 37,
    "best_combined_score": 0.5502935734164538,
    "best_sse": 1880.5004377329813,
    "weights": {
        "alpha": 0.47,
        "beta": 0.53,
        "gamma": 0.0
    },
    "total_runtime_sec": 16.300063133239746
}