{
    "n_trials": 31,
    "avg_iterations": 9.580645161290322,
    "median_iterations": 9.0,
    "avg_auc_delta": 20.903636349755313,
    "avg_geo_decay": 0.5740663689938701,
    "best_k": 30,
    "best_combined_score": 0.4529114050688541,
    "best_sse": 5438.521025406218,
    "total_runtime_sec": 8.83989930152893
}