{
    "n_trials": 30,
    "avg_iterations": 7.966666666666667,
    "median_iterations": 8.0,
    "avg_auc_delta": 12.46303003283801,
    "avg_geo_decay": 0.5206962015859903,
    "best_k": 30,
    "best_combined_score": 0.5224253510658209,
    "best_sse": 4869.827445545204,
    "total_runtime_sec": 1.3776524066925049
}