{
    "n_trials": 31,
    "avg_iterations": 6.193548387096774,
    "median_iterations": 7.0,
    "avg_auc_delta": 11.654410953244515,
    "avg_geo_decay": 0.808777806518732,
    "best_k": 12,
    "best_combined_score": 0.6901849675509777,
    "best_sse": 278.07483124436607,
    "weights": {
        "alpha": 0.47,
        "beta": 0.53,
        "gamma": 0.0
    },
    "total_runtime_sec": 0.4950220584869385
}