{
    "n_trials": 31,
    "avg_iterations": 5.290322580645161,
    "median_iterations": 6.0,
    "avg_auc_delta": 7.266929447957106,
    "avg_geo_decay": 0.5131070806870834,
    "best_k": 29,
    "best_combined_score": 0.5913105964111887,
    "best_sse": 2148.4341754763564,
    "weights": {
        "alpha": 0.47,
        "beta": 0.53,
        "gamma": 0.0
    },
    "total_runtime_sec": 3.1345410346984863
}