{
    "n_trials": 30,
    "avg_iterations": 9.833333333333334,
    "median_iterations": 7.0,
    "avg_auc_delta": 5.3155394699241585,
    "avg_geo_decay": 0.539130311504644,
    "best_k": 8,
    "best_combined_score": 0.5599632471693623,
    "best_sse": 2096.145562738039,
    "weights": {
        "alpha": 0.47,
        "beta": 0.53,
        "gamma": 0.0
    },
    "total_runtime_sec": 6.75430703163147
}