{
    "n_trials": 31,
    "avg_iterations": 3.774193548387097,
    "median_iterations": 4.0,
    "avg_auc_delta": 7.807856842193486,
    "avg_geo_decay": 0.3523970219011878,
    "best_k": 7,
    "best_combined_score": 0.44972539107182996,
    "best_sse": 509.21714134514605,
    "total_runtime_sec": 1.1613316535949707
}