{
    "n_trials": 20,
    "avg_iterations": 3.0,
    "median_iterations": 3.0,
    "avg_auc_delta": 7.460885054475257,
    "avg_geo_decay": 0.3007999482078766,
    "best_k": 7,
    "best_combined_score": 0.47322839336390343,
    "best_sse": 521.801337905752,
    "total_runtime_sec": 0.08212566375732422
}