{
    "clean_state": "raw",
    "best_k": 16,
    "best_cov_type": "full",
    "best_combined": 0.39112969309809137,
    "best_silhouette": 0.11261873310852145,
    "best_db": 1.4933382484905557,
    "n_iter_final": 1,
    "ll_curve_final": [
        15.902994320106554,
        15.97778853771447,
        16.009679652933706,
        16.05057374329509,
        16.110823888391984,
        16.19613927843377,
        16.197528208309656,
        16.197528217700558
    ],
    "total_runtime_sec": 7.281299114227295
}