{
    "clean_state": "raw",
    "best_k": 13,
    "best_cov_type": "tied",
    "best_combined": 0.5845973870844337,
    "best_silhouette": 0.4237067729995872,
    "best_db": 0.9817559621423129,
    "best_sse": 2702.079038865442,
    "weights": {
        "alpha": 0.47,
        "beta": 0.53,
        "gamma": 0.0
    },
    "n_iter_final": 1,
    "ll_curve_final": [
        -5.190415550340823,
        -3.416100733584129,
        -3.3918762432203833,
        -3.3889815118048037,
        -3.3878117103096343,
        -3.3870874118268848
    ],
    "total_runtime_sec": 23.237709760665894
}