{
    "n_trials": 31,
    "avg_iterations": 6.387096774193548,
    "median_iterations": 6.0,
    "avg_auc_delta": 6.30901086672987,
    "avg_geo_decay": 0.4346725774030082,
    "best_k": 13,
    "best_combined_score": 0.6923168064153776,
    "best_sse": 200.5359805498097,
    "weights": {
        "alpha": 0.47,
        "beta": 0.53,
        "gamma": 0.0
    },
    "total_runtime_sec": 2.65488338470459
}