{
    "n_trials": 30,
    "avg_iterations": 9.4,
    "median_iterations": 9.0,
    "avg_auc_delta": 5.727002941601608,
    "avg_geo_decay": 0.4746570833862448,
    "best_k": 9,
    "best_combined_score": 0.5658552668632476,
    "best_sse": 2812.1111156443862,
    "weights": {
        "alpha": 0.47,
        "beta": 0.53,
        "gamma": 0.0
    },
    "total_runtime_sec": 1.6365985870361328
}