{
    "n_trials": 30,
    "avg_iterations": 9.433333333333334,
    "median_iterations": 8.0,
    "avg_auc_delta": 5.689026229309353,
    "avg_geo_decay": 0.5625961327290885,
    "best_k": 38,
    "best_combined_score": 0.6971702770655525,
    "best_sse": 1041.0574041914724,
    "total_runtime_sec": 1.74949312210083
}