{
    "centroid_movements": [
        1.3520274964370792e-15
    ],
    "sse_list": [
        1145.9452262430775,
        1145.9452262430775
    ],
    "final_iteration": 2
}