{
    "clean_state": "raw",
    "best_k": 9,
    "best_cov_type": "tied",
    "best_combined": 0.6864803834697861,
    "best_silhouette": 0.3169217745921099,
    "best_db": 0.9469347318105239,
    "n_iter_final": 1,
    "ll_curve_final": [
        -7.242583378513358,
        -7.1631668168096025,
        -7.122501213325263,
        -7.103997042890302,
        -7.097995404788718,
        -7.095661145369781,
        -7.094113518955247,
        -7.092112504585429,
        -7.083539322824914,
        -7.067584808266448,
        -7.063740061006236,
        -7.059622912677159,
        -7.056591187742334,
        -7.054434002787039,
        -7.0527812764608315,
        -7.051461799823059,
        -7.0503539561744875,
        -7.049418633276484
    ],
    "total_runtime_sec": 45.98796272277832
}