{
    "n_trials": 31,
    "avg_iterations": 4.0,
    "median_iterations": 4.0,
    "avg_auc_delta": 4.922978216305945,
    "avg_geo_decay": 0.34114355028609167,
    "best_k": 10,
    "best_combined_score": 0.6328061223976832,
    "best_sse": 226.43611104419492,
    "weights": {
        "alpha": 0.47,
        "beta": 0.53,
        "gamma": 0.0
    },
    "total_runtime_sec": 8.594701051712036
}