{
    "core_count": 251,
    "border_count": 62,
    "noise_count": 499,
    "noise_ratio": 0.6145320197044335,
    "neighbor_hist": [
        0,
        348,
        92,
        45,
        31,
        29,
        16,
        23,
        24,
        21,
        18,
        6,
        8,
        6,
        5,
        8,
        7,
        1,
        6,
        5,
        3,
        3,
        5,
        8,
        5,
        1,
        3,
        3,
        3,
        0,
        2,
        0,
        3,
        2,
        2,
        1,
        3,
        2,
        4,
        3,
        2,
        2,
        1,
        1,
        1,
        2,
        2,
        1,
        1,
        44
    ],
    "combined_score": 0.37280520150282365,
    "silhouette": -0.09806442556231863,
    "davies_bouldin": 2.0946471037451624,
    "sse": 1052.7852941307342,
    "weights": {
        "alpha": 0.47,
        "beta": 0.53,
        "gamma": 0.0
    }
}