{
    "clean_state": "raw",
    "best_k": 5,
    "linkage": "single",
    "metric": "euclidean",
    "combined": 1.4665324962609083,
    "silhouette": 0.4654430134559944,
    "davies_bouldin": 0.40524845721246744,
    "intra_dist_mean": 3.5567858592108985,
    "inter_dist_mean": 9.033087432879618,
    "ratio_intra_inter": 0.393750850485973,
    "n_merge_steps": 516,
    "h_max": 4.480485361400388,
    "total_runtime_sec": 3.512178897857666
}