{
    "clean_state": "raw",
    "best_k": 5,
    "linkage": "single",
    "metric": "euclidean",
    "combined": 1.4665324962608703,
    "silhouette": 0.4654430134559187,
    "davies_bouldin": 0.40524845721246744,
    "intra_dist_mean": 3.5567858592114505,
    "inter_dist_mean": 9.033087432879618,
    "ratio_intra_inter": 0.39375085048603414,
    "n_merge_steps": 516,
    "total_runtime_sec": 6.469244956970215
}