{
    "n_trials": 31,
    "avg_iterations": 20.70967741935484,
    "median_iterations": 20.0,
    "avg_auc_delta": 14.04645628279688,
    "avg_geo_decay": 0.707454378790667,
    "best_k": 48,
    "best_combined_score": 0.503619760150071,
    "best_sse": 2412.237406272359,
    "total_runtime_sec": 22.78899383544922
}