{
    "n_trials": 30,
    "avg_iterations": 12.2,
    "median_iterations": 11.0,
    "avg_auc_delta": 18.36575474198096,
    "avg_geo_decay": 0.6489057854867463,
    "best_k": 21,
    "best_combined_score": 0.4350007538627525,
    "best_sse": 9091.918294549982,
    "weights": {
        "alpha": 0.47,
        "beta": 0.53,
        "gamma": 0.0
    },
    "total_runtime_sec": 2.3003785610198975
}