{
    "clean_state": "raw",
    "best_k": 9,
    "best_cov_type": "tied",
    "best_combined": 0.8769607570354319,
    "best_silhouette": 0.40586307135859656,
    "best_db": 0.7418076014479162,
    "n_iter_final": 1,
    "ll_curve_final": [
        -4.646514349405521,
        -4.586460409672611,
        -4.5732705762877925,
        -4.566900306310377,
        -4.560079682090568,
        -4.550820224407641,
        -4.517203611754908,
        -4.13355451746092,
        -3.586900756437563,
        -3.586481571920317
    ],
    "total_runtime_sec": 4.57600736618042
}