{
    "clean_state": "raw",
    "best_k": 21,
    "best_cov_type": "tied",
    "best_combined": 0.440297304497728,
    "best_silhouette": 0.08441350924028285,
    "best_db": 1.6497446034658467,
    "best_sse": 9440.656458160456,
    "weights": {
        "alpha": 0.47,
        "beta": 0.53,
        "gamma": 0.0
    },
    "n_iter_final": 1,
    "ll_curve_final": [
        -21.33804153433151,
        -20.94433592349052,
        -20.178859062996132,
        -14.818202729371635,
        -14.353591465294144,
        -9.655675940212252,
        -9.602539017032829,
        -9.573924458534275,
        -9.534926599308942,
        -9.532016374882117,
        -9.531682117852638
    ],
    "total_runtime_sec": 10.5857412815094
}