{
    "n_trials": 31,
    "avg_iterations": 7.0,
    "median_iterations": 8.0,
    "avg_auc_delta": 14.391337550386101,
    "avg_geo_decay": 0.6808668427857542,
    "best_k": 17,
    "best_combined_score": 0.7110304389525186,
    "best_sse": 277.56858545576506,
    "weights": {
        "alpha": 0.47,
        "beta": 0.53,
        "gamma": 0.0
    },
    "total_runtime_sec": 1.905097484588623
}