{
    "n_trials": 31,
    "avg_iterations": 15.709677419354838,
    "median_iterations": 15.0,
    "avg_auc_delta": 12.776340623044744,
    "avg_geo_decay": 0.6588970528931244,
    "best_k": 12,
    "best_combined_score": 0.5090145954149651,
    "best_sse": 3793.1914955674765,
    "weights": {
        "alpha": 0.47,
        "beta": 0.53,
        "gamma": 0.0
    },
    "total_runtime_sec": 7.795152425765991
}