{
    "n_trials": 31,
    "avg_iterations": 5.967741935483871,
    "median_iterations": 6.0,
    "avg_auc_delta": 3.8731868926452138,
    "avg_geo_decay": 0.49577183638270994,
    "best_k": 15,
    "best_combined_score": 0.5344942188396543,
    "best_sse": 468.71568538138354,
    "weights": {
        "alpha": 0.47,
        "beta": 0.53,
        "gamma": 0.0
    },
    "total_runtime_sec": 1.5586678981781006
}