{
    "n_trials": 31,
    "avg_iterations": 11.806451612903226,
    "median_iterations": 11.0,
    "avg_auc_delta": 18.084120117914562,
    "avg_geo_decay": 0.6185092087105118,
    "best_k": 24,
    "best_combined_score": 0.3850736362136022,
    "best_sse": 4137.488951313612,
    "total_runtime_sec": 7.481311559677124
}