{
    "n_trials": 30,
    "avg_iterations": 11.133333333333333,
    "median_iterations": 10.0,
    "avg_auc_delta": 14.75810516334635,
    "avg_geo_decay": 0.6691535608533946,
    "best_k": 24,
    "best_combined_score": 0.4125535068963788,
    "best_sse": 3960.8943697508157,
    "total_runtime_sec": 0.8295316696166992
}