{
    "clean_state": "raw",
    "best_k": 5,
    "linkage": "single",
    "metric": "euclidean",
    "combined": 2.7070806327583585,
    "silhouette": 0.6371003064875722,
    "davies_bouldin": 0.20933373230456592,
    "intra_dist_mean": 3.0256174660783572,
    "inter_dist_mean": 14.50870863139624,
    "ratio_intra_inter": 0.20853802657052734,
    "n_merge_steps": 930,
    "h_max": 42.51980578745904,
    "total_runtime_sec": 13.837244749069214
}