{
    "clean_state": "raw",
    "best_k": 5,
    "linkage": "single",
    "metric": "euclidean",
    "combined": 0.7308302159557593,
    "silhouette": 0.603765812401641,
    "davies_bouldin": 0.47582334930070413,
    "sse": 11359.365826014271,
    "weights": {
        "alpha": 0.47,
        "beta": 0.53,
        "gamma": 0.0
    },
    "intra_dist_mean": 4.4230120045647245,
    "inter_dist_mean": 11.965028178121417,
    "ratio_intra_inter": 0.369661645482125,
    "n_merge_steps": 999,
    "h_max": 9.059945712723245,
    "total_runtime_sec": 25.181325435638428
}