{
    "clean_state": "raw",
    "best_k": 7,
    "linkage": "single",
    "metric": "euclidean",
    "combined": 1.9777503440671511,
    "silhouette": 0.5378186754380907,
    "davies_bouldin": 0.2925959747820715,
    "intra_dist_mean": 2.955271574848174,
    "inter_dist_mean": 10.544540125233059,
    "ratio_intra_inter": 0.28026557249053813,
    "n_merge_steps": 930,
    "total_runtime_sec": 30.480552434921265
}