{
    "core_count": 2214,
    "border_count": 41,
    "noise_count": 81,
    "noise_ratio": 0.034674657534246575,
    "neighbor_hist": [
        0,
        50,
        18,
        24,
        30,
        21,
        16,
        25,
        21,
        9,
        6,
        12,
        14,
        8,
        9,
        9,
        7,
        7,
        10,
        16,
        9,
        11,
        15,
        7,
        9,
        3,
        8,
        3,
        6,
        7,
        35,
        4,
        4,
        1,
        2,
        5,
        8,
        3,
        1,
        4,
        4,
        4,
        1,
        6,
        4,
        6,
        8,
        6,
        3,
        1837
    ],
    "combined_score": 0.5193650913703272,
    "silhouette": 0.35948931620069147,
    "davies_bouldin": 1.3282862671244886,
    "sse": 13104.687936642267,
    "weights": {
        "alpha": 0.47,
        "beta": 0.53,
        "gamma": 0.0
    }
}