{
    "n_trials": 31,
    "avg_iterations": 5.483870967741935,
    "median_iterations": 5.0,
    "avg_auc_delta": 6.021464527063257,
    "avg_geo_decay": 0.441836123981252,
    "best_k": 10,
    "best_combined_score": 0.7011014722815907,
    "best_sse": 692.7240614715865,
    "weights": {
        "alpha": 0.47,
        "beta": 0.53,
        "gamma": 0.0
    },
    "total_runtime_sec": 1.6630430221557617
}