{
    "n_trials": 31,
    "avg_iterations": 13.225806451612904,
    "median_iterations": 13.0,
    "avg_auc_delta": 11.702350383263916,
    "avg_geo_decay": 0.5996158759881876,
    "best_k": 10,
    "best_combined_score": 0.5185719079669981,
    "best_sse": 2833.8664274567427,
    "weights": {
        "alpha": 0.47,
        "beta": 0.53,
        "gamma": 0.0
    },
    "total_runtime_sec": 3.8711798191070557
}