{
    "clean_state": "raw",
    "best_k": 10,
    "best_cov_type": "tied",
    "best_combined": 0.7143392156257062,
    "best_silhouette": 0.5803147009048354,
    "best_db": 0.5190130395221971,
    "best_sse": 528.6643061595073,
    "weights": {
        "alpha": 0.47,
        "beta": 0.53,
        "gamma": 0.0
    },
    "n_iter_final": 1,
    "ll_curve_final": [
        12.724137549680869,
        12.72657191909258,
        12.726903868072506
    ],
    "total_runtime_sec": 14.003504514694214
}