{
    "n_trials": 31,
    "avg_iterations": 10.225806451612904,
    "median_iterations": 10.0,
    "avg_auc_delta": 14.807937038667529,
    "avg_geo_decay": 0.57163184098833,
    "best_k": 30,
    "best_combined_score": 0.5129382746691796,
    "best_sse": 2287.6205725957284,
    "weights": {
        "alpha": 0.47,
        "beta": 0.53,
        "gamma": 0.0
    },
    "total_runtime_sec": 107.68536281585693
}