{
    "core_count": 1340,
    "border_count": 29,
    "noise_count": 34,
    "noise_ratio": 0.024233784746970778,
    "neighbor_hist": [
        0,
        13,
        10,
        9,
        18,
        6,
        7,
        7,
        6,
        7,
        3,
        17,
        8,
        9,
        5,
        8,
        14,
        8,
        4,
        8,
        1,
        6,
        3,
        8,
        5,
        9,
        6,
        0,
        1,
        0,
        2,
        3,
        5,
        2,
        5,
        3,
        12,
        10,
        7,
        0,
        3,
        5,
        2,
        2,
        6,
        11,
        1,
        4,
        5,
        1109
    ],
    "combined_score": 0.5215070923692241,
    "silhouette": 0.5777274621752784,
    "davies_bouldin": 1.4938222937861827,
    "sse": 7303.079976095448,
    "weights": {
        "alpha": 0.47,
        "beta": 0.53,
        "gamma": 0.0
    }
}