{
    "clean_state": "raw",
    "best_k": 6,
    "linkage": "single",
    "metric": "manhattan",
    "combined": 1.4544972039501,
    "silhouette": 0.4799996976826332,
    "davies_bouldin": 0.4116929509123671,
    "intra_dist_mean": 3.4191587188323536,
    "inter_dist_mean": 12.203129009738282,
    "ratio_intra_inter": 0.2801870500675305,
    "n_merge_steps": 2274,
    "total_runtime_sec": 142.78884863853455
}