{
    "n_trials": 31,
    "avg_iterations": 9.774193548387096,
    "median_iterations": 9.0,
    "avg_auc_delta": 10.046873064668747,
    "avg_geo_decay": 0.5428489878400209,
    "best_k": 12,
    "best_combined_score": 0.5419481622818905,
    "best_sse": 2053.728979048794,
    "weights": {
        "alpha": 0.47,
        "beta": 0.53,
        "gamma": 0.0
    },
    "total_runtime_sec": 5.562490463256836
}