{
    "clean_state": "raw",
    "best_k": 44,
    "linkage": "single",
    "metric": "euclidean",
    "combined": 1.2045704649953586,
    "silhouette": 0.3519799049146774,
    "davies_bouldin": 0.4861068179935193,
    "intra_dist_mean": 1.9459412181237523,
    "inter_dist_mean": 3.9771893763076167,
    "ratio_intra_inter": 0.4892754742118555,
    "n_merge_steps": 2372,
    "total_runtime_sec": 106.30472826957703
}