{
    "clean_state": "raw",
    "best_k": 44,
    "linkage": "single",
    "metric": "euclidean",
    "combined": 1.2045704532912878,
    "silhouette": 0.35197990474130225,
    "davies_bouldin": 0.4861068234838909,
    "intra_dist_mean": 1.9459412181573335,
    "inter_dist_mean": 3.977189376307616,
    "ratio_intra_inter": 0.48927547422029904,
    "n_merge_steps": 2372,
    "total_runtime_sec": 151.3257246017456
}