{
    "n_trials": 30,
    "avg_iterations": 13.466666666666667,
    "median_iterations": 12.0,
    "avg_auc_delta": 8.872361177444965,
    "avg_geo_decay": 0.676077086537526,
    "best_k": 31,
    "best_combined_score": 0.5190781987322783,
    "best_sse": 2172.1614942368506,
    "weights": {
        "alpha": 0.47,
        "beta": 0.53,
        "gamma": 0.0
    },
    "total_runtime_sec": 7.920257329940796
}