{
    "n_trials": 31,
    "avg_iterations": 15.806451612903226,
    "median_iterations": 15.0,
    "avg_auc_delta": 11.945281321756376,
    "avg_geo_decay": 0.7029064759664164,
    "best_k": 24,
    "best_combined_score": 0.5228611900685173,
    "best_sse": 1438.3393437446875,
    "weights": {
        "alpha": 0.47,
        "beta": 0.53,
        "gamma": 0.0
    },
    "total_runtime_sec": 3.796933174133301
}