{
    "n_trials": 31,
    "avg_iterations": 12.709677419354838,
    "median_iterations": 13.0,
    "avg_auc_delta": 12.500390327495891,
    "avg_geo_decay": 0.6315745316469245,
    "best_k": 26,
    "best_combined_score": 0.5386048676557433,
    "best_sse": 920.2619419812097,
    "weights": {
        "alpha": 0.47,
        "beta": 0.53,
        "gamma": 0.0
    },
    "total_runtime_sec": 72.80096745491028
}