{
    "clean_state": "raw",
    "best_k": 9,
    "best_cov_type": "tied",
    "best_combined": 1.139510718199221,
    "best_silhouette": 0.5585089942558126,
    "best_db": 0.5812221844525902,
    "n_iter_final": 1,
    "ll_curve_final": [
        12.807013613685726,
        12.807115984498411
    ],
    "total_runtime_sec": 1.1208748817443848
}