{
    "n_trials": 30,
    "avg_iterations": 14.066666666666666,
    "median_iterations": 15.0,
    "avg_auc_delta": 13.266043752025407,
    "avg_geo_decay": 0.6758916176587543,
    "best_k": 31,
    "best_combined_score": 0.3851475030182977,
    "best_sse": 7122.25723218334,
    "total_runtime_sec": 2.1644227504730225
}