{
    "n_trials": 31,
    "avg_iterations": 13.290322580645162,
    "median_iterations": 12.0,
    "avg_auc_delta": 23.299444457166228,
    "avg_geo_decay": 0.6467018887164537,
    "best_k": 31,
    "best_combined_score": 0.3617145859696461,
    "best_sse": 7715.43365347458,
    "total_runtime_sec": 7.250001907348633
}