{
    "n_trials": 31,
    "avg_iterations": 14.32258064516129,
    "median_iterations": 14.0,
    "avg_auc_delta": 15.275895909691991,
    "avg_geo_decay": 0.6054042169285626,
    "best_k": 38,
    "best_combined_score": 0.6085141751548802,
    "best_sse": 2572.9540281304453,
    "weights": {
        "alpha": 0.47,
        "beta": 0.53,
        "gamma": 0.0
    },
    "total_runtime_sec": 10.735222816467285
}