{
    "clean_state": "raw",
    "best_k": 38,
    "best_cov_type": "spherical",
    "best_combined": 0.6142316165658596,
    "best_silhouette": 0.40997817603792025,
    "best_db": 0.8139120136461443,
    "best_sse": 942.2478582664598,
    "weights": {
        "alpha": 0.47,
        "beta": 0.53,
        "gamma": 0.0
    },
    "n_iter_final": 1,
    "ll_curve_final": [
        -3.1732873237366324,
        -3.0867334747923194,
        -3.003615783843045,
        -2.945499255036355,
        -2.883482976108421,
        -2.8671341020393237,
        -2.8658117115115918,
        -2.8647687088564373,
        -2.864215189354983
    ],
    "total_runtime_sec": 31.55136489868164
}