{
    "clean_state": "raw",
    "best_k": 8,
    "best_cov_type": "spherical",
    "best_combined": 0.6500554694671987,
    "best_silhouette": 0.28757614769166107,
    "best_db": 0.9876203846513245,
    "n_iter_final": 1,
    "ll_curve_final": [
        -15.27887209734127,
        -15.160136103326206,
        -15.052185230240942,
        -14.976926873911546,
        -14.964281906920558,
        -14.964245503364864
    ],
    "total_runtime_sec": 6.3391947746276855
}