{
    "clean_state": "raw",
    "best_k": 14,
    "best_cov_type": "tied",
    "best_combined": 0.47781649219792083,
    "best_silhouette": 0.17237936331398931,
    "best_db": 1.4359724902554567,
    "best_sse": 8696.092900881598,
    "weights": {
        "alpha": 0.47,
        "beta": 0.53,
        "gamma": 0.0
    },
    "n_iter_final": 1,
    "ll_curve_final": [
        -13.527703586651594,
        -13.069424892697437,
        -12.991585774749797,
        -12.977072374588822,
        -12.968367296813764,
        -12.959352709011783,
        -12.947426670498027,
        -12.92992801069588,
        -12.89976385346857,
        -12.873729095784215,
        -12.866524078953246,
        -12.859116548435404,
        -12.846298259615736,
        -12.825510411450768,
        -12.814340822376705,
        -12.787544311564524,
        -12.732051553810587,
        -12.647131716495556,
        -12.542013213878707,
        -12.536827546640964,
        -12.535288690095877,
        -12.53484308821322
    ],
    "total_runtime_sec": 11.168458938598633
}