{
    "clean_state": "raw",
    "best_k": 9,
    "best_cov_type": "tied",
    "best_combined": 0.7361381708303385,
    "best_silhouette": 0.30933590282111756,
    "best_db": 0.8598892656943381,
    "n_iter_final": 1,
    "ll_curve_final": [
        -8.531547423423369,
        -8.443982351948538,
        -8.416824569833231,
        -8.408554558380708,
        -8.403127164728515,
        -8.398761305103665,
        -8.394462734919001,
        -8.389567843009242,
        -8.380472414300456,
        -8.362130412799777,
        -8.345047581583302,
        -8.304178986431276,
        -8.040188826293065,
        -6.957661400132573,
        -6.957356108945727
    ],
    "total_runtime_sec": 71.02374863624573
}