{
    "core_count": 794,
    "border_count": 22,
    "noise_count": 184,
    "noise_ratio": 0.184,
    "neighbor_hist": [
        0,
        102,
        51,
        29,
        24,
        27,
        24,
        15,
        27,
        16,
        11,
        19,
        28,
        24,
        16,
        16,
        48,
        1,
        16,
        19,
        12,
        17,
        5,
        2,
        7,
        1,
        0,
        3,
        6,
        7,
        11,
        11,
        5,
        2,
        6,
        3,
        5,
        8,
        3,
        12,
        5,
        8,
        8,
        7,
        9,
        8,
        6,
        3,
        4,
        303
    ],
    "combined_score": 0.4369198554170388,
    "silhouette": 0.13613413196871102,
    "davies_bouldin": 1.757324851761685,
    "sse": 2890.987344865589,
    "weights": {
        "alpha": 0.47,
        "beta": 0.53,
        "gamma": 0.0
    }
}