{
    "clean_state": "raw",
    "best_k": 13,
    "best_cov_type": "tied",
    "best_combined": 0.47446280554021536,
    "best_silhouette": 0.16191895497065592,
    "best_db": 1.4502646410017666,
    "best_sse": 1714.4929780629911,
    "weights": {
        "alpha": 0.47,
        "beta": 0.53,
        "gamma": 0.0
    },
    "n_iter_final": 1,
    "ll_curve_final": [
        8.776459499084632,
        10.627026385697798,
        11.069702398303464,
        11.079683828305958,
        11.10515133027358,
        11.12484064683683,
        11.126102551671528,
        11.126449237677116
    ],
    "total_runtime_sec": 4.417762279510498
}