{
    "clean_state": "raw",
    "best_k": 40,
    "linkage": "average",
    "metric": "euclidean",
    "combined": 0.6546906248143712,
    "silhouette": 0.39270998512445926,
    "davies_bouldin": 0.6084828424696475,
    "sse": 1524.3413055492285,
    "weights": {
        "alpha": 0.47,
        "beta": 0.53,
        "gamma": 0.0
    },
    "intra_dist_mean": 1.2758487593383174,
    "inter_dist_mean": 3.565646907873722,
    "ratio_intra_inter": 0.35781691017150596,
    "n_merge_steps": 1709,
    "h_max": 7.436671496470622,
    "total_runtime_sec": 289.44187688827515
}