{
    "clean_state": "raw",
    "best_k": 5,
    "linkage": "single",
    "metric": "manhattan",
    "combined": 1.4263277992219767,
    "silhouette": 0.521488066964797,
    "davies_bouldin": 0.42896959849362987,
    "intra_dist_mean": 4.764280938409638,
    "inter_dist_mean": 12.875647710267083,
    "ratio_intra_inter": 0.37002262298697525,
    "n_merge_steps": 857,
    "total_runtime_sec": 27.758827686309814
}