{
    "n_trials": 31,
    "avg_iterations": 5.193548387096774,
    "median_iterations": 5.0,
    "avg_auc_delta": 6.253249402471278,
    "avg_geo_decay": 0.5664703520778455,
    "best_k": 11,
    "best_combined_score": 0.6517889294683099,
    "best_sse": 190.70561109851195,
    "weights": {
        "alpha": 0.47,
        "beta": 0.53,
        "gamma": 0.0
    },
    "total_runtime_sec": 5.768218517303467
}