{
    "n_trials": 31,
    "avg_iterations": 5.516129032258065,
    "median_iterations": 5.0,
    "avg_auc_delta": 4.135777910077514,
    "avg_geo_decay": 0.33096717942417364,
    "best_k": 19,
    "best_combined_score": 0.49239840022981635,
    "best_sse": 7613.180096264467,
    "weights": {
        "alpha": 0.47,
        "beta": 0.53,
        "gamma": 0.0
    },
    "total_runtime_sec": 5.599899530410767
}