{
    "n_trials": 20,
    "avg_iterations": 3.2,
    "median_iterations": 4.0,
    "avg_auc_delta": 1.864977334633935,
    "avg_geo_decay": 0.23863445977238157,
    "best_k": 8,
    "best_combined_score": 0.7406315270091353,
    "best_sse": 61.87211470546651,
    "weights": {
        "alpha": 0.47,
        "beta": 0.53,
        "gamma": 0.0
    },
    "total_runtime_sec": 0.1925497055053711
}