{
    "n_trials": 31,
    "avg_iterations": 3.4838709677419355,
    "median_iterations": 3.0,
    "avg_auc_delta": 2.0939020531546935,
    "avg_geo_decay": 0.20154510724444588,
    "best_k": 8,
    "best_combined_score": 1.2709938367116989,
    "best_sse": 147.81730601312933,
    "total_runtime_sec": 0.9957616329193115
}