{
    "n_trials": 20,
    "avg_iterations": 2.0,
    "median_iterations": 2.0,
    "avg_auc_delta": 0.0,
    "avg_geo_decay": 0.0,
    "best_k": 8,
    "best_combined_score": 1.4299896927136282,
    "best_sse": 79.32284388172775,
    "total_runtime_sec": 0.07453155517578125
}