{
    "n_trials": 31,
    "avg_iterations": 15.741935483870968,
    "median_iterations": 15.0,
    "avg_auc_delta": 11.99710236671786,
    "avg_geo_decay": 0.6892050199965494,
    "best_k": 48,
    "best_combined_score": 0.5271865584098291,
    "best_sse": 2442.942656194667,
    "weights": {
        "alpha": 0.47,
        "beta": 0.53,
        "gamma": 0.0
    },
    "total_runtime_sec": 13.754225969314575
}