{
    "clean_state": "raw",
    "best_k": 12,
    "best_cov_type": "tied",
    "best_combined": 0.4134981073826699,
    "best_silhouette": 0.0664874274739628,
    "best_db": 1.8999861273217358,
    "best_sse": 11885.580083422252,
    "weights": {
        "alpha": 0.47,
        "beta": 0.53,
        "gamma": 0.0
    },
    "n_iter_final": 1,
    "ll_curve_final": [
        -22.537471831857022,
        -18.913705706986658,
        -17.642841333572623,
        -17.634458017435435,
        -17.623835401593443,
        -17.595864701833904,
        -17.588916317140185,
        -17.587841638240757,
        -17.58652115153696,
        -17.584693985304547,
        -17.58188425763547,
        -17.577677262645906,
        -17.57333003028237,
        -17.57079698326725,
        -17.570072776187775
    ],
    "total_runtime_sec": 58.42749834060669
}