{
    "clean_state": "raw",
    "best_k": 32,
    "best_cov_type": "tied",
    "best_combined": 0.5864629429047082,
    "best_silhouette": 0.24733631604254094,
    "best_db": 1.0803924683938109,
    "n_iter_final": 1,
    "ll_curve_final": [
        -4.880336855461058,
        -4.6977769408743155,
        -4.60050237957249,
        -4.526419646007321,
        -4.442032288124566,
        -4.397777365281173,
        -4.377853006101403,
        -4.3559572184873,
        -4.287790121730753,
        -4.158420882770104,
        -4.125867974388352,
        -4.10511545483434,
        -4.102960004393713,
        -4.100590931936563,
        -4.099315728038106,
        -4.0984692615661995
    ],
    "total_runtime_sec": 44.15926957130432
}