{
    "n_trials": 31,
    "avg_iterations": 3.064516129032258,
    "median_iterations": 3.0,
    "avg_auc_delta": 0.32369886104536494,
    "avg_geo_decay": 0.016599773819993516,
    "best_k": 8,
    "best_combined_score": 0.6182845430906764,
    "best_sse": 150.80917516570673,
    "weights": {
        "alpha": 0.47,
        "beta": 0.53,
        "gamma": 0.0
    },
    "total_runtime_sec": 0.9565281867980957
}