{
    "clean_state": "raw",
    "best_k": 5,
    "linkage": "single",
    "metric": "manhattan",
    "combined": 0.9661124096095907,
    "silhouette": 0.317002716102375,
    "davies_bouldin": 0.6191099032574866,
    "intra_dist_mean": 4.142701192420475,
    "inter_dist_mean": 7.898834273697715,
    "ratio_intra_inter": 0.5244699469407414,
    "n_merge_steps": 78,
    "h_max": 27.951792915412447,
    "total_runtime_sec": 0.36557698249816895
}