{
    "clean_state": "raw",
    "best_k": 41,
    "best_cov_type": "full",
    "best_combined": 0.6906698638155853,
    "best_silhouette": 0.3769063601253383,
    "best_db": 0.9955862004894951,
    "n_iter_final": 1,
    "ll_curve_final": [
        4.37643979621199,
        4.682025924660777,
        4.820787231844005,
        4.917651708890724,
        5.028232598366325,
        5.096682860411874,
        5.180988010208338,
        5.188128947034532,
        5.199544258382777,
        5.229651078173195,
        5.260757893459071,
        5.271293576253629,
        5.284971325282542,
        5.288666305967535,
        5.306789238592571,
        5.318741076824206,
        5.321095013324469,
        5.322184575528922,
        5.322559586550128
    ],
    "total_runtime_sec": 94.74045395851135
}