{
    "clean_state": "raw",
    "best_k": 16,
    "best_cov_type": "spherical",
    "best_combined": 0.5198172395504672,
    "best_silhouette": 0.27251086594063373,
    "best_db": 1.2359547506321136,
    "best_sse": 3011.428309909997,
    "weights": {
        "alpha": 0.47,
        "beta": 0.53,
        "gamma": 0.0
    },
    "n_iter_final": 1,
    "ll_curve_final": [
        -7.147607991769314,
        -7.031524609140127,
        -6.9964701392076245,
        -6.980007919804647,
        -6.972298673043347,
        -6.968435125102024,
        -6.965741671566367,
        -6.963550112884034,
        -6.961754238526964,
        -6.960332254812546,
        -6.959231214007571,
        -6.958401923218359
    ],
    "total_runtime_sec": 20.79632258415222
}