{
    "n_trials": 31,
    "avg_iterations": 3.4193548387096775,
    "median_iterations": 3.0,
    "avg_auc_delta": 2.0709150052849377,
    "avg_geo_decay": 0.3596457581899825,
    "best_k": 16,
    "best_combined_score": 0.5220242975534527,
    "best_sse": 2236.4037898872743,
    "weights": {
        "alpha": 0.47,
        "beta": 0.53,
        "gamma": 0.0
    },
    "total_runtime_sec": 0.8165738582611084
}