{
    "n_trials": 31,
    "avg_iterations": 10.290322580645162,
    "median_iterations": 9.0,
    "avg_auc_delta": 10.546147672279899,
    "avg_geo_decay": 0.563198964856749,
    "best_k": 11,
    "best_combined_score": 0.5524852942507423,
    "best_sse": 1675.3443857479451,
    "weights": {
        "alpha": 0.47,
        "beta": 0.53,
        "gamma": 0.0
    },
    "total_runtime_sec": 3.9852755069732666
}