{
    "n_trials": 31,
    "avg_iterations": 4.935483870967742,
    "median_iterations": 5.0,
    "avg_auc_delta": 9.066538968311523,
    "avg_geo_decay": 0.33550407295770507,
    "best_k": 16,
    "best_combined_score": 0.754210674165436,
    "best_sse": 243.65585400869438,
    "weights": {
        "alpha": 0.47,
        "beta": 0.53,
        "gamma": 0.0
    },
    "total_runtime_sec": 0.6766810417175293
}