{
    "clean_state": "raw",
    "best_k": 5,
    "linkage": "single",
    "metric": "euclidean",
    "combined": 2.1936487619734164,
    "silhouette": 0.5374841039520705,
    "davies_bouldin": 0.25975284797084025,
    "intra_dist_mean": 3.1678739113650494,
    "inter_dist_mean": 11.645961802955059,
    "ratio_intra_inter": 0.27201479491036606,
    "n_merge_steps": 752,
    "h_max": 23.488448157982322,
    "total_runtime_sec": 6.8172547817230225
}