{
    "clean_state": "raw",
    "best_k": 5,
    "linkage": "single",
    "metric": "manhattan",
    "combined": 2.232460330357379,
    "silhouette": 0.6758373081868455,
    "davies_bouldin": 0.2639160733513142,
    "intra_dist_mean": 3.0451975870964305,
    "inter_dist_mean": 11.171352483334955,
    "ratio_intra_inter": 0.2725898759025714,
    "n_merge_steps": 1001,
    "total_runtime_sec": 22.608436346054077
}