{
    "clean_state": "raw",
    "best_k": 9,
    "linkage": "single",
    "metric": "manhattan",
    "combined": 2.1780931748960866,
    "silhouette": 0.6564420411206444,
    "davies_bouldin": 0.27028894879469956,
    "intra_dist_mean": 2.9967071205806723,
    "inter_dist_mean": 11.139097640731885,
    "ratio_intra_inter": 0.2690260214276663,
    "n_merge_steps": 1001,
    "h_max": 9.843606595793032,
    "total_runtime_sec": 15.341068506240845
}