{
    "clean_state": "raw",
    "best_k": 5,
    "linkage": "single",
    "metric": "manhattan",
    "combined": 1.099957909284843,
    "silhouette": 0.23953996856083118,
    "davies_bouldin": 0.510106263549147,
    "intra_dist_mean": 5.717518557083898,
    "inter_dist_mean": 9.480669953857241,
    "ratio_intra_inter": 0.6030711526622762,
    "n_merge_steps": 408,
    "h_max": 14.818133215252413,
    "total_runtime_sec": 2.5367705821990967
}