{
    "clean_state": "raw",
    "best_k": 5,
    "linkage": "single",
    "metric": "euclidean",
    "combined": 0.6433468506461165,
    "silhouette": 0.3299998746014774,
    "davies_bouldin": 0.5992537767499475,
    "sse": 6968.07275793667,
    "weights": {
        "alpha": 0.47,
        "beta": 0.53,
        "gamma": 0.0
    },
    "intra_dist_mean": 3.0815823883944264,
    "inter_dist_mean": 5.303190272834608,
    "ratio_intra_inter": 0.5810808645088853,
    "n_merge_steps": 1270,
    "h_max": 2.728786114519501,
    "total_runtime_sec": 35.23637676239014
}