{
    "clean_state": "raw",
    "best_k": 8,
    "best_cov_type": "spherical",
    "best_combined": 0.508593937156547,
    "best_silhouette": 0.17439075674259172,
    "best_db": 1.1996039519315698,
    "best_sse": 291.51997554062035,
    "weights": {
        "alpha": 0.47,
        "beta": 0.53,
        "gamma": 0.0
    },
    "n_iter_final": 1,
    "ll_curve_final": [
        -11.820158496743657,
        -11.807037058014204,
        -11.762018786962694,
        -11.74894453080052,
        -11.729675009933976,
        -11.633072897788304,
        -11.605962221111412,
        -11.60596125001013
    ],
    "total_runtime_sec": 1.0973761081695557
}