{
    "clean_state": "raw",
    "best_k": 7,
    "best_cov_type": "tied",
    "best_combined": 0.43409382826303944,
    "best_silhouette": 0.2019239905647217,
    "best_db": 1.500907300050787,
    "n_iter_final": 1,
    "ll_curve_final": [
        -14.719776721263289,
        -14.63362809377449,
        -14.531513938955479,
        -14.429813284183352,
        -14.341976995591455,
        -14.341979234993552
    ],
    "total_runtime_sec": 1.0745840072631836
}