{
    "core_count": 47,
    "border_count": 25,
    "noise_count": 306,
    "noise_ratio": 0.8095238095238095,
    "neighbor_hist": [
        0,
        205,
        54,
        40,
        16,
        16,
        16,
        8,
        6,
        6,
        6,
        4,
        0,
        1
    ],
    "combined_score": 0.359012200160068,
    "silhouette": -0.17836269338884606,
    "davies_bouldin": 2.0969123666956677,
    "sse": 95.94386752926374,
    "weights": {
        "alpha": 0.47,
        "beta": 0.53,
        "gamma": 0.0
    }
}