{
    "clean_state": "raw",
    "best_k": 5,
    "linkage": "single",
    "metric": "euclidean",
    "combined": 1.1210254081596163,
    "silhouette": 0.2595536836601868,
    "davies_bouldin": 0.5044143487152182,
    "intra_dist_mean": 5.777914136230673,
    "inter_dist_mean": 9.371534602420676,
    "ratio_intra_inter": 0.6165387400626591,
    "n_merge_steps": 645,
    "h_max": 7.237756401248958,
    "total_runtime_sec": 5.259180307388306
}