{
    "clean_state": "raw",
    "best_k": 10,
    "linkage": "single",
    "metric": "manhattan",
    "combined": 0.9833083069987822,
    "silhouette": 0.18593126647872701,
    "davies_bouldin": 0.5615815289283842,
    "intra_dist_mean": 5.7289325253666075,
    "inter_dist_mean": 8.766809317892717,
    "ratio_intra_inter": 0.6534797687082603,
    "n_merge_steps": 645,
    "total_runtime_sec": 17.959197998046875
}