{
    "n_trials": 31,
    "avg_iterations": 10.419354838709678,
    "median_iterations": 10.0,
    "avg_auc_delta": 9.373778941529181,
    "avg_geo_decay": 0.5626846564556497,
    "best_k": 17,
    "best_combined_score": 0.5476054501076363,
    "best_sse": 873.5161017769451,
    "weights": {
        "alpha": 0.47,
        "beta": 0.53,
        "gamma": 0.0
    },
    "total_runtime_sec": 3.1613199710845947
}