{
    "n_trials": 31,
    "avg_iterations": 4.290322580645161,
    "median_iterations": 4.0,
    "avg_auc_delta": 8.894047122273228,
    "avg_geo_decay": 0.36539576970418675,
    "best_k": 7,
    "best_combined_score": 0.3956613121359401,
    "best_sse": 627.9899260422144,
    "weights": {
        "alpha": 0.47,
        "beta": 0.53,
        "gamma": 0.0
    },
    "total_runtime_sec": 5.138203144073486
}