{
    "clean_state": "raw",
    "best_k": 7,
    "linkage": "single",
    "metric": "manhattan",
    "combined": 0.8056371109133376,
    "silhouette": 0.6100159529663564,
    "davies_bouldin": 0.2403933922135498,
    "sse": 560.4057533797944,
    "weights": {
        "alpha": 0.47,
        "beta": 0.53,
        "gamma": 0.0
    },
    "intra_dist_mean": 2.706097274374784,
    "inter_dist_mean": 8.834510871070428,
    "ratio_intra_inter": 0.30630980185172324,
    "n_merge_steps": 118,
    "h_max": 10.960907967647941,
    "total_runtime_sec": 1.1360015869140625
}