{
    "clean_state": "raw",
    "best_k": 5,
    "linkage": "average",
    "metric": "manhattan",
    "combined": 2.5235244545834967,
    "silhouette": 0.6109519819769831,
    "davies_bouldin": 0.22542338826519676,
    "intra_dist_mean": 2.8225974981816373,
    "inter_dist_mean": 10.664745926465521,
    "ratio_intra_inter": 0.26466617373198215,
    "n_merge_steps": 137,
    "h_max": 27.69288292694877,
    "total_runtime_sec": 0.9465944766998291
}