{
    "core_count": 117,
    "border_count": 6,
    "noise_count": 12,
    "noise_ratio": 0.08888888888888889,
    "neighbor_hist": [
        0,
        7,
        3,
        6,
        2,
        0,
        0,
        3,
        6,
        1,
        1,
        1,
        0,
        0,
        1,
        1,
        1,
        1,
        0,
        2,
        1,
        4,
        12,
        7,
        1,
        1,
        1,
        0,
        0,
        2,
        1,
        1,
        1,
        0,
        0,
        0,
        0,
        0,
        0,
        0,
        0,
        0,
        0,
        0,
        0,
        0,
        0,
        0,
        0,
        67
    ],
    "combined_score": 0.4159101125278757,
    "silhouette": 0.4240546564457363,
    "davies_bouldin": 2.291091801630245,
    "sse": 259.17522460116936,
    "weights": {
        "alpha": 0.47,
        "beta": 0.53,
        "gamma": 0.0
    }
}