{
    "clean_state": "raw",
    "best_k": 5,
    "linkage": "single",
    "metric": "manhattan",
    "combined": 3.339494640886686,
    "silhouette": 0.7321985185915955,
    "davies_bouldin": 0.16815792581626987,
    "intra_dist_mean": 3.06342466256896,
    "inter_dist_mean": 15.504540253290948,
    "ratio_intra_inter": 0.1975824250524635,
    "n_merge_steps": 2409,
    "total_runtime_sec": 115.89417457580566
}