{
    "clean_state": "raw",
    "best_k": 5,
    "linkage": "single",
    "metric": "manhattan",
    "combined": 0.6250033485261866,
    "silhouette": 0.20015535826567232,
    "davies_bouldin": 0.541055652417056,
    "sse": 17661.15795422237,
    "weights": {
        "alpha": 0.47,
        "beta": 0.53,
        "gamma": 0.0
    },
    "intra_dist_mean": 5.818106735982657,
    "inter_dist_mean": 9.655344237167464,
    "ratio_intra_inter": 0.6025789027371727,
    "n_merge_steps": 999,
    "h_max": 13.715220147020117,
    "total_runtime_sec": 21.289047241210938
}