{
    "clean_state": "raw",
    "best_k": 5,
    "linkage": "single",
    "metric": "manhattan",
    "combined": 3.3394946408866732,
    "silhouette": 0.7321985185916235,
    "davies_bouldin": 0.16815792581627137,
    "intra_dist_mean": 3.0634246625686212,
    "inter_dist_mean": 15.504540253290948,
    "ratio_intra_inter": 0.19758242505244167,
    "n_merge_steps": 2409,
    "h_max": 53.26626056793765,
    "total_runtime_sec": 129.68544149398804
}