{
    "clean_state": "raw",
    "best_k": 5,
    "linkage": "single",
    "metric": "euclidean",
    "combined": 0.7465677135187284,
    "silhouette": 0.5028968026444486,
    "davies_bouldin": 0.3471782059254944,
    "sse": 9687.0997315263,
    "weights": {
        "alpha": 0.47,
        "beta": 0.53,
        "gamma": 0.0
    },
    "intra_dist_mean": 3.402148419646455,
    "inter_dist_mean": 9.821218133817549,
    "ratio_intra_inter": 0.3464079886314142,
    "n_merge_steps": 1401,
    "h_max": 5.871852622577001,
    "total_runtime_sec": 41.35749316215515
}