{
    "n_trials": 31,
    "avg_iterations": 17.516129032258064,
    "median_iterations": 17.0,
    "avg_auc_delta": 26.46674316871765,
    "avg_geo_decay": 0.7494318116501372,
    "best_k": 31,
    "best_combined_score": 0.38575797788666444,
    "best_sse": 10353.31206664468,
    "weights": {
        "alpha": 0.47,
        "beta": 0.53,
        "gamma": 0.0
    },
    "total_runtime_sec": 7.980900764465332
}