{
    "clean_state": "raw",
    "best_k": 9,
    "best_cov_type": "tied",
    "best_combined": 0.7211002683005524,
    "best_silhouette": 0.5849877179979085,
    "best_db": 0.49755691263044227,
    "best_sse": 579.1776481540207,
    "weights": {
        "alpha": 0.47,
        "beta": 0.53,
        "gamma": 0.0
    },
    "n_iter_final": 1,
    "ll_curve_final": [
        12.97945404736596,
        13.031759729423495,
        13.054198013568998,
        13.110127065976624,
        13.292360327428922,
        13.29569026113849,
        13.295857082773
    ],
    "total_runtime_sec": 8.996642827987671
}