{
    "n_trials": 31,
    "avg_iterations": 13.580645161290322,
    "median_iterations": 14.0,
    "avg_auc_delta": 10.962680036667713,
    "avg_geo_decay": 0.6834926828929899,
    "best_k": 30,
    "best_combined_score": 0.5612970750418732,
    "best_sse": 1211.9555177620466,
    "weights": {
        "alpha": 0.47,
        "beta": 0.53,
        "gamma": 0.0
    },
    "total_runtime_sec": 26.72026300430298
}