{
    "clean_state": "raw",
    "best_k": 19,
    "best_cov_type": "spherical",
    "best_combined": 0.4877150329630261,
    "best_silhouette": 0.18613336810854378,
    "best_db": 1.2669506951759828,
    "n_iter_final": 1,
    "ll_curve_final": [
        -7.58409593199015,
        -7.533181303194155,
        -7.517451459841968,
        -7.509778572516588,
        -7.503200846307043,
        -7.496691195980134,
        -7.489425144175961,
        -7.485534566964354,
        -7.483777081770719,
        -7.482619725872106,
        -7.481836647674533
    ],
    "total_runtime_sec": 2.78350567817688
}