{
    "clean_state": "raw",
    "best_k": 9,
    "best_cov_type": "full",
    "best_combined": 0.44311514706235045,
    "best_silhouette": 0.10120621933881761,
    "best_db": 1.6474345999243034,
    "best_sse": 564.6936647683501,
    "weights": {
        "alpha": 0.47,
        "beta": 0.53,
        "gamma": 0.0
    },
    "n_iter_final": 1,
    "ll_curve_final": [
        46.11540802367217,
        46.11540802367217
    ],
    "total_runtime_sec": 1.5194151401519775
}