{
    "n_trials": 30,
    "avg_iterations": 7.7,
    "median_iterations": 7.0,
    "avg_auc_delta": 7.83068493649385,
    "avg_geo_decay": 0.43874884038907963,
    "best_k": 30,
    "best_combined_score": 0.6585235890460988,
    "best_sse": 1494.6940424254494,
    "total_runtime_sec": 1.2143912315368652
}