{
    "n_trials": 31,
    "avg_iterations": 11.290322580645162,
    "median_iterations": 11.0,
    "avg_auc_delta": 11.29569354490636,
    "avg_geo_decay": 0.6067882115953889,
    "best_k": 30,
    "best_combined_score": 0.6856007636768289,
    "best_sse": 1590.386022773413,
    "total_runtime_sec": 6.688218116760254
}