{
    "clean_state": "raw",
    "best_k": 9,
    "linkage": "single",
    "metric": "manhattan",
    "combined": 1.9893200136974094,
    "silhouette": 0.5065990939061269,
    "davies_bouldin": 0.2880150375978443,
    "intra_dist_mean": 3.733749727234698,
    "inter_dist_mean": 12.428630757845362,
    "ratio_intra_inter": 0.3004152106520287,
    "n_merge_steps": 999,
    "total_runtime_sec": 29.675265550613403
}