{
    "clean_state": "raw",
    "best_k": 6,
    "linkage": "single",
    "metric": "manhattan",
    "combined": 1.8576796830228157,
    "silhouette": 0.48155166017927065,
    "davies_bouldin": 0.30923298196918997,
    "intra_dist_mean": 3.291421444274409,
    "inter_dist_mean": 10.643916268655243,
    "ratio_intra_inter": 0.30923030219307984,
    "n_merge_steps": 1210,
    "total_runtime_sec": 61.07336497306824
}