{
    "clean_state": "raw",
    "best_k": 5,
    "linkage": "single",
    "metric": "manhattan",
    "combined": 1.7450549544155434,
    "silhouette": 0.5542679169811272,
    "davies_bouldin": 0.3406177862351069,
    "intra_dist_mean": 5.03852348251202,
    "inter_dist_mean": 12.596152060806576,
    "ratio_intra_inter": 0.40000497439128135,
    "n_merge_steps": 999,
    "h_max": 27.49286452192395,
    "total_runtime_sec": 17.56795573234558
}