{
    "clean_state": "raw",
    "best_k": 30,
    "best_cov_type": "tied",
    "best_combined": 0.6295595570465343,
    "best_silhouette": 0.6055159127078025,
    "best_db": 0.892321673764453,
    "best_sse": 1332.6105116653052,
    "weights": {
        "alpha": 0.47,
        "beta": 0.53,
        "gamma": 0.0
    },
    "n_iter_final": 1,
    "ll_curve_final": [
        -5.985960481279666,
        -4.649471696729111,
        -4.406240376508108,
        -4.165798040009415,
        -4.148024771468759,
        -4.090456491360103,
        -4.027749915743859,
        -3.9934004696342855,
        -3.9692091261803255,
        -3.9452913059267276,
        -3.945148271042852
    ],
    "total_runtime_sec": 8.599485635757446
}