{
    "clean_state": "raw",
    "best_k": 29,
    "best_cov_type": "full",
    "best_combined": 0.7615329418802486,
    "best_silhouette": 0.5659964020330945,
    "best_db": 1.044856219002107,
    "n_iter_final": 1,
    "ll_curve_final": [
        27.345185900492755,
        27.553194641214887,
        27.915074191973495,
        28.13405479669469,
        28.17097181849672,
        28.170974464202068
    ],
    "total_runtime_sec": 13.366787433624268
}