{
    "core_count": 60,
    "border_count": 3,
    "noise_count": 12,
    "noise_ratio": 0.16,
    "neighbor_hist": [
        0,
        7,
        3,
        3,
        2,
        2,
        0,
        1,
        8,
        1,
        2,
        2,
        6,
        3,
        1,
        0,
        0,
        0,
        1,
        0,
        0,
        0,
        0,
        0,
        0,
        0,
        0,
        0,
        0,
        1,
        0,
        1,
        2,
        16,
        4,
        5,
        3,
        1
    ],
    "combined_score": 0.44658432251116775,
    "silhouette": 0.5420835319974844,
    "davies_bouldin": 2.0748186264441815,
    "sse": 19.756064263818537,
    "weights": {
        "alpha": 0.47,
        "beta": 0.53,
        "gamma": 0.0
    }
}