{
    "n_trials": 20,
    "avg_iterations": 8.1,
    "median_iterations": 6.0,
    "avg_auc_delta": 9.399483675449092,
    "avg_geo_decay": 0.47462657256204643,
    "best_k": 12,
    "best_combined_score": 0.3651341446531139,
    "best_sse": 1462.9846903456616,
    "total_runtime_sec": 0.12949228286743164
}