{
    "n_trials": 30,
    "avg_iterations": 15.966666666666667,
    "median_iterations": 15.0,
    "avg_auc_delta": 6.424155770801914,
    "avg_geo_decay": 0.6894456281852386,
    "best_k": 28,
    "best_combined_score": 0.5547447957965604,
    "best_sse": 923.6872608937063,
    "weights": {
        "alpha": 0.47,
        "beta": 0.53,
        "gamma": 0.0
    },
    "total_runtime_sec": 6.580741882324219
}