{
    "n_trials": 31,
    "avg_iterations": 6.741935483870968,
    "median_iterations": 6.0,
    "avg_auc_delta": 12.891453608888886,
    "avg_geo_decay": 0.4617762970283015,
    "best_k": 12,
    "best_combined_score": 0.3853228024661114,
    "best_sse": 1499.7166122972653,
    "total_runtime_sec": 2.3078510761260986
}