{
    "n_trials": 30,
    "avg_iterations": 8.833333333333334,
    "median_iterations": 8.0,
    "avg_auc_delta": 7.065358968648449,
    "avg_geo_decay": 0.5180778680396095,
    "best_k": 24,
    "best_combined_score": 0.5105327020861603,
    "best_sse": 1082.6860250347206,
    "total_runtime_sec": 0.5334615707397461
}