{
    "n_trials": 31,
    "avg_iterations": 13.483870967741936,
    "median_iterations": 13.0,
    "avg_auc_delta": 11.72467009528052,
    "avg_geo_decay": 0.6707695893166776,
    "best_k": 24,
    "best_combined_score": 0.5212390045606996,
    "best_sse": 1071.9184427046582,
    "total_runtime_sec": 6.0649943351745605
}