{
    "n_trials": 31,
    "avg_iterations": 7.548387096774194,
    "median_iterations": 7.0,
    "avg_auc_delta": 5.220478179508318,
    "avg_geo_decay": 0.4820710080628282,
    "best_k": 29,
    "best_combined_score": 0.5112607305957325,
    "best_sse": 1256.4333938612149,
    "weights": {
        "alpha": 0.47,
        "beta": 0.53,
        "gamma": 0.0
    },
    "total_runtime_sec": 4.43714714050293
}