{
    "clean_state": "raw",
    "best_k": 5,
    "linkage": "single",
    "metric": "manhattan",
    "combined": 2.148540289031982,
    "silhouette": 0.5940035497729592,
    "davies_bouldin": 0.27004569236884246,
    "intra_dist_mean": 3.0419458789571605,
    "inter_dist_mean": 9.779278952610372,
    "ratio_intra_inter": 0.3110603443973613,
    "n_merge_steps": 156,
    "h_max": 11.05645183077337,
    "total_runtime_sec": 0.7593965530395508
}