{
    "clean_state": "raw",
    "best_k": 5,
    "linkage": "single",
    "metric": "manhattan",
    "combined": 2.1485402664182622,
    "silhouette": 0.5940035497729592,
    "davies_bouldin": 0.27004569566703884,
    "intra_dist_mean": 3.041945878957161,
    "inter_dist_mean": 9.779278952610372,
    "ratio_intra_inter": 0.31106034439736135,
    "n_merge_steps": 156,
    "total_runtime_sec": 2.050429582595825
}