{
    "n_trials": 31,
    "avg_iterations": 9.935483870967742,
    "median_iterations": 10.0,
    "avg_auc_delta": 10.283061274528096,
    "avg_geo_decay": 0.5942520026361229,
    "best_k": 11,
    "best_combined_score": 0.5313136639149196,
    "best_sse": 882.5527513749132,
    "weights": {
        "alpha": 0.47,
        "beta": 0.53,
        "gamma": 0.0
    },
    "total_runtime_sec": 4.465101718902588
}