{
    "n_trials": 31,
    "avg_iterations": 6.290322580645161,
    "median_iterations": 6.0,
    "avg_auc_delta": 14.100208881748992,
    "avg_geo_decay": 0.7849762890557557,
    "best_k": 13,
    "best_combined_score": 0.6966449754162252,
    "best_sse": 194.1965874803049,
    "weights": {
        "alpha": 0.47,
        "beta": 0.53,
        "gamma": 0.0
    },
    "total_runtime_sec": 0.5851545333862305
}