{
    "clean_state": "raw",
    "best_k": 6,
    "linkage": "single",
    "metric": "euclidean",
    "combined": 1.0800091118969304,
    "silhouette": 0.29271796253271504,
    "davies_bouldin": 0.535532512229509,
    "intra_dist_mean": 3.223082587179069,
    "inter_dist_mean": 5.188119033678315,
    "ratio_intra_inter": 0.6212429911989357,
    "n_merge_steps": 1814,
    "total_runtime_sec": 104.47042798995972
}