{
    "clean_state": "raw",
    "best_k": 5,
    "linkage": "single",
    "metric": "euclidean",
    "combined": 1.1436203721729228,
    "silhouette": 0.30663899471146866,
    "davies_bouldin": 0.5048970597873106,
    "intra_dist_mean": 3.2323344803500462,
    "inter_dist_mean": 5.150595027954259,
    "ratio_intra_inter": 0.6275652546562672,
    "n_merge_steps": 1814,
    "h_max": 2.303800831458539,
    "total_runtime_sec": 74.68815088272095
}