{
    "n_trials": 31,
    "avg_iterations": 12.870967741935484,
    "median_iterations": 11.0,
    "avg_auc_delta": 22.53457541522507,
    "avg_geo_decay": 0.6584863292407314,
    "best_k": 25,
    "best_combined_score": 0.4323332526181175,
    "best_sse": 8777.031217082738,
    "weights": {
        "alpha": 0.47,
        "beta": 0.53,
        "gamma": 0.0
    },
    "total_runtime_sec": 4.909449815750122
}