{
    "n_trials": 31,
    "avg_iterations": 11.193548387096774,
    "median_iterations": 12.0,
    "avg_auc_delta": 15.669578309030328,
    "avg_geo_decay": 0.6130501017183496,
    "best_k": 30,
    "best_combined_score": 0.5129382746691796,
    "best_sse": 2287.6205725957284,
    "weights": {
        "alpha": 0.47,
        "beta": 0.53,
        "gamma": 0.0
    },
    "total_runtime_sec": 106.70099020004272
}