{
    "n_trials": 31,
    "avg_iterations": 10.709677419354838,
    "median_iterations": 10.0,
    "avg_auc_delta": 15.250834899652885,
    "avg_geo_decay": 0.5732574875405754,
    "best_k": 30,
    "best_combined_score": 0.5129382746691796,
    "best_sse": 2287.6205725957284,
    "weights": {
        "alpha": 0.47,
        "beta": 0.53,
        "gamma": 0.0
    },
    "total_runtime_sec": 118.18804001808167
}