{
    "core_count": 113,
    "border_count": 7,
    "noise_count": 28,
    "noise_ratio": 0.1891891891891892,
    "neighbor_hist": [
        0,
        8,
        9,
        4,
        0,
        0,
        0,
        0,
        5,
        8,
        0,
        1,
        1,
        2,
        1,
        1,
        0,
        0,
        0,
        1,
        0,
        0,
        1,
        1,
        0,
        0,
        0,
        8,
        10,
        4,
        6,
        0,
        0,
        0,
        0,
        0,
        0,
        0,
        0,
        0,
        0,
        0,
        0,
        0,
        0,
        0,
        0,
        0,
        0,
        77
    ],
    "combined_score": 0.4892469866795386,
    "silhouette": 0.4434886132920185,
    "davies_bouldin": 1.6278438743137684,
    "sse": 140.17240505449323,
    "weights": {
        "alpha": 0.47,
        "beta": 0.53,
        "gamma": 0.0
    }
}