{
    "n_trials": 31,
    "avg_iterations": 4.129032258064516,
    "median_iterations": 4.0,
    "avg_auc_delta": 3.1364002090038876,
    "avg_geo_decay": 0.1906495379070063,
    "best_k": 18,
    "best_combined_score": 0.4265313599879298,
    "best_sse": 10292.84748817375,
    "weights": {
        "alpha": 0.47,
        "beta": 0.53,
        "gamma": 0.0
    },
    "total_runtime_sec": 3.9590137004852295
}