{
    "n_trials": 31,
    "avg_iterations": 8.741935483870968,
    "median_iterations": 7.0,
    "avg_auc_delta": 8.85063722058848,
    "avg_geo_decay": 0.5130682632753857,
    "best_k": 8,
    "best_combined_score": 0.553274573281927,
    "best_sse": 4374.148769470789,
    "weights": {
        "alpha": 0.47,
        "beta": 0.53,
        "gamma": 0.0
    },
    "total_runtime_sec": 16.707189798355103
}