{
    "n_trials": 30,
    "avg_iterations": 3.566666666666667,
    "median_iterations": 3.0,
    "avg_auc_delta": 4.418163779493734,
    "avg_geo_decay": 0.10057144343741956,
    "best_k": 22,
    "best_combined_score": 1.3706496947087339,
    "best_sse": 153.01646573461267,
    "total_runtime_sec": 0.31981658935546875
}