{
    "n_trials": 31,
    "avg_iterations": 6.354838709677419,
    "median_iterations": 6.0,
    "avg_auc_delta": 7.73836076460079,
    "avg_geo_decay": 0.42528612956610606,
    "best_k": 22,
    "best_combined_score": 1.399869097376416,
    "best_sse": 194.17629751051962,
    "total_runtime_sec": 4.233597278594971
}