{
    "n_trials": 30,
    "avg_iterations": 6.133333333333334,
    "median_iterations": 5.0,
    "avg_auc_delta": 4.784622986330319,
    "avg_geo_decay": 0.5090019171788154,
    "best_k": 20,
    "best_combined_score": 0.7383499899454656,
    "best_sse": 149.68335245201592,
    "weights": {
        "alpha": 0.47,
        "beta": 0.53,
        "gamma": 0.0
    },
    "total_runtime_sec": 0.6768419742584229
}