{
    "n_trials": 31,
    "avg_iterations": 11.290322580645162,
    "median_iterations": 11.0,
    "avg_auc_delta": 7.095810701649571,
    "avg_geo_decay": 0.6282842287921291,
    "best_k": 29,
    "best_combined_score": 0.686873933225434,
    "best_sse": 596.0669831485852,
    "total_runtime_sec": 10.695220232009888
}