{
    "centroid_movements": [
        6.379255420885912e-16
    ],
    "sse_list": [
        611.2220974379013,
        611.2220974379013
    ],
    "final_iteration": 2
}