{
    "n_trials": 30,
    "avg_iterations": 12.233333333333333,
    "median_iterations": 11.0,
    "avg_auc_delta": 5.3936386549604345,
    "avg_geo_decay": 0.6387055437851529,
    "best_k": 29,
    "best_combined_score": 0.6871990908413182,
    "best_sse": 577.7233833253088,
    "total_runtime_sec": 0.7600460052490234
}