{
    "n_trials": 30,
    "avg_iterations": 11.533333333333333,
    "median_iterations": 10.0,
    "avg_auc_delta": 8.044473372846277,
    "avg_geo_decay": 0.6867982845396149,
    "best_k": 17,
    "best_combined_score": 0.5439040422069872,
    "best_sse": 663.5503198730676,
    "weights": {
        "alpha": 0.47,
        "beta": 0.53,
        "gamma": 0.0
    },
    "total_runtime_sec": 1.533409595489502
}