{
    "clean_state": "raw",
    "best_k": 8,
    "best_cov_type": "tied",
    "best_combined": 0.6928586028411169,
    "best_silhouette": 0.5417627983343599,
    "best_db": 0.5728381429771585,
    "best_sse": 227.47573064634008,
    "weights": {
        "alpha": 0.47,
        "beta": 0.53,
        "gamma": 0.0
    },
    "n_iter_final": 1,
    "ll_curve_final": [
        13.07894541576147,
        13.293346318758939,
        13.299435469771819,
        13.299897996592518
    ],
    "total_runtime_sec": 7.451373100280762
}