{
    "clean_state": "raw",
    "best_k": 8,
    "best_cov_type": "tied",
    "best_combined": 0.7323273259690821,
    "best_silhouette": 0.36438797560598013,
    "best_db": 0.9088705688457002,
    "n_iter_final": 1,
    "ll_curve_final": [
        -6.315950518284111,
        -6.287843551339782,
        -6.267660303734433,
        -6.242186352693571,
        -6.212234118589149,
        -6.196803301381695,
        -6.189724783693584,
        -6.185640158346435,
        -6.185068769979828
    ],
    "total_runtime_sec": 12.618905782699585
}