{
    "n_trials": 31,
    "avg_iterations": 7.967741935483871,
    "median_iterations": 8.0,
    "avg_auc_delta": 9.203279233252838,
    "avg_geo_decay": 0.5054112713826,
    "best_k": 8,
    "best_combined_score": 0.5751155275074219,
    "best_sse": 2180.463105012047,
    "weights": {
        "alpha": 0.47,
        "beta": 0.53,
        "gamma": 0.0
    },
    "total_runtime_sec": 2.385751485824585
}