{
    "core_count": 65,
    "border_count": 14,
    "noise_count": 21,
    "noise_ratio": 0.21,
    "neighbor_hist": [
        0,
        8,
        4,
        4,
        1,
        3,
        5,
        0,
        0,
        0,
        1,
        0,
        0,
        2,
        7,
        7,
        9,
        0,
        0,
        0,
        0,
        0,
        0,
        0,
        0,
        0,
        0,
        0,
        0,
        0,
        1,
        0,
        0,
        0,
        0,
        0,
        0,
        0,
        0,
        0,
        0,
        1,
        1,
        1,
        0,
        0,
        1,
        0,
        17,
        27
    ],
    "combined_score": 0.44806166652156004,
    "silhouette": 0.3861264102547446,
    "davies_bouldin": 1.931484567471463,
    "sse": 131.72181413084218,
    "weights": {
        "alpha": 0.47,
        "beta": 0.53,
        "gamma": 0.0
    }
}