{
    "core_count": 357,
    "border_count": 108,
    "noise_count": 535,
    "noise_ratio": 0.535,
    "neighbor_hist": [
        0,
        166,
        100,
        56,
        37,
        34,
        45,
        28,
        53,
        36,
        32,
        31,
        25,
        15,
        23,
        26,
        8,
        11,
        6,
        3,
        4,
        6,
        1,
        8,
        0,
        3,
        3,
        5,
        6,
        5,
        2,
        8,
        2,
        4,
        1,
        0,
        3,
        4,
        8,
        13,
        10,
        2,
        9,
        0,
        3,
        4,
        6,
        8,
        3,
        134
    ],
    "combined_score": 0.3820606991618724,
    "silhouette": -0.028358088688914127,
    "davies_bouldin": 2.113114250785487,
    "sse": 1317.9299194879402,
    "weights": {
        "alpha": 0.47,
        "beta": 0.53,
        "gamma": 0.0
    }
}