{
    "clean_state": "raw",
    "best_k": 8,
    "best_cov_type": "tied",
    "best_combined": 0.6767072588632609,
    "best_silhouette": 0.3285868135610795,
    "best_db": 0.9757737773241987,
    "n_iter_final": 1,
    "ll_curve_final": [
        -5.877291702110829,
        -5.846505792323699,
        -5.836414251077686,
        -5.831380359850837,
        -5.828290293558358,
        -5.826063139166667,
        -5.824181379471415,
        -5.822253447380555,
        -5.8198333321077715,
        -5.816294401569435,
        -5.810617474857143,
        -5.801153119862633,
        -5.786271143140431,
        -5.76851535679155,
        -5.756401204034299,
        -5.7502700913079305,
        -5.7449503293614494,
        -5.738183357906183,
        -5.730038458239052,
        -5.722936082305002,
        -5.718318481983801,
        -5.714596429092972,
        -5.7074426348104295,
        -5.693093801364251,
        -5.680143030931274,
        -5.673824742039229,
        -5.672476166624086,
        -5.672203950588219
    ],
    "total_runtime_sec": 46.33434772491455
}