{
    "clean_state": "raw",
    "best_k": 7,
    "best_cov_type": "tied",
    "best_combined": 0.5530422831062812,
    "best_silhouette": 0.2988924523634159,
    "best_db": 1.0462009951392037,
    "best_sse": 5161.271224652841,
    "weights": {
        "alpha": 0.47,
        "beta": 0.53,
        "gamma": 0.0
    },
    "n_iter_final": 1,
    "ll_curve_final": [
        -8.446928075226147,
        -8.363938880281315,
        -8.346071662398485,
        -8.339852294064642,
        -8.337014489353235,
        -8.336008431579211,
        -8.335739116578486
    ],
    "total_runtime_sec": 17.70288610458374
}