{
    "n_trials": 30,
    "avg_iterations": 3.3333333333333335,
    "median_iterations": 3.0,
    "avg_auc_delta": 3.5887277780582605,
    "avg_geo_decay": 0.2952403064608225,
    "best_k": 15,
    "best_combined_score": 1.11095175978031,
    "best_sse": 234.25496997079063,
    "total_runtime_sec": 0.18317008018493652
}