{
    "clean_state": "raw",
    "best_k": 5,
    "best_cov_type": "diag",
    "best_combined": 1.1372533186151277,
    "best_silhouette": 0.48531677444119425,
    "best_db": 0.5589121762858413,
    "n_iter_final": 1,
    "ll_curve_final": [
        16.114873572219174,
        16.114873572219174
    ],
    "total_runtime_sec": 0.4595298767089844
}