{
    "clean_state": "raw",
    "best_k": 28,
    "best_cov_type": "tied",
    "best_combined": 0.5495346949885994,
    "best_silhouette": 0.30394876142493626,
    "best_db": 1.073271881496408,
    "best_sse": 1489.5312988342716,
    "weights": {
        "alpha": 0.47,
        "beta": 0.53,
        "gamma": 0.0
    },
    "n_iter_final": 1,
    "ll_curve_final": [
        -6.142945068010707,
        -6.085010010001193,
        -6.069030620096733,
        -6.0593625594836995,
        -6.048389705783871,
        -6.0359520139772,
        -6.029308866806809,
        -6.026940566040272,
        -6.023620075859718,
        -6.019928533065668,
        -6.018520924907652,
        -6.017383767586412,
        -6.015145530316854,
        -6.013352904490026,
        -6.0105599792056,
        -6.005464554491367,
        -6.0043660215908465,
        -6.003935609344596
    ],
    "total_runtime_sec": 14.894527912139893
}