{
    "n_trials": 31,
    "avg_iterations": 10.290322580645162,
    "median_iterations": 9.0,
    "avg_auc_delta": 12.596149782209501,
    "avg_geo_decay": 0.5781472797495852,
    "best_k": 16,
    "best_combined_score": 0.6074792615473427,
    "best_sse": 1203.9329338509945,
    "weights": {
        "alpha": 0.47,
        "beta": 0.53,
        "gamma": 0.0
    },
    "total_runtime_sec": 4.179027080535889
}