{
    "core_count": 218,
    "border_count": 1,
    "noise_count": 15,
    "noise_ratio": 0.0641025641025641,
    "neighbor_hist": [
        0,
        9,
        3,
        4,
        0,
        7,
        1,
        2,
        0,
        1,
        0,
        2,
        0,
        1,
        0,
        0,
        0,
        0,
        1,
        3,
        1,
        0,
        3,
        4,
        0,
        1,
        0,
        2,
        1,
        0,
        0,
        0,
        3,
        0,
        1,
        0,
        2,
        1,
        0,
        1,
        0,
        0,
        0,
        0,
        1,
        1,
        3,
        1,
        0,
        174
    ],
    "combined_score": 0.46170609831189574,
    "silhouette": 0.6051447507025007,
    "davies_bouldin": 1.9816283475297907,
    "sse": 586.1279907362183,
    "weights": {
        "alpha": 0.47,
        "beta": 0.53,
        "gamma": 0.0
    }
}