{
    "clean_state": "raw",
    "best_k": 5,
    "linkage": "single",
    "metric": "manhattan",
    "combined": 2.0791836856820556,
    "silhouette": 0.5375094306091532,
    "davies_bouldin": 0.2761776397644304,
    "intra_dist_mean": 3.193107275548367,
    "inter_dist_mean": 10.524154716956577,
    "ratio_intra_inter": 0.3034074813061529,
    "n_merge_steps": 388,
    "total_runtime_sec": 6.19965934753418
}