{
    "core_count": 157,
    "border_count": 27,
    "noise_count": 224,
    "noise_ratio": 0.5490196078431373,
    "neighbor_hist": [
        0,
        144,
        54,
        36,
        17,
        20,
        9,
        10,
        7,
        9,
        3,
        5,
        1,
        1,
        2,
        2,
        4,
        2,
        5,
        12,
        7,
        5,
        4,
        0,
        3,
        2,
        1,
        2,
        0,
        1,
        2,
        1,
        5,
        3,
        0,
        1,
        4,
        2,
        0,
        0,
        3,
        3,
        0,
        2,
        1,
        4,
        5,
        3,
        0,
        1
    ],
    "combined_score": 0.3743134741998181,
    "silhouette": -0.01739008157511649,
    "davies_bouldin": 2.2357011399898967,
    "sse": 404.0351096521698,
    "weights": {
        "alpha": 0.47,
        "beta": 0.53,
        "gamma": 0.0
    }
}