{
    "n_trials": 30,
    "avg_iterations": 9.5,
    "median_iterations": 8.5,
    "avg_auc_delta": 13.286153330825112,
    "avg_geo_decay": 0.6023878315984349,
    "best_k": 16,
    "best_combined_score": 0.4003215394040423,
    "best_sse": 4571.647165059941,
    "weights": {
        "alpha": 0.47,
        "beta": 0.53,
        "gamma": 0.0
    },
    "total_runtime_sec": 3.7062652111053467
}