{
    "n_trials": 30,
    "avg_iterations": 11.133333333333333,
    "median_iterations": 10.5,
    "avg_auc_delta": 7.077043813387045,
    "avg_geo_decay": 0.5934212873937572,
    "best_k": 25,
    "best_combined_score": 0.5257309571892131,
    "best_sse": 848.0853654217262,
    "total_runtime_sec": 0.6092634201049805
}