{
    "n_trials": 31,
    "avg_iterations": 12.516129032258064,
    "median_iterations": 12.0,
    "avg_auc_delta": 10.085073934006312,
    "avg_geo_decay": 0.6431471504575472,
    "best_k": 25,
    "best_combined_score": 0.5289989961001114,
    "best_sse": 871.869741517934,
    "total_runtime_sec": 4.311477899551392
}