{
    "n_trials": 31,
    "avg_iterations": 3.4516129032258065,
    "median_iterations": 3.0,
    "avg_auc_delta": 1.4278495117904926,
    "avg_geo_decay": 0.1981905022936021,
    "best_k": 14,
    "best_combined_score": 0.5175411277042004,
    "best_sse": 1523.6173125817947,
    "weights": {
        "alpha": 0.47,
        "beta": 0.53,
        "gamma": 0.0
    },
    "total_runtime_sec": 0.8997080326080322
}