{
    "n_trials": 31,
    "avg_iterations": 14.290322580645162,
    "median_iterations": 12.0,
    "avg_auc_delta": 11.240779428991512,
    "avg_geo_decay": 0.7035523244485725,
    "best_k": 35,
    "best_combined_score": 0.5400115275160058,
    "best_sse": 1477.3757151751374,
    "weights": {
        "alpha": 0.47,
        "beta": 0.53,
        "gamma": 0.0
    },
    "total_runtime_sec": 7.393801212310791
}