{
    "n_trials": 20,
    "avg_iterations": 13.85,
    "median_iterations": 12.5,
    "avg_auc_delta": 8.336476303659566,
    "avg_geo_decay": 0.6022952551539721,
    "best_k": 9,
    "best_combined_score": 0.5383015032560079,
    "best_sse": 4109.65214818939,
    "weights": {
        "alpha": 0.47,
        "beta": 0.53,
        "gamma": 0.0
    },
    "total_runtime_sec": 5.3377745151519775
}