{
    "n_trials": 30,
    "avg_iterations": 11.9,
    "median_iterations": 12.0,
    "avg_auc_delta": 7.1945903633179835,
    "avg_geo_decay": 0.6297098348969291,
    "best_k": 48,
    "best_combined_score": 0.6845277686942259,
    "best_sse": 1715.2492755996486,
    "total_runtime_sec": 4.268099069595337
}