{
    "centroid_movements": [
        1.8375903985403556e-15
    ],
    "sse_list": [
        1851.3820790656998,
        1851.3820790656998
    ],
    "final_iteration": 2
}