{
    "n_trials": 31,
    "avg_iterations": 4.67741935483871,
    "median_iterations": 5.0,
    "avg_auc_delta": 4.475093260863399,
    "avg_geo_decay": 0.4528247695665338,
    "best_k": 21,
    "best_combined_score": 0.46499091685028576,
    "best_sse": 8125.187444516776,
    "weights": {
        "alpha": 0.47,
        "beta": 0.53,
        "gamma": 0.0
    },
    "total_runtime_sec": 4.8772149085998535
}