{
    "n_trials": 31,
    "avg_iterations": 15.161290322580646,
    "median_iterations": 15.0,
    "avg_auc_delta": 11.616062282977811,
    "avg_geo_decay": 0.6487041123750015,
    "best_k": 9,
    "best_combined_score": 0.5460267667781493,
    "best_sse": 3541.4073033329687,
    "weights": {
        "alpha": 0.47,
        "beta": 0.53,
        "gamma": 0.0
    },
    "total_runtime_sec": 14.039889097213745
}