{
    "n_trials": 31,
    "avg_iterations": 11.483870967741936,
    "median_iterations": 10.0,
    "avg_auc_delta": 17.122309603570862,
    "avg_geo_decay": 0.5933549573477866,
    "best_k": 24,
    "best_combined_score": 0.5245037947114604,
    "best_sse": 3824.0493494323323,
    "weights": {
        "alpha": 0.47,
        "beta": 0.53,
        "gamma": 0.0
    },
    "total_runtime_sec": 8.696276426315308
}