{
    "clean_state": "raw",
    "best_k": 5,
    "linkage": "single",
    "metric": "manhattan",
    "combined": 0.7511348896855979,
    "silhouette": 0.5130821522760012,
    "davies_bouldin": 0.3397553048783868,
    "sse": 16237.083735074357,
    "weights": {
        "alpha": 0.47,
        "beta": 0.53,
        "gamma": 0.0
    },
    "intra_dist_mean": 3.4598313574022703,
    "inter_dist_mean": 15.907259265290916,
    "ratio_intra_inter": 0.21750015509908008,
    "n_merge_steps": 2409,
    "h_max": 66.77321354213666,
    "total_runtime_sec": 123.8633360862732
}