{
    "clean_state": "raw",
    "best_k": 48,
    "linkage": "single",
    "metric": "euclidean",
    "combined": 3.1797905418254135,
    "silhouette": 0.8258971874115396,
    "davies_bouldin": 0.18071144263943298,
    "intra_dist_mean": 0.5002005104918604,
    "inter_dist_mean": 3.8309116350032366,
    "ratio_intra_inter": 0.13056957668283758,
    "n_merge_steps": 2375,
    "h_max": 3.0716576331667893,
    "total_runtime_sec": 131.27348494529724
}