{
    "n_trials": 20,
    "avg_iterations": 15.9,
    "median_iterations": 15.0,
    "avg_auc_delta": 9.230113304895031,
    "avg_geo_decay": 0.6602270188136907,
    "best_k": 9,
    "best_combined_score": 0.5536419830208936,
    "best_sse": 6631.36052742758,
    "weights": {
        "alpha": 0.47,
        "beta": 0.53,
        "gamma": 0.0
    },
    "total_runtime_sec": 10.049034595489502
}