{
    "n_trials": 31,
    "avg_iterations": 12.709677419354838,
    "median_iterations": 11.0,
    "avg_auc_delta": 9.336906321579672,
    "avg_geo_decay": 0.5899085052633414,
    "best_k": 48,
    "best_combined_score": 0.7454095549488531,
    "best_sse": 1126.0443090129215,
    "total_runtime_sec": 10.10976266860962
}