{
    "n_trials": 30,
    "avg_iterations": 12.333333333333334,
    "median_iterations": 10.0,
    "avg_auc_delta": 5.99532321024132,
    "avg_geo_decay": 0.5969974328539127,
    "best_k": 48,
    "best_combined_score": 0.7903845261673882,
    "best_sse": 1006.549057453849,
    "total_runtime_sec": 4.261210680007935
}