{
    "clean_state": "raw",
    "best_k": 5,
    "linkage": "single",
    "metric": "euclidean",
    "combined": 3.3122289809474195,
    "silhouette": 0.6143456007715217,
    "davies_bouldin": 0.1663862403752291,
    "intra_dist_mean": 3.30056779138185,
    "inter_dist_mean": 21.93852862229844,
    "ratio_intra_inter": 0.15044617841995953,
    "n_merge_steps": 2340,
    "h_max": 16.08701908143244,
    "total_runtime_sec": 134.20281958580017
}