{
    "clean_state": "raw",
    "best_k": 10,
    "linkage": "single",
    "metric": "manhattan",
    "combined": 1.9906195036220211,
    "silhouette": 0.5096528238656091,
    "davies_bouldin": 0.28805276527135876,
    "intra_dist_mean": 3.869225411175737,
    "inter_dist_mean": 13.099712341241467,
    "ratio_intra_inter": 0.2953672042853998,
    "n_merge_steps": 999,
    "h_max": 24.61543291011717,
    "total_runtime_sec": 16.43778133392334
}