{
    "clean_state": "raw",
    "best_k": 10,
    "linkage": "single",
    "metric": "manhattan",
    "combined": 1.9906194828200459,
    "silhouette": 0.5096528238655165,
    "davies_bouldin": 0.28805276872341373,
    "intra_dist_mean": 3.869225411176518,
    "inter_dist_mean": 13.099712341241467,
    "ratio_intra_inter": 0.29536720428545943,
    "n_merge_steps": 999,
    "total_runtime_sec": 29.488688707351685
}