{
    "core_count": 675,
    "border_count": 10,
    "noise_count": 53,
    "noise_ratio": 0.07181571815718157,
    "neighbor_hist": [
        0,
        26,
        16,
        7,
        6,
        8,
        2,
        11,
        3,
        8,
        6,
        4,
        5,
        4,
        2,
        2,
        7,
        4,
        0,
        6,
        6,
        6,
        9,
        9,
        4,
        2,
        4,
        6,
        6,
        0,
        3,
        5,
        4,
        1,
        1,
        2,
        2,
        1,
        2,
        1,
        5,
        0,
        3,
        3,
        4,
        4,
        4,
        5,
        10,
        499
    ],
    "combined_score": 0.4904663778343074,
    "silhouette": 0.39173611493957866,
    "davies_bouldin": 1.572566689353822,
    "sse": 2960.6050622065186,
    "weights": {
        "alpha": 0.47,
        "beta": 0.53,
        "gamma": 0.0
    }
}