{
    "n_trials": 31,
    "avg_iterations": 9.451612903225806,
    "median_iterations": 9.0,
    "avg_auc_delta": 19.108316833383444,
    "avg_geo_decay": 0.5838728385621424,
    "best_k": 28,
    "best_combined_score": 0.49875239393390813,
    "best_sse": 4576.764339237348,
    "weights": {
        "alpha": 0.47,
        "beta": 0.53,
        "gamma": 0.0
    },
    "total_runtime_sec": 6.290438652038574
}