{
    "n_trials": 31,
    "avg_iterations": 4.709677419354839,
    "median_iterations": 5.0,
    "avg_auc_delta": 3.5630120244020906,
    "avg_geo_decay": 0.4438348066683883,
    "best_k": 18,
    "best_combined_score": 0.41062049307725634,
    "best_sse": 10914.168968622738,
    "weights": {
        "alpha": 0.47,
        "beta": 0.53,
        "gamma": 0.0
    },
    "total_runtime_sec": 3.3628041744232178
}