{
    "clean_state": "raw",
    "best_k": 26,
    "linkage": "average",
    "metric": "euclidean",
    "combined": 0.8430316977206395,
    "silhouette": 0.320386352286667,
    "davies_bouldin": 0.7322375410880999,
    "intra_dist_mean": 1.6768768906337144,
    "inter_dist_mean": 3.652388195271143,
    "ratio_intra_inter": 0.45911792530825674,
    "n_merge_steps": 1255,
    "total_runtime_sec": 65.65995573997498
}