{
    "n_trials": 31,
    "avg_iterations": 13.35483870967742,
    "median_iterations": 12.0,
    "avg_auc_delta": 11.37825850454871,
    "avg_geo_decay": 0.6363611259300443,
    "best_k": 15,
    "best_combined_score": 0.5304677514338566,
    "best_sse": 1682.5619876540432,
    "weights": {
        "alpha": 0.47,
        "beta": 0.53,
        "gamma": 0.0
    },
    "total_runtime_sec": 4.735104322433472
}