{
    "clean_state": "raw",
    "best_k": 10,
    "best_cov_type": "full",
    "best_combined": 0.7827571335858909,
    "best_silhouette": 0.7107668189204364,
    "best_db": 0.37372501972310224,
    "best_sse": 24.90438139741409,
    "weights": {
        "alpha": 0.47,
        "beta": 0.53,
        "gamma": 0.0
    },
    "n_iter_final": 1,
    "ll_curve_final": [
        43.432788011172406,
        43.43283477599048
    ],
    "total_runtime_sec": 0.8583948612213135
}