{
    "clean_state": "raw",
    "best_k": 11,
    "best_cov_type": "diag",
    "best_combined": 1.4954549404922024,
    "best_silhouette": 0.6439152248542835,
    "best_db": 0.4260768116314613,
    "n_iter_final": 1,
    "ll_curve_final": [
        36.22680269765455,
        36.355523888672025,
        37.0688513986555,
        37.110623969752666,
        37.17909305134495,
        37.17911625047006
    ],
    "total_runtime_sec": 1.3413307666778564
}