{
    "clean_state": "raw",
    "best_k": 46,
    "linkage": "single",
    "metric": "euclidean",
    "combined": 0.9069443874182072,
    "silhouette": 0.17302213395560945,
    "davies_bouldin": 0.6094340484996438,
    "intra_dist_mean": 2.0706763927841636,
    "inter_dist_mean": 3.854085430196585,
    "ratio_intra_inter": 0.5372679018892447,
    "n_merge_steps": 2231,
    "total_runtime_sec": 117.65544271469116
}