{
    "clean_state": "raw",
    "best_k": 5,
    "linkage": "single",
    "metric": "manhattan",
    "combined": 0.7677531683204696,
    "silhouette": 0.5389364054193321,
    "davies_bouldin": 0.30507639001563813,
    "sse": 7292.906047684021,
    "weights": {
        "alpha": 0.47,
        "beta": 0.53,
        "gamma": 0.0
    },
    "intra_dist_mean": 3.3259794771265603,
    "inter_dist_mean": 10.071069569431923,
    "ratio_intra_inter": 0.3302508690061445,
    "n_merge_steps": 1038,
    "h_max": 8.917057258416678,
    "total_runtime_sec": 25.31844162940979
}