{
    "clean_state": "raw",
    "best_k": 14,
    "linkage": "single",
    "metric": "manhattan",
    "combined": 0.9492164298976855,
    "silhouette": 0.25551077988483106,
    "davies_bouldin": 0.6086715932714544,
    "intra_dist_mean": 2.8375628165688305,
    "inter_dist_mean": 4.711440050190912,
    "ratio_intra_inter": 0.6022708102702585,
    "n_merge_steps": 2231,
    "h_max": 3.556635572442698,
    "total_runtime_sec": 107.97366833686829
}