{
    "clean_state": "raw",
    "best_k": 8,
    "best_cov_type": "tied",
    "best_combined": 0.6869604804633149,
    "best_silhouette": 0.3174208040304324,
    "best_db": 0.946521392801129,
    "n_iter_final": 1,
    "ll_curve_final": [
        -8.05547589543256,
        -8.015790848485723,
        -8.008805262281282,
        -8.007404424014833,
        -8.006691439461752
    ],
    "total_runtime_sec": 25.045848608016968
}