{
    "n_trials": 31,
    "avg_iterations": 4.935483870967742,
    "median_iterations": 4.0,
    "avg_auc_delta": 6.322912765282385,
    "avg_geo_decay": 0.3933586687556397,
    "best_k": 17,
    "best_combined_score": 1.382624039655084,
    "best_sse": 172.2218718781063,
    "total_runtime_sec": 3.81494140625
}