{
    "n_trials": 30,
    "avg_iterations": 3.1333333333333333,
    "median_iterations": 3.0,
    "avg_auc_delta": 5.503884010386473,
    "avg_geo_decay": 0.24044897970167523,
    "best_k": 11,
    "best_combined_score": 0.777102690127425,
    "best_sse": 443.7804394456823,
    "weights": {
        "alpha": 0.47,
        "beta": 0.53,
        "gamma": 0.0
    },
    "total_runtime_sec": 0.5373282432556152
}