{
    "clean_state": "raw",
    "best_k": 10,
    "linkage": "single",
    "metric": "manhattan",
    "combined": 0.8227705795357071,
    "silhouette": 0.6976497643333521,
    "davies_bouldin": 0.24848861382891935,
    "sse": 3057.689348305164,
    "weights": {
        "alpha": 0.47,
        "beta": 0.53,
        "gamma": 0.0
    },
    "intra_dist_mean": 2.446404598527208,
    "inter_dist_mean": 10.717480568459228,
    "ratio_intra_inter": 0.22826303093346134,
    "n_merge_steps": 814,
    "h_max": 11.040301240990955,
    "total_runtime_sec": 16.71590304374695
}