{
    "clean_state": "raw",
    "best_k": 5,
    "linkage": "single",
    "metric": "manhattan",
    "combined": 1.693766969222119,
    "silhouette": 0.5851188728538043,
    "davies_bouldin": 0.35683507852870916,
    "intra_dist_mean": 3.3320980872838986,
    "inter_dist_mean": 11.897141516858005,
    "ratio_intra_inter": 0.28007551919611146,
    "n_merge_steps": 821,
    "total_runtime_sec": 22.114826917648315
}