{
    "clean_state": "raw",
    "best_k": 31,
    "best_cov_type": "spherical",
    "best_combined": 0.5686380995163547,
    "best_silhouette": 0.3355341494907388,
    "best_db": 0.9900934357900665,
    "best_sse": 1529.1842261249803,
    "weights": {
        "alpha": 0.47,
        "beta": 0.53,
        "gamma": 0.0
    },
    "n_iter_final": 1,
    "ll_curve_final": [
        -5.43139532764388,
        -5.386635398995606,
        -5.349350678688388,
        -5.349350029981632
    ],
    "total_runtime_sec": 7.052079677581787
}