{
    "core_count": 2333,
    "border_count": 0,
    "noise_count": 43,
    "noise_ratio": 0.0180976430976431,
    "neighbor_hist": [
        0,
        7,
        10,
        18,
        8,
        10,
        19,
        1,
        9,
        2,
        1,
        2,
        0,
        5,
        3,
        3,
        12,
        23,
        17,
        16,
        24,
        13,
        32,
        39,
        25,
        61,
        8,
        0,
        0,
        0,
        30,
        2,
        7,
        0,
        3,
        13,
        11,
        2,
        3,
        1,
        0,
        0,
        0,
        0,
        1,
        0,
        1,
        3,
        0,
        1931
    ],
    "combined_score": 0.6356502566568949,
    "silhouette": 0.8375536550112371,
    "davies_bouldin": 1.0030990018333459,
    "sse": 218.7803214367493,
    "weights": {
        "alpha": 0.47,
        "beta": 0.53,
        "gamma": 0.0
    }
}