{
    "n_trials": 20,
    "avg_iterations": 3.7,
    "median_iterations": 4.0,
    "avg_auc_delta": 2.610811587579794,
    "avg_geo_decay": 0.14541066734523508,
    "best_k": 10,
    "best_combined_score": 0.7650036123986412,
    "best_sse": 342.49675624896923,
    "weights": {
        "alpha": 0.47,
        "beta": 0.53,
        "gamma": 0.0
    },
    "total_runtime_sec": 0.38433289527893066
}