{
    "n_trials": 31,
    "avg_iterations": 6.129032258064516,
    "median_iterations": 5.0,
    "avg_auc_delta": 4.774810242905038,
    "avg_geo_decay": 0.4476414921014612,
    "best_k": 16,
    "best_combined_score": 1.0753099624416036,
    "best_sse": 131.59063530202266,
    "total_runtime_sec": 3.7298858165740967
}