{
    "clean_state": "raw",
    "best_k": 6,
    "best_cov_type": "tied",
    "best_combined": 0.8190236041930999,
    "best_silhouette": 0.3897740698769158,
    "best_db": 0.8011067202761589,
    "n_iter_final": 1,
    "ll_curve_final": [
        -5.983927342718491,
        -5.978738869456229,
        -5.9756997323957135,
        -5.973914468533751,
        -5.973288610805448
    ],
    "total_runtime_sec": 34.59883403778076
}