{
    "clean_state": "raw",
    "best_k": 9,
    "best_cov_type": "tied",
    "best_combined": 0.562762989229729,
    "best_silhouette": 0.28022257299985825,
    "best_db": 0.9673578586316527,
    "best_sse": 2791.294233076201,
    "weights": {
        "alpha": 0.47,
        "beta": 0.53,
        "gamma": 0.0
    },
    "n_iter_final": 1,
    "ll_curve_final": [
        -8.454633309891054,
        -8.396758196178428,
        -8.377169767895797,
        -8.360527876774881,
        -8.342273718546215,
        -8.336853973715105,
        -8.333606988172898,
        -8.331869269806065,
        -8.330998661261258
    ],
    "total_runtime_sec": 13.09658694267273
}