{
    "clean_state": "raw",
    "best_k": 22,
    "best_cov_type": "tied",
    "best_combined": 0.4763338999545366,
    "best_silhouette": 0.19649330994993905,
    "best_db": 1.3224460931683146,
    "n_iter_final": 1,
    "ll_curve_final": [
        -7.112803554605897,
        -7.020253548309695,
        -6.960860434338137,
        -6.900627221283769,
        -6.878385407517332,
        -6.854925360728033,
        -6.821615084283144,
        -6.779343774842093,
        -6.731233607257046,
        -6.668555752378815,
        -6.638679631118711,
        -6.615203276308751,
        -6.593224574697185,
        -6.573231563317449,
        -6.5636549878656325,
        -6.550363999812898,
        -6.52767829512376,
        -6.521462466859265,
        -6.521029569962707
    ],
    "total_runtime_sec": 9.395113945007324
}