{
    "n_trials": 31,
    "avg_iterations": 12.483870967741936,
    "median_iterations": 11.0,
    "avg_auc_delta": 7.973781855339792,
    "avg_geo_decay": 0.6112097209910465,
    "best_k": 28,
    "best_combined_score": 0.5638507724944049,
    "best_sse": 1121.4622650093095,
    "weights": {
        "alpha": 0.47,
        "beta": 0.53,
        "gamma": 0.0
    },
    "total_runtime_sec": 24.84424138069153
}