{
    "clean_state": "raw",
    "best_k": 7,
    "best_cov_type": "tied",
    "best_combined": 0.5544609950298055,
    "best_silhouette": 0.289689138664784,
    "best_db": 1.0277274866410102,
    "best_sse": 4980.424738932159,
    "weights": {
        "alpha": 0.47,
        "beta": 0.53,
        "gamma": 0.0
    },
    "n_iter_final": 1,
    "ll_curve_final": [
        -8.474215894220745,
        -8.427434335697523,
        -8.406406866945355,
        -8.383429118265939,
        -8.363547206837763,
        -8.35760333070863,
        -8.357300799995983
    ],
    "total_runtime_sec": 22.650155305862427
}