{
    "clean_state": "raw",
    "best_k": 31,
    "best_cov_type": "tied",
    "best_combined": 0.5876731156386092,
    "best_silhouette": 0.40992595880050336,
    "best_db": 0.952687875193791,
    "best_sse": 1481.0085543434434,
    "weights": {
        "alpha": 0.47,
        "beta": 0.53,
        "gamma": 0.0
    },
    "n_iter_final": 1,
    "ll_curve_final": [
        -3.7273744626162673,
        -2.174122478267675,
        -2.0422430044459667,
        -1.9465084294659456,
        -1.874537282512192,
        -1.8726127340838525,
        -1.8710109589040997,
        -1.8690275665543694,
        -1.865614051360574,
        -1.8574379876618374,
        -1.8387384742974173,
        -1.827310618767685,
        -1.8257173677334722,
        -1.8250504305449458
    ],
    "total_runtime_sec": 22.543427228927612
}