{
    "n_trials": 31,
    "avg_iterations": 11.290322580645162,
    "median_iterations": 10.0,
    "avg_auc_delta": 18.81045475596516,
    "avg_geo_decay": 0.6377074400119344,
    "best_k": 18,
    "best_combined_score": 0.4668016288201267,
    "best_sse": 3050.997286332501,
    "weights": {
        "alpha": 0.47,
        "beta": 0.53,
        "gamma": 0.0
    },
    "total_runtime_sec": 4.203258514404297
}