{
    "n_trials": 31,
    "avg_iterations": 6.193548387096774,
    "median_iterations": 6.0,
    "avg_auc_delta": 5.491665825235304,
    "avg_geo_decay": 0.45692739570664653,
    "best_k": 18,
    "best_combined_score": 0.717173729136911,
    "best_sse": 164.4705072902448,
    "weights": {
        "alpha": 0.47,
        "beta": 0.53,
        "gamma": 0.0
    },
    "total_runtime_sec": 5.379912853240967
}