{
    "n_trials": 31,
    "avg_iterations": 10.612903225806452,
    "median_iterations": 10.0,
    "avg_auc_delta": 6.790754551736597,
    "avg_geo_decay": 0.6352141975143611,
    "best_k": 43,
    "best_combined_score": 0.648924429085663,
    "best_sse": 742.6722089406618,
    "weights": {
        "alpha": 0.47,
        "beta": 0.53,
        "gamma": 0.0
    },
    "total_runtime_sec": 21.767794132232666
}