{
    "clean_state": "raw",
    "best_k": 14,
    "best_cov_type": "full",
    "best_combined": 1.1548079882707907,
    "best_silhouette": 0.581968955934658,
    "best_db": 0.5788219399404281,
    "n_iter_final": 1,
    "ll_curve_final": [
        29.740446604777848,
        33.43970868976237,
        33.93564710775632,
        33.96994758359074,
        33.971911947463134,
        33.97218552149146
    ],
    "total_runtime_sec": 5.9508209228515625
}