{
    "n_trials": 31,
    "avg_iterations": 11.0,
    "median_iterations": 11.0,
    "avg_auc_delta": 10.420616214121027,
    "avg_geo_decay": 0.6235415030664,
    "best_k": 18,
    "best_combined_score": 0.5205969832093398,
    "best_sse": 1031.8825845661627,
    "weights": {
        "alpha": 0.47,
        "beta": 0.53,
        "gamma": 0.0
    },
    "total_runtime_sec": 5.81799840927124
}