{
    "centroid_movements": [
        0.0
    ],
    "sse_list": [
        1965.3426120637182,
        1965.3426120637182
    ],
    "final_iteration": 2
}