{
    "n_trials": 31,
    "avg_iterations": 8.225806451612904,
    "median_iterations": 8.0,
    "avg_auc_delta": 14.377526461534446,
    "avg_geo_decay": 0.600303078143162,
    "best_k": 12,
    "best_combined_score": 0.28310847443909515,
    "best_sse": 1858.639455839393,
    "total_runtime_sec": 2.4185750484466553
}