{
    "n_trials": 30,
    "avg_iterations": 12.7,
    "median_iterations": 11.0,
    "avg_auc_delta": 6.333202063410573,
    "avg_geo_decay": 0.6448167652125366,
    "best_k": 26,
    "best_combined_score": 0.5440530898323209,
    "best_sse": 836.3227041128791,
    "weights": {
        "alpha": 0.47,
        "beta": 0.53,
        "gamma": 0.0
    },
    "total_runtime_sec": 6.9155113697052
}