{
    "core_count": 1602,
    "border_count": 1,
    "noise_count": 5,
    "noise_ratio": 0.003109452736318408,
    "neighbor_hist": [
        0,
        0,
        4,
        1,
        1,
        0,
        2,
        1,
        5,
        4,
        4,
        13,
        0,
        4,
        0,
        31,
        7,
        8,
        9,
        4,
        2,
        1,
        1,
        1,
        3,
        0,
        0,
        0,
        1,
        0,
        0,
        0,
        1,
        0,
        1,
        0,
        0,
        0,
        0,
        1,
        2,
        0,
        0,
        1,
        2,
        1,
        0,
        0,
        0,
        1492
    ],
    "combined_score": 0.6334519107908546,
    "silhouette": 0.7238470520607267,
    "davies_bouldin": 0.9497354814771357,
    "sse": 3850.89366625482,
    "weights": {
        "alpha": 0.47,
        "beta": 0.53,
        "gamma": 0.0
    }
}