{
    "n_trials": 31,
    "avg_iterations": 10.548387096774194,
    "median_iterations": 10.0,
    "avg_auc_delta": 7.099281835128316,
    "avg_geo_decay": 0.5997776170652627,
    "best_k": 44,
    "best_combined_score": 0.6286566718613683,
    "best_sse": 759.1924148982873,
    "weights": {
        "alpha": 0.47,
        "beta": 0.53,
        "gamma": 0.0
    },
    "total_runtime_sec": 11.540504455566406
}