{
    "clean_state": "raw",
    "best_k": 21,
    "best_cov_type": "spherical",
    "best_combined": 0.4069210050615308,
    "best_silhouette": 0.139931755959156,
    "best_db": 1.48387710948346,
    "n_iter_final": 1,
    "ll_curve_final": [
        -18.713830590636512,
        -18.611678090867006,
        -18.588289493008173,
        -18.571751087042895,
        -18.56541841013749,
        -18.56069024365037,
        -18.554435437775155,
        -18.550003123709246,
        -18.54502896804496,
        -18.543343028258242,
        -18.54305434311676
    ],
    "total_runtime_sec": 5.2015862464904785
}