{
    "clean_state": "raw",
    "best_k": 27,
    "best_cov_type": "spherical",
    "best_combined": 0.5230861948825256,
    "best_silhouette": 0.3196601442811337,
    "best_db": 1.2630683260660422,
    "best_sse": 1931.0840851882174,
    "weights": {
        "alpha": 0.47,
        "beta": 0.53,
        "gamma": 0.0
    },
    "n_iter_final": 1,
    "ll_curve_final": [
        -5.64524801037719,
        -5.542651207999685,
        -5.492384991200044,
        -5.456482287320232,
        -5.422659552169836,
        -5.411574629275573,
        -5.405847589090562,
        -5.400488124046265,
        -5.394436852408981,
        -5.387730052274812,
        -5.380451688872303,
        -5.37156172049008,
        -5.356767883511192,
        -5.345067845200264,
        -5.339295584727489,
        -5.3356784679664395,
        -5.33434699033477,
        -5.33376293199838
    ],
    "total_runtime_sec": 20.490052223205566
}