{
    "n_trials": 31,
    "avg_iterations": 4.806451612903226,
    "median_iterations": 5.0,
    "avg_auc_delta": 7.157610184463439,
    "avg_geo_decay": 0.2763895700187194,
    "best_k": 19,
    "best_combined_score": 0.5192667676246533,
    "best_sse": 4919.362034517066,
    "weights": {
        "alpha": 0.47,
        "beta": 0.53,
        "gamma": 0.0
    },
    "total_runtime_sec": 5.74741530418396
}