{
    "n_trials": 31,
    "avg_iterations": 12.193548387096774,
    "median_iterations": 11.0,
    "avg_auc_delta": 15.196139583120253,
    "avg_geo_decay": 0.6521509314696331,
    "best_k": 21,
    "best_combined_score": 0.4291024931942666,
    "best_sse": 2284.283442552272,
    "total_runtime_sec": 3.78564715385437
}