{
    "centroid_movements": [
        0.0
    ],
    "sse_list": [
        2434.6858192146346,
        2434.6858192146346
    ],
    "final_iteration": 2
}