{
    "n_trials": 30,
    "avg_iterations": 11.733333333333333,
    "median_iterations": 9.0,
    "avg_auc_delta": 5.38014347945379,
    "avg_geo_decay": 0.5926103931591418,
    "best_k": 48,
    "best_combined_score": 0.6263956259074386,
    "best_sse": 932.868428051649,
    "weights": {
        "alpha": 0.47,
        "beta": 0.53,
        "gamma": 0.0
    },
    "total_runtime_sec": 5.893757104873657
}