{
    "n_trials": 30,
    "avg_iterations": 9.8,
    "median_iterations": 9.0,
    "avg_auc_delta": 12.047049720523512,
    "avg_geo_decay": 0.5740729169903172,
    "best_k": 21,
    "best_combined_score": 0.4254329827884986,
    "best_sse": 2303.432299745352,
    "total_runtime_sec": 0.5076491832733154
}