{
    "clean_state": "raw",
    "best_k": 5,
    "linkage": "single",
    "metric": "euclidean",
    "combined": 1.6500221824329966,
    "silhouette": 0.5102048632274969,
    "davies_bouldin": 0.3584435589978175,
    "intra_dist_mean": 3.2250394670147586,
    "inter_dist_mean": 10.29769815890555,
    "ratio_intra_inter": 0.3131806173815067,
    "n_merge_steps": 805,
    "h_max": 6.425261702243309,
    "total_runtime_sec": 8.916892051696777
}