{
    "clean_state": "raw",
    "best_k": 11,
    "linkage": "single",
    "metric": "manhattan",
    "combined": 1.7188811353606097,
    "silhouette": 0.49395919443915076,
    "davies_bouldin": 0.33969663530040495,
    "intra_dist_mean": 3.203526570823882,
    "inter_dist_mean": 9.977631835240905,
    "ratio_intra_inter": 0.3210708336129155,
    "n_merge_steps": 805,
    "total_runtime_sec": 28.552687406539917
}