{
    "n_trials": 31,
    "avg_iterations": 5.451612903225806,
    "median_iterations": 6.0,
    "avg_auc_delta": 16.715186712215356,
    "avg_geo_decay": 0.9611220643224416,
    "best_k": 13,
    "best_combined_score": 0.770226156780276,
    "best_sse": 145.61828680665678,
    "weights": {
        "alpha": 0.47,
        "beta": 0.53,
        "gamma": 0.0
    },
    "total_runtime_sec": 0.5239973068237305
}