{
    "core_count": 2092,
    "border_count": 65,
    "noise_count": 219,
    "noise_ratio": 0.09217171717171717,
    "neighbor_hist": [
        0,
        62,
        84,
        78,
        60,
        64,
        41,
        36,
        42,
        63,
        53,
        51,
        42,
        47,
        45,
        34,
        28,
        18,
        21,
        38,
        24,
        35,
        21,
        19,
        16,
        16,
        15,
        14,
        10,
        11,
        11,
        6,
        15,
        5,
        9,
        16,
        11,
        12,
        19,
        12,
        18,
        25,
        9,
        11,
        9,
        7,
        11,
        11,
        7,
        1064
    ],
    "combined_score": 0.4767137916622353,
    "silhouette": 0.15939524263246735,
    "davies_bouldin": 1.4281645226371158,
    "sse": 3481.126744135259,
    "weights": {
        "alpha": 0.47,
        "beta": 0.53,
        "gamma": 0.0
    }
}