{
    "clean_state": "raw",
    "best_k": 5,
    "linkage": "single",
    "metric": "euclidean",
    "combined": 1.5114706560155953,
    "silhouette": 0.4602672163281023,
    "davies_bouldin": 0.3902173911527532,
    "intra_dist_mean": 3.48027477522672,
    "inter_dist_mean": 9.637130228427168,
    "ratio_intra_inter": 0.36113186111778406,
    "n_merge_steps": 927,
    "h_max": 6.789568302455519,
    "total_runtime_sec": 13.436303853988647
}