{
    "clean_state": "raw",
    "best_k": 5,
    "linkage": "single",
    "metric": "euclidean",
    "combined": 1.5114706583459592,
    "silhouette": 0.4602672163279645,
    "davies_bouldin": 0.390217390443045,
    "intra_dist_mean": 3.4802747752276506,
    "inter_dist_mean": 9.637130228427168,
    "ratio_intra_inter": 0.36113186111788065,
    "n_merge_steps": 927,
    "total_runtime_sec": 21.11747431755066
}