{
    "n_trials": 30,
    "avg_iterations": 15.666666666666666,
    "median_iterations": 15.0,
    "avg_auc_delta": 9.538510291863082,
    "avg_geo_decay": 0.6750543123835456,
    "best_k": 48,
    "best_combined_score": 0.5218270847458717,
    "best_sse": 2363.3132870442028,
    "total_runtime_sec": 5.598692893981934
}