{
    "n_trials": 31,
    "avg_iterations": 21.774193548387096,
    "median_iterations": 20.0,
    "avg_auc_delta": 18.170158095775374,
    "avg_geo_decay": 0.7323683896513905,
    "best_k": 48,
    "best_combined_score": 0.5662103169364961,
    "best_sse": 2458.272461431844,
    "total_runtime_sec": 14.74362325668335
}