{
    "n_trials": 31,
    "avg_iterations": 12.935483870967742,
    "median_iterations": 12.0,
    "avg_auc_delta": 8.425463238392913,
    "avg_geo_decay": 0.653867808630699,
    "best_k": 28,
    "best_combined_score": 0.5586683093085385,
    "best_sse": 910.5397359999163,
    "weights": {
        "alpha": 0.47,
        "beta": 0.53,
        "gamma": 0.0
    },
    "total_runtime_sec": 19.35676074028015
}