{
    "n_trials": 31,
    "avg_iterations": 4.483870967741935,
    "median_iterations": 4.0,
    "avg_auc_delta": 2.1999516157552303,
    "avg_geo_decay": 0.21013918116735528,
    "best_k": 15,
    "best_combined_score": 0.4314395954941036,
    "best_sse": 6607.915433316238,
    "weights": {
        "alpha": 0.47,
        "beta": 0.53,
        "gamma": 0.0
    },
    "total_runtime_sec": 1.5544779300689697
}