{
    "n_trials": 31,
    "avg_iterations": 4.516129032258065,
    "median_iterations": 5.0,
    "avg_auc_delta": 7.553209483262179,
    "avg_geo_decay": 0.38906963666227534,
    "best_k": 31,
    "best_combined_score": 0.5839630030248015,
    "best_sse": 2441.0487299422134,
    "weights": {
        "alpha": 0.47,
        "beta": 0.53,
        "gamma": 0.0
    },
    "total_runtime_sec": 3.006838321685791
}