{
    "clean_state": "raw",
    "best_k": 11,
    "best_cov_type": "tied",
    "best_combined": 0.49930866435934584,
    "best_silhouette": 0.22834477039450785,
    "best_db": 1.3349277558478492,
    "best_sse": 4181.0091618956785,
    "weights": {
        "alpha": 0.47,
        "beta": 0.53,
        "gamma": 0.0
    },
    "n_iter_final": 1,
    "ll_curve_final": [
        -8.682621167629376,
        -8.6298640212188,
        -8.616166508453738,
        -8.609736289522875,
        -8.605103104956116,
        -8.600846596484013,
        -8.595669783710425,
        -8.589628306385888,
        -8.585682868478536,
        -8.582369119428936,
        -8.580189195782355,
        -8.57963334810389
    ],
    "total_runtime_sec": 28.363602876663208
}