{
    "n_trials": 31,
    "avg_iterations": 13.129032258064516,
    "median_iterations": 13.0,
    "avg_auc_delta": 10.131844489919196,
    "avg_geo_decay": 0.6851068599683213,
    "best_k": 29,
    "best_combined_score": 0.5064802257068143,
    "best_sse": 1276.3355307573986,
    "total_runtime_sec": 6.645479440689087
}