{
    "centroid_movements": [
        7.979350866782759e-16
    ],
    "sse_list": [
        1366.958613199625,
        1366.958613199625
    ],
    "final_iteration": 2
}