{
    "n_trials": 30,
    "avg_iterations": 11.5,
    "median_iterations": 10.0,
    "avg_auc_delta": 7.2971436998572115,
    "avg_geo_decay": 0.7066347094418817,
    "best_k": 29,
    "best_combined_score": 0.5155192978639379,
    "best_sse": 1235.7546456072919,
    "total_runtime_sec": 0.8818023204803467
}