{
    "n_trials": 31,
    "avg_iterations": 6.096774193548387,
    "median_iterations": 6.0,
    "avg_auc_delta": 10.29423366133363,
    "avg_geo_decay": 0.4579301649289022,
    "best_k": 30,
    "best_combined_score": 0.6062902700249322,
    "best_sse": 1592.6261261828874,
    "weights": {
        "alpha": 0.47,
        "beta": 0.53,
        "gamma": 0.0
    },
    "total_runtime_sec": 6.757797002792358
}