{
    "clean_state": "raw",
    "best_k": 10,
    "best_cov_type": "tied",
    "best_combined": 0.7439841366162584,
    "best_silhouette": 0.33362394907057275,
    "best_db": 0.8662926468893948,
    "n_iter_final": 1,
    "ll_curve_final": [
        -7.250265762830451,
        -7.136399417623452,
        -7.051952221442011,
        -7.005118490649882,
        -6.949537922142967,
        -6.928916076874875,
        -6.924722669317424,
        -6.921755954183223,
        -6.919194689538284,
        -6.917079236529519,
        -6.915517043908241,
        -6.914487563170653,
        -6.913856174370549
    ],
    "total_runtime_sec": 64.61474633216858
}