{
    "centroid_movements": [
        0.0
    ],
    "sse_list": [
        978.473439058861,
        978.473439058861
    ],
    "final_iteration": 2
}