{
    "n_trials": 30,
    "avg_iterations": 12.966666666666667,
    "median_iterations": 10.0,
    "avg_auc_delta": 6.437810568703991,
    "avg_geo_decay": 0.6407537109524652,
    "best_k": 29,
    "best_combined_score": 0.5841168601969058,
    "best_sse": 898.9107837622125,
    "total_runtime_sec": 0.8821444511413574
}