{
    "n_trials": 20,
    "avg_iterations": 14.3,
    "median_iterations": 13.0,
    "avg_auc_delta": 7.260252898259917,
    "avg_geo_decay": 0.6606208299521256,
    "best_k": 8,
    "best_combined_score": 0.543992557138784,
    "best_sse": 2748.7098969237613,
    "weights": {
        "alpha": 0.47,
        "beta": 0.53,
        "gamma": 0.0
    },
    "total_runtime_sec": 5.654965162277222
}