{
    "n_trials": 31,
    "avg_iterations": 12.612903225806452,
    "median_iterations": 12.0,
    "avg_auc_delta": 8.570480418772144,
    "avg_geo_decay": 0.6555359729970027,
    "best_k": 29,
    "best_combined_score": 0.5434689260238991,
    "best_sse": 975.407472502973,
    "total_runtime_sec": 11.300070762634277
}