{
    "n_trials": 31,
    "avg_iterations": 7.774193548387097,
    "median_iterations": 8.0,
    "avg_auc_delta": 8.426335305672815,
    "avg_geo_decay": 0.458392432800012,
    "best_k": 8,
    "best_combined_score": 0.5519795598265962,
    "best_sse": 1726.7167191531335,
    "weights": {
        "alpha": 0.47,
        "beta": 0.53,
        "gamma": 0.0
    },
    "total_runtime_sec": 5.162847518920898
}