{
    "n_trials": 31,
    "avg_iterations": 13.387096774193548,
    "median_iterations": 12.0,
    "avg_auc_delta": 9.25269355892398,
    "avg_geo_decay": 0.594273524302607,
    "best_k": 48,
    "best_combined_score": 0.7841206667341452,
    "best_sse": 1121.1805275559161,
    "total_runtime_sec": 12.162269592285156
}