{
    "centroid_movements": [
        1.1186532163399695e-15
    ],
    "sse_list": [
        1275.5915862493705,
        1275.5915862493703
    ],
    "final_iteration": 2
}