{
    "n_trials": 30,
    "avg_iterations": 10.566666666666666,
    "median_iterations": 9.5,
    "avg_auc_delta": 5.674315540000892,
    "avg_geo_decay": 0.5710488378115336,
    "best_k": 48,
    "best_combined_score": 0.7903845261673882,
    "best_sse": 1006.549057453849,
    "total_runtime_sec": 4.1800432205200195
}