{
    "n_trials": 30,
    "avg_iterations": 16.033333333333335,
    "median_iterations": 13.0,
    "avg_auc_delta": 9.12749215634906,
    "avg_geo_decay": 0.6088825001760363,
    "best_k": 11,
    "best_combined_score": 0.5263361352831646,
    "best_sse": 6802.218356329605,
    "weights": {
        "alpha": 0.47,
        "beta": 0.53,
        "gamma": 0.0
    },
    "total_runtime_sec": 7.754776477813721
}