{
    "n_trials": 30,
    "avg_iterations": 13.666666666666666,
    "median_iterations": 13.0,
    "avg_auc_delta": 15.860588569660953,
    "avg_geo_decay": 0.6899088872830721,
    "best_k": 20,
    "best_combined_score": 0.4012740294827091,
    "best_sse": 10535.55877523764,
    "weights": {
        "alpha": 0.47,
        "beta": 0.53,
        "gamma": 0.0
    },
    "total_runtime_sec": 2.7556185722351074
}