{
    "n_trials": 30,
    "avg_iterations": 15.866666666666667,
    "median_iterations": 14.0,
    "avg_auc_delta": 9.465718927245737,
    "avg_geo_decay": 0.6450248853977907,
    "best_k": 47,
    "best_combined_score": 0.4796572946739719,
    "best_sse": 2864.53717770836,
    "total_runtime_sec": 5.489613771438599
}