{
    "n_trials": 31,
    "avg_iterations": 20.161290322580644,
    "median_iterations": 20.0,
    "avg_auc_delta": 14.57689732084212,
    "avg_geo_decay": 0.7132345839190047,
    "best_k": 47,
    "best_combined_score": 0.47882480003953853,
    "best_sse": 2943.211364840325,
    "total_runtime_sec": 14.526663541793823
}