{
    "clean_state": "raw",
    "best_k": 22,
    "linkage": "average",
    "metric": "euclidean",
    "combined": 0.6101752773253414,
    "silhouette": 0.3105017820760808,
    "davies_bouldin": 0.7388506498723039,
    "sse": 1400.9343362919337,
    "weights": {
        "alpha": 0.47,
        "beta": 0.53,
        "gamma": 0.0
    },
    "intra_dist_mean": 1.7638491203708757,
    "inter_dist_mean": 3.697201014850774,
    "ratio_intra_inter": 0.4770768787754406,
    "n_merge_steps": 857,
    "h_max": 6.670627188751931,
    "total_runtime_sec": 68.6672215461731
}