{
    "clean_state": "raw",
    "best_k": 5,
    "linkage": "single",
    "metric": "euclidean",
    "combined": 0.6654345978920144,
    "silhouette": 0.1130092139966012,
    "davies_bouldin": 0.8211124554173468,
    "intra_dist_mean": 5.809416657147628,
    "inter_dist_mean": 7.400180231083772,
    "ratio_intra_inter": 0.7850371850059713,
    "n_merge_steps": 162,
    "h_max": 5.721895856682725,
    "total_runtime_sec": 0.8234241008758545
}