{
    "clean_state": "raw",
    "best_k": 5,
    "linkage": "single",
    "metric": "euclidean",
    "combined": 0.6654345938710363,
    "silhouette": 0.11300921399660119,
    "davies_bouldin": 0.8211124608394401,
    "intra_dist_mean": 5.809416657147628,
    "inter_dist_mean": 7.400180231083772,
    "ratio_intra_inter": 0.7850371850059713,
    "n_merge_steps": 162,
    "total_runtime_sec": 2.2453219890594482
}