{
    "n_trials": 31,
    "avg_iterations": 13.838709677419354,
    "median_iterations": 13.0,
    "avg_auc_delta": 9.83093443032833,
    "avg_geo_decay": 0.5961283946692585,
    "best_k": 43,
    "best_combined_score": 0.681002572020381,
    "best_sse": 847.7936812753888,
    "total_runtime_sec": 12.10912036895752
}