{
    "n_trials": 30,
    "avg_iterations": 10.266666666666667,
    "median_iterations": 9.0,
    "avg_auc_delta": 7.943426382128064,
    "avg_geo_decay": 0.6305064151496805,
    "best_k": 12,
    "best_combined_score": 0.5495163297490785,
    "best_sse": 1132.845655292057,
    "weights": {
        "alpha": 0.47,
        "beta": 0.53,
        "gamma": 0.0
    },
    "total_runtime_sec": 1.0012519359588623
}