{
    "n_trials": 30,
    "avg_iterations": 10.1,
    "median_iterations": 10.0,
    "avg_auc_delta": 5.5691965861982515,
    "avg_geo_decay": 0.523100992866966,
    "best_k": 43,
    "best_combined_score": 0.6970049002774399,
    "best_sse": 740.8618517243909,
    "total_runtime_sec": 2.6153740882873535
}