{
    "n_trials": 31,
    "avg_iterations": 13.03225806451613,
    "median_iterations": 13.0,
    "avg_auc_delta": 10.942950641754475,
    "avg_geo_decay": 0.6292549812716688,
    "best_k": 8,
    "best_combined_score": 0.5025919842814038,
    "best_sse": 3370.559152926655,
    "weights": {
        "alpha": 0.47,
        "beta": 0.53,
        "gamma": 0.0
    },
    "total_runtime_sec": 10.785702466964722
}