{
    "n_trials": 31,
    "avg_iterations": 6.935483870967742,
    "median_iterations": 7.0,
    "avg_auc_delta": 16.46546739504639,
    "avg_geo_decay": 0.47608509948794236,
    "best_k": 11,
    "best_combined_score": 0.6298880118134591,
    "best_sse": 1635.4497121533925,
    "weights": {
        "alpha": 0.47,
        "beta": 0.53,
        "gamma": 0.0
    },
    "total_runtime_sec": 2.9577834606170654
}