{
    "n_trials": 31,
    "avg_iterations": 6.225806451612903,
    "median_iterations": 6.0,
    "avg_auc_delta": 13.517459157630991,
    "avg_geo_decay": 0.8242328528459655,
    "best_k": 13,
    "best_combined_score": 0.6966449754162252,
    "best_sse": 194.1965874803049,
    "weights": {
        "alpha": 0.47,
        "beta": 0.53,
        "gamma": 0.0
    },
    "total_runtime_sec": 1.3119361400604248
}