{
    "clean_state": "raw",
    "best_k": 9,
    "best_cov_type": "tied",
    "best_combined": 0.5489038673898354,
    "best_silhouette": 0.3305999642204401,
    "best_db": 1.1044611232319932,
    "best_sse": 2009.6029751571348,
    "weights": {
        "alpha": 0.47,
        "beta": 0.53,
        "gamma": 0.0
    },
    "n_iter_final": 1,
    "ll_curve_final": [
        -6.596200771443702,
        -6.54818254566054,
        -6.534267686008294,
        -6.527054761605727,
        -6.517541586449162,
        -6.49829786010716,
        -6.448101107288913,
        -6.359208021613077,
        -6.3471140955780285,
        -6.346637342445965
    ],
    "total_runtime_sec": 43.76829934120178
}