{
    "clean_state": "raw",
    "best_k": 6,
    "best_cov_type": "spherical",
    "best_combined": 0.5167755874421738,
    "best_silhouette": 0.1414229328914478,
    "best_db": 1.120915080287256,
    "n_iter_final": 1,
    "ll_curve_final": [
        -21.17675441749669,
        -21.176691043911994
    ],
    "total_runtime_sec": 0.5093023777008057
}