{
    "n_trials": 31,
    "avg_iterations": 2.096774193548387,
    "median_iterations": 2.0,
    "avg_auc_delta": 0.0,
    "avg_geo_decay": 0.0,
    "best_k": 7,
    "best_combined_score": 0.40594223474067215,
    "best_sse": 583.5611716523886,
    "weights": {
        "alpha": 0.47,
        "beta": 0.53,
        "gamma": 0.0
    },
    "total_runtime_sec": 1.2083721160888672
}