{
    "n_trials": 31,
    "avg_iterations": 11.35483870967742,
    "median_iterations": 10.0,
    "avg_auc_delta": 20.99773891913799,
    "avg_geo_decay": 0.5967892371245019,
    "best_k": 26,
    "best_combined_score": 0.422133458347396,
    "best_sse": 4756.8905235284865,
    "total_runtime_sec": 5.606995105743408
}