{
    "n_trials": 30,
    "avg_iterations": 11.666666666666666,
    "median_iterations": 10.5,
    "avg_auc_delta": 6.127935909479612,
    "avg_geo_decay": 0.6172985257210349,
    "best_k": 46,
    "best_combined_score": 0.5989916885555234,
    "best_sse": 1064.7671259688323,
    "weights": {
        "alpha": 0.47,
        "beta": 0.53,
        "gamma": 0.0
    },
    "total_runtime_sec": 7.395285129547119
}