{
    "clean_state": "raw",
    "best_k": 21,
    "best_cov_type": "spherical",
    "best_combined": 0.6115032200704249,
    "best_silhouette": 0.4460226858410311,
    "best_db": 0.858972466485612,
    "best_sse": 1303.8749532281672,
    "weights": {
        "alpha": 0.47,
        "beta": 0.53,
        "gamma": 0.0
    },
    "n_iter_final": 1,
    "ll_curve_final": [
        -4.187775067840869,
        -4.119997311238068,
        -4.093977655542886,
        -4.088396493016768,
        -4.080271959414781,
        -4.073207349899993,
        -4.068822108678986,
        -4.063707506690023,
        -4.052518925023515,
        -4.052517721865048
    ],
    "total_runtime_sec": 16.180824518203735
}