{
    "clean_state": "raw",
    "best_k": 6,
    "best_cov_type": "full",
    "best_combined": 0.5044025828868236,
    "best_silhouette": 0.21524000436678958,
    "best_db": 1.2601359644205752,
    "n_iter_final": 1,
    "ll_curve_final": [
        34.90607116118911,
        35.407305993257324,
        35.84107042018172,
        35.84107211114304
    ],
    "total_runtime_sec": 0.6557009220123291
}