{
    "clean_state": "raw",
    "best_k": 6,
    "linkage": "average",
    "metric": "euclidean",
    "combined": 0.7810402150773808,
    "silhouette": 0.6050121341450193,
    "davies_bouldin": 0.31071405615392456,
    "sse": 8110.742286614443,
    "weights": {
        "alpha": 0.47,
        "beta": 0.53,
        "gamma": 0.0
    },
    "intra_dist_mean": 3.872244159594147,
    "inter_dist_mean": 13.968275657993733,
    "ratio_intra_inter": 0.27721704914792905,
    "n_merge_steps": 999,
    "h_max": 16.491328874538837,
    "total_runtime_sec": 38.30377745628357
}