{
    "n_trials": 31,
    "avg_iterations": 10.774193548387096,
    "median_iterations": 10.0,
    "avg_auc_delta": 12.034936175187424,
    "avg_geo_decay": 0.5947821788162174,
    "best_k": 14,
    "best_combined_score": 0.4960191124016359,
    "best_sse": 2619.5618851770437,
    "weights": {
        "alpha": 0.47,
        "beta": 0.53,
        "gamma": 0.0
    },
    "total_runtime_sec": 4.4503490924835205
}