{
    "clean_state": "raw",
    "best_k": 5,
    "linkage": "single",
    "metric": "manhattan",
    "combined": 0.6172207971212293,
    "silhouette": 0.18221758446655786,
    "davies_bouldin": 0.556697841259495,
    "sse": 2880.391726274794,
    "weights": {
        "alpha": 0.47,
        "beta": 0.53,
        "gamma": 0.0
    },
    "intra_dist_mean": 5.727251667313742,
    "inter_dist_mean": 8.851374085433436,
    "ratio_intra_inter": 0.647046618076886,
    "n_merge_steps": 173,
    "h_max": 14.80141977078962,
    "total_runtime_sec": 1.5179076194763184
}