{
    "clean_state": "raw",
    "best_k": 5,
    "linkage": "single",
    "metric": "manhattan",
    "combined": 1.3697535657227236,
    "silhouette": 0.4829577040732987,
    "davies_bouldin": 0.4431544852817801,
    "intra_dist_mean": 3.502256527679111,
    "inter_dist_mean": 9.523317283118583,
    "ratio_intra_inter": 0.367755942972412,
    "n_merge_steps": 780,
    "total_runtime_sec": 30.49818778038025
}