{
    "clean_state": "raw",
    "best_k": 8,
    "linkage": "single",
    "metric": "euclidean",
    "combined": 1.4864976047558633,
    "silhouette": 0.3499316311539716,
    "davies_bouldin": 0.3812336110534076,
    "intra_dist_mean": 3.496970806936695,
    "inter_dist_mean": 9.160012390522978,
    "ratio_intra_inter": 0.38176485553167017,
    "n_merge_steps": 780,
    "h_max": 7.567613902687083,
    "total_runtime_sec": 7.690669059753418
}