{
    "n_trials": 30,
    "avg_iterations": 3.1333333333333333,
    "median_iterations": 3.0,
    "avg_auc_delta": 2.2483229201790027,
    "avg_geo_decay": 0.22353740158367777,
    "best_k": 8,
    "best_combined_score": 1.1283961473962274,
    "best_sse": 127.16822022598289,
    "total_runtime_sec": 0.10186123847961426
}