{
    "n_trials": 31,
    "avg_iterations": 3.032258064516129,
    "median_iterations": 3.0,
    "avg_auc_delta": 4.313368412651822,
    "avg_geo_decay": 0.4227148450639236,
    "best_k": 8,
    "best_combined_score": 0.995024592062622,
    "best_sse": 113.23256329987575,
    "total_runtime_sec": 0.9200191497802734
}