{
    "core_count": 1338,
    "border_count": 23,
    "noise_count": 41,
    "noise_ratio": 0.029243937232524966,
    "neighbor_hist": [
        0,
        21,
        16,
        15,
        12,
        11,
        15,
        10,
        9,
        6,
        11,
        16,
        15,
        9,
        6,
        14,
        6,
        12,
        7,
        5,
        4,
        6,
        4,
        4,
        4,
        3,
        1,
        2,
        4,
        4,
        2,
        0,
        1,
        6,
        10,
        5,
        7,
        7,
        4,
        3,
        7,
        4,
        7,
        2,
        4,
        3,
        3,
        8,
        5,
        1062
    ],
    "combined_score": 0.47624762089292233,
    "silhouette": 0.33326651279970027,
    "davies_bouldin": 1.631533375420084,
    "sse": 7318.110353607928,
    "weights": {
        "alpha": 0.47,
        "beta": 0.53,
        "gamma": 0.0
    }
}