{
    "n_trials": 31,
    "avg_iterations": 10.225806451612904,
    "median_iterations": 8.0,
    "avg_auc_delta": 18.445970131032972,
    "avg_geo_decay": 0.6133703256977666,
    "best_k": 18,
    "best_combined_score": 0.49249122828970293,
    "best_sse": 3221.4892446984527,
    "weights": {
        "alpha": 0.47,
        "beta": 0.53,
        "gamma": 0.0
    },
    "total_runtime_sec": 24.663011074066162
}