{
    "clean_state": "raw",
    "best_k": 5,
    "linkage": "single",
    "metric": "euclidean",
    "combined": 1.5192254523567066,
    "silhouette": 0.5596401497292859,
    "davies_bouldin": 0.4034192598161465,
    "intra_dist_mean": 3.109831672054988,
    "inter_dist_mean": 7.402124583799601,
    "ratio_intra_inter": 0.4201269023302838,
    "n_merge_steps": 1314,
    "total_runtime_sec": 74.05291366577148
}