{
    "clean_state": "raw",
    "best_k": 5,
    "linkage": "single",
    "metric": "euclidean",
    "combined": 1.519225442806508,
    "silhouette": 0.5596401497294574,
    "davies_bouldin": 0.40341926292470875,
    "intra_dist_mean": 3.1098316720537578,
    "inter_dist_mean": 7.402124583799601,
    "ratio_intra_inter": 0.4201269023301176,
    "n_merge_steps": 1314,
    "h_max": 5.228424108035477,
    "total_runtime_sec": 35.031445026397705
}