{
    "clean_state": "raw",
    "best_k": 5,
    "linkage": "single",
    "metric": "euclidean",
    "combined": 0.7551226473427344,
    "silhouette": 0.525850830563343,
    "davies_bouldin": 0.33629896178456964,
    "sse": 7242.367580913254,
    "weights": {
        "alpha": 0.47,
        "beta": 0.53,
        "gamma": 0.0
    },
    "intra_dist_mean": 3.452088096990436,
    "inter_dist_mean": 9.640289658208777,
    "ratio_intra_inter": 0.35808966528828307,
    "n_merge_steps": 1052,
    "h_max": 6.100542436777529,
    "total_runtime_sec": 24.16909646987915
}