{
    "clean_state": "raw",
    "best_k": 9,
    "best_cov_type": "tied",
    "best_combined": 0.6860085046090774,
    "best_silhouette": 0.2837982788099994,
    "best_db": 0.9189329057265285,
    "n_iter_final": 1,
    "ll_curve_final": [
        -8.349767617665005,
        -8.276406143714219,
        -8.242128759432562,
        -8.232877716200424,
        -8.22765975072569,
        -8.223023668478818,
        -8.218066056666832,
        -8.212175831392278,
        -8.206367561554913,
        -8.202447555506359,
        -8.200051593162964,
        -8.198195497710707,
        -8.196620190167442,
        -8.195319632082557,
        -8.194301266662789,
        -8.193552461419994
    ],
    "total_runtime_sec": 29.333329439163208
}