{
    "clean_state": "raw",
    "best_k": 10,
    "best_cov_type": "tied",
    "best_combined": 0.5562599075907447,
    "best_silhouette": 0.2696337904259251,
    "best_db": 0.9949996600459684,
    "best_sse": 1362.3695617002863,
    "weights": {
        "alpha": 0.47,
        "beta": 0.53,
        "gamma": 0.0
    },
    "n_iter_final": 1,
    "ll_curve_final": [
        15.972165959752664,
        16.569962568231666,
        16.689520437552392,
        16.769384588650848,
        16.77119401128822,
        16.77258429143724,
        16.776216455658012,
        16.792315868642426,
        16.82545229946066,
        16.82674725145023,
        16.826821094293397
    ],
    "total_runtime_sec": 3.1613192558288574
}