{
    "clean_state": "raw",
    "best_k": 16,
    "best_cov_type": "tied",
    "best_combined": 0.44523990131778807,
    "best_silhouette": 0.10858952278252955,
    "best_db": 1.6378413013434827,
    "best_sse": 9966.728144017072,
    "weights": {
        "alpha": 0.47,
        "beta": 0.53,
        "gamma": 0.0
    },
    "n_iter_final": 1,
    "ll_curve_final": [
        -20.464229977564695,
        -15.05063980694115,
        -14.994114069731936,
        -14.936047740209267,
        -14.917247100935395,
        -14.905382780238604,
        -14.865608336332327,
        -14.780470055939288,
        -14.618770261490608,
        -14.346756935345597,
        -14.310550209646026,
        -14.30489567017456,
        -14.301265665894768,
        -14.300423569710999
    ],
    "total_runtime_sec": 12.487650156021118
}