{
    "clean_state": "raw",
    "best_k": 8,
    "best_cov_type": "tied",
    "best_combined": 0.7022514571189751,
    "best_silhouette": 0.5511645026665827,
    "best_db": 0.5433868238891382,
    "best_sse": 104.1999163718368,
    "weights": {
        "alpha": 0.47,
        "beta": 0.53,
        "gamma": 0.0
    },
    "n_iter_final": 1,
    "ll_curve_final": [
        15.672595544939766,
        17.026496851603653,
        21.924597127334597,
        21.924597127325306
    ],
    "total_runtime_sec": 4.820667028427124
}