{
    "clean_state": "raw",
    "best_k": 10,
    "best_cov_type": "full",
    "best_combined": 1.3208839237896295,
    "best_silhouette": 0.6068169763323389,
    "best_db": 0.4914123550251845,
    "n_iter_final": 1,
    "ll_curve_final": [
        32.47792494808509,
        32.59089156518273,
        32.69085299485999,
        32.91439695191744,
        33.54404477134517,
        33.55860265125597,
        33.56579479663142,
        33.578055441411664,
        33.58752488729319,
        33.58759073543842
    ],
    "total_runtime_sec": 1.9140963554382324
}