{
    "core_count": 813,
    "border_count": 6,
    "noise_count": 38,
    "noise_ratio": 0.044340723453908985,
    "neighbor_hist": [
        0,
        8,
        11,
        21,
        4,
        19,
        12,
        13,
        20,
        23,
        13,
        9,
        17,
        10,
        28,
        13,
        9,
        8,
        2,
        17,
        6,
        5,
        8,
        12,
        4,
        6,
        8,
        10,
        3,
        9,
        6,
        7,
        11,
        3,
        10,
        8,
        8,
        6,
        19,
        4,
        12,
        8,
        3,
        2,
        9,
        6,
        6,
        16,
        4,
        381
    ],
    "combined_score": 0.4412630527828265,
    "silhouette": 0.24999581160853984,
    "davies_bouldin": 1.8570177247748259,
    "sse": 2444.3209564983017,
    "weights": {
        "alpha": 0.47,
        "beta": 0.53,
        "gamma": 0.0
    }
}