{
    "clean_state": "raw",
    "best_k": 23,
    "linkage": "single",
    "metric": "euclidean",
    "combined": 1.0470355856835882,
    "silhouette": 0.2381542047079561,
    "davies_bouldin": 0.5388172089401551,
    "intra_dist_mean": 2.752958815358055,
    "inter_dist_mean": 5.070628055958986,
    "ratio_intra_inter": 0.5429226488269522,
    "n_merge_steps": 2375,
    "total_runtime_sec": 164.52635145187378
}