{
    "clean_state": "raw",
    "best_k": 5,
    "linkage": "single",
    "metric": "manhattan",
    "combined": 0.712421103076509,
    "silhouette": 0.39560819984491596,
    "davies_bouldin": 0.37759006058897226,
    "sse": 18045.708591887418,
    "weights": {
        "alpha": 0.47,
        "beta": 0.53,
        "gamma": 0.0
    },
    "intra_dist_mean": 3.6038706692927254,
    "inter_dist_mean": 7.624132162837138,
    "ratio_intra_inter": 0.47269257566898715,
    "n_merge_steps": 2281,
    "h_max": 6.680561320941083,
    "total_runtime_sec": 111.31707572937012
}