{
    "n_trials": 31,
    "avg_iterations": 3.5483870967741935,
    "median_iterations": 3.0,
    "avg_auc_delta": 3.184262135769793,
    "avg_geo_decay": 0.3442834987606494,
    "best_k": 8,
    "best_combined_score": 0.9121619797133482,
    "best_sse": 169.52912047924968,
    "total_runtime_sec": 1.0482451915740967
}