{
    "n_trials": 20,
    "avg_iterations": 2.45,
    "median_iterations": 2.0,
    "avg_auc_delta": 1.5205840108800512,
    "avg_geo_decay": 0.21291333315357094,
    "best_k": 8,
    "best_combined_score": 0.7166787015099093,
    "best_sse": 119.21506855247884,
    "weights": {
        "alpha": 0.47,
        "beta": 0.53,
        "gamma": 0.0
    },
    "total_runtime_sec": 1.4751272201538086
}