{
    "n_trials": 20,
    "avg_iterations": 3.2,
    "median_iterations": 2.0,
    "avg_auc_delta": 0.8371931253679596,
    "avg_geo_decay": 0.1893308465334677,
    "best_k": 8,
    "best_combined_score": 1.2803940316441975,
    "best_sse": 96.2211471996826,
    "total_runtime_sec": 0.08715343475341797
}