{
    "clean_state": "raw",
    "best_k": 5,
    "linkage": "single",
    "metric": "manhattan",
    "combined": 2.185320347324345,
    "silhouette": 0.5346579216266389,
    "davies_bouldin": 0.2606893876147893,
    "intra_dist_mean": 3.175844386811665,
    "inter_dist_mean": 10.855457203976185,
    "ratio_intra_inter": 0.2925574047353906,
    "n_merge_steps": 518,
    "total_runtime_sec": 13.655766010284424
}