{
    "clean_state": "raw",
    "best_k": 5,
    "linkage": "single",
    "metric": "euclidean",
    "combined": 0.7979875496898422,
    "silhouette": 0.6434751487590032,
    "davies_bouldin": 0.2852709973643608,
    "sse": 16820.202893218786,
    "weights": {
        "alpha": 0.47,
        "beta": 0.53,
        "gamma": 0.0
    },
    "intra_dist_mean": 5.40939488564685,
    "inter_dist_mean": 15.923280651922084,
    "ratio_intra_inter": 0.33971610523573526,
    "n_merge_steps": 999,
    "h_max": 14.189734899909,
    "total_runtime_sec": 21.28473472595215
}