{
    "clean_state": "raw",
    "best_k": 5,
    "linkage": "single",
    "metric": "manhattan",
    "combined": 2.1853204019311554,
    "silhouette": 0.5346579216266817,
    "davies_bouldin": 0.26068938019274873,
    "intra_dist_mean": 3.1758443868113417,
    "inter_dist_mean": 10.855457203976185,
    "ratio_intra_inter": 0.29255740473536085,
    "n_merge_steps": 518,
    "h_max": 21.440762988374583,
    "total_runtime_sec": 3.334928035736084
}