{
    "n_trials": 31,
    "avg_iterations": 16.06451612903226,
    "median_iterations": 15.0,
    "avg_auc_delta": 10.542091956567937,
    "avg_geo_decay": 0.6732876114339739,
    "best_k": 10,
    "best_combined_score": 0.5172785886971293,
    "best_sse": 5398.8717088181465,
    "weights": {
        "alpha": 0.47,
        "beta": 0.53,
        "gamma": 0.0
    },
    "total_runtime_sec": 10.705472946166992
}