{
    "clean_state": "raw",
    "best_k": 11,
    "best_cov_type": "full",
    "best_combined": 1.5291376069995455,
    "best_silhouette": 0.6382637758476012,
    "best_db": 0.41322118740225605,
    "n_iter_final": 1,
    "ll_curve_final": [
        30.882349950226452,
        30.882349950226452
    ],
    "total_runtime_sec": 1.492663860321045
}