{
    "clean_state": "raw",
    "best_k": 7,
    "best_cov_type": "tied",
    "best_combined": 0.8941179602247564,
    "best_silhouette": 0.43752387315484664,
    "best_db": 0.7403502485987999,
    "n_iter_final": 1,
    "ll_curve_final": [
        -5.271156328084793,
        -5.222393225826181,
        -5.198643630246647,
        -5.181614237523642,
        -5.169990718223479,
        -5.160842040096457,
        -5.14956318007507,
        -5.138081897562962,
        -5.134194888396914,
        -5.133629814377307
    ],
    "total_runtime_sec": 69.2274112701416
}