{
    "clean_state": "raw",
    "best_k": 9,
    "best_cov_type": "tied",
    "best_combined": 0.5659663470418287,
    "best_silhouette": 0.2860097963592907,
    "best_db": 0.954615843779141,
    "best_sse": 2886.3591931618125,
    "weights": {
        "alpha": 0.47,
        "beta": 0.53,
        "gamma": 0.0
    },
    "n_iter_final": 1,
    "ll_curve_final": [
        -8.12901173065951,
        -8.080464768319777,
        -8.063790378627516,
        -8.053462589255117,
        -8.047131145429752,
        -8.04432865823851,
        -8.042958046613595,
        -8.04198389944032
    ],
    "total_runtime_sec": 15.059997081756592
}