{
    "n_trials": 30,
    "avg_iterations": 10.966666666666667,
    "median_iterations": 11.0,
    "avg_auc_delta": 7.943064225739791,
    "avg_geo_decay": 0.6324602621927056,
    "best_k": 23,
    "best_combined_score": 0.5275102963087882,
    "best_sse": 1058.4251658510043,
    "weights": {
        "alpha": 0.47,
        "beta": 0.53,
        "gamma": 0.0
    },
    "total_runtime_sec": 3.698899269104004
}