{
    "centroid_movements": [
        7.7586949820349e-16
    ],
    "sse_list": [
        1061.081477964226,
        1061.081477964226
    ],
    "final_iteration": 2
}