{
    "n_trials": 30,
    "avg_iterations": 12.866666666666667,
    "median_iterations": 9.5,
    "avg_auc_delta": 6.111873862786589,
    "avg_geo_decay": 0.629284893616532,
    "best_k": 35,
    "best_combined_score": 0.6257302587119138,
    "best_sse": 935.8017567540958,
    "total_runtime_sec": 1.480539321899414
}