{
    "n_trials": 31,
    "avg_iterations": 13.806451612903226,
    "median_iterations": 14.0,
    "avg_auc_delta": 8.648654232130978,
    "avg_geo_decay": 0.6610199328570312,
    "best_k": 35,
    "best_combined_score": 0.6270962626866605,
    "best_sse": 970.7736267276731,
    "total_runtime_sec": 6.039583206176758
}