{
    "n_trials": 31,
    "avg_iterations": 21.322580645161292,
    "median_iterations": 20.0,
    "avg_auc_delta": 14.711042467961445,
    "avg_geo_decay": 0.7283089242213133,
    "best_k": 36,
    "best_combined_score": 0.5092786867215238,
    "best_sse": 3523.396416584006,
    "weights": {
        "alpha": 0.47,
        "beta": 0.53,
        "gamma": 0.0
    },
    "total_runtime_sec": 17.661428451538086
}