{
    "n_trials": 31,
    "avg_iterations": 12.35483870967742,
    "median_iterations": 11.0,
    "avg_auc_delta": 9.620777278792433,
    "avg_geo_decay": 0.6438922655368838,
    "best_k": 12,
    "best_combined_score": 0.4973791940106541,
    "best_sse": 1140.8670061965463,
    "weights": {
        "alpha": 0.47,
        "beta": 0.53,
        "gamma": 0.0
    },
    "total_runtime_sec": 2.930659294128418
}