{
    "clean_state": "raw",
    "best_k": 44,
    "linkage": "single",
    "metric": "manhattan",
    "combined": 0.8671224755215642,
    "silhouette": 0.8185287807788475,
    "davies_bouldin": 0.20063823909701603,
    "sse": 364.6429734703975,
    "weights": {
        "alpha": 0.47,
        "beta": 0.53,
        "gamma": 0.0
    },
    "intra_dist_mean": 0.5298666988217007,
    "inter_dist_mean": 3.830072689519224,
    "ratio_intra_inter": 0.13834377093456018,
    "n_merge_steps": 2375,
    "h_max": 3.115268522114089,
    "total_runtime_sec": 134.32212138175964
}