{
    "clean_state": "raw",
    "best_k": 11,
    "best_cov_type": "tied",
    "best_combined": 0.4029458642339579,
    "best_silhouette": 0.0734554443048898,
    "best_db": 2.030275809913767,
    "best_sse": 12210.985564847208,
    "weights": {
        "alpha": 0.47,
        "beta": 0.53,
        "gamma": 0.0
    },
    "n_iter_final": 1,
    "ll_curve_final": [
        -22.869725859396063,
        -21.419306674511546,
        -18.760865511773382,
        -18.684218157859224,
        -18.60572771903379,
        -18.60022549320551,
        -18.599318874318158
    ],
    "total_runtime_sec": 13.168623208999634
}