{
    "n_trials": 30,
    "avg_iterations": 7.333333333333333,
    "median_iterations": 6.0,
    "avg_auc_delta": 8.78116620524785,
    "avg_geo_decay": 0.4241581760389527,
    "best_k": 20,
    "best_combined_score": 0.5305512893905496,
    "best_sse": 961.3860602844809,
    "total_runtime_sec": 0.34308600425720215
}