{
    "n_trials": 31,
    "avg_iterations": 11.129032258064516,
    "median_iterations": 10.0,
    "avg_auc_delta": 10.90654764979286,
    "avg_geo_decay": 0.6072710315253019,
    "best_k": 20,
    "best_combined_score": 0.527183216950148,
    "best_sse": 960.5523449150267,
    "total_runtime_sec": 3.904682159423828
}