{
    "clean_state": "raw",
    "best_k": 5,
    "linkage": "single",
    "metric": "manhattan",
    "combined": 0.7889142650602832,
    "silhouette": 0.5783930904040299,
    "davies_bouldin": 0.26796691679708207,
    "sse": 4037.7412875093887,
    "weights": {
        "alpha": 0.47,
        "beta": 0.53,
        "gamma": 0.0
    },
    "intra_dist_mean": 3.3916766179387627,
    "inter_dist_mean": 10.010119351331204,
    "ratio_intra_inter": 0.33882479308175073,
    "n_merge_steps": 586,
    "h_max": 10.664680091806575,
    "total_runtime_sec": 15.821556091308594
}