{
    "clean_state": "raw",
    "best_k": 5,
    "linkage": "single",
    "metric": "euclidean",
    "combined": 1.30041773643485,
    "silhouette": 0.4734588063393318,
    "davies_bouldin": 0.4700625026742179,
    "intra_dist_mean": 2.712231560079208,
    "inter_dist_mean": 6.306068940903044,
    "ratio_intra_inter": 0.4300986217398346,
    "n_merge_steps": 1676,
    "h_max": 4.316578156307472,
    "total_runtime_sec": 74.26358962059021
}