{
    "clean_state": "raw",
    "best_k": 23,
    "best_cov_type": "spherical",
    "best_combined": 0.6412481371740166,
    "best_silhouette": 0.30480977723815006,
    "best_db": 1.022822758579644,
    "n_iter_final": 1,
    "ll_curve_final": [
        -5.65451735045041,
        -5.594803990408868,
        -5.5799227698340665,
        -5.559104743029477,
        -5.518810192447127,
        -5.466381630219294,
        -5.453627910481928,
        -5.442692469431931,
        -5.438101849086841,
        -5.434849414619917,
        -5.432663869690891,
        -5.431221957094966,
        -5.429010072402294,
        -5.421381942857338,
        -5.388006295169347,
        -5.368464262676844,
        -5.360928483379412,
        -5.348037717915243,
        -5.347675305535998
    ],
    "total_runtime_sec": 5.451846599578857
}