{
    "centroid_movements": [
        1.330641043602034e-15
    ],
    "sse_list": [
        6471.100504816997,
        6471.100504816998
    ],
    "final_iteration": 2
}