{
    "n_trials": 30,
    "avg_iterations": 5.0,
    "median_iterations": 5.0,
    "avg_auc_delta": 2.928281685604883,
    "avg_geo_decay": 0.25418018001381265,
    "best_k": 7,
    "best_combined_score": 0.681348993722183,
    "best_sse": 2418.558156948059,
    "weights": {
        "alpha": 0.47,
        "beta": 0.53,
        "gamma": 0.0
    },
    "total_runtime_sec": 3.0679821968078613
}