{
    "clean_state": "raw",
    "best_k": 6,
    "linkage": "single",
    "metric": "manhattan",
    "combined": 1.5000405873075109,
    "silhouette": 0.46591534190170025,
    "davies_bouldin": 0.3946071670176785,
    "intra_dist_mean": 4.8730060406886,
    "inter_dist_mean": 10.865989216385463,
    "ratio_intra_inter": 0.448464096884972,
    "n_merge_steps": 999,
    "total_runtime_sec": 31.80852174758911
}