{
    "clean_state": "raw",
    "best_k": 5,
    "linkage": "single",
    "metric": "manhattan",
    "combined": 1.4135027250943977,
    "silhouette": 0.46484913843320036,
    "davies_bouldin": 0.4233420095966397,
    "intra_dist_mean": 4.890669308858817,
    "inter_dist_mean": 10.657291309929247,
    "ratio_intra_inter": 0.45890359629203253,
    "n_merge_steps": 999,
    "h_max": 17.772855823506504,
    "total_runtime_sec": 18.85428762435913
}