{
    "n_trials": 31,
    "avg_iterations": 3.2903225806451615,
    "median_iterations": 3.0,
    "avg_auc_delta": 0.4029778164527682,
    "avg_geo_decay": 0.06849133121246895,
    "best_k": 11,
    "best_combined_score": 0.4006745588027375,
    "best_sse": 1419.6574269227438,
    "weights": {
        "alpha": 0.47,
        "beta": 0.53,
        "gamma": 0.0
    },
    "total_runtime_sec": 0.3343229293823242
}