{
    "clean_state": "raw",
    "best_k": 5,
    "linkage": "single",
    "metric": "manhattan",
    "combined": 1.340319759441456,
    "silhouette": 0.3339722980751661,
    "davies_bouldin": 0.42613626300868945,
    "intra_dist_mean": 5.742417278434474,
    "inter_dist_mean": 11.432756636867731,
    "ratio_intra_inter": 0.5022775749390254,
    "n_merge_steps": 999,
    "h_max": 18.531805056479552,
    "total_runtime_sec": 18.333691596984863
}