{
    "clean_state": "raw",
    "best_k": 5,
    "linkage": "single",
    "metric": "manhattan",
    "combined": 1.3403197663175617,
    "silhouette": 0.3339722980751661,
    "davies_bouldin": 0.42613626051139636,
    "intra_dist_mean": 5.742417278434474,
    "inter_dist_mean": 11.432756636867731,
    "ratio_intra_inter": 0.5022775749390254,
    "n_merge_steps": 999,
    "total_runtime_sec": 30.365581512451172
}