{
    "core_count": 1214,
    "border_count": 25,
    "noise_count": 16,
    "noise_ratio": 0.012749003984063745,
    "neighbor_hist": [
        0,
        8,
        8,
        5,
        10,
        10,
        7,
        8,
        15,
        14,
        5,
        11,
        15,
        7,
        13,
        5,
        6,
        4,
        7,
        8,
        7,
        6,
        4,
        8,
        5,
        8,
        9,
        8,
        4,
        5,
        8,
        9,
        7,
        6,
        6,
        7,
        9,
        11,
        12,
        3,
        1,
        5,
        4,
        4,
        1,
        1,
        6,
        3,
        2,
        920
    ],
    "combined_score": 0.4827086518865579,
    "silhouette": 0.26120482736901135,
    "davies_bouldin": 1.5024979957110811,
    "sse": 6856.825410671708,
    "weights": {
        "alpha": 0.47,
        "beta": 0.53,
        "gamma": 0.0
    }
}