{
    "clean_state": "raw",
    "best_k": 25,
    "best_cov_type": "tied",
    "best_combined": 0.2766890084458923,
    "best_silhouette": 0.044746224729786226,
    "best_db": 1.9660587784915764,
    "n_iter_final": 1,
    "ll_curve_final": [
        -22.57623502475932,
        -22.428425353503727,
        -22.295167802505233,
        -22.126641572148547,
        -22.037134623566992,
        -21.979751278823446,
        -21.879831228109552,
        -21.65031216489804,
        -21.072614595357788,
        -17.792609826973685,
        -17.660417231102763,
        -17.59752044333178,
        -17.56315260689874,
        -17.440500011009238,
        -17.358745850985574,
        -17.344776411595312,
        -17.329013457100853,
        -17.322402844628872,
        -17.31861819851648,
        -17.316572523908725,
        -17.315740147162533
    ],
    "total_runtime_sec": 24.8305721282959
}