{
    "clean_state": "raw",
    "best_k": 5,
    "linkage": "single",
    "metric": "manhattan",
    "combined": 2.518864417274303,
    "silhouette": 0.7465649238569751,
    "davies_bouldin": 0.2330370083297108,
    "intra_dist_mean": 2.488940063490276,
    "inter_dist_mean": 10.817115359535707,
    "ratio_intra_inter": 0.23009277249650006,
    "n_merge_steps": 954,
    "total_runtime_sec": 31.695333242416382
}