{
    "clean_state": "raw",
    "best_k": 5,
    "linkage": "single",
    "metric": "manhattan",
    "combined": 2.5188644172743286,
    "silhouette": 0.7465649238570315,
    "davies_bouldin": 0.23303700832971114,
    "intra_dist_mean": 2.488940063489405,
    "inter_dist_mean": 10.817115359535707,
    "ratio_intra_inter": 0.23009277249641955,
    "n_merge_steps": 954,
    "h_max": 21.57151171060649,
    "total_runtime_sec": 17.272905826568604
}