{
    "centroid_movements": [
        3.9350319887992495e-16
    ],
    "sse_list": [
        623.3413766513597,
        623.3413766513598
    ],
    "final_iteration": 2
}