{
    "n_trials": 30,
    "avg_iterations": 7.466666666666667,
    "median_iterations": 7.0,
    "avg_auc_delta": 6.153900566004347,
    "avg_geo_decay": 0.43134929104213093,
    "best_k": 14,
    "best_combined_score": 0.580188119163448,
    "best_sse": 731.184446141989,
    "weights": {
        "alpha": 0.47,
        "beta": 0.53,
        "gamma": 0.0
    },
    "total_runtime_sec": 0.6399109363555908
}