{
    "n_trials": 30,
    "avg_iterations": 7.166666666666667,
    "median_iterations": 6.0,
    "avg_auc_delta": 4.756391043017698,
    "avg_geo_decay": 0.46283327873399666,
    "best_k": 30,
    "best_combined_score": 0.6647170374031435,
    "best_sse": 612.0924353504697,
    "total_runtime_sec": 0.7174026966094971
}