{
    "core_count": 492,
    "border_count": 32,
    "noise_count": 63,
    "noise_ratio": 0.10732538330494037,
    "neighbor_hist": [
        0,
        40,
        24,
        14,
        17,
        13,
        18,
        8,
        1,
        15,
        8,
        3,
        5,
        2,
        3,
        14,
        10,
        4,
        3,
        6,
        7,
        6,
        2,
        3,
        2,
        2,
        1,
        1,
        2,
        4,
        0,
        5,
        5,
        4,
        3,
        1,
        1,
        3,
        4,
        1,
        2,
        3,
        1,
        1,
        0,
        0,
        1,
        2,
        2,
        310
    ],
    "combined_score": 0.43142815995195444,
    "silhouette": 0.13820568196246974,
    "davies_bouldin": 1.8151353332628803,
    "sse": 2174.4760528621946,
    "weights": {
        "alpha": 0.47,
        "beta": 0.53,
        "gamma": 0.0
    }
}