{
    "clean_state": "raw",
    "best_k": 10,
    "linkage": "single",
    "metric": "manhattan",
    "combined": 0.9314310911270045,
    "silhouette": 0.0781901804247257,
    "davies_bouldin": 0.560327051119199,
    "intra_dist_mean": 3.163311674952267,
    "inter_dist_mean": 4.980204769447633,
    "ratio_intra_inter": 0.635177030140968,
    "n_merge_steps": 1043,
    "total_runtime_sec": 30.52639365196228
}