{
    "clean_state": "raw",
    "best_k": 5,
    "linkage": "single",
    "metric": "euclidean",
    "combined": 0.735369793456733,
    "silhouette": 0.4450337527031366,
    "davies_bouldin": 0.338407939491044,
    "sse": 1650.7544376336673,
    "weights": {
        "alpha": 0.47,
        "beta": 0.53,
        "gamma": 0.0
    },
    "intra_dist_mean": 3.4082794879192235,
    "inter_dist_mean": 8.303088876761668,
    "ratio_intra_inter": 0.4104833199434683,
    "n_merge_steps": 245,
    "h_max": 5.264695994016646,
    "total_runtime_sec": 4.04404616355896
}