{
    "clean_state": "raw",
    "best_k": 6,
    "linkage": "single",
    "metric": "euclidean",
    "combined": 1.0085874287249137,
    "silhouette": 0.21963056924662183,
    "davies_bouldin": 0.5563145267478126,
    "intra_dist_mean": 3.175378287551397,
    "inter_dist_mean": 5.13110193608491,
    "ratio_intra_inter": 0.6188491920652873,
    "n_merge_steps": 1043,
    "h_max": 2.608305777708503,
    "total_runtime_sec": 19.040966272354126
}