{
    "n_trials": 31,
    "avg_iterations": 12.161290322580646,
    "median_iterations": 11.0,
    "avg_auc_delta": 8.716388427403063,
    "avg_geo_decay": 0.5546625212042418,
    "best_k": 43,
    "best_combined_score": 0.5955067756939065,
    "best_sse": 1160.3787348060052,
    "weights": {
        "alpha": 0.47,
        "beta": 0.53,
        "gamma": 0.0
    },
    "total_runtime_sec": 11.086238384246826
}