{
    "clean_state": "raw",
    "best_k": 5,
    "linkage": "single",
    "metric": "euclidean",
    "combined": 1.4438985109528715,
    "silhouette": 0.5270308338763534,
    "davies_bouldin": 0.4235912921282279,
    "intra_dist_mean": 2.6241491645842223,
    "inter_dist_mean": 6.293950946926304,
    "ratio_intra_inter": 0.41693193777834053,
    "n_merge_steps": 116,
    "total_runtime_sec": 1.665698766708374
}