{
    "clean_state": "raw",
    "best_k": 5,
    "linkage": "complete",
    "metric": "euclidean",
    "combined": 1.4438985109528684,
    "silhouette": 0.5270308338763533,
    "davies_bouldin": 0.4235912921282289,
    "intra_dist_mean": 2.6241491645842223,
    "inter_dist_mean": 6.293950946926304,
    "ratio_intra_inter": 0.41693193777834053,
    "n_merge_steps": 116,
    "h_max": 14.057919811695974,
    "total_runtime_sec": 0.7398221492767334
}