{
    "n_trials": 31,
    "avg_iterations": 4.096774193548387,
    "median_iterations": 4.0,
    "avg_auc_delta": 4.26211769728835,
    "avg_geo_decay": 0.3626215341869702,
    "best_k": 11,
    "best_combined_score": 0.9711812322483541,
    "best_sse": 132.40009134762255,
    "total_runtime_sec": 2.238633155822754
}