{
    "n_trials": 30,
    "avg_iterations": 5.833333333333333,
    "median_iterations": 5.0,
    "avg_auc_delta": 5.142867600817427,
    "avg_geo_decay": 0.405776285629891,
    "best_k": 12,
    "best_combined_score": 0.7075421518390237,
    "best_sse": 234.27748879744317,
    "weights": {
        "alpha": 0.47,
        "beta": 0.53,
        "gamma": 0.0
    },
    "total_runtime_sec": 0.4562051296234131
}