{
    "n_trials": 30,
    "avg_iterations": 3.933333333333333,
    "median_iterations": 4.0,
    "avg_auc_delta": 4.160867124467556,
    "avg_geo_decay": 0.2962885974093126,
    "best_k": 11,
    "best_combined_score": 1.0154277779437626,
    "best_sse": 121.10129122740884,
    "total_runtime_sec": 0.14951419830322266
}