{
    "clean_state": "raw",
    "best_k": 14,
    "linkage": "single",
    "metric": "euclidean",
    "combined": 0.7695702180105103,
    "silhouette": 0.5619965646038927,
    "davies_bouldin": 0.3162880894671321,
    "sse": 3296.5265490595148,
    "weights": {
        "alpha": 0.47,
        "beta": 0.53,
        "gamma": 0.0
    },
    "intra_dist_mean": 2.4567597175323312,
    "inter_dist_mean": 9.370326889493823,
    "ratio_intra_inter": 0.2621850599776441,
    "n_merge_steps": 908,
    "h_max": 13.716397627847858,
    "total_runtime_sec": 18.156296253204346
}