{
    "clean_state": "raw",
    "best_k": 11,
    "best_cov_type": "tied",
    "best_combined": 0.6911208680699858,
    "best_silhouette": 0.38294962847339764,
    "best_db": 1.000708393799966,
    "n_iter_final": 1,
    "ll_curve_final": [
        -5.681705774486852,
        -5.628390141702292,
        -5.597608858240285,
        -5.590460127036108,
        -5.58464213699799,
        -5.541508346621274,
        -5.367499767876744,
        -5.3375636906415975,
        -5.336783629795867
    ],
    "total_runtime_sec": 43.53004813194275
}