{
    "clean_state": "raw",
    "best_k": 28,
    "best_cov_type": "tied",
    "best_combined": 0.5649669252672863,
    "best_silhouette": 0.31932041992504495,
    "best_db": 0.9953341419110702,
    "best_sse": 925.5665556565864,
    "weights": {
        "alpha": 0.47,
        "beta": 0.53,
        "gamma": 0.0
    },
    "n_iter_final": 1,
    "ll_curve_final": [
        -5.288309693730365,
        -5.124479835206234,
        -4.981109751197579,
        -4.971154077731909,
        -4.963323988446992,
        -4.957167554119808,
        -4.953840006358134,
        -4.952300422923191,
        -4.951553711256704
    ],
    "total_runtime_sec": 14.705323934555054
}