{
    "core_count": 19,
    "border_count": 12,
    "noise_count": 146,
    "noise_ratio": 0.8248587570621468,
    "neighbor_hist": [
        0,
        105,
        31,
        4,
        18,
        7,
        0,
        4,
        4,
        2,
        0,
        1,
        1
    ],
    "combined_score": 0.324914092416641,
    "silhouette": -0.1594499015434284,
    "davies_bouldin": 2.697021434828086,
    "sse": 57.151604709704635,
    "weights": {
        "alpha": 0.47,
        "beta": 0.53,
        "gamma": 0.0
    }
}