{
    "n_trials": 31,
    "avg_iterations": 10.870967741935484,
    "median_iterations": 9.0,
    "avg_auc_delta": 7.12352860370156,
    "avg_geo_decay": 0.5630240282730148,
    "best_k": 35,
    "best_combined_score": 0.6067422112513913,
    "best_sse": 1011.4917442781024,
    "weights": {
        "alpha": 0.47,
        "beta": 0.53,
        "gamma": 0.0
    },
    "total_runtime_sec": 11.583624601364136
}