{
    "clean_state": "raw",
    "best_k": 9,
    "best_cov_type": "tied",
    "best_combined": 0.7354427517077767,
    "best_silhouette": 0.5555919711032484,
    "best_db": 0.42538410134033083,
    "best_sse": 176.75695623382046,
    "weights": {
        "alpha": 0.47,
        "beta": 0.53,
        "gamma": 0.0
    },
    "n_iter_final": 1,
    "ll_curve_final": [
        15.329776320697055,
        15.596113689643756,
        15.6466457699823,
        15.648688287355473,
        15.64898430932495
    ],
    "total_runtime_sec": 1.4613738059997559
}