{
    "clean_state": "raw",
    "best_k": 8,
    "best_cov_type": "full",
    "best_combined": 1.1272010694777748,
    "best_silhouette": 0.5334876749811978,
    "best_db": 0.5810864054745395,
    "n_iter_final": 1,
    "ll_curve_final": [
        32.11833619756851,
        32.64303327897235,
        33.52516006745732,
        33.525160068036186
    ],
    "total_runtime_sec": 1.8269035816192627
}