{
    "n_trials": 30,
    "avg_iterations": 10.733333333333333,
    "median_iterations": 9.5,
    "avg_auc_delta": 7.25666937453121,
    "avg_geo_decay": 0.5876981577071118,
    "best_k": 28,
    "best_combined_score": 0.5737196737753947,
    "best_sse": 878.9276329808107,
    "weights": {
        "alpha": 0.47,
        "beta": 0.53,
        "gamma": 0.0
    },
    "total_runtime_sec": 1.6285068988800049
}