{
    "n_trials": 31,
    "avg_iterations": 11.806451612903226,
    "median_iterations": 11.0,
    "avg_auc_delta": 8.145381640109516,
    "avg_geo_decay": 0.5635588916202428,
    "best_k": 46,
    "best_combined_score": 0.8012707545398204,
    "best_sse": 890.1698182701837,
    "total_runtime_sec": 10.644912481307983
}