{
    "n_trials": 30,
    "avg_iterations": 10.966666666666667,
    "median_iterations": 11.0,
    "avg_auc_delta": 5.4960827312443055,
    "avg_geo_decay": 0.5877118014691612,
    "best_k": 46,
    "best_combined_score": 0.8357956297813304,
    "best_sse": 840.3359306944612,
    "total_runtime_sec": 3.6716573238372803
}