{
    "core_count": 517,
    "border_count": 38,
    "noise_count": 68,
    "noise_ratio": 0.10914927768860354,
    "neighbor_hist": [
        0,
        14,
        16,
        14,
        8,
        12,
        22,
        20,
        14,
        13,
        11,
        11,
        10,
        14,
        19,
        16,
        7,
        10,
        13,
        12,
        11,
        13,
        11,
        9,
        8,
        15,
        13,
        6,
        4,
        4,
        3,
        6,
        7,
        8,
        2,
        1,
        5,
        8,
        3,
        3,
        2,
        4,
        5,
        6,
        10,
        6,
        9,
        1,
        4,
        180
    ],
    "combined_score": 0.4600138372112197,
    "silhouette": 0.23497923263523393,
    "davies_bouldin": 1.6654740561592012,
    "sse": 1737.0020064361518,
    "weights": {
        "alpha": 0.47,
        "beta": 0.53,
        "gamma": 0.0
    }
}