{
    "n_trials": 31,
    "avg_iterations": 13.193548387096774,
    "median_iterations": 13.0,
    "avg_auc_delta": 9.460787928076956,
    "avg_geo_decay": 0.6577170291215462,
    "best_k": 40,
    "best_combined_score": 0.6438225071938247,
    "best_sse": 1234.3559347438475,
    "total_runtime_sec": 7.214637517929077
}