{
    "centroid_movements": [
        1.5796845744699277e-15
    ],
    "sse_list": [
        1224.2174555918505,
        1224.2174555918502
    ],
    "final_iteration": 2
}