{
    "n_trials": 30,
    "avg_iterations": 14.566666666666666,
    "median_iterations": 12.0,
    "avg_auc_delta": 6.970050120900572,
    "avg_geo_decay": 0.6618434685501383,
    "best_k": 42,
    "best_combined_score": 0.6995355893258637,
    "best_sse": 1115.0384898165023,
    "total_runtime_sec": 3.2127866744995117
}