{
    "n_trials": 31,
    "avg_iterations": 3.064516129032258,
    "median_iterations": 3.0,
    "avg_auc_delta": 1.60730088863169,
    "avg_geo_decay": 0.31833585300979805,
    "best_k": 9,
    "best_combined_score": 0.670141137657081,
    "best_sse": 305.6243456554934,
    "weights": {
        "alpha": 0.47,
        "beta": 0.53,
        "gamma": 0.0
    },
    "total_runtime_sec": 0.3931746482849121
}