{
    "clean_state": "raw",
    "best_k": 5,
    "linkage": "single",
    "metric": "manhattan",
    "combined": 1.1427561523336551,
    "silhouette": 0.4742606997995395,
    "davies_bouldin": 0.5521044107359144,
    "intra_dist_mean": 4.676441591857229,
    "inter_dist_mean": 11.178922133690689,
    "ratio_intra_inter": 0.41832669875775375,
    "n_merge_steps": 473,
    "total_runtime_sec": 10.512573480606079
}