{
    "clean_state": "raw",
    "best_k": 23,
    "best_cov_type": "spherical",
    "best_combined": 0.5701911551128594,
    "best_silhouette": 0.2990946167944684,
    "best_db": 0.9438055690156079,
    "best_sse": 1773.7511897322836,
    "weights": {
        "alpha": 0.47,
        "beta": 0.53,
        "gamma": 0.0
    },
    "n_iter_final": 1,
    "ll_curve_final": [
        -4.711140137051651,
        -4.657801183722828,
        -4.621507247584342,
        -4.566509935353548,
        -4.495812595176166,
        -4.436137447345372,
        -4.417743628624359,
        -4.400850437331511,
        -4.382530099767496,
        -4.367013176204444,
        -4.357650283276916,
        -4.354274486306721,
        -4.352906615069903,
        -4.352217021961992
    ],
    "total_runtime_sec": 63.709813833236694
}