{
    "clean_state": "raw",
    "best_k": 19,
    "best_cov_type": "full",
    "best_combined": 0.29106601669983967,
    "best_silhouette": 0.0801067022292027,
    "best_db": 1.9919313586597132,
    "n_iter_final": 1,
    "ll_curve_final": [
        4.821018221818287,
        4.947169108522151,
        5.210628017735151,
        5.356855271212533,
        5.977746808499577,
        6.080305183630749,
        6.08036041690568
    ],
    "total_runtime_sec": 6.7006025314331055
}