{
    "clean_state": "raw",
    "best_k": 48,
    "best_cov_type": "tied",
    "best_combined": 0.5670154461070405,
    "best_silhouette": 0.3790689058718383,
    "best_db": 1.0415114589929673,
    "best_sse": 1413.8147457200773,
    "weights": {
        "alpha": 0.47,
        "beta": 0.53,
        "gamma": 0.0
    },
    "n_iter_final": 1,
    "ll_curve_final": [
        -2.0323857735493,
        -0.9079224520857089,
        0.6094607513218069,
        0.6363670055709787,
        0.6469931153913495,
        0.6546373828750024,
        0.6657818435466222,
        0.6760968051272149,
        0.6829896200572337,
        0.689187903283239,
        0.6963620856024615,
        0.7045060496119467,
        0.7123062808506102,
        0.7182149645554939,
        0.7217938618861648,
        0.724028806590617,
        0.7274787262354717,
        0.7361615163743848,
        0.7396541061935474,
        0.7410933146865607,
        0.7417117202326307
    ],
    "total_runtime_sec": 31.513511657714844
}