{
    "clean_state": "raw",
    "best_k": 13,
    "best_cov_type": "tied",
    "best_combined": 0.45039124144716736,
    "best_silhouette": 0.1851645279144573,
    "best_db": 1.3973936694029976,
    "n_iter_final": 1,
    "ll_curve_final": [
        9.382841835549803,
        9.71913990475478,
        9.787182088207093,
        9.82385729566445,
        9.894938098196683,
        10.032012221192957,
        10.04797842023225,
        10.4204192212324,
        15.990411266955876,
        15.992223302978548,
        15.994749719908283,
        15.998353313052018,
        16.001948753630433,
        16.00346945423335,
        16.003749534549875
    ],
    "total_runtime_sec": 4.038123607635498
}