{
    "clean_state": "raw",
    "best_k": 6,
    "linkage": "single",
    "metric": "euclidean",
    "combined": 1.0188819538949294,
    "silhouette": 0.32508173865948903,
    "davies_bouldin": 0.5838794949957115,
    "intra_dist_mean": 2.9914205935911804,
    "inter_dist_mean": 5.287575807315146,
    "ratio_intra_inter": 0.5657451926177789,
    "n_merge_steps": 2375,
    "h_max": 3.5449748521359994,
    "total_runtime_sec": 128.60424613952637
}