{
    "clean_state": "raw",
    "best_k": 47,
    "linkage": "average",
    "metric": "euclidean",
    "combined": 0.9182263982336867,
    "silhouette": 0.37654428297972037,
    "davies_bouldin": 0.6849744287133765,
    "intra_dist_mean": 1.3762109102455344,
    "inter_dist_mean": 3.6560448655437057,
    "ratio_intra_inter": 0.37642068433438,
    "n_merge_steps": 2375,
    "total_runtime_sec": 172.7241005897522
}