{
    "n_trials": 31,
    "avg_iterations": 4.161290322580645,
    "median_iterations": 4.0,
    "avg_auc_delta": 5.914949957433337,
    "avg_geo_decay": 0.2553950869581518,
    "best_k": 11,
    "best_combined_score": 0.743351964553313,
    "best_sse": 411.96774123552683,
    "weights": {
        "alpha": 0.47,
        "beta": 0.53,
        "gamma": 0.0
    },
    "total_runtime_sec": 0.3762171268463135
}