{
    "centroid_movements": [
        2.125778165379171e-15
    ],
    "sse_list": [
        1541.2657296092052,
        1541.2657296092052
    ],
    "final_iteration": 2
}