{
    "n_trials": 20,
    "avg_iterations": 13.4,
    "median_iterations": 12.0,
    "avg_auc_delta": 10.030669034848335,
    "avg_geo_decay": 0.6090320507972484,
    "best_k": 8,
    "best_combined_score": 0.5748411991379877,
    "best_sse": 3896.7573128965932,
    "weights": {
        "alpha": 0.47,
        "beta": 0.53,
        "gamma": 0.0
    },
    "total_runtime_sec": 2.714768648147583
}