{
    "n_trials": 30,
    "avg_iterations": 11.4,
    "median_iterations": 12.0,
    "avg_auc_delta": 6.384750011992813,
    "avg_geo_decay": 0.6116853393386987,
    "best_k": 47,
    "best_combined_score": 0.7033076298494958,
    "best_sse": 1413.516726211645,
    "total_runtime_sec": 3.7309937477111816
}