{
    "n_trials": 31,
    "avg_iterations": 14.03225806451613,
    "median_iterations": 13.0,
    "avg_auc_delta": 10.820849389518603,
    "avg_geo_decay": 0.6394807683643267,
    "best_k": 47,
    "best_combined_score": 0.7023210416253508,
    "best_sse": 1540.9721274657231,
    "total_runtime_sec": 10.390482187271118
}