{
    "n_trials": 31,
    "avg_iterations": 3.2580645161290325,
    "median_iterations": 3.0,
    "avg_auc_delta": 0.3300625418917557,
    "avg_geo_decay": 0.06425032748948496,
    "best_k": 11,
    "best_combined_score": 0.3982088484631853,
    "best_sse": 1678.8541372313546,
    "weights": {
        "alpha": 0.47,
        "beta": 0.53,
        "gamma": 0.0
    },
    "total_runtime_sec": 4.099618196487427
}