{
    "n_trials": 31,
    "avg_iterations": 11.935483870967742,
    "median_iterations": 13.0,
    "avg_auc_delta": 9.52031812094191,
    "avg_geo_decay": 0.6858866193891482,
    "best_k": 27,
    "best_combined_score": 0.5987158515805856,
    "best_sse": 1603.3476432497678,
    "weights": {
        "alpha": 0.47,
        "beta": 0.53,
        "gamma": 0.0
    },
    "total_runtime_sec": 70.44971537590027
}