{
    "n_trials": 31,
    "avg_iterations": 3.870967741935484,
    "median_iterations": 4.0,
    "avg_auc_delta": 4.6329131205626535,
    "avg_geo_decay": 0.408879046990469,
    "best_k": 10,
    "best_combined_score": 0.6997855938260075,
    "best_sse": 104.16666136695677,
    "weights": {
        "alpha": 0.47,
        "beta": 0.53,
        "gamma": 0.0
    },
    "total_runtime_sec": 1.867490291595459
}