{
    "n_trials": 31,
    "avg_iterations": 11.548387096774194,
    "median_iterations": 11.0,
    "avg_auc_delta": 9.665060627215048,
    "avg_geo_decay": 0.594454495461165,
    "best_k": 38,
    "best_combined_score": 0.6110147582743997,
    "best_sse": 1516.4525352313065,
    "weights": {
        "alpha": 0.47,
        "beta": 0.53,
        "gamma": 0.0
    },
    "total_runtime_sec": 395.5796740055084
}