{
    "clean_state": "raw",
    "best_k": 24,
    "best_cov_type": "spherical",
    "best_combined": 0.5113109451894168,
    "best_silhouette": 0.24243540974730463,
    "best_db": 1.2817448453997062,
    "n_iter_final": 1,
    "ll_curve_final": [
        -12.197663423933397,
        -11.895591590683615,
        -11.771246999312648,
        -11.67920286286534,
        -11.581488875917298,
        -11.56504114014564,
        -11.547006682458845,
        -11.53986217557861,
        -11.53348037795386,
        -11.525511175139991,
        -11.523310082158766,
        -11.520411343368623,
        -11.514030537571362,
        -11.507885775356536,
        -11.504852007862898,
        -11.500059316774962,
        -11.493663082338845,
        -11.493287138605037
    ],
    "total_runtime_sec": 7.630427360534668
}