{
    "n_trials": 31,
    "avg_iterations": 13.03225806451613,
    "median_iterations": 13.0,
    "avg_auc_delta": 8.647598828354516,
    "avg_geo_decay": 0.6163600756982519,
    "best_k": 48,
    "best_combined_score": 0.7867616674290905,
    "best_sse": 1136.3473893228888,
    "total_runtime_sec": 14.34279751777649
}