{
    "clean_state": "raw",
    "best_k": 8,
    "best_cov_type": "tied",
    "best_combined": 0.5498586075412353,
    "best_silhouette": 0.2853233173759749,
    "best_db": 1.0515393428606035,
    "best_sse": 1894.4505404066763,
    "weights": {
        "alpha": 0.47,
        "beta": 0.53,
        "gamma": 0.0
    },
    "n_iter_final": 1,
    "ll_curve_final": [
        -8.563922078897273,
        -8.496661863722252,
        -8.478544407890341,
        -8.473438340555298,
        -8.472531509122245
    ],
    "total_runtime_sec": 31.570568323135376
}