{
    "clean_state": "raw",
    "best_k": 24,
    "best_cov_type": "spherical",
    "best_combined": 0.735218998320988,
    "best_silhouette": 0.37483663425723257,
    "best_db": 0.9127407415990682,
    "n_iter_final": 1,
    "ll_curve_final": [
        -4.314865065004302,
        -4.162840480491493,
        -4.074895204349691,
        -3.9548340212361324,
        -3.907915180401681,
        -3.8915810815348215,
        -3.8629345047239374,
        -3.857668775664235,
        -3.849142430922981,
        -3.830951702569043,
        -3.8177344256166483,
        -3.8039675990748583,
        -3.7974707567748656,
        -3.792274068971302,
        -3.7700673609637363,
        -3.760584266442005,
        -3.7450599033000156,
        -3.7355532125226327,
        -3.725221155452976,
        -3.7249171207792706
    ],
    "total_runtime_sec": 31.473177194595337
}