{
    "clean_state": "raw",
    "best_k": 20,
    "best_cov_type": "tied",
    "best_combined": 0.3578869206872534,
    "best_silhouette": 0.11387110883735438,
    "best_db": 1.661398006592826,
    "n_iter_final": 1,
    "ll_curve_final": [
        -20.520262422330468,
        -19.287002040319788,
        -14.344407736555022,
        -14.1366082052593,
        -13.986257340319018,
        -13.94847613801534,
        -13.931974401145816,
        -13.907348495506032,
        -13.809487816336963,
        -11.485415304092024,
        -8.424635067201045,
        -8.400251868902957,
        -8.397441929636829,
        -8.397343189042035
    ],
    "total_runtime_sec": 5.295923471450806
}