{
    "clean_state": "raw",
    "best_k": 35,
    "best_cov_type": "spherical",
    "best_combined": 0.5842713973588942,
    "best_silhouette": 0.33401217279670514,
    "best_db": 0.8997964801300465,
    "best_sse": 970.0635306519744,
    "weights": {
        "alpha": 0.47,
        "beta": 0.53,
        "gamma": 0.0
    },
    "n_iter_final": 1,
    "ll_curve_final": [
        -4.8731143259645435,
        -4.791594162196294,
        -4.748164031237558,
        -4.7295449410285055,
        -4.70665854718675,
        -4.680481797120854,
        -4.670445448398325,
        -4.666448071947513,
        -4.662860533026188,
        -4.658983589032297,
        -4.6473991483105195,
        -4.63359695168061,
        -4.629507802749329,
        -4.623823584147814,
        -4.61777118707556,
        -4.614434709140253,
        -4.612114501931222,
        -4.609521731642865,
        -4.606551956287261,
        -4.603780864737825,
        -4.601509319478476,
        -4.5997073866532965,
        -4.5982336917685664,
        -4.5964577533069715,
        -4.594761405424325,
        -4.594222916218409
    ],
    "total_runtime_sec": 47.26870536804199
}