{
    "n_trials": 30,
    "avg_iterations": 11.866666666666667,
    "median_iterations": 10.0,
    "avg_auc_delta": 5.902653883028989,
    "avg_geo_decay": 0.5750017003845923,
    "best_k": 48,
    "best_combined_score": 0.7903845261673882,
    "best_sse": 1006.549057453849,
    "total_runtime_sec": 8.715757846832275
}