{
    "n_trials": 31,
    "avg_iterations": 12.064516129032258,
    "median_iterations": 11.0,
    "avg_auc_delta": 9.180434201661136,
    "avg_geo_decay": 0.6208982324403116,
    "best_k": 48,
    "best_combined_score": 0.797857966363208,
    "best_sse": 1125.7998032261048,
    "total_runtime_sec": 12.587409973144531
}