{
    "n_trials": 30,
    "avg_iterations": 15.266666666666667,
    "median_iterations": 15.0,
    "avg_auc_delta": 8.74396666332612,
    "avg_geo_decay": 0.6339428709603026,
    "best_k": 9,
    "best_combined_score": 0.5397172761556127,
    "best_sse": 6860.423319323234,
    "weights": {
        "alpha": 0.47,
        "beta": 0.53,
        "gamma": 0.0
    },
    "total_runtime_sec": 6.133505821228027
}