{
    "n_trials": 31,
    "avg_iterations": 12.225806451612904,
    "median_iterations": 13.0,
    "avg_auc_delta": 9.521548278822573,
    "avg_geo_decay": 0.6576273633392561,
    "best_k": 27,
    "best_combined_score": 0.5987158515805856,
    "best_sse": 1603.3476432497678,
    "weights": {
        "alpha": 0.47,
        "beta": 0.53,
        "gamma": 0.0
    },
    "total_runtime_sec": 90.40147638320923
}