{
    "clean_state": "raw",
    "best_k": 5,
    "linkage": "single",
    "metric": "manhattan",
    "combined": 1.6512836212952107,
    "silhouette": 0.526675493414513,
    "davies_bouldin": 0.3602445953797999,
    "intra_dist_mean": 3.9897417177067727,
    "inter_dist_mean": 12.828226882269323,
    "ratio_intra_inter": 0.31101271861826263,
    "n_merge_steps": 391,
    "h_max": 28.90457984421065,
    "total_runtime_sec": 2.2070670127868652
}