{
    "clean_state": "raw",
    "best_k": 25,
    "linkage": "average",
    "metric": "euclidean",
    "combined": 0.617667034504581,
    "silhouette": 0.3103220272170996,
    "davies_bouldin": 0.701159159438478,
    "sse": 1543.189547060902,
    "weights": {
        "alpha": 0.47,
        "beta": 0.53,
        "gamma": 0.0
    },
    "intra_dist_mean": 1.8169262263351944,
    "inter_dist_mean": 3.719174466611907,
    "ratio_intra_inter": 0.488529441854845,
    "n_merge_steps": 898,
    "h_max": 5.195116072269091,
    "total_runtime_sec": 75.61964273452759
}