{
    "core_count": 1717,
    "border_count": 6,
    "noise_count": 6,
    "noise_ratio": 0.003470213996529786,
    "neighbor_hist": [
        0,
        3,
        2,
        6,
        1,
        0,
        8,
        13,
        7,
        6,
        12,
        7,
        9,
        15,
        26,
        13,
        25,
        5,
        2,
        17,
        3,
        4,
        2,
        2,
        5,
        6,
        7,
        1,
        2,
        0,
        0,
        0,
        1,
        0,
        0,
        1,
        2,
        10,
        4,
        10,
        0,
        3,
        4,
        0,
        10,
        7,
        5,
        0,
        0,
        1463
    ],
    "combined_score": 0.5508170130627761,
    "silhouette": 0.2354021144142429,
    "davies_bouldin": 0.9898096130284678,
    "sse": 6528.324354924622,
    "weights": {
        "alpha": 0.47,
        "beta": 0.53,
        "gamma": 0.0
    }
}