{
    "n_trials": 31,
    "avg_iterations": 3.4516129032258065,
    "median_iterations": 3.0,
    "avg_auc_delta": 3.3628257767394882,
    "avg_geo_decay": 0.22384074758025307,
    "best_k": 7,
    "best_combined_score": 0.6608393763832215,
    "best_sse": 133.1514313508298,
    "weights": {
        "alpha": 0.47,
        "beta": 0.53,
        "gamma": 0.0
    },
    "total_runtime_sec": 5.9381678104400635
}