{
    "n_trials": 31,
    "avg_iterations": 12.483870967741936,
    "median_iterations": 12.0,
    "avg_auc_delta": 7.474786174379519,
    "avg_geo_decay": 0.6029653521357408,
    "best_k": 48,
    "best_combined_score": 0.6240166247650597,
    "best_sse": 914.7108661801299,
    "weights": {
        "alpha": 0.47,
        "beta": 0.53,
        "gamma": 0.0
    },
    "total_runtime_sec": 40.337918281555176
}