{
    "clean_state": "raw",
    "best_k": 12,
    "best_cov_type": "tied",
    "best_combined": 2.890587786283284,
    "best_silhouette": 0.7592815862934389,
    "best_db": 0.1991280586036673,
    "n_iter_final": 1,
    "ll_curve_final": [
        17.51754682464726,
        17.517546825265796
    ],
    "total_runtime_sec": 1.255661964416504
}