{
    "n_trials": 30,
    "avg_iterations": 16.0,
    "median_iterations": 16.0,
    "avg_auc_delta": 9.959055838774926,
    "avg_geo_decay": 0.686145785574564,
    "best_k": 38,
    "best_combined_score": 0.5327829636175146,
    "best_sse": 1876.6841284944653,
    "total_runtime_sec": 2.5968716144561768
}