{
    "n_trials": 30,
    "avg_iterations": 8.8,
    "median_iterations": 8.0,
    "avg_auc_delta": 11.746500724232998,
    "avg_geo_decay": 0.6613401903976343,
    "best_k": 14,
    "best_combined_score": 0.4790824617948149,
    "best_sse": 1627.0300907706596,
    "weights": {
        "alpha": 0.47,
        "beta": 0.53,
        "gamma": 0.0
    },
    "total_runtime_sec": 1.1054227352142334
}