{
    "n_trials": 31,
    "avg_iterations": 17.870967741935484,
    "median_iterations": 18.0,
    "avg_auc_delta": 12.912341759453927,
    "avg_geo_decay": 0.6981777707696194,
    "best_k": 38,
    "best_combined_score": 0.5379693922323074,
    "best_sse": 1949.2506422182432,
    "total_runtime_sec": 8.884172916412354
}