{
    "n_trials": 31,
    "avg_iterations": 6.870967741935484,
    "median_iterations": 6.0,
    "avg_auc_delta": 13.698301073164323,
    "avg_geo_decay": 0.44951697382926575,
    "best_k": 24,
    "best_combined_score": 0.6200130352327469,
    "best_sse": 1041.1765851271819,
    "weights": {
        "alpha": 0.47,
        "beta": 0.53,
        "gamma": 0.0
    },
    "total_runtime_sec": 3.9476101398468018
}