{
    "n_trials": 31,
    "avg_iterations": 4.290322580645161,
    "median_iterations": 4.0,
    "avg_auc_delta": 3.4922166007825024,
    "avg_geo_decay": 0.34398704283893283,
    "best_k": 15,
    "best_combined_score": 1.2602166132189427,
    "best_sse": 118.99677225750663,
    "total_runtime_sec": 3.1476340293884277
}