{
    "n_trials": 20,
    "avg_iterations": 3.8,
    "median_iterations": 3.0,
    "avg_auc_delta": 2.2307558646786867,
    "avg_geo_decay": 0.23271719354774464,
    "best_k": 8,
    "best_combined_score": 0.7133036663940444,
    "best_sse": 137.5460877707471,
    "weights": {
        "alpha": 0.47,
        "beta": 0.53,
        "gamma": 0.0
    },
    "total_runtime_sec": 0.1959221363067627
}