,beers,flights,hospital,rayyan
beers,1.0,0.7380952380952381,0.5000000000000001,0.9047619047619048
flights,0.7380952380952381,1.0,0.8333333333333335,0.523809523809524
hospital,0.5000000000000001,0.8333333333333335,1.0,0.261904761904762
rayyan,0.9047619047619048,0.523809523809524,0.261904761904762,1.0
