{
    "clean_state": "raw",
    "best_k": 26,
    "best_cov_type": "tied",
    "best_combined": 0.656896289420414,
    "best_silhouette": 0.6380632904087934,
    "best_db": 0.7895507889020876,
    "best_sse": 1100.6748252159432,
    "weights": {
        "alpha": 0.47,
        "beta": 0.53,
        "gamma": 0.0
    },
    "n_iter_final": 1,
    "ll_curve_final": [
        -4.583272102680492,
        1.5102207043013096,
        1.8251713510686418,
        1.9782406967797597,
        2.3961962254023694,
        2.4065094550654527,
        2.4069050942127737
    ],
    "total_runtime_sec": 8.407686233520508
}