{
    "n_trials": 31,
    "avg_iterations": 16.35483870967742,
    "median_iterations": 16.0,
    "avg_auc_delta": 19.566510930266393,
    "avg_geo_decay": 0.7256375301502331,
    "best_k": 11,
    "best_combined_score": 0.5982309091449708,
    "best_sse": 6058.462884199299,
    "weights": {
        "alpha": 0.47,
        "beta": 0.53,
        "gamma": 0.0
    },
    "total_runtime_sec": 153.96838474273682
}