{
    "core_count": 164,
    "border_count": 44,
    "noise_count": 792,
    "noise_ratio": 0.792,
    "neighbor_hist": [
        0,
        494,
        114,
        91,
        60,
        53,
        24,
        27,
        13,
        10,
        9,
        6,
        3,
        5,
        6,
        7,
        3,
        2,
        2,
        2,
        2,
        2,
        10,
        2,
        6,
        3,
        4,
        2,
        2,
        3,
        3,
        2,
        2,
        3,
        0,
        1,
        1,
        3,
        4,
        3,
        3,
        1,
        0,
        0,
        0,
        0,
        0,
        2,
        1,
        4
    ],
    "combined_score": 0.3559725036456513,
    "silhouette": -0.17444132891801242,
    "davies_bouldin": 2.152043110277043,
    "sse": 562.4770822580219,
    "weights": {
        "alpha": 0.47,
        "beta": 0.53,
        "gamma": 0.0
    }
}