{
    "clean_state": "raw",
    "best_k": 20,
    "best_cov_type": "tied",
    "best_combined": 0.44663174737178546,
    "best_silhouette": 0.10990236151983547,
    "best_db": 1.626527667734101,
    "best_sse": 7669.722549972475,
    "weights": {
        "alpha": 0.47,
        "beta": 0.53,
        "gamma": 0.0
    },
    "n_iter_final": 1,
    "ll_curve_final": [
        -19.57273285586877,
        -16.260086266959537,
        -15.124984065873479,
        -15.096858295312343,
        -15.071731613661722,
        -15.050690270647088,
        -15.044038036087509,
        -15.038403408853927,
        -15.030999195198433,
        -15.023748418986207,
        -15.016140060810505,
        -15.015161635813703
    ],
    "total_runtime_sec": 10.890470027923584
}