{
    "clean_state": "raw",
    "best_k": 44,
    "best_cov_type": "tied",
    "best_combined": 0.45695888843049837,
    "best_silhouette": 0.19320426978020752,
    "best_db": 1.3875138875229986,
    "n_iter_final": 1,
    "ll_curve_final": [
        -7.950413593111765,
        -7.715211154708959,
        -7.490840413404373,
        -7.416308391842785,
        -7.393936130722331,
        -7.375831203084372,
        -7.353957741385239,
        -7.332455267164131,
        -7.304537821813709,
        -7.27479002379588,
        -7.25317033123184,
        -7.23394461829453,
        -7.221771948321728,
        -7.212436380987732,
        -7.205591906384922,
        -7.199371766264428,
        -7.192696237182109,
        -7.185104205700209,
        -7.177060328838825,
        -7.165158069567626,
        -7.1470633001662565,
        -7.126406717934907,
        -7.110389243673043,
        -7.10756743471078,
        -7.106969701420625
    ],
    "total_runtime_sec": 93.5181736946106
}