{
    "centroid_movements": [
        2.3157778740165712e-15
    ],
    "sse_list": [
        130.3454757908398,
        130.3454757908398
    ],
    "final_iteration": 2
}