{
    "n_trials": 30,
    "avg_iterations": 6.0,
    "median_iterations": 5.0,
    "avg_auc_delta": 6.120290764250029,
    "avg_geo_decay": 0.37485428612219635,
    "best_k": 20,
    "best_combined_score": 0.631449377046833,
    "best_sse": 2498.8359407278426,
    "weights": {
        "alpha": 0.47,
        "beta": 0.53,
        "gamma": 0.0
    },
    "total_runtime_sec": 5.778096675872803
}