{
    "n_trials": 30,
    "avg_iterations": 3.033333333333333,
    "median_iterations": 3.0,
    "avg_auc_delta": 1.649293570438348,
    "avg_geo_decay": 0.07981502433648152,
    "best_k": 48,
    "best_combined_score": 1.5818920494010835,
    "best_sse": 105.88382977497314,
    "total_runtime_sec": 2.873713493347168
}