{
    "n_trials": 31,
    "avg_iterations": 14.0,
    "median_iterations": 12.0,
    "avg_auc_delta": 21.29929749689282,
    "avg_geo_decay": 0.6200881192386419,
    "best_k": 15,
    "best_combined_score": 0.4573961038149041,
    "best_sse": 9561.171432077217,
    "weights": {
        "alpha": 0.47,
        "beta": 0.53,
        "gamma": 0.0
    },
    "total_runtime_sec": 7.294978141784668
}