{
    "core_count": 2330,
    "border_count": 0,
    "noise_count": 46,
    "noise_ratio": 0.01936026936026936,
    "neighbor_hist": [
        0,
        10,
        8,
        12,
        16,
        15,
        12,
        28,
        24,
        18,
        0,
        0,
        0,
        0,
        0,
        0,
        16,
        0,
        0,
        0,
        0,
        0,
        0,
        23,
        0,
        25,
        0,
        27,
        0,
        0,
        30,
        93,
        0,
        33,
        34,
        0,
        0,
        37,
        0,
        39,
        40,
        0,
        0,
        43,
        0,
        0,
        0,
        0,
        0,
        1793
    ],
    "combined_score": 0.654818455337958,
    "silhouette": 0.8745904770715297,
    "davies_bouldin": 0.9352792006714097,
    "sse": 96.32230177244472,
    "weights": {
        "alpha": 0.47,
        "beta": 0.53,
        "gamma": 0.0
    }
}