{
    "clean_state": "raw",
    "best_k": 7,
    "best_cov_type": "spherical",
    "best_combined": 0.48315091643649904,
    "best_silhouette": 0.04523934331417348,
    "best_db": 1.085702665493397,
    "n_iter_final": 1,
    "ll_curve_final": [
        -15.497573502854893,
        -15.446455307754254,
        -15.391905949464586,
        -15.356929205677183,
        -15.327906678660332,
        -15.30342054238987,
        -15.282461070886251,
        -15.255399312259357,
        -15.21513542328791,
        -15.142463560580888,
        -15.009964677017166,
        -14.87109419100033,
        -14.84385732530868,
        -14.818100372884338,
        -14.773347522520227,
        -14.769164648006106,
        -14.76915852066231
    ],
    "total_runtime_sec": 0.896552562713623
}