{
    "clean_state": "raw",
    "best_k": 41,
    "best_cov_type": "spherical",
    "best_combined": 0.5609877914937043,
    "best_silhouette": 0.34260073871674757,
    "best_db": 1.0423326484120312,
    "best_sse": 1069.20741630914,
    "weights": {
        "alpha": 0.47,
        "beta": 0.53,
        "gamma": 0.0
    },
    "n_iter_final": 1,
    "ll_curve_final": [
        -3.774212727520064,
        -3.681610683211119,
        -3.6289651279269974,
        -3.59804527523645,
        -3.579066571543408,
        -3.555439658366396,
        -3.543630635064491,
        -3.5296975515542917,
        -3.527155548473623,
        -3.5207002414934485,
        -3.514726883228295,
        -3.510965407243212,
        -3.5073535493225405,
        -3.506316031783576,
        -3.5034618912108146,
        -3.5015179331360553,
        -3.501096748256427
    ],
    "total_runtime_sec": 57.31861758232117
}