{
    "n_trials": 30,
    "avg_iterations": 11.133333333333333,
    "median_iterations": 11.0,
    "avg_auc_delta": 6.622189957409942,
    "avg_geo_decay": 0.6187436090106341,
    "best_k": 27,
    "best_combined_score": 0.6512869892056459,
    "best_sse": 707.6542042257075,
    "total_runtime_sec": 0.7180883884429932
}