{
    "n_trials": 31,
    "avg_iterations": 9.96774193548387,
    "median_iterations": 9.0,
    "avg_auc_delta": 11.145404173870256,
    "avg_geo_decay": 0.6024043022360641,
    "best_k": 27,
    "best_combined_score": 0.5780377082654969,
    "best_sse": 1710.7179982519335,
    "weights": {
        "alpha": 0.47,
        "beta": 0.53,
        "gamma": 0.0
    },
    "total_runtime_sec": 8.263643026351929
}