{
    "core_count": 2272,
    "border_count": 33,
    "noise_count": 105,
    "noise_ratio": 0.043568464730290454,
    "neighbor_hist": [
        0,
        49,
        30,
        36,
        23,
        30,
        36,
        16,
        40,
        51,
        41,
        29,
        12,
        16,
        5,
        12,
        5,
        4,
        19,
        19,
        24,
        29,
        18,
        16,
        17,
        19,
        30,
        55,
        28,
        14,
        18,
        11,
        17,
        27,
        23,
        6,
        52,
        9,
        20,
        8,
        1,
        1,
        2,
        3,
        1,
        5,
        3,
        3,
        4,
        1473
    ],
    "combined_score": 0.5315210867839718,
    "silhouette": 0.5289403058540183,
    "davies_bouldin": 1.389788673174719,
    "sse": 1721.0694161849522,
    "weights": {
        "alpha": 0.47,
        "beta": 0.53,
        "gamma": 0.0
    }
}