{
    "clean_state": "raw",
    "best_k": 7,
    "linkage": "single",
    "metric": "manhattan",
    "combined": 2.534492841853887,
    "silhouette": 0.700941636758996,
    "davies_bouldin": 0.22893542035102252,
    "intra_dist_mean": 2.552058430750452,
    "inter_dist_mean": 12.096153157812795,
    "ratio_intra_inter": 0.2109809951523216,
    "n_merge_steps": 394,
    "total_runtime_sec": 8.870632648468018
}