{
    "clean_state": "raw",
    "best_k": 7,
    "linkage": "single",
    "metric": "manhattan",
    "combined": 2.5344929594722347,
    "silhouette": 0.7009416367589959,
    "davies_bouldin": 0.22893540802193235,
    "intra_dist_mean": 2.552058430750452,
    "inter_dist_mean": 12.096153157812795,
    "ratio_intra_inter": 0.2109809951523216,
    "n_merge_steps": 394,
    "h_max": 19.90410603351551,
    "total_runtime_sec": 2.511537551879883
}