{
    "clean_state": "raw",
    "best_k": 9,
    "linkage": "single",
    "metric": "manhattan",
    "combined": 1.479590365576828,
    "silhouette": 0.3701440039501142,
    "davies_bouldin": 0.3862440379824643,
    "intra_dist_mean": 3.1127293676367507,
    "inter_dist_mean": 6.704527536045277,
    "ratio_intra_inter": 0.46427273971229843,
    "n_merge_steps": 2148,
    "h_max": 6.037907843582237,
    "total_runtime_sec": 103.8477692604065
}