{
    "clean_state": "raw",
    "best_k": 27,
    "linkage": "average",
    "metric": "euclidean",
    "combined": 0.8174359907340016,
    "silhouette": 0.33609109126792275,
    "davies_bouldin": 0.7699528130922433,
    "intra_dist_mean": 1.5308470614440868,
    "inter_dist_mean": 3.659403941078701,
    "ratio_intra_inter": 0.41833235305321687,
    "n_merge_steps": 1729,
    "h_max": 8.437154093885738,
    "total_runtime_sec": 65.57283616065979
}