{
    "n_trials": 30,
    "avg_iterations": 5.2,
    "median_iterations": 5.0,
    "avg_auc_delta": 6.287785237853157,
    "avg_geo_decay": 0.3364377580039168,
    "best_k": 31,
    "best_combined_score": 0.913989371580023,
    "best_sse": 998.8858756435205,
    "total_runtime_sec": 0.8963315486907959
}