{
    "n_trials": 31,
    "avg_iterations": 5.838709677419355,
    "median_iterations": 6.0,
    "avg_auc_delta": 10.197523603474336,
    "avg_geo_decay": 0.44672694812134434,
    "best_k": 31,
    "best_combined_score": 0.8730916629453864,
    "best_sse": 1249.4747898402295,
    "total_runtime_sec": 5.615556240081787
}