{
    "n_trials": 30,
    "avg_iterations": 3.6,
    "median_iterations": 3.5,
    "avg_auc_delta": 4.1192385414106285,
    "avg_geo_decay": 0.21530905300124872,
    "best_k": 31,
    "best_combined_score": 0.7626214330239423,
    "best_sse": 238.152178342618,
    "weights": {
        "alpha": 0.47,
        "beta": 0.53,
        "gamma": 0.0
    },
    "total_runtime_sec": 1.4665296077728271
}