{
    "clean_state": "raw",
    "best_k": 16,
    "best_cov_type": "tied",
    "best_combined": 0.4588971008626006,
    "best_silhouette": 0.19652987592601226,
    "best_db": 1.3864542640341473,
    "n_iter_final": 1,
    "ll_curve_final": [
        12.503205205817665,
        12.838671123673274,
        12.889669235228958,
        12.94050459154681,
        13.154581728378272,
        13.341436769921968,
        13.342038347860404
    ],
    "total_runtime_sec": 4.264643430709839
}