{
    "clean_state": "raw",
    "best_k": 48,
    "best_cov_type": "tied",
    "best_combined": 0.6326512839866513,
    "best_silhouette": 0.4353343121796943,
    "best_db": 0.7466979413230682,
    "best_sse": 995.3735256195373,
    "weights": {
        "alpha": 0.47,
        "beta": 0.53,
        "gamma": 0.0
    },
    "n_iter_final": 1,
    "ll_curve_final": [
        -2.876017534561952,
        -2.816467728078596,
        -2.796387917359932,
        -2.78843707594929,
        -2.785317156770978,
        -2.7824267568321837,
        -2.7792558969582446,
        -2.777691368969694,
        -2.776946632934718
    ],
    "total_runtime_sec": 26.983239889144897
}