{
    "n_trials": 31,
    "avg_iterations": 14.258064516129032,
    "median_iterations": 15.0,
    "avg_auc_delta": 10.248321397584276,
    "avg_geo_decay": 0.7143650663261064,
    "best_k": 27,
    "best_combined_score": 0.5451498128156584,
    "best_sse": 1073.8436011125768,
    "total_runtime_sec": 5.9662275314331055
}