{
    "n_trials": 30,
    "avg_iterations": 16.166666666666668,
    "median_iterations": 16.0,
    "avg_auc_delta": 7.294316187606151,
    "avg_geo_decay": 0.7537145049408369,
    "best_k": 27,
    "best_combined_score": 0.5110087797183616,
    "best_sse": 1023.8711688295418,
    "total_runtime_sec": 0.7093963623046875
}