{
    "n_trials": 30,
    "avg_iterations": 11.133333333333333,
    "median_iterations": 11.0,
    "avg_auc_delta": 8.944613266062513,
    "avg_geo_decay": 0.6409216311598173,
    "best_k": 11,
    "best_combined_score": 0.5435409052366056,
    "best_sse": 1979.0713732337663,
    "weights": {
        "alpha": 0.47,
        "beta": 0.53,
        "gamma": 0.0
    },
    "total_runtime_sec": 2.128631353378296
}