{
    "clean_state": "raw",
    "best_k": 7,
    "linkage": "single",
    "metric": "euclidean",
    "combined": 1.9362818410265084,
    "silhouette": 0.4590391624698284,
    "davies_bouldin": 0.2929523412716268,
    "intra_dist_mean": 3.083958874026654,
    "inter_dist_mean": 10.326998303817383,
    "ratio_intra_inter": 0.2986307137173023,
    "n_merge_steps": 646,
    "total_runtime_sec": 13.570826768875122
}