{
    "clean_state": "raw",
    "best_k": 5,
    "linkage": "single",
    "metric": "manhattan",
    "combined": 2.199422287278338,
    "silhouette": 0.52251350546062,
    "davies_bouldin": 0.2579759009679211,
    "intra_dist_mean": 3.1143493383880125,
    "inter_dist_mean": 11.652104464849685,
    "ratio_intra_inter": 0.2672778421943131,
    "n_merge_steps": 646,
    "h_max": 28.015568604717174,
    "total_runtime_sec": 5.482133150100708
}