{
    "n_trials": 31,
    "avg_iterations": 7.709677419354839,
    "median_iterations": 6.0,
    "avg_auc_delta": 6.7288715534843515,
    "avg_geo_decay": 0.4639425968838876,
    "best_k": 17,
    "best_combined_score": 0.6363100581569372,
    "best_sse": 1648.646741255423,
    "weights": {
        "alpha": 0.47,
        "beta": 0.53,
        "gamma": 0.0
    },
    "total_runtime_sec": 9.640094757080078
}