{
    "clean_state": "raw",
    "best_k": 18,
    "linkage": "single",
    "metric": "manhattan",
    "combined": 1.396121924076474,
    "silhouette": 0.37630121038524517,
    "davies_bouldin": 0.41391711225560635,
    "intra_dist_mean": 4.601759556233858,
    "inter_dist_mean": 10.97344066473047,
    "ratio_intra_inter": 0.4193543025228056,
    "n_merge_steps": 865,
    "total_runtime_sec": 31.974584341049194
}