{
    "clean_state": "raw",
    "best_k": 18,
    "linkage": "single",
    "metric": "manhattan",
    "combined": 1.3961219215528735,
    "silhouette": 0.3763012103852669,
    "davies_bouldin": 0.41391711312033375,
    "intra_dist_mean": 4.601759556233685,
    "inter_dist_mean": 10.97344066473047,
    "ratio_intra_inter": 0.4193543025227899,
    "n_merge_steps": 865,
    "h_max": 16.13315613760657,
    "total_runtime_sec": 12.680315732955933
}