{
    "n_trials": 31,
    "avg_iterations": 4.225806451612903,
    "median_iterations": 4.0,
    "avg_auc_delta": 2.8392483244077114,
    "avg_geo_decay": 0.35190217313470895,
    "best_k": 18,
    "best_combined_score": 0.49099019863854537,
    "best_sse": 3209.5135404542466,
    "weights": {
        "alpha": 0.47,
        "beta": 0.53,
        "gamma": 0.0
    },
    "total_runtime_sec": 1.049490213394165
}