{
    "clean_state": "raw",
    "best_k": 8,
    "linkage": "single",
    "metric": "euclidean",
    "combined": 1.3609295133057489,
    "silhouette": 0.3889498316946315,
    "davies_bouldin": 0.4286493457091609,
    "intra_dist_mean": 3.364100255403777,
    "inter_dist_mean": 7.433667992576731,
    "ratio_intra_inter": 0.45254916667824263,
    "n_merge_steps": 516,
    "h_max": 5.720481333066809,
    "total_runtime_sec": 3.437696933746338
}