{
    "core_count": 2364,
    "border_count": 11,
    "noise_count": 1,
    "noise_ratio": 0.00042087542087542086,
    "neighbor_hist": [
        0,
        0,
        3,
        1,
        1,
        7,
        4,
        2,
        6,
        10,
        5,
        6,
        4,
        6,
        4,
        1,
        2,
        0,
        0,
        6,
        2,
        42,
        5,
        6,
        13,
        8,
        6,
        5,
        1,
        15,
        20,
        3,
        0,
        7,
        5,
        3,
        55,
        8,
        11,
        1,
        3,
        1,
        28,
        5,
        2,
        2,
        1,
        3,
        8,
        2039
    ],
    "combined_score": 0.5995790788288528,
    "silhouette": 0.33079895489333483,
    "davies_bouldin": 0.8141398271124115,
    "sse": 7018.511735932149,
    "weights": {
        "alpha": 0.47,
        "beta": 0.53,
        "gamma": 0.0
    }
}