{
    "clean_state": "raw",
    "best_k": 6,
    "linkage": "single",
    "metric": "euclidean",
    "combined": 2.1044671919771294,
    "silhouette": 0.5884976994660743,
    "davies_bouldin": 0.2762097744408886,
    "intra_dist_mean": 1.9865520807983201,
    "inter_dist_mean": 7.002378409252484,
    "ratio_intra_inter": 0.283696761970638,
    "n_merge_steps": 74,
    "total_runtime_sec": 0.8913300037384033
}