{
    "clean_state": "raw",
    "best_k": 7,
    "linkage": "ward",
    "metric": "euclidean",
    "combined": 1.7360790457229733,
    "silhouette": 0.6060609457054004,
    "davies_bouldin": 0.34890652659354243,
    "intra_dist_mean": 0.9303752463753083,
    "inter_dist_mean": 3.938555959267531,
    "ratio_intra_inter": 0.23622242669572166,
    "n_merge_steps": 74,
    "h_max": 15.88369920038235,
    "total_runtime_sec": 0.37615227699279785
}