{
    "n_trials": 31,
    "avg_iterations": 5.096774193548387,
    "median_iterations": 5.0,
    "avg_auc_delta": 7.812429003336041,
    "avg_geo_decay": 0.2648959609235522,
    "best_k": 16,
    "best_combined_score": 0.5178803938401275,
    "best_sse": 5128.525555429279,
    "weights": {
        "alpha": 0.47,
        "beta": 0.53,
        "gamma": 0.0
    },
    "total_runtime_sec": 4.6930177211761475
}