{
    "core_count": 848,
    "border_count": 24,
    "noise_count": 42,
    "noise_ratio": 0.045951859956236324,
    "neighbor_hist": [
        0,
        23,
        13,
        19,
        11,
        10,
        8,
        14,
        6,
        5,
        3,
        8,
        7,
        6,
        5,
        3,
        5,
        9,
        5,
        1,
        0,
        1,
        2,
        6,
        3,
        0,
        0,
        1,
        3,
        3,
        7,
        0,
        6,
        1,
        4,
        1,
        1,
        1,
        0,
        1,
        1,
        3,
        1,
        5,
        3,
        1,
        2,
        2,
        1,
        693
    ],
    "combined_score": 0.49953515062875337,
    "silhouette": 0.39086030805314437,
    "davies_bouldin": 1.5019253411143165,
    "sse": 3792.185503860105,
    "weights": {
        "alpha": 0.47,
        "beta": 0.53,
        "gamma": 0.0
    }
}