{
    "clean_state": "raw",
    "best_k": 8,
    "best_cov_type": "tied",
    "best_combined": 0.5343013216745759,
    "best_silhouette": 0.2396640096075449,
    "best_db": 1.1006284987992252,
    "best_sse": 3604.369737751626,
    "weights": {
        "alpha": 0.47,
        "beta": 0.53,
        "gamma": 0.0
    },
    "n_iter_final": 1,
    "ll_curve_final": [
        -8.549766827985923,
        -8.506469857063431,
        -8.489513216151487,
        -8.477388332716055,
        -8.467355937618997,
        -8.4586716021477,
        -8.450842127935438,
        -8.442869753316717,
        -8.429741623067903,
        -8.400984328801211,
        -8.373466779889755,
        -8.370345212322027,
        -8.368431198117843,
        -8.367476487705071
    ],
    "total_runtime_sec": 17.052090167999268
}