{
    "clean_state": "raw",
    "best_k": 10,
    "best_cov_type": "tied",
    "best_combined": 1.8042886107647875,
    "best_silhouette": 0.7144870963282268,
    "best_db": 0.34553174114798096,
    "n_iter_final": 1,
    "ll_curve_final": [
        27.56455981147991,
        27.565556112969816
    ],
    "total_runtime_sec": 0.44762372970581055
}