{
    "clean_state": "raw",
    "best_k": 10,
    "best_cov_type": "tied",
    "best_combined": 0.7695601246045217,
    "best_silhouette": 0.6331746110844306,
    "best_db": 0.36580658835629,
    "best_sse": 174.7412503591276,
    "weights": {
        "alpha": 0.47,
        "beta": 0.53,
        "gamma": 0.0
    },
    "n_iter_final": 1,
    "ll_curve_final": [
        19.528392277451122,
        19.56452957702456,
        19.569864315666194,
        19.571039211627998,
        19.571492523689773
    ],
    "total_runtime_sec": 1.8205606937408447
}