{
    "n_trials": 31,
    "avg_iterations": 12.096774193548388,
    "median_iterations": 11.0,
    "avg_auc_delta": 10.245163973147875,
    "avg_geo_decay": 0.6430226547728144,
    "best_k": 20,
    "best_combined_score": 0.5530284480072613,
    "best_sse": 635.2979015207058,
    "total_runtime_sec": 2.723062753677368
}