{
    "n_trials": 30,
    "avg_iterations": 11.533333333333333,
    "median_iterations": 11.5,
    "avg_auc_delta": 6.869304984470704,
    "avg_geo_decay": 0.6963653056634276,
    "best_k": 20,
    "best_combined_score": 0.5899118038163478,
    "best_sse": 631.43950050131,
    "total_runtime_sec": 0.36157989501953125
}