{
    "n_trials": 31,
    "avg_iterations": 11.870967741935484,
    "median_iterations": 10.0,
    "avg_auc_delta": 22.547438910093998,
    "avg_geo_decay": 0.6369346750315081,
    "best_k": 21,
    "best_combined_score": 0.47564123748787024,
    "best_sse": 5206.489712329658,
    "weights": {
        "alpha": 0.47,
        "beta": 0.53,
        "gamma": 0.0
    },
    "total_runtime_sec": 6.199110984802246
}