{
    "clean_state": "raw",
    "best_k": 5,
    "linkage": "single",
    "metric": "euclidean",
    "combined": 0.7514832701568587,
    "silhouette": 0.5123485727232239,
    "davies_bouldin": 0.3380222305778787,
    "sse": 16810.59023474937,
    "weights": {
        "alpha": 0.47,
        "beta": 0.53,
        "gamma": 0.0
    },
    "intra_dist_mean": 3.3856333994139223,
    "inter_dist_mean": 11.62485158983705,
    "ratio_intra_inter": 0.2912409997882036,
    "n_merge_steps": 2380,
    "h_max": 7.169423819198773,
    "total_runtime_sec": 122.21281313896179
}