{
    "clean_state": "raw",
    "best_k": 47,
    "linkage": "single",
    "metric": "euclidean",
    "combined": 1.0543171057518996,
    "silhouette": 0.3001014037198448,
    "davies_bouldin": 0.5529343983675518,
    "intra_dist_mean": 2.060733729806624,
    "inter_dist_mean": 4.0127596578036195,
    "ratio_intra_inter": 0.5135452669831841,
    "n_merge_steps": 2375,
    "h_max": 3.758143463650037,
    "total_runtime_sec": 132.75079703330994
}