{
    "n_trials": 31,
    "avg_iterations": 3.4516129032258065,
    "median_iterations": 3.0,
    "avg_auc_delta": 1.353661421946598,
    "avg_geo_decay": 0.42372282220947666,
    "best_k": 8,
    "best_combined_score": 0.6544590808599593,
    "best_sse": 262.06380127959915,
    "weights": {
        "alpha": 0.47,
        "beta": 0.53,
        "gamma": 0.0
    },
    "total_runtime_sec": 0.5720162391662598
}