{
    "core_count": 76,
    "border_count": 50,
    "noise_count": 874,
    "noise_ratio": 0.874,
    "neighbor_hist": [
        0,
        542,
        124,
        67,
        38,
        47,
        25,
        25,
        16,
        11,
        7,
        4,
        5,
        3,
        2,
        8,
        10,
        7,
        7,
        2,
        2,
        5,
        2,
        2,
        0,
        0,
        2,
        0,
        2,
        0,
        5,
        2,
        2,
        3,
        3,
        1,
        2,
        3,
        0,
        1,
        1,
        3,
        1,
        1,
        0,
        0,
        1,
        1,
        1,
        4
    ],
    "combined_score": 0.3085014653771848,
    "silhouette": -0.15456436306693266,
    "davies_bouldin": 3.018156349774903,
    "sse": 435.68995709703313,
    "weights": {
        "alpha": 0.47,
        "beta": 0.53,
        "gamma": 0.0
    }
}