{
    "n_trials": 31,
    "avg_iterations": 15.64516129032258,
    "median_iterations": 15.0,
    "avg_auc_delta": 11.949084931402384,
    "avg_geo_decay": 0.6401521993426015,
    "best_k": 9,
    "best_combined_score": 0.5220450375265452,
    "best_sse": 4483.2501932196965,
    "weights": {
        "alpha": 0.47,
        "beta": 0.53,
        "gamma": 0.0
    },
    "total_runtime_sec": 4.439816474914551
}