{
    "n_trials": 31,
    "avg_iterations": 5.354838709677419,
    "median_iterations": 5.0,
    "avg_auc_delta": 6.624286599502371,
    "avg_geo_decay": 0.4017827117218665,
    "best_k": 20,
    "best_combined_score": 0.8762481970071389,
    "best_sse": 306.45914401809677,
    "total_runtime_sec": 3.805368661880493
}