{
    "n_trials": 30,
    "avg_iterations": 4.6,
    "median_iterations": 5.0,
    "avg_auc_delta": 5.026973862238895,
    "avg_geo_decay": 0.31900322743907045,
    "best_k": 20,
    "best_combined_score": 1.0659016869589153,
    "best_sse": 248.23241740529005,
    "total_runtime_sec": 0.26798129081726074
}