{
    "n_trials": 30,
    "avg_iterations": 3.9,
    "median_iterations": 4.0,
    "avg_auc_delta": 3.615276502087039,
    "avg_geo_decay": 0.20088754827740843,
    "best_k": 16,
    "best_combined_score": 1.1304386813671918,
    "best_sse": 179.9220318594569,
    "total_runtime_sec": 0.20780563354492188
}