{
    "clean_state": "raw",
    "best_k": 5,
    "linkage": "single",
    "metric": "manhattan",
    "combined": 1.0709683301394157,
    "silhouette": 0.24674417402624657,
    "davies_bouldin": 0.5276508888958962,
    "intra_dist_mean": 5.733470050956328,
    "inter_dist_mean": 8.712459569664595,
    "ratio_intra_inter": 0.6580770912175827,
    "n_merge_steps": 415,
    "h_max": 13.775913331998284,
    "total_runtime_sec": 2.3921687602996826
}