{
    "clean_state": "raw",
    "best_k": 43,
    "linkage": "average",
    "metric": "euclidean",
    "combined": 0.669258288201751,
    "silhouette": 0.48845564239431694,
    "davies_bouldin": 0.6276686463468255,
    "sse": 1456.5826908854972,
    "weights": {
        "alpha": 0.47,
        "beta": 0.53,
        "gamma": 0.0
    },
    "intra_dist_mean": 1.0067957710240654,
    "inter_dist_mean": 3.555832042118192,
    "ratio_intra_inter": 0.2831392931664002,
    "n_merge_steps": 1906,
    "h_max": 5.4409135383832075,
    "total_runtime_sec": 80.1695249080658
}