{
    "clean_state": "raw",
    "best_k": 5,
    "linkage": "single",
    "metric": "manhattan",
    "combined": 1.0709683239863472,
    "silhouette": 0.24674417402624657,
    "davies_bouldin": 0.527650892322115,
    "intra_dist_mean": 5.733470050956328,
    "inter_dist_mean": 8.712459569664595,
    "ratio_intra_inter": 0.6580770912175827,
    "n_merge_steps": 415,
    "total_runtime_sec": 8.342997312545776
}