{
    "n_trials": 31,
    "avg_iterations": 18.387096774193548,
    "median_iterations": 17.0,
    "avg_auc_delta": 11.170633758533759,
    "avg_geo_decay": 0.7181532380383113,
    "best_k": 5,
    "best_combined_score": 0.4696967656599743,
    "best_sse": 6424.960060459193,
    "weights": {
        "alpha": 0.47,
        "beta": 0.53,
        "gamma": 0.0
    },
    "total_runtime_sec": 7.521448373794556
}