{
    "n_trials": 31,
    "avg_iterations": 14.225806451612904,
    "median_iterations": 13.0,
    "avg_auc_delta": 8.983262620254651,
    "avg_geo_decay": 0.6335076445311512,
    "best_k": 42,
    "best_combined_score": 0.5976801765197881,
    "best_sse": 1241.3342171102358,
    "weights": {
        "alpha": 0.47,
        "beta": 0.53,
        "gamma": 0.0
    },
    "total_runtime_sec": 14.082041263580322
}