{
    "n_trials": 31,
    "avg_iterations": 17.0,
    "median_iterations": 16.0,
    "avg_auc_delta": 13.226565775164476,
    "avg_geo_decay": 0.6335359700084449,
    "best_k": 9,
    "best_combined_score": 0.5455020575570216,
    "best_sse": 6879.713807025117,
    "weights": {
        "alpha": 0.47,
        "beta": 0.53,
        "gamma": 0.0
    },
    "total_runtime_sec": 7.537383794784546
}