{
    "n_trials": 31,
    "avg_iterations": 9.774193548387096,
    "median_iterations": 9.0,
    "avg_auc_delta": 12.883449828487661,
    "avg_geo_decay": 0.5830175968209901,
    "best_k": 30,
    "best_combined_score": 0.5057802180193219,
    "best_sse": 1810.281953989809,
    "weights": {
        "alpha": 0.47,
        "beta": 0.53,
        "gamma": 0.0
    },
    "total_runtime_sec": 19.619523286819458
}