{
    "n_trials": 31,
    "avg_iterations": 11.935483870967742,
    "median_iterations": 11.0,
    "avg_auc_delta": 8.771184204544083,
    "avg_geo_decay": 0.5588631354658061,
    "best_k": 48,
    "best_combined_score": 0.7275901072342669,
    "best_sse": 1183.3672221865622,
    "total_runtime_sec": 9.779564142227173
}