{
    "n_trials": 30,
    "avg_iterations": 18.533333333333335,
    "median_iterations": 17.0,
    "avg_auc_delta": 10.465261437101635,
    "avg_geo_decay": 0.7204641774734057,
    "best_k": 40,
    "best_combined_score": 0.4878994706282589,
    "best_sse": 3539.740492121592,
    "weights": {
        "alpha": 0.47,
        "beta": 0.53,
        "gamma": 0.0
    },
    "total_runtime_sec": 6.151677131652832
}