{
    "centroid_movements": [
        2.241337292222696e-15
    ],
    "sse_list": [
        1095.6900572221125,
        1095.6900572221123
    ],
    "final_iteration": 2
}