{
    "clean_state": "raw",
    "best_k": 5,
    "linkage": "single",
    "metric": "manhattan",
    "combined": 1.5701997190157369,
    "silhouette": 0.5689320960028236,
    "davies_bouldin": 0.3888830255223434,
    "intra_dist_mean": 2.827479999547469,
    "inter_dist_mean": 7.008730242863214,
    "ratio_intra_inter": 0.40342257464199116,
    "n_merge_steps": 1744,
    "total_runtime_sec": 61.134894609451294
}