{
    "clean_state": "raw",
    "best_k": 7,
    "linkage": "average",
    "metric": "manhattan",
    "combined": 1.1376826162614466,
    "silhouette": 0.4056134001915548,
    "davies_bouldin": 0.5348303356136465,
    "intra_dist_mean": 2.670762096814792,
    "inter_dist_mean": 5.788986850842011,
    "ratio_intra_inter": 0.4613522479198354,
    "n_merge_steps": 1744,
    "h_max": 12.524064614521965,
    "total_runtime_sec": 67.57451701164246
}