{
    "clean_state": "raw",
    "best_k": 47,
    "linkage": "single",
    "metric": "euclidean",
    "combined": 1.125389354519267,
    "silhouette": 0.22199219703905645,
    "davies_bouldin": 0.49290548516829724,
    "intra_dist_mean": 2.314968970006778,
    "inter_dist_mean": 4.235282899106424,
    "ratio_intra_inter": 0.5465913435191431,
    "n_merge_steps": 2375,
    "total_runtime_sec": 157.45209956169128
}