{
    "clean_state": "raw",
    "best_k": 47,
    "linkage": "single",
    "metric": "euclidean",
    "combined": 1.1253893610732368,
    "silhouette": 0.22199219706530796,
    "davies_bouldin": 0.492905481990025,
    "intra_dist_mean": 2.3149689700034144,
    "inter_dist_mean": 4.235282899106424,
    "ratio_intra_inter": 0.5465913435183488,
    "n_merge_steps": 2375,
    "h_max": 3.6498352869353408,
    "total_runtime_sec": 91.26121735572815
}