{
    "n_trials": 31,
    "avg_iterations": 11.67741935483871,
    "median_iterations": 10.0,
    "avg_auc_delta": 7.618042417324435,
    "avg_geo_decay": 0.5628846905779487,
    "best_k": 19,
    "best_combined_score": 0.5578395206137882,
    "best_sse": 3355.9307749411605,
    "weights": {
        "alpha": 0.47,
        "beta": 0.53,
        "gamma": 0.0
    },
    "total_runtime_sec": 80.9813220500946
}