{
    "n_trials": 30,
    "avg_iterations": 9.533333333333333,
    "median_iterations": 9.0,
    "avg_auc_delta": 6.120005122495896,
    "avg_geo_decay": 0.5764232449847388,
    "best_k": 30,
    "best_combined_score": 0.652887216079814,
    "best_sse": 776.6417637346258,
    "total_runtime_sec": 0.9009237289428711
}