{
    "n_trials": 20,
    "avg_iterations": 12.0,
    "median_iterations": 11.5,
    "avg_auc_delta": 7.914066743632692,
    "avg_geo_decay": 0.6489080925739578,
    "best_k": 9,
    "best_combined_score": 0.5800407441474672,
    "best_sse": 851.8402665426415,
    "weights": {
        "alpha": 0.47,
        "beta": 0.53,
        "gamma": 0.0
    },
    "total_runtime_sec": 2.50948166847229
}