{
    "n_trials": 31,
    "avg_iterations": 10.870967741935484,
    "median_iterations": 9.0,
    "avg_auc_delta": 8.400100695570229,
    "avg_geo_decay": 0.6010109643093102,
    "best_k": 30,
    "best_combined_score": 0.7208943974172135,
    "best_sse": 778.4951496543965,
    "total_runtime_sec": 10.270081996917725
}