{
    "centroid_movements": [
        6.988709007205882e-16
    ],
    "sse_list": [
        873.9863530251481,
        873.9863530251482
    ],
    "final_iteration": 2
}