{
    "n_trials": 31,
    "avg_iterations": 14.774193548387096,
    "median_iterations": 13.0,
    "avg_auc_delta": 10.040585689558382,
    "avg_geo_decay": 0.6814809125298794,
    "best_k": 36,
    "best_combined_score": 0.6502797634795547,
    "best_sse": 1131.6299605135553,
    "total_runtime_sec": 10.029499292373657
}