{
    "centroid_movements": [
        7.890837414497864e-16
    ],
    "sse_list": [
        1150.2275746366968,
        1150.2275746366968
    ],
    "final_iteration": 2
}