{
    "n_trials": 30,
    "avg_iterations": 11.5,
    "median_iterations": 12.0,
    "avg_auc_delta": 7.456571279097868,
    "avg_geo_decay": 0.6310118066628607,
    "best_k": 29,
    "best_combined_score": 0.5386371849455148,
    "best_sse": 1554.133319836869,
    "weights": {
        "alpha": 0.47,
        "beta": 0.53,
        "gamma": 0.0
    },
    "total_runtime_sec": 1.9124221801757812
}