{
    "n_trials": 30,
    "avg_iterations": 11.5,
    "median_iterations": 10.0,
    "avg_auc_delta": 6.456847737233115,
    "avg_geo_decay": 0.613542779691826,
    "best_k": 36,
    "best_combined_score": 0.669391599619938,
    "best_sse": 1100.191379395955,
    "total_runtime_sec": 1.6065056324005127
}