{
    "core_count": 102,
    "border_count": 1,
    "noise_count": 29,
    "noise_ratio": 0.2196969696969697,
    "neighbor_hist": [
        0,
        17,
        8,
        4,
        1,
        0,
        10,
        0,
        1,
        0,
        0,
        0,
        1,
        4,
        0,
        0,
        1,
        0,
        0,
        6,
        8,
        4,
        0,
        0,
        0,
        1,
        0,
        0,
        0,
        0,
        0,
        0,
        0,
        0,
        1,
        0,
        0,
        0,
        0,
        0,
        0,
        0,
        0,
        0,
        0,
        0,
        0,
        0,
        0,
        65
    ],
    "combined_score": 0.46336928501625074,
    "silhouette": 0.43412734050768315,
    "davies_bouldin": 1.8351982363320856,
    "sse": 99.82291166907989,
    "weights": {
        "alpha": 0.47,
        "beta": 0.53,
        "gamma": 0.0
    }
}