{
    "clean_state": "raw",
    "best_k": 6,
    "linkage": "average",
    "metric": "manhattan",
    "combined": 2.7874150707205794,
    "silhouette": 0.5843586673508608,
    "davies_bouldin": 0.20038186876567365,
    "intra_dist_mean": 2.2858973339325215,
    "inter_dist_mean": 9.718887308138841,
    "ratio_intra_inter": 0.2352015474053309,
    "n_merge_steps": 131,
    "total_runtime_sec": 2.573187828063965
}