{
    "clean_state": "raw",
    "best_k": 6,
    "linkage": "single",
    "metric": "manhattan",
    "combined": 2.787415147640855,
    "silhouette": 0.5843586673508608,
    "davies_bouldin": 0.2003818625885306,
    "intra_dist_mean": 2.285897333932522,
    "inter_dist_mean": 9.718887308138841,
    "ratio_intra_inter": 0.23520154740533092,
    "n_merge_steps": 131,
    "h_max": 12.648546793841753,
    "total_runtime_sec": 0.7595336437225342
}