{
    "clean_state": "raw",
    "best_k": 8,
    "linkage": "single",
    "metric": "euclidean",
    "combined": 0.8068136752291653,
    "silhouette": 0.6364693207966563,
    "davies_bouldin": 0.2547852762409546,
    "sse": 691.4193333172306,
    "weights": {
        "alpha": 0.47,
        "beta": 0.53,
        "gamma": 0.0
    },
    "intra_dist_mean": 2.0893615402765353,
    "inter_dist_mean": 8.777774161176332,
    "ratio_intra_inter": 0.2380286279769468,
    "n_merge_steps": 233,
    "h_max": 15.312515308295234,
    "total_runtime_sec": 2.0670316219329834
}