{
    "clean_state": "raw",
    "best_k": 5,
    "linkage": "single",
    "metric": "euclidean",
    "combined": 0.8065387333848751,
    "silhouette": 0.6063193670416056,
    "davies_bouldin": 0.235240230234308,
    "sse": 837.4140923076021,
    "weights": {
        "alpha": 0.47,
        "beta": 0.53,
        "gamma": 0.0
    },
    "intra_dist_mean": 2.8373000108373674,
    "inter_dist_mean": 9.43709701271967,
    "ratio_intra_inter": 0.3006538988645394,
    "n_merge_steps": 146,
    "h_max": 9.027073095517768,
    "total_runtime_sec": 7.013425588607788
}