{
    "clean_state": "raw",
    "best_k": 13,
    "linkage": "single",
    "metric": "manhattan",
    "combined": 2.0317937981382963,
    "silhouette": 0.532936528130604,
    "davies_bouldin": 0.28323387972890757,
    "intra_dist_mean": 2.1724938574380666,
    "inter_dist_mean": 7.597764240009302,
    "ratio_intra_inter": 0.28593857203380674,
    "n_merge_steps": 401,
    "total_runtime_sec": 6.99067497253418
}