{
    "n_trials": 31,
    "avg_iterations": 5.483870967741935,
    "median_iterations": 5.0,
    "avg_auc_delta": 3.6452920345381505,
    "avg_geo_decay": 0.3857585172033039,
    "best_k": 10,
    "best_combined_score": 0.545917980263234,
    "best_sse": 1237.0301963703014,
    "weights": {
        "alpha": 0.47,
        "beta": 0.53,
        "gamma": 0.0
    },
    "total_runtime_sec": 0.8991732597351074
}