{
    "clean_state": "raw",
    "best_k": 5,
    "linkage": "single",
    "metric": "manhattan",
    "combined": 1.779814944882479,
    "silhouette": 0.4265421039926702,
    "davies_bouldin": 0.31917394863339454,
    "intra_dist_mean": 3.1272449613423956,
    "inter_dist_mean": 11.077083026385816,
    "ratio_intra_inter": 0.2823166490576046,
    "n_merge_steps": 648,
    "total_runtime_sec": 12.937479019165039
}