{
    "clean_state": "raw",
    "best_k": 5,
    "linkage": "single",
    "metric": "manhattan",
    "combined": 1.779814944882492,
    "silhouette": 0.4265421039926976,
    "davies_bouldin": 0.31917394863339466,
    "intra_dist_mean": 3.12724496134225,
    "inter_dist_mean": 11.077083026385816,
    "ratio_intra_inter": 0.28231664905759146,
    "n_merge_steps": 648,
    "h_max": 28.355319730519348,
    "total_runtime_sec": 5.034297943115234
}