{
    "clean_state": "raw",
    "best_k": 6,
    "linkage": "single",
    "metric": "manhattan",
    "combined": 0.6349659529648912,
    "silhouette": 0.22153588260482104,
    "davies_bouldin": 0.5195557655467103,
    "sse": 17430.225682022647,
    "weights": {
        "alpha": 0.47,
        "beta": 0.53,
        "gamma": 0.0
    },
    "intra_dist_mean": 5.752322509372534,
    "inter_dist_mean": 10.390745842616557,
    "ratio_intra_inter": 0.5536005399900584,
    "n_merge_steps": 999,
    "h_max": 15.793064326725268,
    "total_runtime_sec": 110.89271903038025
}