{
    "n_trials": 31,
    "avg_iterations": 3.967741935483871,
    "median_iterations": 4.0,
    "avg_auc_delta": 5.011788996295101,
    "avg_geo_decay": 0.33748055649678266,
    "best_k": 10,
    "best_combined_score": 0.6959429062259822,
    "best_sse": 113.57457620986295,
    "weights": {
        "alpha": 0.47,
        "beta": 0.53,
        "gamma": 0.0
    },
    "total_runtime_sec": 1.5879178047180176
}