{
    "n_trials": 30,
    "avg_iterations": 13.3,
    "median_iterations": 13.0,
    "avg_auc_delta": 17.433446815961226,
    "avg_geo_decay": 0.6868394544082534,
    "best_k": 31,
    "best_combined_score": 0.28977801793877367,
    "best_sse": 9567.741555959023,
    "total_runtime_sec": 1.9826748371124268
}