{
    "n_trials": 31,
    "avg_iterations": 16.870967741935484,
    "median_iterations": 16.0,
    "avg_auc_delta": 25.549938480055218,
    "avg_geo_decay": 0.7313503241298598,
    "best_k": 31,
    "best_combined_score": 0.2771824255463263,
    "best_sse": 9778.061781074019,
    "total_runtime_sec": 5.350558042526245
}