{
    "n_trials": 30,
    "avg_iterations": 9.933333333333334,
    "median_iterations": 10.0,
    "avg_auc_delta": 6.585306003406275,
    "avg_geo_decay": 0.5838712003355407,
    "best_k": 41,
    "best_combined_score": 0.5810489889410042,
    "best_sse": 1793.028172403768,
    "weights": {
        "alpha": 0.47,
        "beta": 0.53,
        "gamma": 0.0
    },
    "total_runtime_sec": 5.581605672836304
}