{
    "n_trials": 31,
    "avg_iterations": 9.870967741935484,
    "median_iterations": 9.0,
    "avg_auc_delta": 10.879805464742057,
    "avg_geo_decay": 0.5707310837646734,
    "best_k": 22,
    "best_combined_score": 0.46722041441940265,
    "best_sse": 1013.924918148449,
    "total_runtime_sec": 6.456416606903076
}