{
    "n_trials": 30,
    "avg_iterations": 9.7,
    "median_iterations": 10.0,
    "avg_auc_delta": 13.739509847157873,
    "avg_geo_decay": 0.6100533087195211,
    "best_k": 19,
    "best_combined_score": 0.4018761369222526,
    "best_sse": 3866.330198991266,
    "weights": {
        "alpha": 0.47,
        "beta": 0.53,
        "gamma": 0.0
    },
    "total_runtime_sec": 0.803640604019165
}