{
    "n_trials": 31,
    "avg_iterations": 12.838709677419354,
    "median_iterations": 12.0,
    "avg_auc_delta": 10.913583857606184,
    "avg_geo_decay": 0.631791018415352,
    "best_k": 25,
    "best_combined_score": 0.5729593436969598,
    "best_sse": 900.9714123675385,
    "total_runtime_sec": 4.682598352432251
}