{
    "n_trials": 30,
    "avg_iterations": 13.233333333333333,
    "median_iterations": 13.0,
    "avg_auc_delta": 7.306037032275428,
    "avg_geo_decay": 0.6501782633216311,
    "best_k": 25,
    "best_combined_score": 0.5765539063687896,
    "best_sse": 845.4754964416804,
    "total_runtime_sec": 0.5906538963317871
}