{
    "n_trials": 30,
    "avg_iterations": 16.4,
    "median_iterations": 16.0,
    "avg_auc_delta": 16.426032168903934,
    "avg_geo_decay": 0.7008280009808737,
    "best_k": 14,
    "best_combined_score": 0.4427890128395671,
    "best_sse": 10251.021027762059,
    "weights": {
        "alpha": 0.47,
        "beta": 0.53,
        "gamma": 0.0
    },
    "total_runtime_sec": 2.1072418689727783
}