{
    "n_trials": 31,
    "avg_iterations": 16.806451612903224,
    "median_iterations": 16.0,
    "avg_auc_delta": 13.332065120687945,
    "avg_geo_decay": 0.7004765124699357,
    "best_k": 35,
    "best_combined_score": 0.4979558370952461,
    "best_sse": 1781.6096799134189,
    "total_runtime_sec": 9.326560735702515
}