{
    "n_trials": 30,
    "avg_iterations": 14.666666666666666,
    "median_iterations": 12.5,
    "avg_auc_delta": 8.817321243446,
    "avg_geo_decay": 0.6565022012901991,
    "best_k": 35,
    "best_combined_score": 0.5098519984364026,
    "best_sse": 1695.6298765177867,
    "total_runtime_sec": 1.8604495525360107
}