{
    "n_trials": 31,
    "avg_iterations": 11.419354838709678,
    "median_iterations": 12.0,
    "avg_auc_delta": 13.853424990202438,
    "avg_geo_decay": 0.526165243231926,
    "best_k": 22,
    "best_combined_score": 0.6021514572515272,
    "best_sse": 845.9604277781366,
    "weights": {
        "alpha": 0.47,
        "beta": 0.53,
        "gamma": 0.0
    },
    "total_runtime_sec": 32.79987978935242
}