{
    "n_trials": 31,
    "avg_iterations": 4.32258064516129,
    "median_iterations": 4.0,
    "avg_auc_delta": 3.594678453558462,
    "avg_geo_decay": 0.472480834520289,
    "best_k": 27,
    "best_combined_score": 0.5540069343398121,
    "best_sse": 2526.656671059902,
    "weights": {
        "alpha": 0.47,
        "beta": 0.53,
        "gamma": 0.0
    },
    "total_runtime_sec": 10.716304063796997
}