{
    "n_trials": 31,
    "avg_iterations": 10.903225806451612,
    "median_iterations": 11.0,
    "avg_auc_delta": 12.362969032749927,
    "avg_geo_decay": 0.6494102766550561,
    "best_k": 29,
    "best_combined_score": 0.5514066421604138,
    "best_sse": 1684.8354322676605,
    "weights": {
        "alpha": 0.47,
        "beta": 0.53,
        "gamma": 0.0
    },
    "total_runtime_sec": 10.947280645370483
}