{
    "n_trials": 31,
    "avg_iterations": 8.03225806451613,
    "median_iterations": 8.0,
    "avg_auc_delta": 8.013626402786223,
    "avg_geo_decay": 0.49244098847371626,
    "best_k": 11,
    "best_combined_score": 0.5245168758522954,
    "best_sse": 1981.3221938017891,
    "weights": {
        "alpha": 0.47,
        "beta": 0.53,
        "gamma": 0.0
    },
    "total_runtime_sec": 4.02772855758667
}