{
    "clean_state": "raw",
    "best_k": 9,
    "best_cov_type": "tied",
    "best_combined": 0.4620613198131546,
    "best_silhouette": 0.1619396248028721,
    "best_db": 1.5570241421930284,
    "best_sse": 4120.251886513102,
    "weights": {
        "alpha": 0.47,
        "beta": 0.53,
        "gamma": 0.0
    },
    "n_iter_final": 1,
    "ll_curve_final": [
        2.5462985754472327,
        9.521473524732908,
        9.607508108006288,
        9.634759332694559,
        9.64038353955155,
        9.643182117559473,
        9.644181525930032
    ],
    "total_runtime_sec": 8.653007507324219
}