{
    "clean_state": "raw",
    "best_k": 9,
    "best_cov_type": "tied",
    "best_combined": 0.6646957350188836,
    "best_silhouette": 0.31586066786958,
    "best_db": 0.9866498362563413,
    "n_iter_final": 1,
    "ll_curve_final": [
        -7.372834927978256,
        -7.301834072010778,
        -7.253686804979205,
        -7.23401812173942,
        -7.230521908814206,
        -7.227609025202325,
        -7.22499352228929,
        -7.222694575622888,
        -7.220758325168802,
        -7.21919871423777,
        -7.217987955952415,
        -7.217059306684645
    ],
    "total_runtime_sec": 81.5641701221466
}