{
    "clean_state": "raw",
    "best_k": 26,
    "best_cov_type": "spherical",
    "best_combined": 0.5233823831688466,
    "best_silhouette": 0.2179779682703063,
    "best_db": 1.2065829261902554,
    "n_iter_final": 1,
    "ll_curve_final": [
        -6.441233685484433,
        -6.305650267977796,
        -6.1823793700031375,
        -6.102344638157261,
        -6.0466208011559415,
        -6.01281512611834,
        -5.996758616924982,
        -5.983288793108142,
        -5.970721387994047,
        -5.958591612992312,
        -5.94986868268801,
        -5.944980640301915,
        -5.94130871953948,
        -5.939847260453723,
        -5.938598010964309,
        -5.937133948958875,
        -5.9357873602810995,
        -5.935004486670807
    ],
    "total_runtime_sec": 7.648773193359375
}