{
    "clean_state": "raw",
    "best_k": 19,
    "best_cov_type": "tied",
    "best_combined": 0.5390422739001653,
    "best_silhouette": 0.25630806052285976,
    "best_db": 1.0885244241275167,
    "best_sse": 1049.286241513627,
    "weights": {
        "alpha": 0.47,
        "beta": 0.53,
        "gamma": 0.0
    },
    "n_iter_final": 1,
    "ll_curve_final": [
        24.119184108106925,
        24.21258681796225,
        24.407920602134563,
        24.67372152466,
        24.739828141814748,
        24.748587839956617,
        24.766006579221397,
        24.776788065849196,
        24.777514935702207
    ],
    "total_runtime_sec": 18.525057077407837
}