{
    "n_trials": 31,
    "avg_iterations": 5.161290322580645,
    "median_iterations": 5.0,
    "avg_auc_delta": 6.045781369385105,
    "avg_geo_decay": 0.427584580713375,
    "best_k": 15,
    "best_combined_score": 0.6458912598886629,
    "best_sse": 171.31638124168535,
    "weights": {
        "alpha": 0.47,
        "beta": 0.53,
        "gamma": 0.0
    },
    "total_runtime_sec": 2.3848934173583984
}