{
    "n_trials": 30,
    "avg_iterations": 13.166666666666666,
    "median_iterations": 14.0,
    "avg_auc_delta": 6.83102670784518,
    "avg_geo_decay": 0.6845851398768599,
    "best_k": 22,
    "best_combined_score": 0.5367259267640015,
    "best_sse": 791.1472441463532,
    "weights": {
        "alpha": 0.47,
        "beta": 0.53,
        "gamma": 0.0
    },
    "total_runtime_sec": 1.0563867092132568
}