{
    "n_trials": 30,
    "avg_iterations": 12.766666666666667,
    "median_iterations": 10.0,
    "avg_auc_delta": 4.624693049232357,
    "avg_geo_decay": 0.5795441006794579,
    "best_k": 43,
    "best_combined_score": 0.7175154829023724,
    "best_sse": 568.1794991013821,
    "total_runtime_sec": 3.093256711959839
}