{
    "n_trials": 31,
    "avg_iterations": 3.806451612903226,
    "median_iterations": 3.0,
    "avg_auc_delta": 1.5518549805158506,
    "avg_geo_decay": 0.14989663515493887,
    "best_k": 9,
    "best_combined_score": 0.7005394657945763,
    "best_sse": 229.30702981155818,
    "weights": {
        "alpha": 0.47,
        "beta": 0.53,
        "gamma": 0.0
    },
    "total_runtime_sec": 0.4828305244445801
}