{
    "n_trials": 31,
    "avg_iterations": 3.096774193548387,
    "median_iterations": 3.0,
    "avg_auc_delta": 2.686136833976867,
    "avg_geo_decay": 0.20719239461830483,
    "best_k": 10,
    "best_combined_score": 0.6780402644316683,
    "best_sse": 180.26254804891528,
    "weights": {
        "alpha": 0.47,
        "beta": 0.53,
        "gamma": 0.0
    },
    "total_runtime_sec": 1.875709056854248
}