{
    "core_count": 944,
    "border_count": 8,
    "noise_count": 48,
    "noise_ratio": 0.048,
    "neighbor_hist": [
        0,
        9,
        13,
        15,
        7,
        12,
        16,
        7,
        22,
        22,
        12,
        16,
        25,
        7,
        4,
        16,
        4,
        30,
        23,
        17,
        15,
        10,
        25,
        13,
        6,
        12,
        14,
        11,
        4,
        5,
        7,
        9,
        4,
        5,
        5,
        0,
        3,
        8,
        4,
        3,
        10,
        6,
        8,
        7,
        24,
        5,
        4,
        5,
        4,
        487
    ],
    "combined_score": 0.4578165585602245,
    "silhouette": 0.24215996750290908,
    "davies_bouldin": 1.6934615938185587,
    "sse": 2782.0992471429167,
    "weights": {
        "alpha": 0.47,
        "beta": 0.53,
        "gamma": 0.0
    }
}