{
    "clean_state": "raw",
    "best_k": 6,
    "best_cov_type": "tied",
    "best_combined": 0.5485974054541382,
    "best_silhouette": 0.26501909728619566,
    "best_db": 1.2016692912695768,
    "n_iter_final": 1,
    "ll_curve_final": [
        -9.571127743591049,
        -9.505568325139837,
        -9.43904346918636,
        -9.36124053249739,
        -9.307465035031363,
        -9.293832441582744,
        -9.287701702956282,
        -9.285052501871599,
        -9.282795820497746,
        -9.280059720313812,
        -9.27626207088779,
        -9.270442284797209,
        -9.260450852569425,
        -9.241358747614399,
        -9.2135453993332,
        -9.202208825800323,
        -9.19911649066241,
        -9.190070740020952,
        -9.166670486229256,
        -9.14967811339633,
        -9.131363888297725,
        -9.100055296226339,
        -9.052760287501311,
        -9.018048267545774,
        -9.009599513568423,
        -9.006081141092263,
        -9.002807893810575,
        -9.00078353075982,
        -9.000027834353052
    ],
    "total_runtime_sec": 12.64790964126587
}