{
    "n_trials": 31,
    "avg_iterations": 11.548387096774194,
    "median_iterations": 12.0,
    "avg_auc_delta": 9.684204920349258,
    "avg_geo_decay": 0.6012500778760121,
    "best_k": 43,
    "best_combined_score": 0.6052668143951349,
    "best_sse": 1766.672964642212,
    "weights": {
        "alpha": 0.47,
        "beta": 0.53,
        "gamma": 0.0
    },
    "total_runtime_sec": 331.430011510849
}