{
    "n_trials": 31,
    "avg_iterations": 2.4516129032258065,
    "median_iterations": 2.0,
    "avg_auc_delta": 0.0,
    "avg_geo_decay": 0.0,
    "best_k": 7,
    "best_combined_score": 0.3900182098675897,
    "best_sse": 918.1682897713786,
    "weights": {
        "alpha": 0.47,
        "beta": 0.53,
        "gamma": 0.0
    },
    "total_runtime_sec": 0.25779056549072266
}