{
    "n_trials": 31,
    "avg_iterations": 11.870967741935484,
    "median_iterations": 11.0,
    "avg_auc_delta": 11.147590320761978,
    "avg_geo_decay": 0.6256191840939361,
    "best_k": 22,
    "best_combined_score": 0.5136605069516609,
    "best_sse": 1332.624754204413,
    "weights": {
        "alpha": 0.47,
        "beta": 0.53,
        "gamma": 0.0
    },
    "total_runtime_sec": 2.6972053050994873
}