{
    "n_trials": 31,
    "avg_iterations": 10.129032258064516,
    "median_iterations": 10.0,
    "avg_auc_delta": 16.770943267074973,
    "avg_geo_decay": 0.6568336185808444,
    "best_k": 13,
    "best_combined_score": 0.4635729518939734,
    "best_sse": 2318.7156583650517,
    "weights": {
        "alpha": 0.47,
        "beta": 0.53,
        "gamma": 0.0
    },
    "total_runtime_sec": 4.561456680297852
}