{
    "core_count": 1314,
    "border_count": 24,
    "noise_count": 57,
    "noise_ratio": 0.04086021505376344,
    "neighbor_hist": [
        0,
        31,
        29,
        12,
        9,
        11,
        8,
        14,
        15,
        7,
        8,
        11,
        17,
        11,
        31,
        20,
        9,
        9,
        20,
        11,
        10,
        7,
        9,
        6,
        3,
        8,
        5,
        8,
        8,
        8,
        8,
        6,
        6,
        8,
        2,
        6,
        5,
        6,
        11,
        9,
        6,
        7,
        5,
        7,
        6,
        3,
        3,
        12,
        7,
        917
    ],
    "combined_score": 0.5108882172005419,
    "silhouette": 0.348836868051276,
    "davies_bouldin": 1.3782615399656266,
    "sse": 6831.106431575397,
    "weights": {
        "alpha": 0.47,
        "beta": 0.53,
        "gamma": 0.0
    }
}