{
    "clean_state": "raw",
    "best_k": 31,
    "best_cov_type": "spherical",
    "best_combined": 0.5695863145303832,
    "best_silhouette": 0.4464850683033213,
    "best_db": 1.0864320745586113,
    "best_sse": 2400.032047024509,
    "weights": {
        "alpha": 0.47,
        "beta": 0.53,
        "gamma": 0.0
    },
    "n_iter_final": 1,
    "ll_curve_final": [
        -2.818471353891242,
        -2.7095749987905764,
        -2.636284966378559,
        -2.577985764182869,
        -2.5469001344231224,
        -2.516107554542635,
        -2.4178706125000935,
        -2.3906511107569535,
        -2.3409347960992224,
        -2.312011802740117,
        -2.3073491091584377,
        -2.3014924422093634,
        -2.2835617205635836,
        -2.2717347664956042,
        -2.2599196558182655,
        -2.2462821844664047,
        -2.245201688340864,
        -2.243514675361935,
        -2.2128235509613488,
        -2.1784647477669865,
        -2.16928999034131,
        -2.124657384617528,
        -2.1224251192700203,
        -2.1205590946171657,
        -2.1194920239960053,
        -2.1133689125473856,
        -2.098048119544466,
        -2.091709330766328,
        -2.0853543444489535,
        -2.0831860576332852,
        -2.0815057659359235,
        -2.0808875575710637
    ],
    "total_runtime_sec": 30.90120244026184
}