{
    "clean_state": "raw",
    "best_k": 19,
    "best_cov_type": "full",
    "best_combined": 0.39683058183496345,
    "best_silhouette": 0.15927715851351942,
    "best_db": 1.5763323032607828,
    "n_iter_final": 1,
    "ll_curve_final": [
        27.95791138609019,
        29.532738701881367,
        30.21757637924722,
        30.552383451368257,
        30.55425890842036,
        30.554261017124293
    ],
    "total_runtime_sec": 29.83737874031067
}