{
    "clean_state": "raw",
    "best_k": 9,
    "best_cov_type": "diag",
    "best_combined": 0.7025114098244244,
    "best_silhouette": 0.6575251288531472,
    "best_db": 0.6157620139185727,
    "best_sse": 2651.1827666934164,
    "weights": {
        "alpha": 0.47,
        "beta": 0.53,
        "gamma": 0.0
    },
    "n_iter_final": 1,
    "ll_curve_final": [
        1.0924003799081858,
        1.0924003785859775
    ],
    "total_runtime_sec": 31.078959465026855
}