{
    "clean_state": "raw",
    "best_k": 48,
    "linkage": "average",
    "metric": "euclidean",
    "combined": 0.9338734065917527,
    "silhouette": 0.473212231385448,
    "davies_bouldin": 0.7170851214823513,
    "intra_dist_mean": 0.9918885043261679,
    "inter_dist_mean": 3.5432199620219333,
    "ratio_intra_inter": 0.2799398611876944,
    "n_merge_steps": 2375,
    "total_runtime_sec": 154.65378952026367
}