{
    "clean_state": "raw",
    "best_k": 8,
    "best_cov_type": "tied",
    "best_combined": 0.5608550585360522,
    "best_silhouette": 0.2678449235245643,
    "best_db": 0.9652382198938195,
    "best_sse": 2313.338801163999,
    "weights": {
        "alpha": 0.47,
        "beta": 0.53,
        "gamma": 0.0
    },
    "n_iter_final": 1,
    "ll_curve_final": [
        -6.97015986103598,
        -6.917338006571221,
        -6.860394362107749,
        -6.850467808496767,
        -6.846996438082261,
        -6.845651846948208,
        -6.844944492446825
    ],
    "total_runtime_sec": 12.77574372291565
}