{
    "clean_state": "raw",
    "best_k": 8,
    "best_cov_type": "full",
    "best_combined": 0.6567704732259904,
    "best_silhouette": 0.370239514298354,
    "best_db": 1.060106521535673,
    "n_iter_final": 1,
    "ll_curve_final": [
        -3.8255695506846346,
        -2.2842071945038303,
        -1.824772909460367,
        -1.7458686894883861,
        -1.6918163914021684,
        -1.6910422233508522
    ],
    "total_runtime_sec": 57.25606322288513
}