{
    "n_trials": 31,
    "avg_iterations": 10.32258064516129,
    "median_iterations": 10.0,
    "avg_auc_delta": 11.276631159705794,
    "avg_geo_decay": 0.6068278440679495,
    "best_k": 31,
    "best_combined_score": 0.5593698504026597,
    "best_sse": 1855.3797665241798,
    "weights": {
        "alpha": 0.47,
        "beta": 0.53,
        "gamma": 0.0
    },
    "total_runtime_sec": 7.890344142913818
}