{
    "clean_state": "raw",
    "best_k": 8,
    "best_cov_type": "full",
    "best_combined": 1.005960112731437,
    "best_silhouette": 0.5427460986896392,
    "best_db": 0.680654513155845,
    "n_iter_final": 1,
    "ll_curve_final": [
        20.80265093439987,
        22.079451566519644,
        28.285552230676313,
        29.22800931276444,
        29.22800933572802
    ],
    "total_runtime_sec": 4.525271415710449
}