{
    "core_count": 160,
    "border_count": 5,
    "noise_count": 19,
    "noise_ratio": 0.10326086956521739,
    "neighbor_hist": [
        0,
        10,
        4,
        5,
        5,
        9,
        1,
        0,
        0,
        0,
        0,
        0,
        0,
        0,
        0,
        1,
        0,
        0,
        0,
        0,
        0,
        1,
        0,
        0,
        0,
        22,
        0,
        0,
        7,
        20,
        1,
        0,
        0,
        0,
        0,
        0,
        0,
        1,
        2,
        0,
        0,
        0,
        0,
        0,
        0,
        0,
        0,
        0,
        0,
        95
    ],
    "combined_score": 0.4743608346545,
    "silhouette": 0.49406941622066647,
    "davies_bouldin": 1.7904635341447404,
    "sse": 213.27654382096875,
    "weights": {
        "alpha": 0.47,
        "beta": 0.53,
        "gamma": 0.0
    }
}