{
    "core_count": 161,
    "border_count": 1,
    "noise_count": 17,
    "noise_ratio": 0.09497206703910614,
    "neighbor_hist": [
        0,
        7,
        8,
        2,
        1,
        6,
        0,
        1,
        0,
        0,
        1,
        0,
        0,
        0,
        0,
        1,
        0,
        0,
        0,
        0,
        0,
        0,
        1,
        2,
        21,
        0,
        0,
        0,
        0,
        0,
        0,
        2,
        23,
        6,
        1,
        0,
        0,
        0,
        0,
        0,
        0,
        0,
        0,
        0,
        0,
        0,
        0,
        0,
        0,
        96
    ],
    "combined_score": 0.522950878829617,
    "silhouette": 0.7281624921813811,
    "davies_bouldin": 1.581688973446953,
    "sse": 27.243755898243972,
    "weights": {
        "alpha": 0.47,
        "beta": 0.53,
        "gamma": 0.0
    }
}