{
    "clean_state": "raw",
    "best_k": 40,
    "best_cov_type": "diag",
    "best_combined": 1.3906968475270143,
    "best_silhouette": 0.8774461951390726,
    "best_db": 0.5252245663521012,
    "n_iter_final": 1,
    "ll_curve_final": [
        9.675177102458779,
        9.67517723451279
    ],
    "total_runtime_sec": 18.55558466911316
}