{
    "clean_state": "raw",
    "best_k": 40,
    "best_cov_type": "full",
    "best_combined": 1.390696847534304,
    "best_silhouette": 0.87744619515365,
    "best_db": 0.5252245663521007,
    "n_iter_final": 1,
    "ll_curve_final": [
        9.770184484320284,
        9.770184484490997
    ],
    "total_runtime_sec": 13.581964254379272
}