{
    "clean_state": "raw",
    "best_k": 6,
    "best_cov_type": "tied",
    "best_combined": 0.44091540001496665,
    "best_silhouette": 0.14563509954945036,
    "best_db": 1.7311381062847813,
    "best_sse": 967.2007631837813,
    "weights": {
        "alpha": 0.47,
        "beta": 0.53,
        "gamma": 0.0
    },
    "n_iter_final": 1,
    "ll_curve_final": [
        -7.8552903658568525,
        -7.807437877939307,
        -7.6895593602008345,
        -7.634214782979555,
        -7.5913751376010286,
        -7.471636065129732,
        -7.348309990743892,
        -7.186832273169055,
        -7.186831860630057
    ],
    "total_runtime_sec": 0.9121770858764648
}