{
    "clean_state": "raw",
    "best_k": 10,
    "best_cov_type": "tied",
    "best_combined": 1.8117991729508343,
    "best_silhouette": 0.7215655481217144,
    "best_db": 0.34458604353644684,
    "n_iter_final": 1,
    "ll_curve_final": [
        22.71359205552272,
        22.713760742609068
    ],
    "total_runtime_sec": 0.5946683883666992
}