{
    "clean_state": "raw",
    "best_k": 11,
    "best_cov_type": "tied",
    "best_combined": 0.7381464579780784,
    "best_silhouette": 0.5886126817464832,
    "best_db": 0.4396857450653277,
    "best_sse": 240.479756850427,
    "weights": {
        "alpha": 0.47,
        "beta": 0.53,
        "gamma": 0.0
    },
    "n_iter_final": 1,
    "ll_curve_final": [
        14.634631338806317,
        14.66691664255877,
        14.68530065153646,
        14.747806155468515,
        14.961085098897877,
        15.298077024488505,
        15.310503991653537,
        15.31237269953376,
        15.312375687623017
    ],
    "total_runtime_sec": 7.020547151565552
}