{
    "n_trials": 31,
    "avg_iterations": 14.741935483870968,
    "median_iterations": 13.0,
    "avg_auc_delta": 17.980703428254397,
    "avg_geo_decay": 0.6615599345921259,
    "best_k": 16,
    "best_combined_score": 0.47571644393465723,
    "best_sse": 3762.926921895352,
    "weights": {
        "alpha": 0.47,
        "beta": 0.53,
        "gamma": 0.0
    },
    "total_runtime_sec": 5.834332227706909
}