{
    "clean_state": "raw",
    "best_k": 5,
    "linkage": "single",
    "metric": "manhattan",
    "combined": 1.5841977484057188,
    "silhouette": 0.5040522864095922,
    "davies_bouldin": 0.37532702096933546,
    "intra_dist_mean": 3.4466042532131667,
    "inter_dist_mean": 9.726825778080542,
    "ratio_intra_inter": 0.354340082967226,
    "n_merge_steps": 959,
    "total_runtime_sec": 42.91840600967407
}