{
    "clean_state": "raw",
    "best_k": 5,
    "linkage": "single",
    "metric": "euclidean",
    "combined": 0.5513640242046657,
    "silhouette": 0.08527951228969734,
    "davies_bouldin": 0.7878254438652125,
    "sse": 889.5573442782079,
    "weights": {
        "alpha": 0.47,
        "beta": 0.53,
        "gamma": 0.0
    },
    "intra_dist_mean": 5.650521943661119,
    "inter_dist_mean": 7.235048917402795,
    "ratio_intra_inter": 0.7809929149295561,
    "n_merge_steps": 58,
    "h_max": 6.3045680886722675,
    "total_runtime_sec": 5.027753591537476
}