{
    "clean_state": "raw",
    "best_k": 5,
    "linkage": "average",
    "metric": "euclidean",
    "combined": 0.857401644206887,
    "silhouette": 0.7245501516021298,
    "davies_bouldin": 0.17216010304631607,
    "sse": 1109.8534707636054,
    "weights": {
        "alpha": 0.47,
        "beta": 0.53,
        "gamma": 0.0
    },
    "intra_dist_mean": 2.5041752407118385,
    "inter_dist_mean": 11.022131483088982,
    "ratio_intra_inter": 0.2271951885670855,
    "n_merge_steps": 230,
    "h_max": 15.507043603535667,
    "total_runtime_sec": 1.9888694286346436
}