{
    "core_count": 486,
    "border_count": 29,
    "noise_count": 72,
    "noise_ratio": 0.12265758091993186,
    "neighbor_hist": [
        0,
        42,
        21,
        17,
        21,
        9,
        6,
        21,
        12,
        6,
        7,
        5,
        2,
        4,
        13,
        5,
        7,
        3,
        9,
        5,
        7,
        3,
        0,
        2,
        3,
        7,
        2,
        1,
        4,
        4,
        2,
        2,
        3,
        3,
        4,
        2,
        2,
        3,
        4,
        4,
        3,
        6,
        3,
        1,
        3,
        4,
        9,
        5,
        4,
        272
    ],
    "combined_score": 0.4568361201909104,
    "silhouette": 0.22228520354232872,
    "davies_bouldin": 1.6790896038137673,
    "sse": 1511.980968263017,
    "weights": {
        "alpha": 0.47,
        "beta": 0.53,
        "gamma": 0.0
    }
}