{
    "n_trials": 30,
    "avg_iterations": 13.033333333333333,
    "median_iterations": 12.0,
    "avg_auc_delta": 5.819304120676138,
    "avg_geo_decay": 0.5428038378447745,
    "best_k": 48,
    "best_combined_score": 0.7647568633081941,
    "best_sse": 597.1457832712324,
    "total_runtime_sec": 4.668810129165649
}