{
    "centroid_movements": [
        2.0199454537184817e-15
    ],
    "sse_list": [
        772.088765880665,
        772.0887658806647
    ],
    "final_iteration": 2
}