{
    "n_trials": 31,
    "avg_iterations": 14.774193548387096,
    "median_iterations": 15.0,
    "avg_auc_delta": 8.344182547719267,
    "avg_geo_decay": 0.5975288727665887,
    "best_k": 48,
    "best_combined_score": 0.7428606323259699,
    "best_sse": 667.0958174779737,
    "total_runtime_sec": 16.01382613182068
}