{
    "n_trials": 30,
    "avg_iterations": 19.766666666666666,
    "median_iterations": 15.0,
    "avg_auc_delta": 10.425468883127042,
    "avg_geo_decay": 0.5752084073037042,
    "best_k": 49,
    "best_combined_score": 0.6028910393047504,
    "best_sse": 1753.9498000245112,
    "weights": {
        "alpha": 0.47,
        "beta": 0.53,
        "gamma": 0.0
    },
    "total_runtime_sec": 12.252787351608276
}