{
    "clean_state": "raw",
    "best_k": 42,
    "best_cov_type": "full",
    "best_combined": 0.7773286417101218,
    "best_silhouette": 0.8428415476217705,
    "best_db": 0.46485910972112154,
    "best_sse": 246.87447462853675,
    "weights": {
        "alpha": 0.47,
        "beta": 0.53,
        "gamma": 0.0
    },
    "n_iter_final": 1,
    "ll_curve_final": [
        9.39083510396782,
        9.394549947449024,
        9.395729450265113,
        9.396629368882852
    ],
    "total_runtime_sec": 15.945985555648804
}