{
    "clean_state": "raw",
    "best_k": 27,
    "best_cov_type": "full",
    "best_combined": 0.27261952781039794,
    "best_silhouette": 0.055608123519653094,
    "best_db": 2.042354627614561,
    "n_iter_final": 1,
    "ll_curve_final": [
        -1.0620492605889544,
        -0.00015452963607276616,
        0.8250018688243038,
        1.1135489417000655,
        1.301111271694288,
        1.3288765428596052,
        1.4475682178476117,
        1.4895226619655677,
        1.5150548361821583,
        1.5569641786964448,
        1.5699792064988358,
        1.5915112158586393,
        1.5915146524892057
    ],
    "total_runtime_sec": 19.375088930130005
}