{
    "n_trials": 31,
    "avg_iterations": 10.548387096774194,
    "median_iterations": 10.0,
    "avg_auc_delta": 10.467763601056298,
    "avg_geo_decay": 0.6103837118720661,
    "best_k": 9,
    "best_combined_score": 0.5009923420726966,
    "best_sse": 1546.2613372347591,
    "weights": {
        "alpha": 0.47,
        "beta": 0.53,
        "gamma": 0.0
    },
    "total_runtime_sec": 2.8163764476776123
}