{
    "clean_state": "raw",
    "best_k": 28,
    "linkage": "single",
    "metric": "manhattan",
    "combined": 1.0228252026071598,
    "silhouette": 0.2211839656303309,
    "davies_bouldin": 0.5481054506149304,
    "intra_dist_mean": 2.5901724238535673,
    "inter_dist_mean": 4.346687598160613,
    "ratio_intra_inter": 0.5958956942176048,
    "n_merge_steps": 2210,
    "total_runtime_sec": 123.32495331764221
}