{
    "clean_state": "raw",
    "best_k": 31,
    "linkage": "single",
    "metric": "euclidean",
    "combined": 0.9985797641034375,
    "silhouette": 0.17426633635632827,
    "davies_bouldin": 0.5485784929531883,
    "intra_dist_mean": 2.5132380911779486,
    "inter_dist_mean": 4.309233460561406,
    "ratio_intra_inter": 0.5832216133516102,
    "n_merge_steps": 2210,
    "h_max": 3.218435764782491,
    "total_runtime_sec": 108.9922878742218
}