{
    "core_count": 320,
    "border_count": 21,
    "noise_count": 34,
    "noise_ratio": 0.09066666666666667,
    "neighbor_hist": [
        0,
        16,
        15,
        16,
        8,
        11,
        8,
        9,
        4,
        4,
        8,
        4,
        4,
        8,
        2,
        6,
        2,
        1,
        2,
        3,
        4,
        4,
        0,
        1,
        0,
        1,
        0,
        1,
        3,
        5,
        2,
        6,
        2,
        2,
        5,
        1,
        1,
        1,
        0,
        3,
        1,
        1,
        2,
        0,
        0,
        7,
        6,
        3,
        3,
        179
    ],
    "combined_score": 0.41376937900812943,
    "silhouette": 0.18472771556089543,
    "davies_bouldin": 2.0629697649143806,
    "sse": 1757.1887004007508,
    "weights": {
        "alpha": 0.47,
        "beta": 0.53,
        "gamma": 0.0
    }
}