{
    "n_trials": 31,
    "avg_iterations": 4.935483870967742,
    "median_iterations": 5.0,
    "avg_auc_delta": 6.739086982654094,
    "avg_geo_decay": 0.33700804170469106,
    "best_k": 13,
    "best_combined_score": 0.4804882723338868,
    "best_sse": 3948.822309156063,
    "weights": {
        "alpha": 0.47,
        "beta": 0.53,
        "gamma": 0.0
    },
    "total_runtime_sec": 2.824434518814087
}