{
    "clean_state": "raw",
    "best_k": 11,
    "linkage": "single",
    "metric": "manhattan",
    "combined": 2.3721508719210087,
    "silhouette": 0.6013774565568809,
    "davies_bouldin": 0.24137539830719454,
    "intra_dist_mean": 2.4969310765039037,
    "inter_dist_mean": 10.973431618884925,
    "ratio_intra_inter": 0.227543321289444,
    "n_merge_steps": 408,
    "h_max": 20.249796720940623,
    "total_runtime_sec": 2.3932721614837646
}