{
    "clean_state": "raw",
    "best_k": 5,
    "linkage": "single",
    "metric": "manhattan",
    "combined": 2.0623343620107013,
    "silhouette": 0.5290541207949351,
    "davies_bouldin": 0.2781165698633735,
    "intra_dist_mean": 3.2005363857791966,
    "inter_dist_mean": 11.578011139264277,
    "ratio_intra_inter": 0.2764323118436987,
    "n_merge_steps": 672,
    "total_runtime_sec": 20.574588775634766
}