{
    "clean_state": "raw",
    "best_k": 5,
    "linkage": "single",
    "metric": "euclidean",
    "combined": 0.606687065057049,
    "silhouette": 0.17335439768635122,
    "davies_bouldin": 0.5984419718210214,
    "sse": 7076.764672528552,
    "weights": {
        "alpha": 0.47,
        "beta": 0.53,
        "gamma": 0.0
    },
    "intra_dist_mean": 5.796530773459294,
    "inter_dist_mean": 8.112877231852263,
    "ratio_intra_inter": 0.7144852076277709,
    "n_merge_steps": 403,
    "h_max": 6.064670087294294,
    "total_runtime_sec": 5.181328773498535
}