{
    "centroid_movements": [
        2.153788963922243e-15
    ],
    "sse_list": [
        137.69443703997354,
        137.69443703997354
    ],
    "final_iteration": 2
}