{
    "n_trials": 31,
    "avg_iterations": 8.290322580645162,
    "median_iterations": 7.0,
    "avg_auc_delta": 4.777561140752539,
    "avg_geo_decay": 0.36549629027423114,
    "best_k": 48,
    "best_combined_score": 1.1188301223609736,
    "best_sse": 196.142332111388,
    "total_runtime_sec": 18.124685525894165
}