{
    "n_trials": 30,
    "avg_iterations": 3.3,
    "median_iterations": 3.0,
    "avg_auc_delta": 1.8105301678566628,
    "avg_geo_decay": 0.10558944275431309,
    "best_k": 48,
    "best_combined_score": 1.5758937834445987,
    "best_sse": 126.02279919013749,
    "total_runtime_sec": 2.756429433822632
}