{
    "n_trials": 30,
    "avg_iterations": 12.966666666666667,
    "median_iterations": 12.0,
    "avg_auc_delta": 8.41188769204485,
    "avg_geo_decay": 0.5776476533105039,
    "best_k": 49,
    "best_combined_score": 0.8175799345983887,
    "best_sse": 1091.6412019667127,
    "total_runtime_sec": 5.333132266998291
}