{
    "n_trials": 30,
    "avg_iterations": 9.966666666666667,
    "median_iterations": 10.0,
    "avg_auc_delta": 15.812088982983555,
    "avg_geo_decay": 0.5675056431073572,
    "best_k": 31,
    "best_combined_score": 0.4391509216330801,
    "best_sse": 8216.781082568385,
    "weights": {
        "alpha": 0.47,
        "beta": 0.53,
        "gamma": 0.0
    },
    "total_runtime_sec": 3.0992729663848877
}