{
    "clean_state": "raw",
    "best_k": 5,
    "linkage": "single",
    "metric": "manhattan",
    "combined": 0.5769386493065991,
    "silhouette": 0.11148658334143738,
    "davies_bouldin": 0.6746647853137121,
    "sse": 7315.015794817587,
    "weights": {
        "alpha": 0.47,
        "beta": 0.53,
        "gamma": 0.0
    },
    "intra_dist_mean": 5.861318592051693,
    "inter_dist_mean": 7.47328772933688,
    "ratio_intra_inter": 0.7843025458583535,
    "n_merge_steps": 414,
    "h_max": 12.187542818658018,
    "total_runtime_sec": 6.344098091125488
}