{
    "clean_state": "raw",
    "best_k": 5,
    "linkage": "single",
    "metric": "manhattan",
    "combined": 1.807243203823962,
    "silhouette": 0.4845453128006711,
    "davies_bouldin": 0.319494830636358,
    "intra_dist_mean": 3.379397031185209,
    "inter_dist_mean": 10.236279138782999,
    "ratio_intra_inter": 0.3301392024745682,
    "n_merge_steps": 654,
    "h_max": 12.70684563487461,
    "total_runtime_sec": 5.039867162704468
}