{
    "clean_state": "raw",
    "best_k": 5,
    "linkage": "single",
    "metric": "manhattan",
    "combined": 1.8072432038239385,
    "silhouette": 0.4845453128006237,
    "davies_bouldin": 0.319494830636358,
    "intra_dist_mean": 3.3793970311855532,
    "inter_dist_mean": 10.236279138782999,
    "ratio_intra_inter": 0.3301392024746018,
    "n_merge_steps": 654,
    "total_runtime_sec": 13.815869331359863
}