{
    "clean_state": "raw",
    "best_k": 6,
    "linkage": "average",
    "metric": "euclidean",
    "combined": 2.0073619537278207,
    "silhouette": 0.6513749027948063,
    "davies_bouldin": 0.29732269788660887,
    "intra_dist_mean": 2.55108140434636,
    "inter_dist_mean": 10.160027677530573,
    "ratio_intra_inter": 0.25109000539318976,
    "n_merge_steps": 258,
    "h_max": 16.53402671374811,
    "total_runtime_sec": 1.5248980522155762
}