{
    "clean_state": "raw",
    "best_k": 12,
    "linkage": "single",
    "metric": "manhattan",
    "combined": 2.4291670880976617,
    "silhouette": 0.6080978347330225,
    "davies_bouldin": 0.23528103372622056,
    "intra_dist_mean": 2.2282052189184647,
    "inter_dist_mean": 8.388797229519783,
    "ratio_intra_inter": 0.2656167693596467,
    "n_merge_steps": 258,
    "total_runtime_sec": 3.1991848945617676
}