{
    "centroid_movements": [
        1.5309042788191396e-15
    ],
    "sse_list": [
        10021.186542054114,
        10021.186542054114
    ],
    "final_iteration": 2
}