{
    "n_trials": 30,
    "avg_iterations": 12.466666666666667,
    "median_iterations": 11.5,
    "avg_auc_delta": 16.906831192906832,
    "avg_geo_decay": 0.677733936235376,
    "best_k": 30,
    "best_combined_score": 0.25975998993013355,
    "best_sse": 9445.44292693174,
    "total_runtime_sec": 1.8876278400421143
}