{
    "n_trials": 31,
    "avg_iterations": 14.580645161290322,
    "median_iterations": 14.0,
    "avg_auc_delta": 22.97494177692827,
    "avg_geo_decay": 0.7070017333876213,
    "best_k": 30,
    "best_combined_score": 0.2734985060748105,
    "best_sse": 9534.5924679074,
    "total_runtime_sec": 8.048439741134644
}