{
    "n_trials": 30,
    "avg_iterations": 5.833333333333333,
    "median_iterations": 5.0,
    "avg_auc_delta": 2.950773195061463,
    "avg_geo_decay": 0.38583450399103314,
    "best_k": 27,
    "best_combined_score": 0.740369127712851,
    "best_sse": 665.3664757090239,
    "weights": {
        "alpha": 0.47,
        "beta": 0.53,
        "gamma": 0.0
    },
    "total_runtime_sec": 5.30670428276062
}