{
    "clean_state": "raw",
    "best_k": 5,
    "linkage": "average",
    "metric": "euclidean",
    "combined": 3.296753184411913,
    "silhouette": 0.7221124639165073,
    "davies_bouldin": 0.17031730730315991,
    "intra_dist_mean": 2.689091795801622,
    "inter_dist_mean": 12.476894709048121,
    "ratio_intra_inter": 0.21552572643346132,
    "n_merge_steps": 244,
    "h_max": 15.345929108952074,
    "total_runtime_sec": 1.2319202423095703
}