{
    "n_trials": 31,
    "avg_iterations": 17.548387096774192,
    "median_iterations": 16.0,
    "avg_auc_delta": 12.443543211790265,
    "avg_geo_decay": 0.6759839637720156,
    "best_k": 10,
    "best_combined_score": 0.5142761326341819,
    "best_sse": 7192.2092898059855,
    "weights": {
        "alpha": 0.47,
        "beta": 0.53,
        "gamma": 0.0
    },
    "total_runtime_sec": 8.093433856964111
}