{
    "n_trials": 30,
    "avg_iterations": 6.066666666666666,
    "median_iterations": 5.0,
    "avg_auc_delta": 6.577660792454383,
    "avg_geo_decay": 0.34958752505767926,
    "best_k": 31,
    "best_combined_score": 0.5850265226260318,
    "best_sse": 1696.0997839857803,
    "weights": {
        "alpha": 0.47,
        "beta": 0.53,
        "gamma": 0.0
    },
    "total_runtime_sec": 1.5656609535217285
}