{
    "n_trials": 31,
    "avg_iterations": 6.096774193548387,
    "median_iterations": 6.0,
    "avg_auc_delta": 9.084009146172596,
    "avg_geo_decay": 0.4471892895319976,
    "best_k": 31,
    "best_combined_score": 0.9090655427601957,
    "best_sse": 967.8117125956034,
    "total_runtime_sec": 8.312036991119385
}