{
    "core_count": 2148,
    "border_count": 71,
    "noise_count": 157,
    "noise_ratio": 0.06607744107744108,
    "neighbor_hist": [
        0,
        74,
        57,
        49,
        48,
        68,
        30,
        23,
        34,
        30,
        29,
        27,
        28,
        27,
        34,
        59,
        10,
        28,
        24,
        17,
        11,
        15,
        17,
        18,
        22,
        48,
        16,
        43,
        42,
        26,
        8,
        12,
        22,
        40,
        28,
        12,
        20,
        11,
        15,
        16,
        21,
        13,
        10,
        11,
        3,
        1,
        4,
        5,
        3,
        1167
    ],
    "combined_score": 0.5043159121947028,
    "silhouette": 0.2872306235695115,
    "davies_bouldin": 1.3634607910339247,
    "sse": 3123.1180341888344,
    "weights": {
        "alpha": 0.47,
        "beta": 0.53,
        "gamma": 0.0
    }
}