{
    "core_count": 858,
    "border_count": 31,
    "noise_count": 20,
    "noise_ratio": 0.022002200220022004,
    "neighbor_hist": [
        0,
        13,
        11,
        20,
        7,
        6,
        12,
        18,
        8,
        13,
        5,
        5,
        3,
        10,
        7,
        17,
        4,
        4,
        2,
        5,
        5,
        4,
        5,
        6,
        8,
        15,
        7,
        9,
        9,
        4,
        2,
        3,
        4,
        4,
        5,
        1,
        3,
        9,
        5,
        2,
        4,
        6,
        5,
        2,
        9,
        4,
        2,
        4,
        3,
        590
    ],
    "combined_score": 0.42715114680320426,
    "silhouette": 0.26014199134997623,
    "davies_bouldin": 2.0097056709517744,
    "sse": 4102.363455051845,
    "weights": {
        "alpha": 0.47,
        "beta": 0.53,
        "gamma": 0.0
    }
}