{
    "clean_state": "raw",
    "best_k": 6,
    "linkage": "single",
    "metric": "euclidean",
    "combined": 1.0732055600393333,
    "silhouette": 0.3959645572783893,
    "davies_bouldin": 0.5712827922037504,
    "intra_dist_mean": 4.719309485971675,
    "inter_dist_mean": 11.30410103751985,
    "ratio_intra_inter": 0.4174864918764639,
    "n_merge_steps": 491,
    "total_runtime_sec": 12.72874927520752
}