{
    "clean_state": "raw",
    "best_k": 39,
    "linkage": "average",
    "metric": "euclidean",
    "combined": 0.6676264479426486,
    "silhouette": 0.48963462937494556,
    "davies_bouldin": 0.6355025961594474,
    "sse": 1666.6034426719496,
    "weights": {
        "alpha": 0.47,
        "beta": 0.53,
        "gamma": 0.0
    },
    "intra_dist_mean": 0.999119929637426,
    "inter_dist_mean": 3.605466424065998,
    "ratio_intra_inter": 0.2771125319509729,
    "n_merge_steps": 2246,
    "h_max": 4.945047571276146,
    "total_runtime_sec": 110.80082607269287
}