{
    "clean_state": "raw",
    "best_k": 11,
    "linkage": "single",
    "metric": "euclidean",
    "combined": 1.038107776947768,
    "silhouette": 0.184917556728047,
    "davies_bouldin": 0.5287374075886795,
    "intra_dist_mean": 4.687880090008799,
    "inter_dist_mean": 10.264868791456134,
    "ratio_intra_inter": 0.4566916718809163,
    "n_merge_steps": 491,
    "h_max": 11.11316037667232,
    "total_runtime_sec": 3.153613805770874
}