{
    "clean_state": "raw",
    "best_k": 28,
    "best_cov_type": "spherical",
    "best_combined": 0.5060234772963397,
    "best_silhouette": 0.22778508660281935,
    "best_db": 1.2841256448703517,
    "best_sse": 2386.2220102935885,
    "weights": {
        "alpha": 0.47,
        "beta": 0.53,
        "gamma": 0.0
    },
    "n_iter_final": 1,
    "ll_curve_final": [
        -6.763524809050988,
        -6.685045272487492,
        -6.609470501076422,
        -6.564098131572107,
        -6.5432982532324715,
        -6.530002800075177,
        -6.521112547760813,
        -6.51639722861214,
        -6.514409605751504,
        -6.513527181193597
    ],
    "total_runtime_sec": 12.288957118988037
}