{
    "core_count": 118,
    "border_count": 5,
    "noise_count": 13,
    "noise_ratio": 0.09558823529411764,
    "neighbor_hist": [
        0,
        7,
        5,
        4,
        2,
        1,
        4,
        2,
        8,
        1,
        0,
        4,
        1,
        0,
        0,
        1,
        0,
        0,
        0,
        1,
        3,
        5,
        8,
        6,
        1,
        1,
        0,
        0,
        0,
        1,
        0,
        0,
        0,
        0,
        0,
        0,
        0,
        0,
        0,
        0,
        0,
        0,
        0,
        0,
        0,
        0,
        0,
        0,
        0,
        70
    ],
    "combined_score": 0.4271011979793303,
    "silhouette": 0.40396760873218557,
    "davies_bouldin": 2.154404453993084,
    "sse": 291.5634164671875,
    "weights": {
        "alpha": 0.47,
        "beta": 0.53,
        "gamma": 0.0
    }
}