{
    "clean_state": "raw",
    "best_k": 26,
    "best_cov_type": "tied",
    "best_combined": 0.7203595191323,
    "best_silhouette": 0.3677967091169731,
    "best_db": 0.9320339160006491,
    "n_iter_final": 1,
    "ll_curve_final": [
        -4.659984496573267,
        -4.502449730212589,
        -4.389801171050331,
        -4.293445350748024,
        -4.257130386610962,
        -4.249425666114928,
        -4.247913417922719,
        -4.246984177549324
    ],
    "total_runtime_sec": 35.74517059326172
}