{
    "n_trials": 31,
    "avg_iterations": 9.709677419354838,
    "median_iterations": 9.0,
    "avg_auc_delta": 17.824765041655915,
    "avg_geo_decay": 0.5627579071803789,
    "best_k": 19,
    "best_combined_score": 0.4639800300633782,
    "best_sse": 3311.5606685732455,
    "weights": {
        "alpha": 0.47,
        "beta": 0.53,
        "gamma": 0.0
    },
    "total_runtime_sec": 3.2933835983276367
}