{
    "clean_state": "raw",
    "best_k": 8,
    "best_cov_type": "tied",
    "best_combined": 0.5637676767176971,
    "best_silhouette": 0.29522621572863156,
    "best_db": 0.9774308525410562,
    "best_sse": 7090.112645575283,
    "weights": {
        "alpha": 0.47,
        "beta": 0.53,
        "gamma": 0.0
    },
    "n_iter_final": 1,
    "ll_curve_final": [
        -8.295352754677381,
        -8.255241397292638,
        -8.24373668800353,
        -8.237144167135858,
        -8.230558462642218,
        -8.222284512632854,
        -8.20972123951981,
        -8.187966394237678,
        -8.160296212769127,
        -8.145029363100386,
        -8.140447349165049,
        -8.139224914821229,
        -8.138932928583118
    ],
    "total_runtime_sec": 32.618093967437744
}