{
    "n_trials": 31,
    "avg_iterations": 4.645161290322581,
    "median_iterations": 4.0,
    "avg_auc_delta": 4.837418229637731,
    "avg_geo_decay": 0.4188245271198697,
    "best_k": 11,
    "best_combined_score": 0.7390698518341524,
    "best_sse": 129.79863192083621,
    "weights": {
        "alpha": 0.47,
        "beta": 0.53,
        "gamma": 0.0
    },
    "total_runtime_sec": 6.853712797164917
}