{
    "clean_state": "raw",
    "best_k": 9,
    "linkage": "single",
    "metric": "euclidean",
    "combined": 0.728060345600518,
    "silhouette": 0.4701307339003565,
    "davies_bouldin": 0.38512000451642536,
    "sse": 9579.3878371379,
    "weights": {
        "alpha": 0.47,
        "beta": 0.53,
        "gamma": 0.0
    },
    "intra_dist_mean": 3.3913062701728,
    "inter_dist_mean": 9.563648551948607,
    "ratio_intra_inter": 0.3546038158712411,
    "n_merge_steps": 1401,
    "h_max": 5.68928717805895,
    "total_runtime_sec": 40.34570789337158
}