{
    "clean_state": "raw",
    "best_k": 7,
    "linkage": "single",
    "metric": "euclidean",
    "combined": 0.8998926127030981,
    "silhouette": 0.14497612473338986,
    "davies_bouldin": 0.6042993113788313,
    "intra_dist_mean": 3.252004511375144,
    "inter_dist_mean": 5.029847961890658,
    "ratio_intra_inter": 0.6465413141736612,
    "n_merge_steps": 2375,
    "h_max": 2.349736620003109,
    "total_runtime_sec": 129.1009075641632
}