{
    "n_trials": 31,
    "avg_iterations": 10.064516129032258,
    "median_iterations": 9.0,
    "avg_auc_delta": 6.36501030484262,
    "avg_geo_decay": 0.45548356572652277,
    "best_k": 8,
    "best_combined_score": 0.6418452021857501,
    "best_sse": 2749.1611267870667,
    "weights": {
        "alpha": 0.47,
        "beta": 0.53,
        "gamma": 0.0
    },
    "total_runtime_sec": 6.206228017807007
}