{
    "n_trials": 31,
    "avg_iterations": 4.258064516129032,
    "median_iterations": 4.0,
    "avg_auc_delta": 1.931705062407341,
    "avg_geo_decay": 0.3332707917436389,
    "best_k": 16,
    "best_combined_score": 0.4540259943895769,
    "best_sse": 3885.030108890379,
    "weights": {
        "alpha": 0.47,
        "beta": 0.53,
        "gamma": 0.0
    },
    "total_runtime_sec": 4.987673759460449
}