{
    "n_trials": 30,
    "avg_iterations": 12.1,
    "median_iterations": 9.0,
    "avg_auc_delta": 7.9683359133050935,
    "avg_geo_decay": 0.5902701042693584,
    "best_k": 32,
    "best_combined_score": 0.574432804406738,
    "best_sse": 1271.649406065311,
    "total_runtime_sec": 1.342780590057373
}