{
    "n_trials": 31,
    "avg_iterations": 17.451612903225808,
    "median_iterations": 17.0,
    "avg_auc_delta": 12.312758839641571,
    "avg_geo_decay": 0.7074789190706557,
    "best_k": 32,
    "best_combined_score": 0.5494776639524568,
    "best_sse": 1427.6474509361224,
    "total_runtime_sec": 12.08194088935852
}