{
    "clean_state": "raw",
    "best_k": 14,
    "best_cov_type": "tied",
    "best_combined": 1.0121908544680835,
    "best_silhouette": 0.5059427511886493,
    "best_db": 0.6585710903278059,
    "n_iter_final": 1,
    "ll_curve_final": [
        -4.123359940900873,
        -4.117820227156226,
        -4.116354787050948,
        -4.115820287845005
    ],
    "total_runtime_sec": 18.38975477218628
}