{
    "n_trials": 31,
    "avg_iterations": 19.387096774193548,
    "median_iterations": 19.0,
    "avg_auc_delta": 13.201184729093741,
    "avg_geo_decay": 0.6651867191247599,
    "best_k": 10,
    "best_combined_score": 0.5025868175220027,
    "best_sse": 7238.021540668687,
    "weights": {
        "alpha": 0.47,
        "beta": 0.53,
        "gamma": 0.0
    },
    "total_runtime_sec": 8.026634454727173
}