{
    "n_trials": 31,
    "avg_iterations": 13.580645161290322,
    "median_iterations": 13.0,
    "avg_auc_delta": 9.063338477176496,
    "avg_geo_decay": 0.6320357614568252,
    "best_k": 17,
    "best_combined_score": 0.5737200563477924,
    "best_sse": 3028.390397658719,
    "weights": {
        "alpha": 0.47,
        "beta": 0.53,
        "gamma": 0.0
    },
    "total_runtime_sec": 99.6046929359436
}