{
    "clean_state": "raw",
    "best_k": 11,
    "best_cov_type": "full",
    "best_combined": 0.7496642046820376,
    "best_silhouette": 0.6044613122309741,
    "best_db": 0.41144179871445946,
    "best_sse": 112.91736300481307,
    "weights": {
        "alpha": 0.47,
        "beta": 0.53,
        "gamma": 0.0
    },
    "n_iter_final": 1,
    "ll_curve_final": [
        33.93199601433361,
        33.965405929164106,
        34.04645272774595,
        34.10463675832073,
        34.17526133805701,
        34.17642612516523,
        34.176426128038344
    ],
    "total_runtime_sec": 1.5935616493225098
}