{
    "clean_state": "raw",
    "best_k": 9,
    "best_cov_type": "tied",
    "best_combined": 1.3693726377951592,
    "best_silhouette": 0.6441531049052382,
    "best_db": 0.47741990731920336,
    "n_iter_final": 1,
    "ll_curve_final": [
        13.332767163171447,
        13.340608763517361,
        13.36076857433598,
        13.404173860509419,
        13.507572858568874,
        13.519044478377491,
        13.522656966737223,
        13.522826943175692
    ],
    "total_runtime_sec": 5.38774037361145
}