{
    "clean_state": "raw",
    "best_k": 8,
    "best_cov_type": "tied",
    "best_combined": 0.7699337315830901,
    "best_silhouette": 0.3531715899460484,
    "best_db": 0.8426758890519038,
    "n_iter_final": 1,
    "ll_curve_final": [
        -7.656325879820033,
        -7.6310334600157175,
        -7.626554389262889,
        -7.62594570256496
    ],
    "total_runtime_sec": 27.912720918655396
}