{
    "core_count": 95,
    "border_count": 7,
    "noise_count": 31,
    "noise_ratio": 0.23308270676691728,
    "neighbor_hist": [
        0,
        9,
        4,
        8,
        2,
        0,
        3,
        1,
        0,
        1,
        10,
        0,
        0,
        0,
        0,
        3,
        2,
        1,
        0,
        8,
        2,
        8,
        1,
        0,
        0,
        0,
        0,
        0,
        0,
        0,
        0,
        1,
        0,
        0,
        0,
        0,
        0,
        0,
        0,
        0,
        0,
        0,
        0,
        0,
        0,
        0,
        0,
        0,
        0,
        69
    ],
    "combined_score": 0.5077186230280044,
    "silhouette": 0.435891503041951,
    "davies_bouldin": 1.4810364475563418,
    "sse": 96.37517622158563,
    "weights": {
        "alpha": 0.47,
        "beta": 0.53,
        "gamma": 0.0
    }
}