{
    "clean_state": "raw",
    "best_k": 10,
    "best_cov_type": "tied",
    "best_combined": 0.39286333173249094,
    "best_silhouette": 0.07430353893563894,
    "best_db": 2.1517527624669466,
    "best_sse": 5084.901369925273,
    "weights": {
        "alpha": 0.47,
        "beta": 0.53,
        "gamma": 0.0
    },
    "n_iter_final": 1,
    "ll_curve_final": [
        -23.08965569098276,
        -22.90998850324832,
        -22.807073398752102,
        -22.750455832812086,
        -22.723417257127778,
        -22.670259438421258,
        -22.64311719774674,
        -22.620143338737122,
        -22.585109567350212,
        -22.555677589209523,
        -22.54431288193038,
        -22.54171883302274,
        -22.53794396979829,
        -22.5353990613023,
        -22.53335724733883,
        -22.53137423502668,
        -22.53030974836156,
        -22.529941553554423
    ],
    "total_runtime_sec": 7.418881177902222
}