{
    "clean_state": "raw",
    "best_k": 26,
    "best_cov_type": "spherical",
    "best_combined": 0.5409177180090132,
    "best_silhouette": 0.19805177390881354,
    "best_db": 1.1314986267266227,
    "n_iter_final": 1,
    "ll_curve_final": [
        -7.468129049186006,
        -7.429902959820298,
        -7.388142645692681,
        -7.359290468264184,
        -7.346015784105116,
        -7.34019571842609,
        -7.33469512919845,
        -7.32781317522516,
        -7.31955328357501,
        -7.310748475849317,
        -7.303140449978484,
        -7.29557622268529,
        -7.290053979379679,
        -7.284492929373679,
        -7.278570535590974,
        -7.272054112148478,
        -7.265286300857054,
        -7.258898641754559,
        -7.25612071330045,
        -7.255103498506646,
        -7.254113061902273
    ],
    "total_runtime_sec": 17.553311586380005
}