{
    "clean_state": "raw",
    "best_k": 14,
    "best_cov_type": "spherical",
    "best_combined": 0.4164159006926302,
    "best_silhouette": 0.0642907148905171,
    "best_db": 1.8645810474933084,
    "best_sse": 1830.893975094574,
    "weights": {
        "alpha": 0.47,
        "beta": 0.53,
        "gamma": 0.0
    },
    "n_iter_final": 1,
    "ll_curve_final": [
        -23.158990772846597,
        -23.04786010047134,
        -22.958651645060147,
        -22.909238125501176,
        -22.871542611883065,
        -22.79894175516107,
        -22.75718566166309,
        -22.725767024072734,
        -22.69954069285369,
        -22.683184220350267,
        -22.670209552993036,
        -22.660939544064686,
        -22.655759387813013,
        -22.652177767501474,
        -22.648487673000368,
        -22.64212205097158,
        -22.629508576679253,
        -22.617247854040848,
        -22.613058259326955,
        -22.612284540495228
    ],
    "total_runtime_sec": 2.002262830734253
}