{
    "clean_state": "raw",
    "best_k": 5,
    "linkage": "complete",
    "metric": "euclidean",
    "combined": 2.5006665577954275,
    "silhouette": 0.7113138091485441,
    "davies_bouldin": 0.23309918407553615,
    "intra_dist_mean": 2.559499823165491,
    "inter_dist_mean": 10.988917591275639,
    "ratio_intra_inter": 0.2329164635102283,
    "n_merge_steps": 239,
    "total_runtime_sec": 3.2860653400421143
}