{
    "clean_state": "raw",
    "best_k": 15,
    "linkage": "single",
    "metric": "manhattan",
    "combined": 2.0165083694121875,
    "silhouette": 0.5129772164433167,
    "davies_bouldin": 0.28408771936843785,
    "intra_dist_mean": 1.967792544585485,
    "inter_dist_mean": 6.86756368772378,
    "ratio_intra_inter": 0.28653429863384544,
    "n_merge_steps": 239,
    "h_max": 15.532139017114234,
    "total_runtime_sec": 1.2124133110046387
}