{
    "clean_state": "raw",
    "best_k": 7,
    "linkage": "complete",
    "metric": "euclidean",
    "combined": 0.7237589971249239,
    "silhouette": 0.5064763762834095,
    "davies_bouldin": 0.4296278963287657,
    "sse": 268.65088805519844,
    "weights": {
        "alpha": 0.47,
        "beta": 0.53,
        "gamma": 0.0
    },
    "intra_dist_mean": 2.3535575325038374,
    "inter_dist_mean": 6.12869326346143,
    "ratio_intra_inter": 0.3840227323065905,
    "n_merge_steps": 79,
    "h_max": 12.204001585940707,
    "total_runtime_sec": 5.16459321975708
}