{
    "n_trials": 30,
    "avg_iterations": 9.633333333333333,
    "median_iterations": 8.0,
    "avg_auc_delta": 5.582103801203444,
    "avg_geo_decay": 0.5747646610813396,
    "best_k": 48,
    "best_combined_score": 0.6824435621669501,
    "best_sse": 1545.0445876300391,
    "total_runtime_sec": 3.9917726516723633
}