{
    "n_trials": 31,
    "avg_iterations": 12.451612903225806,
    "median_iterations": 12.0,
    "avg_auc_delta": 9.827700667091325,
    "avg_geo_decay": 0.5995312935422135,
    "best_k": 48,
    "best_combined_score": 0.679931914876848,
    "best_sse": 1710.4203969874886,
    "total_runtime_sec": 17.550071716308594
}