{
    "n_trials": 30,
    "avg_iterations": 8.6,
    "median_iterations": 9.0,
    "avg_auc_delta": 9.239970395428632,
    "avg_geo_decay": 0.545893771639263,
    "best_k": 10,
    "best_combined_score": 0.6201660715322665,
    "best_sse": 6116.488858214775,
    "weights": {
        "alpha": 0.47,
        "beta": 0.53,
        "gamma": 0.0
    },
    "total_runtime_sec": 10.308054208755493
}