{
    "centroid_movements": [
        1.5838360211659891e-15
    ],
    "sse_list": [
        1953.2144998778801,
        1953.2144998778801
    ],
    "final_iteration": 2
}