{
    "core_count": 2305,
    "border_count": 32,
    "noise_count": 73,
    "noise_ratio": 0.03029045643153527,
    "neighbor_hist": [
        0,
        34,
        24,
        26,
        21,
        17,
        9,
        25,
        19,
        28,
        15,
        10,
        11,
        14,
        12,
        16,
        9,
        6,
        3,
        7,
        10,
        8,
        12,
        8,
        4,
        6,
        3,
        5,
        6,
        7,
        6,
        2,
        2,
        7,
        2,
        4,
        4,
        6,
        4,
        6,
        3,
        8,
        5,
        7,
        4,
        12,
        16,
        8,
        14,
        1915
    ],
    "combined_score": 0.5188907505650934,
    "silhouette": 0.4592796945159157,
    "davies_bouldin": 1.4208198688822735,
    "sse": 2957.4884247993245,
    "weights": {
        "alpha": 0.47,
        "beta": 0.53,
        "gamma": 0.0
    }
}