{
    "clean_state": "raw",
    "best_k": 9,
    "best_cov_type": "tied",
    "best_combined": 0.8805993103723847,
    "best_silhouette": 0.3442457734030225,
    "best_db": 0.7057397865257372,
    "n_iter_final": 1,
    "ll_curve_final": [
        -4.997291174960545,
        -4.9555345606745975,
        -4.945485756964385,
        -4.93982629969054,
        -4.935792606144934,
        -4.93281742842639,
        -4.930777638144499,
        -4.929552786030252,
        -4.928892177535853
    ],
    "total_runtime_sec": 13.806532621383667
}