{
    "clean_state": "raw",
    "best_k": 17,
    "best_cov_type": "diag",
    "best_combined": 0.5340804023944206,
    "best_silhouette": 0.25248778130797883,
    "best_db": 1.1167376143974934,
    "best_sse": 2160.2433683558493,
    "weights": {
        "alpha": 0.47,
        "beta": 0.53,
        "gamma": 0.0
    },
    "n_iter_final": 1,
    "ll_curve_final": [
        21.059343081862288,
        21.362350693866006,
        21.609848295417464,
        21.71335636252389,
        21.755321217209342,
        21.757477816487846,
        21.762406979309564,
        21.77473147303492,
        21.78974162644426,
        21.88972622983536,
        22.043175218675938,
        22.043175265249452
    ],
    "total_runtime_sec": 3.0254385471343994
}