{
    "centroid_movements": [
        1.1745403883210428e-15
    ],
    "sse_list": [
        5731.172545948991,
        5731.172545948991
    ],
    "final_iteration": 2
}