{
    "n_trials": 30,
    "avg_iterations": 16.8,
    "median_iterations": 13.0,
    "avg_auc_delta": 8.62329328674821,
    "avg_geo_decay": 0.7172665783288268,
    "best_k": 42,
    "best_combined_score": 0.5594212223760511,
    "best_sse": 2378.276195073786,
    "weights": {
        "alpha": 0.47,
        "beta": 0.53,
        "gamma": 0.0
    },
    "total_runtime_sec": 6.264213800430298
}