{
    "n_trials": 31,
    "avg_iterations": 13.709677419354838,
    "median_iterations": 14.0,
    "avg_auc_delta": 18.60298043319673,
    "avg_geo_decay": 0.6906320210869132,
    "best_k": 31,
    "best_combined_score": 0.3853681446446606,
    "best_sse": 5321.545199702057,
    "total_runtime_sec": 8.24593472480774
}