{
    "n_trials": 30,
    "avg_iterations": 11.2,
    "median_iterations": 10.5,
    "avg_auc_delta": 13.570801172970285,
    "avg_geo_decay": 0.6531866788341731,
    "best_k": 31,
    "best_combined_score": 0.364047723837132,
    "best_sse": 5363.805364965193,
    "total_runtime_sec": 1.6923587322235107
}