{
    "n_trials": 30,
    "avg_iterations": 23.933333333333334,
    "median_iterations": 22.0,
    "avg_auc_delta": 12.200185239650533,
    "avg_geo_decay": 0.7391662297399708,
    "best_k": 48,
    "best_combined_score": 0.509758267424749,
    "best_sse": 2271.585104948409,
    "total_runtime_sec": 7.7633490562438965
}