{
    "n_trials": 31,
    "avg_iterations": 22.419354838709676,
    "median_iterations": 20.0,
    "avg_auc_delta": 15.829002347867917,
    "avg_geo_decay": 0.7220865606036965,
    "best_k": 48,
    "best_combined_score": 0.5082490750782411,
    "best_sse": 2365.3872065409646,
    "total_runtime_sec": 17.645382404327393
}