{
    "core_count": 196,
    "border_count": 15,
    "noise_count": 35,
    "noise_ratio": 0.14227642276422764,
    "neighbor_hist": [
        0,
        18,
        17,
        9,
        6,
        4,
        5,
        1,
        3,
        7,
        3,
        6,
        2,
        4,
        4,
        6,
        4,
        2,
        9,
        4,
        6,
        6,
        9,
        3,
        1,
        1,
        0,
        1,
        1,
        0,
        0,
        1,
        1,
        1,
        2,
        0,
        0,
        0,
        0,
        1,
        0,
        0,
        1,
        0,
        0,
        0,
        0,
        0,
        0,
        97
    ],
    "combined_score": 0.41137592696271846,
    "silhouette": 0.2483828403563932,
    "davies_bouldin": 2.165834819433436,
    "sse": 875.563025972374,
    "weights": {
        "alpha": 0.47,
        "beta": 0.53,
        "gamma": 0.0
    }
}