{
    "n_trials": 30,
    "avg_iterations": 6.933333333333334,
    "median_iterations": 9.0,
    "avg_auc_delta": 5.776440635600064,
    "avg_geo_decay": 0.5036830611015776,
    "best_k": 20,
    "best_combined_score": 1.0235267265063064,
    "best_sse": 262.20410306249767,
    "total_runtime_sec": 0.3088808059692383
}