{
    "n_trials": 30,
    "avg_iterations": 3.966666666666667,
    "median_iterations": 4.0,
    "avg_auc_delta": 3.6857593034188216,
    "avg_geo_decay": 0.18895747713122038,
    "best_k": 11,
    "best_combined_score": 0.7345689131696541,
    "best_sse": 375.9343705040606,
    "weights": {
        "alpha": 0.47,
        "beta": 0.53,
        "gamma": 0.0
    },
    "total_runtime_sec": 0.5398778915405273
}