{
    "n_trials": 31,
    "avg_iterations": 6.935483870967742,
    "median_iterations": 6.0,
    "avg_auc_delta": 7.950328497812107,
    "avg_geo_decay": 0.47621690327779703,
    "best_k": 19,
    "best_combined_score": 0.8845735075196538,
    "best_sse": 335.2924582403637,
    "total_runtime_sec": 3.9168739318847656
}