{
    "clean_state": "raw",
    "best_k": 5,
    "linkage": "single",
    "metric": "euclidean",
    "combined": 1.731231354787836,
    "silhouette": 0.45663225698372184,
    "davies_bouldin": 0.3326867618689845,
    "intra_dist_mean": 3.495935174334431,
    "inter_dist_mean": 9.856321960369698,
    "ratio_intra_inter": 0.3546896284831739,
    "n_merge_steps": 1026,
    "h_max": 7.422725872813425,
    "total_runtime_sec": 17.96544122695923
}