{
    "clean_state": "raw",
    "best_k": 10,
    "linkage": "single",
    "metric": "manhattan",
    "combined": 0.6576562058982808,
    "silhouette": 0.35946315437514953,
    "davies_bouldin": 0.5643431864925759,
    "sse": 2785.930775849248,
    "weights": {
        "alpha": 0.47,
        "beta": 0.53,
        "gamma": 0.0
    },
    "intra_dist_mean": 4.7898820108366555,
    "inter_dist_mean": 8.877299917128175,
    "ratio_intra_inter": 0.5395651893651074,
    "n_merge_steps": 238,
    "h_max": 18.648348836275108,
    "total_runtime_sec": 2.398355722427368
}