{
    "clean_state": "raw",
    "best_k": 5,
    "linkage": "single",
    "metric": "manhattan",
    "combined": 1.3923860014259204,
    "silhouette": 0.516920360602166,
    "davies_bouldin": 0.44094595138860804,
    "intra_dist_mean": 3.4642784686168286,
    "inter_dist_mean": 9.65339773203637,
    "ratio_intra_inter": 0.35886623184702093,
    "n_merge_steps": 1026,
    "total_runtime_sec": 23.945798635482788
}