{
    "n_trials": 31,
    "avg_iterations": 13.258064516129032,
    "median_iterations": 13.0,
    "avg_auc_delta": 23.33663805383688,
    "avg_geo_decay": 0.6774319281751451,
    "best_k": 20,
    "best_combined_score": 0.4180218018582218,
    "best_sse": 9790.92831177468,
    "weights": {
        "alpha": 0.47,
        "beta": 0.53,
        "gamma": 0.0
    },
    "total_runtime_sec": 7.60398268699646
}