{
    "clean_state": "raw",
    "best_k": 5,
    "linkage": "single",
    "metric": "euclidean",
    "combined": 1.1765296623253556,
    "silhouette": 0.26640080999255594,
    "davies_bouldin": 0.47923509907121725,
    "intra_dist_mean": 3.231712173143622,
    "inter_dist_mean": 5.27652859051832,
    "ratio_intra_inter": 0.6124693759738643,
    "n_merge_steps": 2375,
    "total_runtime_sec": 171.54073119163513
}