{
    "clean_state": "raw",
    "best_k": 10,
    "best_cov_type": "tied",
    "best_combined": 0.5721207109458418,
    "best_silhouette": 0.3002800274652096,
    "best_db": 0.933889972396789,
    "best_sse": 6775.7441810195205,
    "weights": {
        "alpha": 0.47,
        "beta": 0.53,
        "gamma": 0.0
    },
    "n_iter_final": 1,
    "ll_curve_final": [
        -8.361876311136248,
        -8.292922678125747,
        -8.277677233561043,
        -8.273067866119098,
        -8.270453741891794,
        -8.268559798052053,
        -8.267049344667807,
        -8.26559776488125,
        -8.264209232440724,
        -8.263246274021732
    ],
    "total_runtime_sec": 40.88652014732361
}