{
    "n_trials": 30,
    "avg_iterations": 16.666666666666668,
    "median_iterations": 15.5,
    "avg_auc_delta": 8.50772756180425,
    "avg_geo_decay": 0.7057678375505048,
    "best_k": 38,
    "best_combined_score": 0.5637467049537569,
    "best_sse": 1470.5301620966334,
    "total_runtime_sec": 2.8212528228759766
}