{
    "n_trials": 31,
    "avg_iterations": 18.129032258064516,
    "median_iterations": 17.0,
    "avg_auc_delta": 13.215450193460798,
    "avg_geo_decay": 0.6822612977779168,
    "best_k": 38,
    "best_combined_score": 0.6123197252946058,
    "best_sse": 1515.2189065159328,
    "total_runtime_sec": 7.738311767578125
}