{
    "n_trials": 30,
    "avg_iterations": 7.233333333333333,
    "median_iterations": 10.0,
    "avg_auc_delta": 5.040209468821944,
    "avg_geo_decay": 0.5341940353307753,
    "best_k": 6,
    "best_combined_score": 0.5129387653073613,
    "best_sse": 297.4071840938295,
    "weights": {
        "alpha": 0.47,
        "beta": 0.53,
        "gamma": 0.0
    },
    "total_runtime_sec": 1.063932180404663
}