{
    "clean_state": "raw",
    "best_k": 10,
    "best_cov_type": "tied",
    "best_combined": 1.170749368457431,
    "best_silhouette": 0.645241461097817,
    "best_db": 0.5895332118875215,
    "n_iter_final": 1,
    "ll_curve_final": [
        -3.8144553265273413,
        -3.5865039775875114,
        -3.558253965775379,
        -3.5531018116058086,
        -3.5498610297792577,
        -3.5476459105046554,
        -3.5461235449010124,
        -3.5451277580213088
    ],
    "total_runtime_sec": 50.53621292114258
}