{
    "n_trials": 31,
    "avg_iterations": 12.548387096774194,
    "median_iterations": 11.0,
    "avg_auc_delta": 8.286701219165911,
    "avg_geo_decay": 0.6002189902111615,
    "best_k": 41,
    "best_combined_score": 0.5958027733015838,
    "best_sse": 879.5103489651652,
    "weights": {
        "alpha": 0.47,
        "beta": 0.53,
        "gamma": 0.0
    },
    "total_runtime_sec": 28.39426589012146
}