{
    "core_count": 2312,
    "border_count": 48,
    "noise_count": 16,
    "noise_ratio": 0.006734006734006734,
    "neighbor_hist": [
        0,
        5,
        4,
        8,
        12,
        21,
        14,
        9,
        14,
        8,
        11,
        14,
        5,
        11,
        10,
        17,
        20,
        13,
        9,
        12,
        2,
        7,
        11,
        3,
        9,
        7,
        6,
        9,
        6,
        12,
        18,
        6,
        20,
        5,
        10,
        18,
        4,
        12,
        4,
        7,
        2,
        2,
        19,
        3,
        6,
        8,
        2,
        6,
        6,
        1929
    ],
    "combined_score": 0.45443158912273507,
    "silhouette": 0.30731134026576307,
    "davies_bouldin": 1.7953174393465314,
    "sse": 13533.67787672398,
    "weights": {
        "alpha": 0.47,
        "beta": 0.53,
        "gamma": 0.0
    }
}