{
    "n_trials": 31,
    "avg_iterations": 4.161290322580645,
    "median_iterations": 4.0,
    "avg_auc_delta": 2.6000446420273597,
    "avg_geo_decay": 1.2278688305152619,
    "best_k": 9,
    "best_combined_score": 0.7331570734401786,
    "best_sse": 100.15038801688895,
    "weights": {
        "alpha": 0.47,
        "beta": 0.53,
        "gamma": 0.0
    },
    "total_runtime_sec": 0.4328610897064209
}