{
    "n_trials": 31,
    "avg_iterations": 10.612903225806452,
    "median_iterations": 9.0,
    "avg_auc_delta": 7.775104149372785,
    "avg_geo_decay": 0.5797708902475971,
    "best_k": 45,
    "best_combined_score": 0.8970131434831665,
    "best_sse": 677.8094778126269,
    "total_runtime_sec": 10.107356786727905
}