{
    "n_trials": 30,
    "avg_iterations": 8.766666666666667,
    "median_iterations": 8.0,
    "avg_auc_delta": 6.957751085536886,
    "avg_geo_decay": 0.5502309033319231,
    "best_k": 11,
    "best_combined_score": 0.5775627944268766,
    "best_sse": 1584.9925026021842,
    "weights": {
        "alpha": 0.47,
        "beta": 0.53,
        "gamma": 0.0
    },
    "total_runtime_sec": 1.7358243465423584
}