{
    "n_trials": 30,
    "avg_iterations": 7.166666666666667,
    "median_iterations": 7.0,
    "avg_auc_delta": 4.858246321674153,
    "avg_geo_decay": 0.38772560570469644,
    "best_k": 45,
    "best_combined_score": 0.8773134791975898,
    "best_sse": 621.5465842095866,
    "total_runtime_sec": 2.868762731552124
}