{
    "n_trials": 30,
    "avg_iterations": 9.6,
    "median_iterations": 8.0,
    "avg_auc_delta": 13.077872293262379,
    "avg_geo_decay": 0.5837918794807632,
    "best_k": 24,
    "best_combined_score": 0.488525435866192,
    "best_sse": 2941.4440286685494,
    "weights": {
        "alpha": 0.47,
        "beta": 0.53,
        "gamma": 0.0
    },
    "total_runtime_sec": 3.166934013366699
}