{
    "n_trials": 30,
    "avg_iterations": 15.366666666666667,
    "median_iterations": 15.0,
    "avg_auc_delta": 9.294768194918811,
    "avg_geo_decay": 0.7076847409108059,
    "best_k": 30,
    "best_combined_score": 0.4885562526023412,
    "best_sse": 1438.3810540630236,
    "total_runtime_sec": 1.1943566799163818
}