{
    "n_trials": 31,
    "avg_iterations": 16.29032258064516,
    "median_iterations": 15.0,
    "avg_auc_delta": 11.78858184950765,
    "avg_geo_decay": 0.7074300349003367,
    "best_k": 30,
    "best_combined_score": 0.48407894053464856,
    "best_sse": 1498.2324947730556,
    "total_runtime_sec": 5.733732223510742
}