{
    "n_trials": 30,
    "avg_iterations": 8.733333333333333,
    "median_iterations": 8.0,
    "avg_auc_delta": 11.48851771098111,
    "avg_geo_decay": 0.518938218221061,
    "best_k": 19,
    "best_combined_score": 0.4653312992132271,
    "best_sse": 2441.562071572058,
    "total_runtime_sec": 0.35192322731018066
}