{
    "n_trials": 30,
    "avg_iterations": 9.133333333333333,
    "median_iterations": 8.0,
    "avg_auc_delta": 3.3033780833301933,
    "avg_geo_decay": 0.532992819603012,
    "best_k": 5,
    "best_combined_score": 0.6438054756482469,
    "best_sse": 3356.6372323702835,
    "weights": {
        "alpha": 0.47,
        "beta": 0.53,
        "gamma": 0.0
    },
    "total_runtime_sec": 3.292717218399048
}