{
    "n_trials": 31,
    "avg_iterations": 9.774193548387096,
    "median_iterations": 8.0,
    "avg_auc_delta": 16.993493637090435,
    "avg_geo_decay": 0.5902068267977997,
    "best_k": 19,
    "best_combined_score": 0.41873395311045025,
    "best_sse": 2770.4840603007615,
    "total_runtime_sec": 4.854108095169067
}