{
    "n_trials": 31,
    "avg_iterations": 13.35483870967742,
    "median_iterations": 13.0,
    "avg_auc_delta": 7.657191078522624,
    "avg_geo_decay": 0.6639995431240281,
    "best_k": 27,
    "best_combined_score": 0.5854322829573987,
    "best_sse": 1142.4746894852844,
    "weights": {
        "alpha": 0.47,
        "beta": 0.53,
        "gamma": 0.0
    },
    "total_runtime_sec": 9.954660177230835
}