{
    "n_trials": 31,
    "avg_iterations": 5.354838709677419,
    "median_iterations": 5.0,
    "avg_auc_delta": 10.19854925551574,
    "avg_geo_decay": 0.5960691501159715,
    "best_k": 7,
    "best_combined_score": 0.47831338639655574,
    "best_sse": 325.9783711055378,
    "weights": {
        "alpha": 0.47,
        "beta": 0.53,
        "gamma": 0.0
    },
    "total_runtime_sec": 1.3674347400665283
}