{
    "clean_state": "raw",
    "best_k": 5,
    "best_cov_type": "diag",
    "best_combined": 0.7492274488814188,
    "best_silhouette": 0.6373322302760565,
    "best_db": 0.4351010423140707,
    "best_sse": 309.71016026952856,
    "weights": {
        "alpha": 0.47,
        "beta": 0.53,
        "gamma": 0.0
    },
    "n_iter_final": 1,
    "ll_curve_final": [
        22.58387960326372,
        27.692075914571337,
        28.349300226129063,
        28.44543424125247,
        28.44543424125247
    ],
    "total_runtime_sec": 2.8238937854766846
}