{
    "clean_state": "raw",
    "best_k": 7,
    "best_cov_type": "spherical",
    "best_combined": 1.7360790457229736,
    "best_silhouette": 0.6060609457054005,
    "best_db": 0.3489065265935424,
    "n_iter_final": 1,
    "ll_curve_final": [
        0.022163657635368043,
        0.022173302830775322
    ],
    "total_runtime_sec": 0.42884397506713867
}