{
    "clean_state": "raw",
    "best_k": 19,
    "best_cov_type": "tied",
    "best_combined": 0.761572226693456,
    "best_silhouette": 0.6730186599726611,
    "best_db": 0.4173857498218687,
    "best_sse": 144.86542722832348,
    "weights": {
        "alpha": 0.47,
        "beta": 0.53,
        "gamma": 0.0
    },
    "n_iter_final": 1,
    "ll_curve_final": [
        20.54244407912366,
        20.551833429658753,
        20.55512598056791,
        20.556616670549523,
        20.557308034985752
    ],
    "total_runtime_sec": 3.4833250045776367
}