{
    "clean_state": "raw",
    "best_k": 12,
    "best_cov_type": "tied",
    "best_combined": 1.2350478483810325,
    "best_silhouette": 0.6478328584014434,
    "best_db": 0.5487682561203074,
    "n_iter_final": 1,
    "ll_curve_final": [
        19.22936465616125,
        19.28086501620952,
        19.30394293044853,
        19.3048223580393
    ],
    "total_runtime_sec": 4.39413046836853
}