{
    "clean_state": "raw",
    "best_k": 41,
    "best_cov_type": "spherical",
    "best_combined": 0.58052775926835,
    "best_silhouette": 0.34945061080207024,
    "best_db": 0.9358315848072147,
    "best_sse": 1097.5349122214266,
    "weights": {
        "alpha": 0.47,
        "beta": 0.53,
        "gamma": 0.0
    },
    "n_iter_final": 1,
    "ll_curve_final": [
        -3.391236292323398,
        -3.3149593939663835,
        -3.2721539293106128,
        -3.1932774711190985,
        -3.1337306735858323,
        -3.110589423739822,
        -3.091559873203877,
        -3.0739715567774066,
        -3.062050452407458,
        -3.0452187895091187,
        -3.0324153345087366,
        -3.0265749448019577,
        -3.008031734797048,
        -3.00460258159382,
        -3.0008175410894244,
        -2.9995835396741555,
        -2.9971815497538596,
        -2.996228389911475
    ],
    "total_runtime_sec": 21.57430148124695
}