{
    "core_count": 1583,
    "border_count": 10,
    "noise_count": 9,
    "noise_ratio": 0.0056179775280898875,
    "neighbor_hist": [
        0,
        1,
        7,
        0,
        11,
        13,
        1,
        10,
        6,
        5,
        6,
        10,
        9,
        6,
        3,
        3,
        16,
        27,
        7,
        3,
        4,
        6,
        3,
        8,
        11,
        14,
        6,
        5,
        4,
        7,
        17,
        8,
        5,
        7,
        8,
        4,
        5,
        11,
        5,
        4,
        5,
        5,
        3,
        3,
        5,
        0,
        2,
        2,
        2,
        1289
    ],
    "combined_score": 0.5043771028793516,
    "silhouette": 0.2888994406810869,
    "davies_bouldin": 1.3647908610969375,
    "sse": 4979.503171521082,
    "weights": {
        "alpha": 0.47,
        "beta": 0.53,
        "gamma": 0.0
    }
}