{
    "centroid_movements": [
        1.6539840130365664e-15
    ],
    "sse_list": [
        850.1600590432632,
        850.1600590432633
    ],
    "final_iteration": 2
}