{
    "n_trials": 20,
    "avg_iterations": 11.05,
    "median_iterations": 10.0,
    "avg_auc_delta": 7.501922391825554,
    "avg_geo_decay": 0.5963054297754363,
    "best_k": 9,
    "best_combined_score": 0.5654865153432683,
    "best_sse": 2729.6035356362345,
    "weights": {
        "alpha": 0.47,
        "beta": 0.53,
        "gamma": 0.0
    },
    "total_runtime_sec": 2.068129539489746
}