{
    "n_trials": 31,
    "avg_iterations": 11.580645161290322,
    "median_iterations": 11.0,
    "avg_auc_delta": 7.497487531038037,
    "avg_geo_decay": 0.6076527370151789,
    "best_k": 45,
    "best_combined_score": 0.6958865920878846,
    "best_sse": 774.7747114636151,
    "total_runtime_sec": 9.166138887405396
}