{
    "clean_state": "raw",
    "best_k": 5,
    "linkage": "single",
    "metric": "manhattan",
    "combined": 1.4898697881049239,
    "silhouette": 0.4649669403719735,
    "davies_bouldin": 0.39765026298960787,
    "intra_dist_mean": 3.3441452608678532,
    "inter_dist_mean": 9.581813075838715,
    "ratio_intra_inter": 0.349009653433965,
    "n_merge_steps": 816,
    "h_max": 10.183781585371936,
    "total_runtime_sec": 7.966047286987305
}