{
    "clean_state": "raw",
    "best_k": 5,
    "linkage": "single",
    "metric": "manhattan",
    "combined": 1.4898697880904663,
    "silhouette": 0.464966940343058,
    "davies_bouldin": 0.3976502629896078,
    "intra_dist_mean": 3.344145260870271,
    "inter_dist_mean": 9.581813075838715,
    "ratio_intra_inter": 0.3490096534342173,
    "n_merge_steps": 816,
    "total_runtime_sec": 28.09159541130066
}