{
    "n_trials": 31,
    "avg_iterations": 11.96774193548387,
    "median_iterations": 13.0,
    "avg_auc_delta": 11.550386092524136,
    "avg_geo_decay": 0.6389503022519755,
    "best_k": 34,
    "best_combined_score": 0.5375316355131768,
    "best_sse": 1292.2906796399902,
    "weights": {
        "alpha": 0.47,
        "beta": 0.53,
        "gamma": 0.0
    },
    "total_runtime_sec": 153.4456765651703
}