{
    "n_trials": 30,
    "avg_iterations": 5.233333333333333,
    "median_iterations": 5.0,
    "avg_auc_delta": 6.487484620681602,
    "avg_geo_decay": 0.34107050461452687,
    "best_k": 31,
    "best_combined_score": 0.61292130541879,
    "best_sse": 1438.4418422204435,
    "weights": {
        "alpha": 0.47,
        "beta": 0.53,
        "gamma": 0.0
    },
    "total_runtime_sec": 1.7311885356903076
}