{
    "n_trials": 31,
    "avg_iterations": 5.903225806451613,
    "median_iterations": 6.0,
    "avg_auc_delta": 8.999434080590662,
    "avg_geo_decay": 0.41743154861472115,
    "best_k": 30,
    "best_combined_score": 1.0135733376567568,
    "best_sse": 761.8837602490172,
    "total_runtime_sec": 10.342479705810547
}