{
    "n_trials": 30,
    "avg_iterations": 5.233333333333333,
    "median_iterations": 5.5,
    "avg_auc_delta": 6.735190763678176,
    "avg_geo_decay": 0.3186906150123868,
    "best_k": 31,
    "best_combined_score": 1.049886317710746,
    "best_sse": 609.4302820133203,
    "total_runtime_sec": 0.9455223083496094
}