{
    "core_count": 848,
    "border_count": 7,
    "noise_count": 145,
    "noise_ratio": 0.145,
    "neighbor_hist": [
        0,
        52,
        37,
        27,
        36,
        11,
        36,
        28,
        16,
        9,
        10,
        13,
        12,
        39,
        41,
        32,
        0,
        4,
        22,
        64,
        3,
        1,
        22,
        0,
        24,
        0,
        0,
        9,
        19,
        0,
        0,
        0,
        0,
        0,
        0,
        0,
        1,
        0,
        0,
        0,
        0,
        41,
        0,
        0,
        0,
        0,
        0,
        0,
        0,
        391
    ],
    "combined_score": 0.5405124456881143,
    "silhouette": 0.6241603526149602,
    "davies_bouldin": 1.3987463623633438,
    "sse": 129.99548028296746,
    "weights": {
        "alpha": 0.47,
        "beta": 0.53,
        "gamma": 0.0
    }
}