{
    "clean_state": "raw",
    "best_k": 7,
    "linkage": "single",
    "metric": "euclidean",
    "combined": 1.4137627519590672,
    "silhouette": 0.38948750524656917,
    "davies_bouldin": 0.41016587950839095,
    "intra_dist_mean": 4.741225955684853,
    "inter_dist_mean": 12.551887762583547,
    "ratio_intra_inter": 0.37773011082984637,
    "n_merge_steps": 999,
    "total_runtime_sec": 36.78850865364075
}