{
    "clean_state": "raw",
    "best_k": 7,
    "linkage": "single",
    "metric": "euclidean",
    "combined": 1.413762770499487,
    "silhouette": 0.3894875052465691,
    "davies_bouldin": 0.4101658732700571,
    "intra_dist_mean": 4.741225955684853,
    "inter_dist_mean": 12.551887762583547,
    "ratio_intra_inter": 0.37773011082984637,
    "n_merge_steps": 999,
    "h_max": 10.244137740366833,
    "total_runtime_sec": 21.396873474121094
}