{
    "n_trials": 30,
    "avg_iterations": 4.533333333333333,
    "median_iterations": 5.0,
    "avg_auc_delta": 5.632166905819095,
    "avg_geo_decay": 0.2610956874148778,
    "best_k": 31,
    "best_combined_score": 0.6648029700966109,
    "best_sse": 828.3668783101471,
    "weights": {
        "alpha": 0.47,
        "beta": 0.53,
        "gamma": 0.0
    },
    "total_runtime_sec": 1.4635491371154785
}