{
    "n_trials": 31,
    "avg_iterations": 8.35483870967742,
    "median_iterations": 8.0,
    "avg_auc_delta": 11.796958023311149,
    "avg_geo_decay": 0.5541261901330997,
    "best_k": 31,
    "best_combined_score": 0.594892843930965,
    "best_sse": 2242.943304864022,
    "total_runtime_sec": 9.849554061889648
}