{
    "n_trials": 30,
    "avg_iterations": 7.466666666666667,
    "median_iterations": 7.0,
    "avg_auc_delta": 8.365334671553066,
    "avg_geo_decay": 0.462707275616234,
    "best_k": 31,
    "best_combined_score": 0.630552009917315,
    "best_sse": 2254.6373698084526,
    "total_runtime_sec": 1.0478084087371826
}