{
    "clean_state": "raw",
    "best_k": 12,
    "best_cov_type": "spherical",
    "best_combined": 0.4836917552955909,
    "best_silhouette": 0.19035582617037664,
    "best_db": 1.2869554329269464,
    "n_iter_final": 1,
    "ll_curve_final": [
        -15.446200065795827,
        -15.366413161712996,
        -15.325607028777128,
        -15.315969939017382,
        -15.309791530302785,
        -15.298359209198466,
        -15.291918359737194,
        -15.290959598630257
    ],
    "total_runtime_sec": 1.3660235404968262
}