{
    "clean_state": "raw",
    "best_k": 26,
    "best_cov_type": "spherical",
    "best_combined": 0.5992259621416866,
    "best_silhouette": 0.39069584850219585,
    "best_db": 0.8733942062104452,
    "best_sse": 1221.9456301663242,
    "weights": {
        "alpha": 0.47,
        "beta": 0.53,
        "gamma": 0.0
    },
    "n_iter_final": 1,
    "ll_curve_final": [
        -4.13347851092619,
        -4.06702196163113,
        -4.0037381389305935,
        -3.991882571668907,
        -3.982795095317676,
        -3.9738284828468986,
        -3.964898151328895,
        -3.963386302161406,
        -3.9617569845555196,
        -3.9608860074357666
    ],
    "total_runtime_sec": 14.353167533874512
}