{
    "n_trials": 31,
    "avg_iterations": 5.612903225806452,
    "median_iterations": 5.0,
    "avg_auc_delta": 11.155953475688342,
    "avg_geo_decay": 0.674935515687792,
    "best_k": 10,
    "best_combined_score": 0.7035086229869343,
    "best_sse": 444.67638528632386,
    "weights": {
        "alpha": 0.47,
        "beta": 0.53,
        "gamma": 0.0
    },
    "total_runtime_sec": 0.6699512004852295
}