{
    "n_trials": 31,
    "avg_iterations": 4.774193548387097,
    "median_iterations": 5.0,
    "avg_auc_delta": 2.9094053378427516,
    "avg_geo_decay": 0.3909735753986505,
    "best_k": 14,
    "best_combined_score": 0.4076345607383816,
    "best_sse": 11382.84962769043,
    "weights": {
        "alpha": 0.47,
        "beta": 0.53,
        "gamma": 0.0
    },
    "total_runtime_sec": 3.0902318954467773
}