{
    "centroid_movements": [
        1.7064362940772129e-15
    ],
    "sse_list": [
        1827.603454900511,
        1827.603454900511
    ],
    "final_iteration": 2
}