{
    "n_trials": 31,
    "avg_iterations": 14.741935483870968,
    "median_iterations": 13.0,
    "avg_auc_delta": 11.308308846221777,
    "avg_geo_decay": 0.6959584301948775,
    "best_k": 41,
    "best_combined_score": 0.6143143662734254,
    "best_sse": 1840.3893040509356,
    "total_runtime_sec": 9.051280736923218
}