{
    "n_trials": 30,
    "avg_iterations": 11.433333333333334,
    "median_iterations": 10.0,
    "avg_auc_delta": 6.863263367396334,
    "avg_geo_decay": 0.6363758400255967,
    "best_k": 41,
    "best_combined_score": 0.6228089127922296,
    "best_sse": 1680.589553767167,
    "total_runtime_sec": 2.6916441917419434
}