{
    "clean_state": "raw",
    "best_k": 23,
    "best_cov_type": "tied",
    "best_combined": 0.4941313245843548,
    "best_silhouette": 0.20342052559267176,
    "best_db": 1.2741416011714832,
    "n_iter_final": 1,
    "ll_curve_final": [
        -17.339677034237152,
        -11.26747982568387,
        -11.225089197420603,
        -11.174846968346264,
        -11.170623183153838,
        -11.16770368523896,
        -11.164084987909693,
        -11.160920460910779,
        -11.158884171424063,
        -11.157545793495798,
        -11.156332296000787,
        -11.15542946289871
    ],
    "total_runtime_sec": 15.808624744415283
}