{
    "n_trials": 31,
    "avg_iterations": 7.935483870967742,
    "median_iterations": 8.0,
    "avg_auc_delta": 14.206370228993627,
    "avg_geo_decay": 0.5696349145076679,
    "best_k": 12,
    "best_combined_score": 0.34135292229890035,
    "best_sse": 1590.523264065936,
    "total_runtime_sec": 2.1979899406433105
}