{
    "n_trials": 30,
    "avg_iterations": 9.166666666666666,
    "median_iterations": 9.0,
    "avg_auc_delta": 5.251568073077345,
    "avg_geo_decay": 0.5396046136276181,
    "best_k": 31,
    "best_combined_score": 0.5907704042164093,
    "best_sse": 747.7240726210812,
    "weights": {
        "alpha": 0.47,
        "beta": 0.53,
        "gamma": 0.0
    },
    "total_runtime_sec": 3.118011236190796
}