{
    "clean_state": "raw",
    "best_k": 8,
    "linkage": "single",
    "metric": "manhattan",
    "combined": 2.8271194557325807,
    "silhouette": 0.5992638727267823,
    "davies_bouldin": 0.19782491354291237,
    "intra_dist_mean": 3.8175907363709816,
    "inter_dist_mean": 16.247351124653303,
    "ratio_intra_inter": 0.23496696212701623,
    "n_merge_steps": 999,
    "total_runtime_sec": 25.6085045337677
}