{
    "clean_state": "raw",
    "best_k": 8,
    "linkage": "single",
    "metric": "manhattan",
    "combined": 2.8271195388285633,
    "silhouette": 0.5992638727279671,
    "davies_bouldin": 0.19782490703908684,
    "intra_dist_mean": 3.817590736358185,
    "inter_dist_mean": 16.247351124653303,
    "ratio_intra_inter": 0.2349669621262286,
    "n_merge_steps": 999,
    "h_max": 14.112535417223377,
    "total_runtime_sec": 20.54050874710083
}