{
    "clean_state": "raw",
    "best_k": 5,
    "linkage": "single",
    "metric": "euclidean",
    "combined": 0.7762649873271708,
    "silhouette": 0.6107942358921449,
    "davies_bouldin": 0.32954121258980906,
    "sse": 8311.819297418477,
    "weights": {
        "alpha": 0.47,
        "beta": 0.53,
        "gamma": 0.0
    },
    "intra_dist_mean": 3.8475898517835136,
    "inter_dist_mean": 15.117541728138042,
    "ratio_intra_inter": 0.2545116078377876,
    "n_merge_steps": 999,
    "h_max": 19.153356655691947,
    "total_runtime_sec": 20.389631986618042
}