{
    "clean_state": "raw",
    "best_k": 5,
    "linkage": "single",
    "metric": "euclidean",
    "combined": 1.0442467349992621,
    "silhouette": 0.22780160520440135,
    "davies_bouldin": 0.5374344989199195,
    "intra_dist_mean": 5.847717243800849,
    "inter_dist_mean": 9.108193548869792,
    "ratio_intra_inter": 0.6420282147524009,
    "n_merge_steps": 999,
    "h_max": 6.17236249521085,
    "total_runtime_sec": 19.650193214416504
}