{
    "clean_state": "raw",
    "best_k": 5,
    "linkage": "single",
    "metric": "manhattan",
    "combined": 1.689297579478484,
    "silhouette": 0.4302075042401118,
    "davies_bouldin": 0.3391684259701031,
    "intra_dist_mean": 4.916260592823867,
    "inter_dist_mean": 14.739322909088818,
    "ratio_intra_inter": 0.3335472479398618,
    "n_merge_steps": 788,
    "total_runtime_sec": 22.584168434143066
}