{
    "clean_state": "raw",
    "best_k": 7,
    "best_cov_type": "tied",
    "best_combined": 0.7256091859018776,
    "best_silhouette": 0.3209427717815181,
    "best_db": 0.884739969597084,
    "n_iter_final": 1,
    "ll_curve_final": [
        -7.842681211351686,
        -7.781692605023182,
        -7.757233726844116,
        -7.7508334911442,
        -7.7479907097567455,
        -7.745892556957859,
        -7.743330235827168,
        -7.7387463138730315,
        -7.728715510317289,
        -7.70751085847142,
        -7.664389048835172,
        -7.6014740183100775,
        -7.574549551630678,
        -7.5701113696807845,
        -7.5696503043494605
    ],
    "total_runtime_sec": 4.220858335494995
}