{
    "clean_state": "raw",
    "best_k": 17,
    "best_cov_type": "tied",
    "best_combined": 0.5002959171720803,
    "best_silhouette": 0.20539642674697184,
    "best_db": 1.299982254653257,
    "best_sse": 7967.401755806455,
    "weights": {
        "alpha": 0.47,
        "beta": 0.53,
        "gamma": 0.0
    },
    "n_iter_final": 1,
    "ll_curve_final": [
        -16.988192345454546,
        -16.141971797518263,
        -10.872283048283908,
        -10.849659126762155,
        -10.806156351765432,
        -10.74619124661731,
        -10.721780511297762,
        -10.711522010965611,
        -10.711510684792687
    ],
    "total_runtime_sec": 13.128540515899658
}