{
    "n_trials": 20,
    "avg_iterations": 3.0,
    "median_iterations": 3.0,
    "avg_auc_delta": 4.743928493574544,
    "avg_geo_decay": 0.21541085912658545,
    "best_k": 5,
    "best_combined_score": 0.38782885905756925,
    "best_sse": 445.5452313760444,
    "weights": {
        "alpha": 0.47,
        "beta": 0.53,
        "gamma": 0.0
    },
    "total_runtime_sec": 0.15568041801452637
}