{
    "n_trials": 31,
    "avg_iterations": 9.35483870967742,
    "median_iterations": 8.0,
    "avg_auc_delta": 9.03251866646338,
    "avg_geo_decay": 0.6366183513302363,
    "best_k": 16,
    "best_combined_score": 0.4856413711471682,
    "best_sse": 516.532798405532,
    "total_runtime_sec": 5.807729959487915
}