{
    "n_trials": 30,
    "avg_iterations": 7.0,
    "median_iterations": 7.0,
    "avg_auc_delta": 4.850089229442074,
    "avg_geo_decay": 0.4318701252595567,
    "best_k": 16,
    "best_combined_score": 0.543626146836046,
    "best_sse": 469.79508625795205,
    "total_runtime_sec": 0.21876764297485352
}