{
    "core_count": 253,
    "border_count": 1,
    "noise_count": 26,
    "noise_ratio": 0.09285714285714286,
    "neighbor_hist": [
        0,
        9,
        6,
        4,
        8,
        5,
        7,
        0,
        0,
        0,
        0,
        0,
        0,
        1,
        0,
        3,
        0,
        0,
        0,
        0,
        1,
        0,
        23,
        0,
        0,
        0,
        0,
        0,
        1,
        0,
        3,
        0,
        0,
        0,
        0,
        0,
        1,
        0,
        0,
        0,
        0,
        0,
        0,
        30,
        0,
        5,
        7,
        0,
        0,
        166
    ],
    "combined_score": 0.4616153725210334,
    "silhouette": 0.6493743892954297,
    "davies_bouldin": 2.012061539046634,
    "sse": 78.84795132038994,
    "weights": {
        "alpha": 0.47,
        "beta": 0.53,
        "gamma": 0.0
    }
}