{
    "clean_state": "raw",
    "best_k": 31,
    "best_cov_type": "full",
    "best_combined": 0.6737090821765135,
    "best_silhouette": 0.4310697526908978,
    "best_db": 1.0912879722093243,
    "n_iter_final": 1,
    "ll_curve_final": [
        23.64368823566033,
        23.945263408307074,
        24.42395760094278,
        24.748059566117853,
        25.017282845401052,
        25.09254812283838,
        25.15438147959712,
        25.21703368583561,
        25.21704977375579
    ],
    "total_runtime_sec": 21.420950889587402
}