{
    "clean_state": "raw",
    "best_k": 27,
    "best_cov_type": "full",
    "best_combined": 0.5640829449052596,
    "best_silhouette": 0.44894930457538795,
    "best_db": 1.1208358012306008,
    "best_sse": 1978.6981668310295,
    "weights": {
        "alpha": 0.47,
        "beta": 0.53,
        "gamma": 0.0
    },
    "n_iter_final": 1,
    "ll_curve_final": [
        24.098324675174386,
        24.543763778954638,
        25.23003850245491,
        25.354386228223134,
        25.35446877820768
    ],
    "total_runtime_sec": 10.472460269927979
}