{
    "clean_state": "raw",
    "best_k": 9,
    "best_cov_type": "tied",
    "best_combined": 0.5703662184698544,
    "best_silhouette": 0.2990346322796193,
    "best_db": 0.9427268746398886,
    "best_sse": 6617.812101223177,
    "weights": {
        "alpha": 0.47,
        "beta": 0.53,
        "gamma": 0.0
    },
    "n_iter_final": 1,
    "ll_curve_final": [
        -8.163216137965813,
        -8.069026800566219,
        -8.030350558871003,
        -8.018305928808354,
        -8.013083057483906,
        -8.010145973111847,
        -8.008175000755566,
        -8.006140812727889,
        -8.00269174881455,
        -7.997815306735175,
        -7.99408802856729,
        -7.992665122359439,
        -7.992123284210392
    ],
    "total_runtime_sec": 33.212034940719604
}