{
    "n_trials": 31,
    "avg_iterations": 6.161290322580645,
    "median_iterations": 6.0,
    "avg_auc_delta": 9.935062871236768,
    "avg_geo_decay": 0.48855202590809843,
    "best_k": 11,
    "best_combined_score": 0.6483048915317726,
    "best_sse": 584.9550680585253,
    "weights": {
        "alpha": 0.47,
        "beta": 0.53,
        "gamma": 0.0
    },
    "total_runtime_sec": 0.9269380569458008
}