{
    "n_trials": 31,
    "avg_iterations": 14.258064516129032,
    "median_iterations": 15.0,
    "avg_auc_delta": 10.499501269730594,
    "avg_geo_decay": 0.6825702908230402,
    "best_k": 7,
    "best_combined_score": 0.538553039459604,
    "best_sse": 2715.7273774375335,
    "weights": {
        "alpha": 0.47,
        "beta": 0.53,
        "gamma": 0.0
    },
    "total_runtime_sec": 4.579498052597046
}