{
    "n_trials": 31,
    "avg_iterations": 5.419354838709677,
    "median_iterations": 6.0,
    "avg_auc_delta": 2.4246191966685173,
    "avg_geo_decay": 0.146637037134161,
    "best_k": 47,
    "best_combined_score": 0.634982415796784,
    "best_sse": 1735.8550469197141,
    "weights": {
        "alpha": 0.47,
        "beta": 0.53,
        "gamma": 0.0
    },
    "total_runtime_sec": 37.97250008583069
}