{
    "core_count": 436,
    "border_count": 14,
    "noise_count": 44,
    "noise_ratio": 0.08906882591093117,
    "neighbor_hist": [
        0,
        17,
        15,
        19,
        7,
        10,
        2,
        3,
        6,
        10,
        4,
        3,
        6,
        7,
        4,
        4,
        6,
        8,
        6,
        4,
        3,
        3,
        1,
        2,
        3,
        1,
        5,
        3,
        3,
        2,
        4,
        1,
        2,
        0,
        0,
        1,
        0,
        2,
        1,
        3,
        0,
        1,
        1,
        2,
        3,
        2,
        0,
        2,
        0,
        302
    ],
    "combined_score": 0.4532325293973658,
    "silhouette": 0.3565350513126498,
    "davies_bouldin": 1.855530278924803,
    "sse": 1834.956607307992,
    "weights": {
        "alpha": 0.47,
        "beta": 0.53,
        "gamma": 0.0
    }
}