{
    "n_trials": 31,
    "avg_iterations": 6.645161290322581,
    "median_iterations": 7.0,
    "avg_auc_delta": 7.412057292427124,
    "avg_geo_decay": 0.4911565787568103,
    "best_k": 6,
    "best_combined_score": 0.5416063888454422,
    "best_sse": 1332.846643668543,
    "weights": {
        "alpha": 0.47,
        "beta": 0.53,
        "gamma": 0.0
    },
    "total_runtime_sec": 3.1712234020233154
}