{
    "clean_state": "raw",
    "best_k": 7,
    "best_cov_type": "diag",
    "best_combined": 1.1114973549932232,
    "best_silhouette": 0.5781016141840426,
    "best_db": 0.6079422441202386,
    "n_iter_final": 1,
    "ll_curve_final": [
        -1.0884050438391681,
        -1.0884050443764979
    ],
    "total_runtime_sec": 46.51235890388489
}