{
    "n_trials": 30,
    "avg_iterations": 16.6,
    "median_iterations": 16.0,
    "avg_auc_delta": 4.996889813036473,
    "avg_geo_decay": 0.6341859695153145,
    "best_k": 48,
    "best_combined_score": 0.711160493737245,
    "best_sse": 613.3831841132567,
    "total_runtime_sec": 5.442967176437378
}