{
    "n_trials": 30,
    "avg_iterations": 25.033333333333335,
    "median_iterations": 22.5,
    "avg_auc_delta": 7.289762236966303,
    "avg_geo_decay": 0.7169032286190107,
    "best_k": 9,
    "best_combined_score": 0.5899890030722621,
    "best_sse": 5445.655954212887,
    "weights": {
        "alpha": 0.47,
        "beta": 0.53,
        "gamma": 0.0
    },
    "total_runtime_sec": 7.495962381362915
}