{
    "core_count": 313,
    "border_count": 61,
    "noise_count": 130,
    "noise_ratio": 0.25793650793650796,
    "neighbor_hist": [
        0,
        22,
        12,
        15,
        19,
        37,
        25,
        23,
        17,
        5,
        8,
        8,
        4,
        4,
        3,
        5,
        9,
        3,
        6,
        12,
        11,
        12,
        7,
        10,
        7,
        9,
        12,
        10,
        10,
        12,
        5,
        9,
        5,
        4,
        4,
        3,
        6,
        6,
        1,
        1,
        3,
        4,
        5,
        4,
        4,
        2,
        5,
        3,
        10,
        83
    ],
    "combined_score": 0.28133691143678874,
    "silhouette": 0.07847175632303877,
    "davies_bouldin": 4.061987618586987,
    "sse": 1672.170394487181,
    "weights": {
        "alpha": 0.47,
        "beta": 0.53,
        "gamma": 0.0
    }
}