{
    "n_trials": 30,
    "avg_iterations": 8.733333333333333,
    "median_iterations": 8.5,
    "avg_auc_delta": 10.852710260623347,
    "avg_geo_decay": 0.5357986573366295,
    "best_k": 27,
    "best_combined_score": 0.5029735559741253,
    "best_sse": 2792.3942056857404,
    "total_runtime_sec": 0.9573659896850586
}