{
    "n_trials": 31,
    "avg_iterations": 11.290322580645162,
    "median_iterations": 11.0,
    "avg_auc_delta": 17.23633073365149,
    "avg_geo_decay": 0.6593190986576166,
    "best_k": 27,
    "best_combined_score": 0.4670000301748687,
    "best_sse": 3120.541996494501,
    "total_runtime_sec": 6.055681228637695
}