{
    "n_trials": 31,
    "avg_iterations": 11.806451612903226,
    "median_iterations": 10.0,
    "avg_auc_delta": 11.292305856260274,
    "avg_geo_decay": 0.6448323289830241,
    "best_k": 28,
    "best_combined_score": 0.5217145614016501,
    "best_sse": 1831.380137196669,
    "weights": {
        "alpha": 0.47,
        "beta": 0.53,
        "gamma": 0.0
    },
    "total_runtime_sec": 16.815611362457275
}