{
    "clean_state": "raw",
    "best_k": 29,
    "best_cov_type": "spherical",
    "best_combined": 0.5638896900376781,
    "best_silhouette": 0.37810303536726214,
    "best_db": 1.0590555775714232,
    "best_sse": 1844.0272451462995,
    "weights": {
        "alpha": 0.47,
        "beta": 0.53,
        "gamma": 0.0
    },
    "n_iter_final": 1,
    "ll_curve_final": [
        -3.9068509958828823,
        -3.743248277335955,
        -3.633825968571998,
        -3.5537233552149163,
        -3.4996109161410227,
        -3.42612699900371,
        -3.3850464408484915,
        -3.3551986514334353,
        -3.342316588949706,
        -3.3382301180341325,
        -3.3370738959955073,
        -3.336525540208853
    ],
    "total_runtime_sec": 85.38741898536682
}