{
    "clean_state": "raw",
    "best_k": 31,
    "best_cov_type": "full",
    "best_combined": 0.5070362088374702,
    "best_silhouette": 0.21744525126190684,
    "best_db": 1.2552923653139916,
    "n_iter_final": 1,
    "ll_curve_final": [
        21.38188642602311,
        21.570746544584146,
        21.731727086801037,
        21.779160049582924,
        22.058340879057194,
        22.135598460138986,
        22.135598428575445
    ],
    "total_runtime_sec": 17.47805881500244
}