{
    "n_trials": 31,
    "avg_iterations": 11.709677419354838,
    "median_iterations": 12.0,
    "avg_auc_delta": 17.36722306183899,
    "avg_geo_decay": 0.6465081050796829,
    "best_k": 31,
    "best_combined_score": 0.399090070285077,
    "best_sse": 4899.411473855823,
    "total_runtime_sec": 10.233892679214478
}