{
    "n_trials": 30,
    "avg_iterations": 9.166666666666666,
    "median_iterations": 9.0,
    "avg_auc_delta": 11.936585577501413,
    "avg_geo_decay": 0.5640585940484691,
    "best_k": 31,
    "best_combined_score": 0.4028229248023844,
    "best_sse": 4835.488596271021,
    "total_runtime_sec": 1.600168228149414
}