{
    "n_trials": 30,
    "avg_iterations": 4.9,
    "median_iterations": 4.0,
    "avg_auc_delta": 3.363054325624504,
    "avg_geo_decay": 0.35734427093784477,
    "best_k": 9,
    "best_combined_score": 0.7025114098244244,
    "best_sse": 2651.182766693417,
    "weights": {
        "alpha": 0.47,
        "beta": 0.53,
        "gamma": 0.0
    },
    "total_runtime_sec": 7.73980975151062
}