{
    "clean_state": "raw",
    "best_k": 20,
    "best_cov_type": "tied",
    "best_combined": 0.7420805732317509,
    "best_silhouette": 0.6828268603702246,
    "best_db": 0.48863897834606834,
    "best_sse": 151.6139397301244,
    "weights": {
        "alpha": 0.47,
        "beta": 0.53,
        "gamma": 0.0
    },
    "n_iter_final": 1,
    "ll_curve_final": [
        14.479768772036714,
        14.489705221038943,
        14.495594554677036,
        14.498559996772919,
        14.499308874604559
    ],
    "total_runtime_sec": 4.181098461151123
}