{
    "clean_state": "raw",
    "best_k": 10,
    "best_cov_type": "tied",
    "best_combined": 1.5640441462788615,
    "best_silhouette": 0.7050014602728691,
    "best_db": 0.4126967249692197,
    "n_iter_final": 1,
    "ll_curve_final": [
        12.22762437219942,
        12.227751303764846
    ],
    "total_runtime_sec": 4.299041509628296
}