{
    "n_trials": 31,
    "avg_iterations": 4.67741935483871,
    "median_iterations": 4.0,
    "avg_auc_delta": 8.691037987036866,
    "avg_geo_decay": 0.41646982405878746,
    "best_k": 29,
    "best_combined_score": 0.7313442727436682,
    "best_sse": 342.3653383244979,
    "weights": {
        "alpha": 0.47,
        "beta": 0.53,
        "gamma": 0.0
    },
    "total_runtime_sec": 4.347679615020752
}