{
    "clean_state": "raw",
    "best_k": 5,
    "linkage": "single",
    "metric": "euclidean",
    "combined": 1.6680821044048122,
    "silhouette": 0.4904189715181727,
    "davies_bouldin": 0.3514018004478112,
    "intra_dist_mean": 3.487135790717977,
    "inter_dist_mean": 8.945200212963035,
    "ratio_intra_inter": 0.38983317395894235,
    "n_merge_steps": 431,
    "h_max": 5.0878457771678525,
    "total_runtime_sec": 2.5013420581817627
}