{
    "n_trials": 31,
    "avg_iterations": 5.870967741935484,
    "median_iterations": 5.0,
    "avg_auc_delta": 5.694346162439482,
    "avg_geo_decay": 0.4037388443793338,
    "best_k": 10,
    "best_combined_score": 0.6661742818704729,
    "best_sse": 743.7288335962612,
    "weights": {
        "alpha": 0.47,
        "beta": 0.53,
        "gamma": 0.0
    },
    "total_runtime_sec": 4.777358293533325
}