{
    "clean_state": "raw",
    "best_k": 48,
    "linkage": "single",
    "metric": "manhattan",
    "combined": 2.976385271939598,
    "silhouette": 0.82434937222364,
    "davies_bouldin": 0.1949917852938705,
    "intra_dist_mean": 0.5060200341522426,
    "inter_dist_mean": 3.83072489088139,
    "ratio_intra_inter": 0.13209511216966646,
    "n_merge_steps": 2375,
    "total_runtime_sec": 134.63951301574707
}