{
    "clean_state": "raw",
    "best_k": 5,
    "linkage": "single",
    "metric": "euclidean",
    "combined": 0.7597190639052305,
    "silhouette": 0.5068291990417851,
    "davies_bouldin": 0.30650854531752303,
    "sse": 16300.170286376357,
    "weights": {
        "alpha": 0.47,
        "beta": 0.53,
        "gamma": 0.0
    },
    "intra_dist_mean": 3.404186269839361,
    "inter_dist_mean": 17.240850383804272,
    "ratio_intra_inter": 0.19744886093536265,
    "n_merge_steps": 2409,
    "h_max": 50.57142175802826,
    "total_runtime_sec": 136.70648336410522
}