{
    "clean_state": "raw",
    "best_k": 48,
    "linkage": "single",
    "metric": "cosine",
    "combined": 2.976385279857473,
    "silhouette": 0.824349372224024,
    "davies_bouldin": 0.19499178469178144,
    "intra_dist_mean": 0.5060200341514353,
    "inter_dist_mean": 3.83072489088139,
    "ratio_intra_inter": 0.1320951121694557,
    "n_merge_steps": 2375,
    "h_max": 0.3303417560766895,
    "total_runtime_sec": 129.65590262413025
}