{
    "clean_state": "raw",
    "best_k": 5,
    "linkage": "single",
    "metric": "manhattan",
    "combined": 2.3247922366077094,
    "silhouette": 0.6242958239253011,
    "davies_bouldin": 0.2484293890765711,
    "intra_dist_mean": 3.190158240843972,
    "inter_dist_mean": 13.038882423750021,
    "ratio_intra_inter": 0.24466500557079404,
    "n_merge_steps": 2377,
    "total_runtime_sec": 140.6129207611084
}