{
    "clean_state": "raw",
    "best_k": 5,
    "linkage": "single",
    "metric": "manhattan",
    "combined": 2.324792236607725,
    "silhouette": 0.6242958239253353,
    "davies_bouldin": 0.24842938907657128,
    "intra_dist_mean": 3.1901582408436813,
    "inter_dist_mean": 13.038882423750021,
    "ratio_intra_inter": 0.24466500557077173,
    "n_merge_steps": 2377,
    "h_max": 14.154360877323676,
    "total_runtime_sec": 124.02695298194885
}