{
    "n_trials": 31,
    "avg_iterations": 4.387096774193548,
    "median_iterations": 4.0,
    "avg_auc_delta": 3.8497098446200324,
    "avg_geo_decay": 0.38845517542228014,
    "best_k": 18,
    "best_combined_score": 0.4839382142055479,
    "best_sse": 7660.42146063101,
    "weights": {
        "alpha": 0.47,
        "beta": 0.53,
        "gamma": 0.0
    },
    "total_runtime_sec": 1.8444616794586182
}