{
    "clean_state": "raw",
    "best_k": 7,
    "linkage": "single",
    "metric": "manhattan",
    "combined": 1.494799355553361,
    "silhouette": 0.43222162475920856,
    "davies_bouldin": 0.3910256353427393,
    "intra_dist_mean": 4.768786796038438,
    "inter_dist_mean": 12.165543335973439,
    "ratio_intra_inter": 0.3919912711121395,
    "n_merge_steps": 829,
    "total_runtime_sec": 27.575218439102173
}