{
    "core_count": 212,
    "border_count": 6,
    "noise_count": 18,
    "noise_ratio": 0.07627118644067797,
    "neighbor_hist": [
        0,
        10,
        6,
        7,
        1,
        6,
        1,
        0,
        0,
        5,
        1,
        3,
        1,
        0,
        0,
        0,
        0,
        1,
        0,
        2,
        0,
        1,
        1,
        1,
        4,
        2,
        0,
        0,
        1,
        0,
        0,
        2,
        0,
        1,
        0,
        1,
        0,
        0,
        0,
        0,
        0,
        1,
        0,
        0,
        0,
        1,
        1,
        0,
        1,
        174
    ],
    "combined_score": 0.48321478536431167,
    "silhouette": 0.5898214813613122,
    "davies_bouldin": 1.7890787686902974,
    "sse": 597.3290602083092,
    "weights": {
        "alpha": 0.47,
        "beta": 0.53,
        "gamma": 0.0
    }
}