{
    "clean_state": "raw",
    "best_k": 39,
    "linkage": "average",
    "metric": "euclidean",
    "combined": 1.0307788331827437,
    "silhouette": 0.4525144137654268,
    "davies_bouldin": 0.6214873331615512,
    "intra_dist_mean": 1.0700052620226435,
    "inter_dist_mean": 3.4945214746438604,
    "ratio_intra_inter": 0.30619507414284397,
    "n_merge_steps": 2375,
    "total_runtime_sec": 140.97000932693481
}