{
    "clean_state": "raw",
    "best_k": 6,
    "linkage": "single",
    "metric": "euclidean",
    "combined": 0.8202286663511048,
    "silhouette": 0.6624583791441426,
    "davies_bouldin": 0.23348023711803112,
    "sse": 8419.080861086244,
    "weights": {
        "alpha": 0.47,
        "beta": 0.53,
        "gamma": 0.0
    },
    "intra_dist_mean": 3.1957588085358424,
    "inter_dist_mean": 12.997296659800297,
    "ratio_intra_inter": 0.24587873095332574,
    "n_merge_steps": 1402,
    "h_max": 38.884104421528654,
    "total_runtime_sec": 165.53912138938904
}