{
    "clean_state": "raw",
    "best_k": 43,
    "linkage": "average",
    "metric": "euclidean",
    "combined": 1.0895308100939813,
    "silhouette": 0.45676069448375484,
    "davies_bouldin": 0.5806186277181056,
    "intra_dist_mean": 1.0686742752726388,
    "inter_dist_mean": 3.494102207826644,
    "ratio_intra_inter": 0.3058508915047038,
    "n_merge_steps": 2375,
    "h_max": 6.087806770130461,
    "total_runtime_sec": 131.51052045822144
}