{
    "centroid_movements": [
        8.530889623804347e-16
    ],
    "sse_list": [
        1073.349314179386,
        1073.349314179386
    ],
    "final_iteration": 2
}