{
    "n_trials": 30,
    "avg_iterations": 12.4,
    "median_iterations": 12.0,
    "avg_auc_delta": 6.772062885577087,
    "avg_geo_decay": 0.7042064415335483,
    "best_k": 29,
    "best_combined_score": 0.5764073434651904,
    "best_sse": 1020.4079854960569,
    "total_runtime_sec": 0.9059340953826904
}