{
    "n_trials": 31,
    "avg_iterations": 13.096774193548388,
    "median_iterations": 12.0,
    "avg_auc_delta": 9.07243677493779,
    "avg_geo_decay": 0.6297409321185249,
    "best_k": 46,
    "best_combined_score": 0.610573270425578,
    "best_sse": 1087.5954312965528,
    "weights": {
        "alpha": 0.47,
        "beta": 0.53,
        "gamma": 0.0
    },
    "total_runtime_sec": 13.504556655883789
}