{
    "clean_state": "raw",
    "best_k": 5,
    "linkage": "single",
    "metric": "manhattan",
    "combined": 1.033698118450088,
    "silhouette": 0.33951125300759455,
    "davies_bouldin": 0.5787422249293461,
    "intra_dist_mean": 5.514761576218625,
    "inter_dist_mean": 9.125995004983881,
    "ratio_intra_inter": 0.6042915400683765,
    "n_merge_steps": 228,
    "total_runtime_sec": 4.390887975692749
}