{
    "clean_state": "raw",
    "best_k": 8,
    "linkage": "single",
    "metric": "euclidean",
    "combined": 1.0439120200417147,
    "silhouette": 0.307938860596939,
    "davies_bouldin": 0.5618339944200823,
    "intra_dist_mean": 5.320111088826709,
    "inter_dist_mean": 9.359032875217538,
    "ratio_intra_inter": 0.5684466717617425,
    "n_merge_steps": 228,
    "h_max": 9.006814315563103,
    "total_runtime_sec": 1.0946061611175537
}