{
    "n_trials": 31,
    "avg_iterations": 10.225806451612904,
    "median_iterations": 9.0,
    "avg_auc_delta": 11.552016074449964,
    "avg_geo_decay": 0.6152916396968414,
    "best_k": 27,
    "best_combined_score": 0.5775957163078186,
    "best_sse": 1670.4420902220616,
    "weights": {
        "alpha": 0.47,
        "beta": 0.53,
        "gamma": 0.0
    },
    "total_runtime_sec": 9.311585664749146
}