{
    "core_count": 942,
    "border_count": 20,
    "noise_count": 45,
    "noise_ratio": 0.044687189672293945,
    "neighbor_hist": [
        0,
        28,
        21,
        9,
        7,
        5,
        13,
        11,
        4,
        9,
        13,
        19,
        8,
        9,
        4,
        3,
        4,
        8,
        11,
        11,
        5,
        3,
        3,
        5,
        3,
        2,
        3,
        5,
        5,
        7,
        7,
        4,
        4,
        7,
        10,
        10,
        9,
        2,
        3,
        4,
        0,
        0,
        1,
        5,
        1,
        2,
        2,
        4,
        9,
        685
    ],
    "combined_score": 0.4854086308534616,
    "silhouette": 0.33634914972519886,
    "davies_bouldin": 1.5598319912364234,
    "sse": 5043.8974189314395,
    "weights": {
        "alpha": 0.47,
        "beta": 0.53,
        "gamma": 0.0
    }
}