{
    "n_trials": 30,
    "avg_iterations": 14.0,
    "median_iterations": 13.0,
    "avg_auc_delta": 8.229668291089387,
    "avg_geo_decay": 0.6587646862327057,
    "best_k": 25,
    "best_combined_score": 0.5515560946156923,
    "best_sse": 978.5549122234529,
    "total_runtime_sec": 0.6202671527862549
}