{
    "n_trials": 31,
    "avg_iterations": 15.129032258064516,
    "median_iterations": 15.0,
    "avg_auc_delta": 11.698730646558856,
    "avg_geo_decay": 0.6853673877966919,
    "best_k": 25,
    "best_combined_score": 0.5051555871269112,
    "best_sse": 1041.0913348266076,
    "total_runtime_sec": 4.8879594802856445
}