{
    "n_trials": 31,
    "avg_iterations": 7.483870967741935,
    "median_iterations": 6.0,
    "avg_auc_delta": 11.13124802094256,
    "avg_geo_decay": 0.4955052829775801,
    "best_k": 31,
    "best_combined_score": 0.5674314765503251,
    "best_sse": 1986.2337523414708,
    "weights": {
        "alpha": 0.47,
        "beta": 0.53,
        "gamma": 0.0
    },
    "total_runtime_sec": 4.81130838394165
}