{
    "n_trials": 31,
    "avg_iterations": 5.774193548387097,
    "median_iterations": 5.0,
    "avg_auc_delta": 5.408013542397948,
    "avg_geo_decay": 0.4377478236584672,
    "best_k": 14,
    "best_combined_score": 0.5524610103798765,
    "best_sse": 638.8089085214506,
    "weights": {
        "alpha": 0.47,
        "beta": 0.53,
        "gamma": 0.0
    },
    "total_runtime_sec": 1.6095213890075684
}