{
    "core_count": 373,
    "border_count": 4,
    "noise_count": 15,
    "noise_ratio": 0.03826530612244898,
    "neighbor_hist": [
        0,
        11,
        5,
        3,
        0,
        0,
        8,
        5,
        1,
        6,
        0,
        1,
        7,
        11,
        3,
        3,
        1,
        0,
        0,
        1,
        0,
        0,
        1,
        0,
        0,
        0,
        0,
        3,
        0,
        0,
        1,
        2,
        0,
        0,
        0,
        3,
        0,
        19,
        2,
        1,
        0,
        18,
        21,
        6,
        1,
        5,
        1,
        1,
        0,
        241
    ],
    "combined_score": 0.4865739208237479,
    "silhouette": 0.5310801732923685,
    "davies_bouldin": 1.719321778952186,
    "sse": 756.7137862203765,
    "weights": {
        "alpha": 0.47,
        "beta": 0.53,
        "gamma": 0.0
    }
}