{
    "n_trials": 30,
    "avg_iterations": 3.433333333333333,
    "median_iterations": 4.0,
    "avg_auc_delta": 3.9454816496016574,
    "avg_geo_decay": 0.1347549722986008,
    "best_k": 15,
    "best_combined_score": 0.9834561849140387,
    "best_sse": 221.24793813851977,
    "total_runtime_sec": 0.1974773406982422
}