{
    "n_trials": 31,
    "avg_iterations": 9.516129032258064,
    "median_iterations": 9.0,
    "avg_auc_delta": 10.176657823017726,
    "avg_geo_decay": 0.5864070419865232,
    "best_k": 16,
    "best_combined_score": 0.5714885723449039,
    "best_sse": 585.9726723387732,
    "total_runtime_sec": 2.8079726696014404
}