{
    "n_trials": 20,
    "avg_iterations": 6.55,
    "median_iterations": 6.0,
    "avg_auc_delta": 10.0482904105878,
    "avg_geo_decay": 0.4686439461778214,
    "best_k": 11,
    "best_combined_score": 0.4060935887299994,
    "best_sse": 1454.6788873942292,
    "weights": {
        "alpha": 0.47,
        "beta": 0.53,
        "gamma": 0.0
    },
    "total_runtime_sec": 0.30704712867736816
}