{
    "n_trials": 30,
    "avg_iterations": 8.466666666666667,
    "median_iterations": 9.0,
    "avg_auc_delta": 8.240882168969422,
    "avg_geo_decay": 0.5200760058940214,
    "best_k": 16,
    "best_combined_score": 0.5795060690224958,
    "best_sse": 562.604626600599,
    "total_runtime_sec": 0.22745704650878906
}