{
    "n_trials": 31,
    "avg_iterations": 16.516129032258064,
    "median_iterations": 15.0,
    "avg_auc_delta": 11.704132396396114,
    "avg_geo_decay": 0.723505643661255,
    "best_k": 36,
    "best_combined_score": 0.5188346686139705,
    "best_sse": 2139.418969900703,
    "weights": {
        "alpha": 0.47,
        "beta": 0.53,
        "gamma": 0.0
    },
    "total_runtime_sec": 7.586717367172241
}