{
    "n_trials": 31,
    "avg_iterations": 9.935483870967742,
    "median_iterations": 10.0,
    "avg_auc_delta": 11.574805451945052,
    "avg_geo_decay": 0.6170517625103489,
    "best_k": 29,
    "best_combined_score": 0.5849300210715119,
    "best_sse": 1672.4453725167996,
    "weights": {
        "alpha": 0.47,
        "beta": 0.53,
        "gamma": 0.0
    },
    "total_runtime_sec": 9.564027309417725
}