{
    "clean_state": "raw",
    "best_k": 21,
    "best_cov_type": "tied",
    "best_combined": 0.676311243055389,
    "best_silhouette": 0.3659722675207129,
    "best_db": 1.0135304094180528,
    "n_iter_final": 1,
    "ll_curve_final": [
        -4.645060908042024,
        -4.419575016413118,
        -4.365744644724147,
        -4.289148814455671,
        -4.1401382830093665,
        -4.116842284322022,
        -4.10916694430386,
        -4.108294392105616
    ],
    "total_runtime_sec": 59.9812650680542
}