{
    "clean_state": "raw",
    "best_k": 11,
    "best_cov_type": "tied",
    "best_combined": 0.5704700742157783,
    "best_silhouette": 0.2984202597859021,
    "best_db": 0.9414786142240336,
    "best_sse": 1810.610732222558,
    "weights": {
        "alpha": 0.47,
        "beta": 0.53,
        "gamma": 0.0
    },
    "n_iter_final": 1,
    "ll_curve_final": [
        -6.811156792666062,
        -6.603655996981238,
        -6.570983434651963,
        -6.557661427893859,
        -6.5449857676486,
        -6.523671983195597,
        -6.5037105083093865,
        -6.495253562470311,
        -6.4927697903348855,
        -6.491284578591148,
        -6.489913656389077,
        -6.488749767876397,
        -6.487573995409654,
        -6.486035088032766,
        -6.48361018599525,
        -6.4790601430514645,
        -6.468804630369101,
        -6.450856003353524,
        -6.437805517965889,
        -6.434552819045691,
        -6.434074964420274
    ],
    "total_runtime_sec": 9.25641417503357
}