{
    "clean_state": "raw",
    "best_k": 45,
    "linkage": "average",
    "metric": "euclidean",
    "combined": 0.6839662469735468,
    "silhouette": 0.5118851800427457,
    "davies_bouldin": 0.5855096520623368,
    "sse": 1109.1885796468378,
    "weights": {
        "alpha": 0.47,
        "beta": 0.53,
        "gamma": 0.0
    },
    "intra_dist_mean": 0.838275916384993,
    "inter_dist_mean": 3.4511442198028552,
    "ratio_intra_inter": 0.24289796745516365,
    "n_merge_steps": 2375,
    "h_max": 4.769897308665493,
    "total_runtime_sec": 185.9360387325287
}