{
    "n_trials": 31,
    "avg_iterations": 7.645161290322581,
    "median_iterations": 7.0,
    "avg_auc_delta": 11.17956983438381,
    "avg_geo_decay": 0.5856727634234214,
    "best_k": 8,
    "best_combined_score": 0.5199975537151532,
    "best_sse": 779.574156299592,
    "weights": {
        "alpha": 0.47,
        "beta": 0.53,
        "gamma": 0.0
    },
    "total_runtime_sec": 1.6905848979949951
}