{
    "clean_state": "raw",
    "best_k": 7,
    "linkage": "single",
    "metric": "euclidean",
    "combined": 0.9655414050828269,
    "silhouette": 0.17053074935739324,
    "davies_bouldin": 0.5680036519572759,
    "intra_dist_mean": 5.792557489068792,
    "inter_dist_mean": 8.480512397869086,
    "ratio_intra_inter": 0.6830433371601008,
    "n_merge_steps": 996,
    "total_runtime_sec": 30.753215551376343
}