{
    "clean_state": "raw",
    "best_k": 5,
    "linkage": "single",
    "metric": "euclidean",
    "combined": 1.031563410261208,
    "silhouette": 0.22402319135786272,
    "davies_bouldin": 0.5437431497290169,
    "intra_dist_mean": 5.80044498025696,
    "inter_dist_mean": 8.84386190119304,
    "ratio_intra_inter": 0.6558724056369335,
    "n_merge_steps": 996,
    "h_max": 5.756213209460444,
    "total_runtime_sec": 18.89340591430664
}