{
    "n_trials": 31,
    "avg_iterations": 6.741935483870968,
    "median_iterations": 6.0,
    "avg_auc_delta": 10.44246955557006,
    "avg_geo_decay": 0.4717147071436632,
    "best_k": 31,
    "best_combined_score": 0.5910450552182936,
    "best_sse": 1600.7342999113578,
    "weights": {
        "alpha": 0.47,
        "beta": 0.53,
        "gamma": 0.0
    },
    "total_runtime_sec": 6.059234619140625
}