{
    "core_count": 817,
    "border_count": 11,
    "noise_count": 24,
    "noise_ratio": 0.028169014084507043,
    "neighbor_hist": [
        0,
        7,
        18,
        6,
        4,
        9,
        10,
        8,
        1,
        1,
        0,
        7,
        5,
        0,
        2,
        0,
        2,
        1,
        0,
        1,
        0,
        22,
        0,
        0,
        0,
        0,
        1,
        0,
        0,
        1,
        0,
        3,
        1,
        1,
        0,
        0,
        0,
        0,
        0,
        0,
        0,
        0,
        0,
        0,
        0,
        0,
        0,
        0,
        0,
        741
    ],
    "combined_score": 0.5300945916123094,
    "silhouette": 0.5192075335241507,
    "davies_bouldin": 1.391909674727998,
    "sse": 2302.7606947322565,
    "weights": {
        "alpha": 0.47,
        "beta": 0.53,
        "gamma": 0.0
    }
}