{
    "n_trials": 30,
    "avg_iterations": 11.2,
    "median_iterations": 12.0,
    "avg_auc_delta": 8.638114982839754,
    "avg_geo_decay": 0.6027916275982886,
    "best_k": 28,
    "best_combined_score": 0.5773026724608008,
    "best_sse": 1627.766941233405,
    "weights": {
        "alpha": 0.47,
        "beta": 0.53,
        "gamma": 0.0
    },
    "total_runtime_sec": 2.562453031539917
}