{
    "n_trials": 30,
    "avg_iterations": 12.333333333333334,
    "median_iterations": 11.0,
    "avg_auc_delta": 8.182967123093668,
    "avg_geo_decay": 0.5865327384818507,
    "best_k": 34,
    "best_combined_score": 0.5564229271921993,
    "best_sse": 1363.204850099327,
    "total_runtime_sec": 1.7349917888641357
}