{
    "core_count": 202,
    "border_count": 42,
    "noise_count": 418,
    "noise_ratio": 0.6314199395770392,
    "neighbor_hist": [
        0,
        275,
        92,
        51,
        42,
        31,
        17,
        13,
        21,
        7,
        1,
        3,
        10,
        5,
        4,
        3,
        0,
        3,
        2,
        5,
        2,
        0,
        3,
        3,
        1,
        2,
        2,
        2,
        0,
        0,
        3,
        5,
        1,
        3,
        2,
        1,
        3,
        2,
        1,
        3,
        3,
        3,
        3,
        4,
        0,
        3,
        0,
        1,
        1,
        20
    ],
    "combined_score": 0.38143001300957063,
    "silhouette": -0.10629858927110108,
    "davies_bouldin": 1.9620896303238327,
    "sse": 629.2568759186105,
    "weights": {
        "alpha": 0.47,
        "beta": 0.53,
        "gamma": 0.0
    }
}