{
    "core_count": 604,
    "border_count": 48,
    "noise_count": 348,
    "noise_ratio": 0.348,
    "neighbor_hist": [
        0,
        233,
        79,
        44,
        40,
        33,
        39,
        23,
        27,
        5,
        10,
        20,
        24,
        19,
        8,
        8,
        5,
        4,
        7,
        5,
        4,
        4,
        6,
        9,
        5,
        2,
        7,
        7,
        3,
        4,
        2,
        2,
        10,
        12,
        3,
        7,
        7,
        3,
        5,
        7,
        4,
        3,
        3,
        7,
        9,
        3,
        2,
        5,
        1,
        221
    ],
    "combined_score": 0.41730806090635114,
    "silhouette": 0.011780286025295373,
    "davies_bouldin": 1.7684071443580194,
    "sse": 2306.4865316864025,
    "weights": {
        "alpha": 0.47,
        "beta": 0.53,
        "gamma": 0.0
    }
}