{
    "clean_state": "raw",
    "best_k": 7,
    "linkage": "single",
    "metric": "euclidean",
    "combined": 0.7731771965894342,
    "silhouette": 0.5324078950414212,
    "davies_bouldin": 0.2829261844240322,
    "sse": 16464.86586839399,
    "weights": {
        "alpha": 0.47,
        "beta": 0.53,
        "gamma": 0.0
    },
    "intra_dist_mean": 3.3380751422459163,
    "inter_dist_mean": 10.797171123273218,
    "ratio_intra_inter": 0.30916201143190297,
    "n_merge_steps": 2327,
    "h_max": 6.942918478774592,
    "total_runtime_sec": 129.97797274589539
}