{
    "clean_state": "raw",
    "best_k": 30,
    "linkage": "single",
    "metric": "euclidean",
    "combined": 0.6070289966870284,
    "silhouette": 0.18797463744610818,
    "davies_bouldin": 0.6152926010412408,
    "sse": 3518.396090359659,
    "weights": {
        "alpha": 0.47,
        "beta": 0.53,
        "gamma": 0.0
    },
    "intra_dist_mean": 2.537582156341296,
    "inter_dist_mean": 4.215376637561807,
    "ratio_intra_inter": 0.6019823077561209,
    "n_merge_steps": 1020,
    "h_max": 2.848221577831786,
    "total_runtime_sec": 43.37146329879761
}