{
    "clean_state": "raw",
    "best_k": 6,
    "linkage": "single",
    "metric": "euclidean",
    "combined": 0.8909888971311162,
    "silhouette": 0.15464579296365988,
    "davies_bouldin": 0.6145027561690076,
    "intra_dist_mean": 5.768278915946925,
    "inter_dist_mean": 7.829323820538798,
    "ratio_intra_inter": 0.7367531409052419,
    "n_merge_steps": 240,
    "total_runtime_sec": 3.052438259124756
}