{
    "core_count": 100,
    "border_count": 33,
    "noise_count": 328,
    "noise_ratio": 0.7114967462039046,
    "neighbor_hist": [
        0,
        179,
        87,
        46,
        29,
        20,
        14,
        15,
        7,
        4,
        5,
        5,
        1,
        6,
        1,
        4,
        3,
        0,
        0,
        1,
        2,
        2,
        0,
        4,
        3,
        2,
        1,
        5,
        2,
        0,
        4,
        1,
        1,
        3,
        1,
        0,
        1,
        2
    ],
    "combined_score": 0.3274296326272865,
    "silhouette": -0.13609157307858577,
    "davies_bouldin": 2.7094585618827165,
    "sse": 386.4257953983037,
    "weights": {
        "alpha": 0.47,
        "beta": 0.53,
        "gamma": 0.0
    }
}