{
    "centroid_movements": [
        1.2474772716620917e-15
    ],
    "sse_list": [
        1072.8687537895626,
        1072.8687537895626
    ],
    "final_iteration": 2
}