{
    "n_trials": 20,
    "avg_iterations": 10.55,
    "median_iterations": 9.5,
    "avg_auc_delta": 7.6708382000608335,
    "avg_geo_decay": 0.57541619580324,
    "best_k": 9,
    "best_combined_score": 0.5571392364515045,
    "best_sse": 1290.3249208115217,
    "weights": {
        "alpha": 0.47,
        "beta": 0.53,
        "gamma": 0.0
    },
    "total_runtime_sec": 0.6700248718261719
}