{
    "n_trials": 30,
    "avg_iterations": 9.5,
    "median_iterations": 9.0,
    "avg_auc_delta": 6.288464250789626,
    "avg_geo_decay": 0.5669518273389803,
    "best_k": 39,
    "best_combined_score": 0.7297937083509252,
    "best_sse": 955.6133910165021,
    "total_runtime_sec": 2.0013680458068848
}