{
    "n_trials": 31,
    "avg_iterations": 13.290322580645162,
    "median_iterations": 13.0,
    "avg_auc_delta": 9.480832952934147,
    "avg_geo_decay": 0.6605010963777321,
    "best_k": 39,
    "best_combined_score": 0.7104985949889127,
    "best_sse": 984.3973076253712,
    "total_runtime_sec": 11.397580623626709
}