{
    "n_trials": 31,
    "avg_iterations": 11.0,
    "median_iterations": 11.0,
    "avg_auc_delta": 17.29060955550186,
    "avg_geo_decay": 0.5854984314972447,
    "best_k": 7,
    "best_combined_score": 0.46194936089158767,
    "best_sse": 7002.7156839028985,
    "weights": {
        "alpha": 0.47,
        "beta": 0.53,
        "gamma": 0.0
    },
    "total_runtime_sec": 4.446866750717163
}