{
    "n_trials": 30,
    "avg_iterations": 3.7,
    "median_iterations": 3.5,
    "avg_auc_delta": 5.415557602295889,
    "avg_geo_decay": 0.21908074355666726,
    "best_k": 31,
    "best_combined_score": 0.6573776303012435,
    "best_sse": 888.6841649620238,
    "weights": {
        "alpha": 0.47,
        "beta": 0.53,
        "gamma": 0.0
    },
    "total_runtime_sec": 1.367394208908081
}