{
    "n_trials": 30,
    "avg_iterations": 4.333333333333333,
    "median_iterations": 4.0,
    "avg_auc_delta": 6.064133348045542,
    "avg_geo_decay": 0.25881244386013924,
    "best_k": 31,
    "best_combined_score": 0.8971391806238771,
    "best_sse": 1190.254499015751,
    "total_runtime_sec": 0.8678126335144043
}