{
    "n_trials": 31,
    "avg_iterations": 6.193548387096774,
    "median_iterations": 6.0,
    "avg_auc_delta": 9.872292346615696,
    "avg_geo_decay": 0.4283236980451969,
    "best_k": 30,
    "best_combined_score": 0.8146739016673464,
    "best_sse": 1447.3346099229009,
    "total_runtime_sec": 5.879070520401001
}