{
    "core_count": 478,
    "border_count": 39,
    "noise_count": 483,
    "noise_ratio": 0.483,
    "neighbor_hist": [
        0,
        258,
        130,
        78,
        56,
        39,
        18,
        24,
        33,
        50,
        26,
        11,
        9,
        10,
        12,
        29,
        24,
        14,
        14,
        8,
        8,
        4,
        5,
        2,
        0,
        2,
        1,
        2,
        3,
        5,
        1,
        4,
        2,
        0,
        2,
        2,
        1,
        2,
        3,
        2,
        0,
        1,
        1,
        0,
        0,
        0,
        2,
        0,
        1,
        101
    ],
    "combined_score": 0.4167582220905004,
    "silhouette": -0.023416040405015756,
    "davies_bouldin": 1.711196052909429,
    "sse": 1362.444872054031,
    "weights": {
        "alpha": 0.47,
        "beta": 0.53,
        "gamma": 0.0
    }
}