{
    "n_trials": 31,
    "avg_iterations": 8.870967741935484,
    "median_iterations": 8.0,
    "avg_auc_delta": 14.261440541056027,
    "avg_geo_decay": 0.5467070834379293,
    "best_k": 12,
    "best_combined_score": 0.5184813409064006,
    "best_sse": 1367.684620526993,
    "weights": {
        "alpha": 0.47,
        "beta": 0.53,
        "gamma": 0.0
    },
    "total_runtime_sec": 2.8524796962738037
}