{
    "clean_state": "raw",
    "best_k": 7,
    "best_cov_type": "tied",
    "best_combined": 0.5648085588637887,
    "best_silhouette": 0.2935934450168535,
    "best_db": 0.9695347800449065,
    "best_sse": 5021.469522838066,
    "weights": {
        "alpha": 0.47,
        "beta": 0.53,
        "gamma": 0.0
    },
    "n_iter_final": 1,
    "ll_curve_final": [
        -7.042870383393966,
        -6.941896752989961,
        -6.899905264427435,
        -6.884945587601986,
        -6.866751614712657,
        -6.841070549362819,
        -6.821975858499385,
        -6.8138965371251725,
        -6.81232149409101,
        -6.812221391768227
    ],
    "total_runtime_sec": 71.21012735366821
}