{
    "clean_state": "raw",
    "best_k": 48,
    "best_cov_type": "spherical",
    "best_combined": 0.796078833694434,
    "best_silhouette": 0.44790836402933903,
    "best_db": 0.8739354239185365,
    "n_iter_final": 1,
    "ll_curve_final": [
        -2.233817291652128,
        -1.9976345949747283,
        -1.8622323952993673,
        -1.837429581428203,
        -1.82418801030694,
        -1.8211761200270904,
        -1.8192294076655218,
        -1.8154349414972948,
        -1.8139608978356396,
        -1.8136128445438888
    ],
    "total_runtime_sec": 33.94159555435181
}