{
    "n_trials": 20,
    "avg_iterations": 3.0,
    "median_iterations": 3.0,
    "avg_auc_delta": 6.143551199196316,
    "avg_geo_decay": 0.19075397599483374,
    "best_k": 5,
    "best_combined_score": 0.4153783495783077,
    "best_sse": 620.628937237241,
    "weights": {
        "alpha": 0.47,
        "beta": 0.53,
        "gamma": 0.0
    },
    "total_runtime_sec": 0.18153929710388184
}