{
    "n_trials": 31,
    "avg_iterations": 11.290322580645162,
    "median_iterations": 11.0,
    "avg_auc_delta": 10.530896066666003,
    "avg_geo_decay": 0.6390604757502268,
    "best_k": 20,
    "best_combined_score": 0.5561383392987738,
    "best_sse": 714.9245189420715,
    "total_runtime_sec": 3.1283445358276367
}