{
    "n_trials": 30,
    "avg_iterations": 8.0,
    "median_iterations": 7.0,
    "avg_auc_delta": 6.834188311764546,
    "avg_geo_decay": 0.5166618036912386,
    "best_k": 20,
    "best_combined_score": 0.5680504474879583,
    "best_sse": 709.7905932509664,
    "total_runtime_sec": 0.3250463008880615
}