{
    "clean_state": "raw",
    "best_k": 27,
    "best_cov_type": "tied",
    "best_combined": 0.7629758267161245,
    "best_silhouette": 0.3829893179043247,
    "best_db": 0.8749194692737697,
    "n_iter_final": 1,
    "ll_curve_final": [
        -4.232504072393918,
        -4.1488831505855535,
        -4.103039928903652,
        -4.09784529658762,
        -4.0941229188749775,
        -4.091141607753318,
        -4.0890009509793925,
        -4.087511855263947,
        -4.086374074958734,
        -4.085429312606403
    ],
    "total_runtime_sec": 56.47398328781128
}