{
    "n_trials": 30,
    "avg_iterations": 8.033333333333333,
    "median_iterations": 6.5,
    "avg_auc_delta": 14.592510611629711,
    "avg_geo_decay": 0.4212929604713861,
    "best_k": 31,
    "best_combined_score": 0.5283898688698091,
    "best_sse": 4429.332530635577,
    "weights": {
        "alpha": 0.47,
        "beta": 0.53,
        "gamma": 0.0
    },
    "total_runtime_sec": 2.061971426010132
}