{
    "n_trials": 30,
    "avg_iterations": 18.433333333333334,
    "median_iterations": 18.0,
    "avg_auc_delta": 10.353450909851224,
    "avg_geo_decay": 0.6985113122665083,
    "best_k": 47,
    "best_combined_score": 0.49550825493411144,
    "best_sse": 2340.0941392182917,
    "total_runtime_sec": 6.1510584354400635
}