{
    "n_trials": 31,
    "avg_iterations": 7.258064516129032,
    "median_iterations": 8.0,
    "avg_auc_delta": 6.265427770151444,
    "avg_geo_decay": 0.39189972141486296,
    "best_k": 40,
    "best_combined_score": 0.5942088331039396,
    "best_sse": 1776.5868694961714,
    "weights": {
        "alpha": 0.47,
        "beta": 0.53,
        "gamma": 0.0
    },
    "total_runtime_sec": 26.57916522026062
}