{
    "clean_state": "raw",
    "best_k": 5,
    "linkage": "single",
    "metric": "manhattan",
    "combined": 1.376081973234288,
    "silhouette": 0.32936954845118344,
    "davies_bouldin": 0.41274653797215083,
    "intra_dist_mean": 5.720803173216183,
    "inter_dist_mean": 11.922805211189988,
    "ratio_intra_inter": 0.4798202328967448,
    "n_merge_steps": 999,
    "h_max": 17.35369233517311,
    "total_runtime_sec": 17.468364238739014
}