{
    "clean_state": "raw",
    "best_k": 5,
    "linkage": "single",
    "metric": "euclidean",
    "combined": 1.3760819442547751,
    "silhouette": 0.32936954845118344,
    "davies_bouldin": 0.41274654784603354,
    "intra_dist_mean": 5.720803173216183,
    "inter_dist_mean": 11.922805211189988,
    "ratio_intra_inter": 0.4798202328967448,
    "n_merge_steps": 999,
    "total_runtime_sec": 36.36752653121948
}