{
    "clean_state": "raw",
    "best_k": 5,
    "linkage": "single",
    "metric": "manhattan",
    "combined": 3.9488374320528425,
    "silhouette": 0.7740730250360033,
    "davies_bouldin": 0.1403784240881431,
    "intra_dist_mean": 2.476239907219888,
    "inter_dist_mean": 12.789160748719402,
    "ratio_intra_inter": 0.19362020353584533,
    "n_merge_steps": 155,
    "h_max": 14.366616706618013,
    "total_runtime_sec": 0.823345422744751
}