{
    "clean_state": "raw",
    "best_k": 5,
    "linkage": "single",
    "metric": "manhattan",
    "combined": 1.8921052139897923,
    "silhouette": 0.5208679895113647,
    "davies_bouldin": 0.30643428290332597,
    "intra_dist_mean": 3.516845489824635,
    "inter_dist_mean": 9.524710489190092,
    "ratio_intra_inter": 0.3692338464056886,
    "n_merge_steps": 397,
    "h_max": 12.071195896469636,
    "total_runtime_sec": 2.2062528133392334
}