{
    "n_trials": 31,
    "avg_iterations": 11.129032258064516,
    "median_iterations": 12.0,
    "avg_auc_delta": 10.286864960486463,
    "avg_geo_decay": 0.6046082620809353,
    "best_k": 8,
    "best_combined_score": 0.5458714167661721,
    "best_sse": 1590.8715042382892,
    "weights": {
        "alpha": 0.47,
        "beta": 0.53,
        "gamma": 0.0
    },
    "total_runtime_sec": 2.5228891372680664
}