{
    "core_count": 1312,
    "border_count": 42,
    "noise_count": 46,
    "noise_ratio": 0.032857142857142856,
    "neighbor_hist": [
        0,
        34,
        16,
        21,
        17,
        21,
        11,
        13,
        7,
        14,
        13,
        9,
        8,
        5,
        10,
        10,
        11,
        9,
        9,
        9,
        9,
        4,
        6,
        7,
        6,
        5,
        13,
        7,
        9,
        5,
        6,
        5,
        21,
        4,
        5,
        4,
        8,
        6,
        2,
        4,
        8,
        9,
        7,
        7,
        3,
        7,
        2,
        5,
        2,
        967
    ],
    "combined_score": 0.4799642289116965,
    "silhouette": 0.43589236755590494,
    "davies_bouldin": 1.6959310065950064,
    "sse": 8852.282447772563,
    "weights": {
        "alpha": 0.47,
        "beta": 0.53,
        "gamma": 0.0
    }
}