{
    "n_trials": 31,
    "avg_iterations": 13.580645161290322,
    "median_iterations": 12.0,
    "avg_auc_delta": 10.202980901783201,
    "avg_geo_decay": 0.6600046123941828,
    "best_k": 27,
    "best_combined_score": 0.5541850744848938,
    "best_sse": 942.6638342731599,
    "total_runtime_sec": 7.058887004852295
}