{
    "n_trials": 30,
    "avg_iterations": 10.533333333333333,
    "median_iterations": 9.0,
    "avg_auc_delta": 6.478978744436412,
    "avg_geo_decay": 0.5588848977337378,
    "best_k": 27,
    "best_combined_score": 0.5700695563132834,
    "best_sse": 803.2068510398539,
    "total_runtime_sec": 0.7263538837432861
}