{
    "clean_state": "raw",
    "best_k": 19,
    "best_cov_type": "full",
    "best_combined": 0.6649634010213866,
    "best_silhouette": 0.30092111291014206,
    "best_db": 0.9718119253965635,
    "n_iter_final": 1,
    "ll_curve_final": [
        43.76003289010079,
        43.76003290758479
    ],
    "total_runtime_sec": 5.115121364593506
}