{
    "clean_state": "raw",
    "best_k": 29,
    "best_cov_type": "tied",
    "best_combined": 0.5459912806202298,
    "best_silhouette": 0.29019921782022956,
    "best_db": 1.0810592914696222,
    "best_sse": 988.2631602350709,
    "weights": {
        "alpha": 0.47,
        "beta": 0.53,
        "gamma": 0.0
    },
    "n_iter_final": 1,
    "ll_curve_final": [
        -6.175534212848517,
        -6.1325603339087875,
        -6.106332477399498,
        -6.084149629609532,
        -6.067472190042524,
        -6.0543775948128555,
        -6.050085654618763,
        -6.048285936628428,
        -6.045011978310173,
        -6.0369890222173055,
        -6.025145141238076,
        -6.000546127128464,
        -5.979358394811764,
        -5.970429100663342,
        -5.963110110643143,
        -5.962425211095538
    ],
    "total_runtime_sec": 18.278626680374146
}