{
    "clean_state": "raw",
    "best_k": 7,
    "linkage": "single",
    "metric": "manhattan",
    "combined": 2.0877106803025747,
    "silhouette": 0.510195489788529,
    "davies_bouldin": 0.2728344814878211,
    "intra_dist_mean": 3.2479545423077507,
    "inter_dist_mean": 12.025559289660416,
    "ratio_intra_inter": 0.27008760790860464,
    "n_merge_steps": 2335,
    "total_runtime_sec": 138.4266815185547
}