{
    "n_trials": 31,
    "avg_iterations": 4.451612903225806,
    "median_iterations": 4.0,
    "avg_auc_delta": 4.603979438676484,
    "avg_geo_decay": 0.3998862736957561,
    "best_k": 10,
    "best_combined_score": 0.5470250933666275,
    "best_sse": 1620.420876270229,
    "weights": {
        "alpha": 0.47,
        "beta": 0.53,
        "gamma": 0.0
    },
    "total_runtime_sec": 1.0794625282287598
}