{
    "core_count": 70,
    "border_count": 26,
    "noise_count": 52,
    "noise_ratio": 0.35135135135135137,
    "neighbor_hist": [
        0,
        25,
        17,
        19,
        17,
        19,
        10,
        5,
        10,
        8,
        7,
        3,
        0,
        1,
        4,
        1,
        0,
        0,
        1,
        1
    ],
    "combined_score": 0.3970946199616735,
    "silhouette": 0.02646503953769883,
    "davies_bouldin": 2.0236362678132975,
    "sse": 286.8584020723579,
    "weights": {
        "alpha": 0.47,
        "beta": 0.53,
        "gamma": 0.0
    }
}