{
    "clean_state": "raw",
    "best_k": 28,
    "best_cov_type": "spherical",
    "best_combined": 0.4558167244044021,
    "best_silhouette": 0.159680086851791,
    "best_db": 1.3298697107988553,
    "n_iter_final": 1,
    "ll_curve_final": [
        -8.046039029187563,
        -7.959954682748053,
        -7.928180506028341,
        -7.909523186070272,
        -7.889511168327979,
        -7.866637470340746,
        -7.840183110765001,
        -7.817495582420237,
        -7.798363240312093,
        -7.787455594518047,
        -7.7786060277622315,
        -7.773422983679163,
        -7.769074234845024,
        -7.765695126945322,
        -7.7632566824415745,
        -7.761038012389982,
        -7.758092112362075,
        -7.753802365830708,
        -7.748104824917352,
        -7.743545397647309,
        -7.737038040013089,
        -7.729155577229303,
        -7.723030081621597,
        -7.7180821234866555,
        -7.713470770069881,
        -7.706738039671005,
        -7.698264151674432,
        -7.691508415317893,
        -7.687328678619235,
        -7.68493416717006,
        -7.683378193152152,
        -7.682190211642168,
        -7.681139110672919,
        -7.680115055932157,
        -7.679120202589623
    ],
    "total_runtime_sec": 30.49242353439331
}