{
    "n_trials": 30,
    "avg_iterations": 8.566666666666666,
    "median_iterations": 7.5,
    "avg_auc_delta": 6.8911459564024415,
    "avg_geo_decay": 0.48925895760253707,
    "best_k": 49,
    "best_combined_score": 0.8056397414164144,
    "best_sse": 1419.017217552303,
    "total_runtime_sec": 4.16267204284668
}