{
    "n_trials": 30,
    "avg_iterations": 17.266666666666666,
    "median_iterations": 17.0,
    "avg_auc_delta": 19.569241559168738,
    "avg_geo_decay": 0.7445041035958941,
    "best_k": 30,
    "best_combined_score": 0.3921814183415763,
    "best_sse": 10202.118031884951,
    "weights": {
        "alpha": 0.47,
        "beta": 0.53,
        "gamma": 0.0
    },
    "total_runtime_sec": 3.889580011367798
}