{
    "n_trials": 31,
    "avg_iterations": 12.096774193548388,
    "median_iterations": 11.0,
    "avg_auc_delta": 15.331977983069924,
    "avg_geo_decay": 0.6118284090950447,
    "best_k": 48,
    "best_combined_score": 0.7881658382589819,
    "best_sse": 1531.8114907036747,
    "total_runtime_sec": 18.732457876205444
}