{
    "n_trials": 31,
    "avg_iterations": 11.903225806451612,
    "median_iterations": 11.0,
    "avg_auc_delta": 11.311690541979965,
    "avg_geo_decay": 0.625168606357524,
    "best_k": 25,
    "best_combined_score": 0.6237232417539982,
    "best_sse": 785.1981474386273,
    "total_runtime_sec": 5.506503105163574
}