{
    "n_trials": 30,
    "avg_iterations": 8.866666666666667,
    "median_iterations": 9.0,
    "avg_auc_delta": 14.93993423101745,
    "avg_geo_decay": 0.6205428849166369,
    "best_k": 17,
    "best_combined_score": 0.4302465553541182,
    "best_sse": 3910.4476525973014,
    "weights": {
        "alpha": 0.47,
        "beta": 0.53,
        "gamma": 0.0
    },
    "total_runtime_sec": 3.2574799060821533
}