{
    "clean_state": "raw",
    "best_k": 11,
    "linkage": "single",
    "metric": "euclidean",
    "combined": 1.0547520559936092,
    "silhouette": 0.18255452154722446,
    "davies_bouldin": 0.5189549352827973,
    "intra_dist_mean": 2.976457669595316,
    "inter_dist_mean": 5.092144377890268,
    "ratio_intra_inter": 0.5845194968387584,
    "n_merge_steps": 915,
    "h_max": 3.1340208310269104,
    "total_runtime_sec": 12.988728046417236
}