{
    "n_trials": 31,
    "avg_iterations": 6.161290322580645,
    "median_iterations": 6.0,
    "avg_auc_delta": 4.955343178285967,
    "avg_geo_decay": 0.4882812903779761,
    "best_k": 10,
    "best_combined_score": 0.5655935661786484,
    "best_sse": 1161.6794655566596,
    "weights": {
        "alpha": 0.47,
        "beta": 0.53,
        "gamma": 0.0
    },
    "total_runtime_sec": 1.3273389339447021
}