{
    "clean_state": "raw",
    "best_k": 21,
    "linkage": "average",
    "metric": "euclidean",
    "combined": 0.612259812714109,
    "silhouette": 0.3230593202236333,
    "davies_bouldin": 0.7411678797652388,
    "sse": 2232.5494900481413,
    "weights": {
        "alpha": 0.47,
        "beta": 0.53,
        "gamma": 0.0
    },
    "intra_dist_mean": 1.8212035628736924,
    "inter_dist_mean": 3.7853532781726154,
    "ratio_intra_inter": 0.4811185189437325,
    "n_merge_steps": 1258,
    "h_max": 6.782439116865146,
    "total_runtime_sec": 139.29969716072083
}