{
    "clean_state": "raw",
    "best_k": 11,
    "linkage": "single",
    "metric": "euclidean",
    "combined": 0.9777344977532255,
    "silhouette": 0.149306877684123,
    "davies_bouldin": 0.5536601560471716,
    "intra_dist_mean": 5.614719778543568,
    "inter_dist_mean": 8.930604944934105,
    "ratio_intra_inter": 0.6287054251266478,
    "n_merge_steps": 408,
    "h_max": 8.94187237221072,
    "total_runtime_sec": 2.670499563217163
}