{
    "clean_state": "raw",
    "best_k": 5,
    "linkage": "single",
    "metric": "manhattan",
    "combined": 1.0999579110489326,
    "silhouette": 0.23953996856083118,
    "davies_bouldin": 0.5101062626310852,
    "intra_dist_mean": 5.717518557083897,
    "inter_dist_mean": 9.480669953857241,
    "ratio_intra_inter": 0.6030711526622761,
    "n_merge_steps": 408,
    "total_runtime_sec": 4.54548454284668
}