{
    "clean_state": "raw",
    "best_k": 5,
    "linkage": "average",
    "metric": "manhattan",
    "combined": 4.088446358841513,
    "silhouette": 0.781929017513521,
    "davies_bouldin": 0.13522716818435204,
    "intra_dist_mean": 2.455841989498999,
    "inter_dist_mean": 13.428848447774985,
    "ratio_intra_inter": 0.18287807767357167,
    "n_merge_steps": 154,
    "total_runtime_sec": 1.6062090396881104
}