{
    "clean_state": "raw",
    "best_k": 5,
    "linkage": "single",
    "metric": "euclidean",
    "combined": 0.8114318954109953,
    "silhouette": 0.6211303669384115,
    "davies_bouldin": 0.23122074234284748,
    "sse": 266.77928214796475,
    "weights": {
        "alpha": 0.47,
        "beta": 0.53,
        "gamma": 0.0
    },
    "intra_dist_mean": 2.318232832893148,
    "inter_dist_mean": 7.96246227596492,
    "ratio_intra_inter": 0.29114522022798844,
    "n_merge_steps": 69,
    "h_max": 9.02302016737226,
    "total_runtime_sec": 6.576765060424805
}