{
    "n_trials": 31,
    "avg_iterations": 13.741935483870968,
    "median_iterations": 13.0,
    "avg_auc_delta": 10.390245798322518,
    "avg_geo_decay": 0.6208393794784127,
    "best_k": 7,
    "best_combined_score": 0.5466044522077725,
    "best_sse": 3007.285373468636,
    "weights": {
        "alpha": 0.47,
        "beta": 0.53,
        "gamma": 0.0
    },
    "total_runtime_sec": 153.50948524475098
}