{
    "n_trials": 31,
    "avg_iterations": 16.0,
    "median_iterations": 14.0,
    "avg_auc_delta": 11.424638651533089,
    "avg_geo_decay": 0.7318205826535725,
    "best_k": 25,
    "best_combined_score": 0.5042579856890785,
    "best_sse": 1958.656030275875,
    "weights": {
        "alpha": 0.47,
        "beta": 0.53,
        "gamma": 0.0
    },
    "total_runtime_sec": 6.43048357963562
}