{
    "n_trials": 31,
    "avg_iterations": 13.67741935483871,
    "median_iterations": 12.0,
    "avg_auc_delta": 11.134808940166362,
    "avg_geo_decay": 0.6519373605833816,
    "best_k": 10,
    "best_combined_score": 0.5537857952637438,
    "best_sse": 1593.3628597109569,
    "weights": {
        "alpha": 0.47,
        "beta": 0.53,
        "gamma": 0.0
    },
    "total_runtime_sec": 11.986999988555908
}