{
    "clean_state": "raw",
    "best_k": 9,
    "best_cov_type": "diag",
    "best_combined": 0.5488467382053189,
    "best_silhouette": 0.2705457572591431,
    "best_db": 1.0418164448255807,
    "best_sse": 3217.5205533306157,
    "weights": {
        "alpha": 0.47,
        "beta": 0.53,
        "gamma": 0.0
    },
    "n_iter_final": 1,
    "ll_curve_final": [
        25.61473963961727,
        26.552671388526537,
        26.552714148514966
    ],
    "total_runtime_sec": 7.067392110824585
}