{
    "clean_state": "raw",
    "best_k": 9,
    "best_cov_type": "tied",
    "best_combined": 0.6075455798548898,
    "best_silhouette": 0.2747043581424697,
    "best_db": 1.0633922108789011,
    "n_iter_final": 1,
    "ll_curve_final": [
        -8.525757362360542,
        -8.461988389533769,
        -8.416827975733197,
        -8.352531446843694,
        -8.174608053045953,
        -8.028600583921275,
        -7.990039517138146,
        -7.873496568306881,
        -7.770212359745742,
        -7.763830025941513,
        -7.7617249465250024,
        -7.760442512292933,
        -7.759675226504747
    ],
    "total_runtime_sec": 22.664481163024902
}