{
    "n_trials": 30,
    "avg_iterations": 12.133333333333333,
    "median_iterations": 9.0,
    "avg_auc_delta": 14.688797144113174,
    "avg_geo_decay": 0.5759529178090875,
    "best_k": 29,
    "best_combined_score": 0.47571730428533643,
    "best_sse": 3808.603783808975,
    "total_runtime_sec": 1.5498802661895752
}