{
    "n_trials": 30,
    "avg_iterations": 10.8,
    "median_iterations": 9.0,
    "avg_auc_delta": 5.77597802133426,
    "avg_geo_decay": 0.5522407130153729,
    "best_k": 48,
    "best_combined_score": 0.7903845261673882,
    "best_sse": 1006.549057453849,
    "total_runtime_sec": 4.189183235168457
}