{
    "n_trials": 31,
    "avg_iterations": 15.838709677419354,
    "median_iterations": 13.0,
    "avg_auc_delta": 10.93363630680104,
    "avg_geo_decay": 0.6867133668737593,
    "best_k": 42,
    "best_combined_score": 0.5329610715380496,
    "best_sse": 1771.9800109854646,
    "weights": {
        "alpha": 0.47,
        "beta": 0.53,
        "gamma": 0.0
    },
    "total_runtime_sec": 14.508605480194092
}