{
    "clean_state": "raw",
    "best_k": 48,
    "best_cov_type": "spherical",
    "best_combined": 0.6899218504799516,
    "best_silhouette": 0.34425491508743417,
    "best_db": 0.9656342494646791,
    "n_iter_final": 1,
    "ll_curve_final": [
        -3.689851233642234,
        -3.5482457307140036,
        -3.4647963585379826,
        -3.432083677178026,
        -3.410860620095566,
        -3.395668345390011,
        -3.3875824062542876,
        -3.383703838730705,
        -3.381356160849936,
        -3.379954609575608,
        -3.378930766525637,
        -3.37800558115899
    ],
    "total_runtime_sec": 35.43954873085022
}