{
    "clean_state": "raw",
    "best_k": 7,
    "linkage": "single",
    "metric": "euclidean",
    "combined": 1.3356337709195452,
    "silhouette": 0.42821878794645996,
    "davies_bouldin": 0.4458217853109882,
    "intra_dist_mean": 4.515612961062202,
    "inter_dist_mean": 11.387463962230568,
    "ratio_intra_inter": 0.39654245897409546,
    "n_merge_steps": 737,
    "total_runtime_sec": 19.76802706718445
}