{
    "clean_state": "raw",
    "best_k": 5,
    "linkage": "single",
    "metric": "euclidean",
    "combined": 0.9756376268286253,
    "silhouette": 0.15284611985606533,
    "davies_bouldin": 0.5560408142890712,
    "intra_dist_mean": 3.2753806965414265,
    "inter_dist_mean": 4.737088194467922,
    "ratio_intra_inter": 0.6914333366994937,
    "n_merge_steps": 1246,
    "h_max": 2.4123622065155734,
    "total_runtime_sec": 30.209290504455566
}