{
    "clean_state": "raw",
    "best_k": 5,
    "linkage": "single",
    "metric": "euclidean",
    "combined": 0.9756376268285624,
    "silhouette": 0.1528461198559395,
    "davies_bouldin": 0.5560408142890712,
    "intra_dist_mean": 3.2753806965419767,
    "inter_dist_mean": 4.737088194467922,
    "ratio_intra_inter": 0.6914333366996098,
    "n_merge_steps": 1246,
    "total_runtime_sec": 34.6944363117218
}