{
    "clean_state": "raw",
    "best_k": 8,
    "best_cov_type": "tied",
    "best_combined": 0.6808311821069409,
    "best_silhouette": 0.2866985797548434,
    "best_db": 0.9302638976839921,
    "n_iter_final": 1,
    "ll_curve_final": [
        -7.694042293354912,
        -7.271880693109945,
        -7.160687049526553,
        -7.043799134653141,
        -6.790056707199117,
        -6.782660198499832,
        -6.770106545784838,
        -6.747119480417012,
        -6.718321900882858,
        -6.714130802264988,
        -6.713493697246412
    ],
    "total_runtime_sec": 20.756747245788574
}