{
    "clean_state": "raw",
    "best_k": 20,
    "best_cov_type": "full",
    "best_combined": 0.49447696127126584,
    "best_silhouette": 0.19556327514224714,
    "best_db": 1.332261576958161,
    "best_sse": 5071.5043838626325,
    "weights": {
        "alpha": 0.47,
        "beta": 0.53,
        "gamma": 0.0
    },
    "n_iter_final": 1,
    "ll_curve_final": [
        20.367113026142846,
        20.483240081853456,
        20.571495720004968,
        21.082891672855208,
        21.082891673759807
    ],
    "total_runtime_sec": 8.540042877197266
}