{
    "clean_state": "raw",
    "best_k": 6,
    "best_cov_type": "tied",
    "best_combined": 0.5228465531242482,
    "best_silhouette": 0.2603998976980837,
    "best_db": 1.2015320696468792,
    "best_sse": 3885.339606709572,
    "weights": {
        "alpha": 0.47,
        "beta": 0.53,
        "gamma": 0.0
    },
    "n_iter_final": 1,
    "ll_curve_final": [
        -9.401393879185356,
        -9.337643342368404,
        -9.247963964043022,
        -9.17377010706915,
        -9.142047085026336,
        -9.11628164846051,
        -9.074539357124639,
        -9.03412876320878,
        -9.026137393133121,
        -9.022490346528814,
        -9.019469375460416,
        -9.016604992121279,
        -9.013631345025864,
        -9.010222265152835,
        -9.005877027280885,
        -8.999760565497757,
        -8.99074254150079,
        -8.97873092860661,
        -8.964863366413116,
        -8.955356690354071,
        -8.949165434846211,
        -8.943912956874165,
        -8.939449107201245,
        -8.933090313311977,
        -8.915402093774514,
        -8.897153043770883,
        -8.866349515027194,
        -8.848742785376885,
        -8.84568049433613,
        -8.840775639535737,
        -8.830006523188823,
        -8.825650400792473,
        -8.825152653033008
    ],
    "total_runtime_sec": 18.335519552230835
}