{
    "n_trials": 31,
    "avg_iterations": 6.516129032258065,
    "median_iterations": 7.0,
    "avg_auc_delta": 5.135978230601676,
    "avg_geo_decay": 0.3784274272930882,
    "best_k": 15,
    "best_combined_score": 0.6802554978466383,
    "best_sse": 855.6004101258715,
    "weights": {
        "alpha": 0.47,
        "beta": 0.53,
        "gamma": 0.0
    },
    "total_runtime_sec": 1.1216254234313965
}