{
    "clean_state": "raw",
    "best_k": 39,
    "best_cov_type": "spherical",
    "best_combined": 0.6674199103591356,
    "best_silhouette": 0.3716115700392564,
    "best_db": 1.0381755303533338,
    "n_iter_final": 1,
    "ll_curve_final": [
        -3.066382892728585,
        -2.875954513897371,
        -2.7242235798004435,
        -2.653207957890925,
        -2.6112186378242694,
        -2.580393786344953,
        -2.5464830901873863,
        -2.523459127107512,
        -2.51809840171175,
        -2.514980764804572,
        -2.5137981001146703,
        -2.5130525675903255
    ],
    "total_runtime_sec": 54.11031126976013
}