{
    "clean_state": "raw",
    "best_k": 9,
    "best_cov_type": "tied",
    "best_combined": 0.5777270286554873,
    "best_silhouette": 0.30626124124351867,
    "best_db": 0.9081325173109539,
    "best_sse": 6720.240635767484,
    "weights": {
        "alpha": 0.47,
        "beta": 0.53,
        "gamma": 0.0
    },
    "n_iter_final": 1,
    "ll_curve_final": [
        -8.165577784105865,
        -8.07721982278755,
        -8.065021887970687,
        -8.060508278494563,
        -8.057487400669427,
        -8.055218741779608,
        -8.053492493314772,
        -8.052195141104148,
        -8.05123791007271
    ],
    "total_runtime_sec": 37.74110460281372
}