{
    "clean_state": "raw",
    "best_k": 44,
    "linkage": "complete",
    "metric": "euclidean",
    "combined": 2.9584597063228926,
    "silhouette": 0.8243852398044671,
    "davies_bouldin": 0.19636588897783716,
    "intra_dist_mean": 0.4930703696800329,
    "inter_dist_mean": 3.814585989155019,
    "ratio_intra_inter": 0.12925920953983402,
    "n_merge_steps": 2375,
    "h_max": 7.8349929976701835,
    "total_runtime_sec": 139.8205749988556
}