{
    "clean_state": "raw",
    "best_k": 5,
    "linkage": "single",
    "metric": "euclidean",
    "combined": 0.7890832236087828,
    "silhouette": 0.5518108103453624,
    "davies_bouldin": 0.24820661394904336,
    "sse": 16297.4493051727,
    "weights": {
        "alpha": 0.47,
        "beta": 0.53,
        "gamma": 0.0
    },
    "intra_dist_mean": 3.4022905801526857,
    "inter_dist_mean": 19.742502623776627,
    "ratio_intra_inter": 0.1723332976061003,
    "n_merge_steps": 2409,
    "h_max": 49.87331859257877,
    "total_runtime_sec": 135.77218222618103
}