{
    "clean_state": "raw",
    "best_k": 5,
    "linkage": "single",
    "metric": "euclidean",
    "combined": 2.0836043481827162,
    "silhouette": 0.5142193382717202,
    "davies_bouldin": 0.2737484021913065,
    "intra_dist_mean": 3.271961800147436,
    "inter_dist_mean": 11.75055900397969,
    "ratio_intra_inter": 0.27845158677463827,
    "n_merge_steps": 1010,
    "total_runtime_sec": 25.414649486541748
}