{
    "clean_state": "raw",
    "best_k": 5,
    "linkage": "single",
    "metric": "manhattan",
    "combined": 2.083604348182761,
    "silhouette": 0.5142193382718103,
    "davies_bouldin": 0.2737484021913065,
    "intra_dist_mean": 3.2719618001468507,
    "inter_dist_mean": 11.75055900397969,
    "ratio_intra_inter": 0.2784515867745884,
    "n_merge_steps": 1010,
    "h_max": 28.0692508056576,
    "total_runtime_sec": 17.04417872428894
}