{
    "n_trials": 31,
    "avg_iterations": 11.096774193548388,
    "median_iterations": 10.0,
    "avg_auc_delta": 10.149006244253636,
    "avg_geo_decay": 0.6824401853623574,
    "best_k": 27,
    "best_combined_score": 0.5405178588991845,
    "best_sse": 1795.975583883029,
    "weights": {
        "alpha": 0.47,
        "beta": 0.53,
        "gamma": 0.0
    },
    "total_runtime_sec": 26.11107873916626
}