{
    "n_trials": 30,
    "avg_iterations": 10.7,
    "median_iterations": 10.5,
    "avg_auc_delta": 3.6277477068678534,
    "avg_geo_decay": 0.5347932869471231,
    "best_k": 40,
    "best_combined_score": 0.7489356963180693,
    "best_sse": 292.51613458972116,
    "total_runtime_sec": 2.3195018768310547
}