{
    "n_trials": 31,
    "avg_iterations": 12.548387096774194,
    "median_iterations": 12.0,
    "avg_auc_delta": 4.899967284009626,
    "avg_geo_decay": 0.5913403363771594,
    "best_k": 40,
    "best_combined_score": 0.7324268551636028,
    "best_sse": 308.55062089035977,
    "total_runtime_sec": 10.390068292617798
}