{
    "n_trials": 30,
    "avg_iterations": 14.166666666666666,
    "median_iterations": 14.0,
    "avg_auc_delta": 10.197197519448109,
    "avg_geo_decay": 0.6882569426253498,
    "best_k": 27,
    "best_combined_score": 0.5198431828108632,
    "best_sse": 1589.9996198696883,
    "weights": {
        "alpha": 0.47,
        "beta": 0.53,
        "gamma": 0.0
    },
    "total_runtime_sec": 2.903219699859619
}