{
    "n_trials": 31,
    "avg_iterations": 10.612903225806452,
    "median_iterations": 10.0,
    "avg_auc_delta": 14.508874881535123,
    "avg_geo_decay": 0.5649691171205969,
    "best_k": 30,
    "best_combined_score": 0.5129382746691796,
    "best_sse": 2287.6205725957284,
    "weights": {
        "alpha": 0.47,
        "beta": 0.53,
        "gamma": 0.0
    },
    "total_runtime_sec": 97.79434871673584
}