{
    "n_trials": 31,
    "avg_iterations": 6.225806451612903,
    "median_iterations": 6.0,
    "avg_auc_delta": 5.191948367949037,
    "avg_geo_decay": 0.3226276817371828,
    "best_k": 43,
    "best_combined_score": 0.7573759815889959,
    "best_sse": 301.26561395734035,
    "weights": {
        "alpha": 0.47,
        "beta": 0.53,
        "gamma": 0.0
    },
    "total_runtime_sec": 11.806942224502563
}