{
    "n_trials": 31,
    "avg_iterations": 10.806451612903226,
    "median_iterations": 10.0,
    "avg_auc_delta": 6.91256603272813,
    "avg_geo_decay": 0.6402857495531739,
    "best_k": 48,
    "best_combined_score": 0.6144192672330566,
    "best_sse": 755.5787196299128,
    "weights": {
        "alpha": 0.47,
        "beta": 0.53,
        "gamma": 0.0
    },
    "total_runtime_sec": 21.666438102722168
}