{
    "core_count": 1565,
    "border_count": 36,
    "noise_count": 37,
    "noise_ratio": 0.022588522588522588,
    "neighbor_hist": [
        0,
        2,
        0,
        1,
        1,
        10,
        3,
        0,
        3,
        0,
        1,
        2,
        4,
        1,
        4,
        1,
        3,
        2,
        19,
        12,
        4,
        3,
        8,
        1,
        8,
        9,
        17,
        9,
        2,
        2,
        0,
        1,
        1,
        1,
        2,
        0,
        1,
        1,
        0,
        0,
        1,
        1,
        0,
        3,
        0,
        3,
        0,
        0,
        0,
        1491
    ],
    "combined_score": 0.6592919457170943,
    "silhouette": 0.605750497908276,
    "davies_bouldin": 0.7573258095100691,
    "sse": 2595.6805371171267,
    "weights": {
        "alpha": 0.47,
        "beta": 0.53,
        "gamma": 0.0
    }
}