{
    "clean_state": "raw",
    "best_k": 7,
    "best_cov_type": "tied",
    "best_combined": 0.511756439198805,
    "best_silhouette": 0.23957861181742826,
    "best_db": 1.2560987486216544,
    "best_sse": 5066.244433863876,
    "weights": {
        "alpha": 0.47,
        "beta": 0.53,
        "gamma": 0.0
    },
    "n_iter_final": 1,
    "ll_curve_final": [
        -9.00034431799658,
        -8.931942679551454,
        -8.895566386128932,
        -8.862739108190766,
        -8.830656731587885,
        -8.810766175077037,
        -8.799071082381255,
        -8.795341391921838,
        -8.793951566246086,
        -8.793201211176674
    ],
    "total_runtime_sec": 25.38216209411621
}