{
    "clean_state": "raw",
    "best_k": 27,
    "best_cov_type": "tied",
    "best_combined": 0.5632825130682082,
    "best_silhouette": 0.2469843372939718,
    "best_db": 1.136905360343951,
    "n_iter_final": 1,
    "ll_curve_final": [
        7.921099178956211,
        8.06370471887304,
        8.20072986554101,
        8.371918689477306,
        8.414208286156265,
        8.422068756539158,
        8.457429758945572,
        8.500962319623083,
        8.510526866749004,
        8.537838143122416,
        8.600552486321215,
        8.672067103549502,
        8.685467517866238,
        8.688102677568349,
        8.6902690932014,
        8.69305341068908,
        8.694704441129202,
        8.697928667455157,
        8.699092583543221,
        8.699240987986233
    ],
    "total_runtime_sec": 21.655824899673462
}