{
    "clean_state": "raw",
    "best_k": 12,
    "best_cov_type": "tied",
    "best_combined": 0.5663088361116734,
    "best_silhouette": 0.32945125665578096,
    "best_db": 0.9976647090262468,
    "best_sse": 3643.231827527024,
    "weights": {
        "alpha": 0.47,
        "beta": 0.53,
        "gamma": 0.0
    },
    "n_iter_final": 1,
    "ll_curve_final": [
        -6.176789379745616,
        -6.072208909044192,
        -5.918732978327666,
        -5.783132312343351,
        -5.770530941613018,
        -5.7690229983777135,
        -5.767853953421269,
        -5.766985531050205
    ],
    "total_runtime_sec": 27.068698406219482
}