{
    "n_trials": 31,
    "avg_iterations": 6.225806451612903,
    "median_iterations": 6.0,
    "avg_auc_delta": 8.906151536330736,
    "avg_geo_decay": 0.49354520052639306,
    "best_k": 13,
    "best_combined_score": 0.6953371824726827,
    "best_sse": 454.2424547025827,
    "weights": {
        "alpha": 0.47,
        "beta": 0.53,
        "gamma": 0.0
    },
    "total_runtime_sec": 2.3619346618652344
}