{
    "clean_state": "raw",
    "best_k": 5,
    "linkage": "single",
    "metric": "manhattan",
    "combined": 1.904379798209607,
    "silhouette": 0.5175490181345952,
    "davies_bouldin": 0.30383956790792793,
    "intra_dist_mean": 3.5103088388065844,
    "inter_dist_mean": 9.608165179777707,
    "ratio_intra_inter": 0.3653464291178467,
    "n_merge_steps": 387,
    "h_max": 12.434775040937284,
    "total_runtime_sec": 2.0159976482391357
}