{
    "clean_state": "raw",
    "best_k": 5,
    "linkage": "single",
    "metric": "manhattan",
    "combined": 1.9043797982095292,
    "silhouette": 0.5175490181344402,
    "davies_bouldin": 0.30383956790792793,
    "intra_dist_mean": 3.5103088388077364,
    "inter_dist_mean": 9.608165179777707,
    "ratio_intra_inter": 0.3653464291179666,
    "n_merge_steps": 387,
    "total_runtime_sec": 6.085845947265625
}