{
    "n_trials": 31,
    "avg_iterations": 8.903225806451612,
    "median_iterations": 8.0,
    "avg_auc_delta": 14.697141157847533,
    "avg_geo_decay": 0.47625746967552407,
    "best_k": 12,
    "best_combined_score": 0.5410133781519725,
    "best_sse": 2834.793791355996,
    "weights": {
        "alpha": 0.47,
        "beta": 0.53,
        "gamma": 0.0
    },
    "total_runtime_sec": 7.89975380897522
}