{
    "n_trials": 31,
    "avg_iterations": 16.096774193548388,
    "median_iterations": 16.0,
    "avg_auc_delta": 20.68199882268585,
    "avg_geo_decay": 0.7091072424260777,
    "best_k": 15,
    "best_combined_score": 0.4155900224639496,
    "best_sse": 10076.673027637378,
    "weights": {
        "alpha": 0.47,
        "beta": 0.53,
        "gamma": 0.0
    },
    "total_runtime_sec": 4.643229246139526
}