{
    "clean_state": "raw",
    "best_k": 8,
    "best_cov_type": "tied",
    "best_combined": 0.6544182381889879,
    "best_silhouette": 0.2827928929350134,
    "best_db": 0.9746174686307464,
    "n_iter_final": 1,
    "ll_curve_final": [
        -6.389851632004812,
        -6.351160471401663,
        -6.328262864315267,
        -6.319614874135155,
        -6.312127619720863,
        -6.304445319327359,
        -6.295857968134136,
        -6.284886643663776,
        -6.26606593736706,
        -6.226357481414788,
        -6.1789325672778554,
        -6.160246940368024,
        -6.154197093844474,
        -6.152933804678974,
        -6.152436881243007
    ],
    "total_runtime_sec": 9.253702640533447
}