{
    "clean_state": "raw",
    "best_k": 19,
    "best_cov_type": "full",
    "best_combined": 0.42940197199059627,
    "best_silhouette": 0.12456958066202162,
    "best_db": 1.816877122007909,
    "best_sse": 3850.359159559557,
    "weights": {
        "alpha": 0.47,
        "beta": 0.53,
        "gamma": 0.0
    },
    "n_iter_final": 1,
    "ll_curve_final": [
        11.389300249927118,
        11.500824074515805,
        11.55424505840602,
        11.762219696374395,
        11.76910167562021,
        11.771091684451614,
        11.780147117619148,
        11.784306122950552,
        11.784344941053739
    ],
    "total_runtime_sec": 25.832457780838013
}