{
    "clean_state": "raw",
    "best_k": 42,
    "best_cov_type": "tied",
    "best_combined": 0.7369670840688574,
    "best_silhouette": 0.3907649309275131,
    "best_db": 0.9232167658080732,
    "n_iter_final": 1,
    "ll_curve_final": [
        -0.9193036195442998,
        -0.6655529589368887,
        -0.2756665538691295,
        0.42626462126500103,
        0.678636446593176,
        0.738820490020181,
        0.7589378380716411,
        0.7656064360471451,
        0.7726758874965225,
        0.7775786460244403,
        0.7953322393232054,
        0.8884405160738448,
        0.9276777694252925,
        0.9326995314472902,
        0.9339900171654179,
        0.9343503239532791
    ],
    "total_runtime_sec": 40.59174418449402
}