{
    "clean_state": "raw",
    "best_k": 31,
    "best_cov_type": "diag",
    "best_combined": 0.7816307022420469,
    "best_silhouette": 0.4162277225580844,
    "best_db": 0.8718139804934744,
    "n_iter_final": 1,
    "ll_curve_final": [
        1.781605032346322,
        1.9563656667880625,
        2.108109238038625,
        2.1422905544958777,
        2.1440535420928586,
        2.1460583209774677,
        2.1518377724490523,
        2.17395750144849,
        2.2387573715167957,
        2.3356414805758337,
        2.347838773979662,
        2.366087523484006,
        2.4822858570320925,
        3.400028910957035,
        3.442615756564655,
        3.6706853053190667,
        3.836240861189214,
        3.871064565830365,
        3.871077485942833
    ],
    "total_runtime_sec": 31.393736839294434
}