{
    "n_trials": 31,
    "avg_iterations": 16.0,
    "median_iterations": 15.0,
    "avg_auc_delta": 7.429298631520812,
    "avg_geo_decay": 0.6469064834144223,
    "best_k": 7,
    "best_combined_score": 0.5632858590525209,
    "best_sse": 4758.2274489745105,
    "weights": {
        "alpha": 0.47,
        "beta": 0.53,
        "gamma": 0.0
    },
    "total_runtime_sec": 7.682556629180908
}