{
    "clean_state": "raw",
    "best_k": 41,
    "best_cov_type": "tied",
    "best_combined": 0.594829144178021,
    "best_silhouette": 0.29413796480746035,
    "best_db": 1.1166692410032728,
    "n_iter_final": 1,
    "ll_curve_final": [
        -5.881083788092134,
        -5.74071361660206,
        -5.631017055165396,
        -5.582062391369627,
        -5.528098686704934,
        -5.4792076117647115,
        -5.44683292098498,
        -5.40873871656211,
        -5.387582072471629,
        -5.357934015960075,
        -5.297423862571451,
        -5.209908478512335,
        -5.155064556104247,
        -5.123616699633224,
        -5.073324073234731,
        -5.0320547585908555,
        -5.017589263519761,
        -5.009488147257509,
        -5.00086066062303,
        -4.993035235365145,
        -4.98805500493154,
        -4.983542305556445,
        -4.978920220724116,
        -4.97527658719912,
        -4.968483340019479,
        -4.963392422593141,
        -4.957136777372747,
        -4.9530167226758905,
        -4.951550628103832,
        -4.9509414431701115
    ],
    "total_runtime_sec": 56.189228773117065
}