{
    "clean_state": "raw",
    "best_k": 6,
    "linkage": "single",
    "metric": "euclidean",
    "combined": 0.9360661350066292,
    "silhouette": 0.24284694182598335,
    "davies_bouldin": 0.6137660375991902,
    "intra_dist_mean": 3.07942835812893,
    "inter_dist_mean": 5.586823821043121,
    "ratio_intra_inter": 0.5511948213812505,
    "n_merge_steps": 1827,
    "h_max": 3.0787162001018804,
    "total_runtime_sec": 73.5261390209198
}