{
    "clean_state": "raw",
    "best_k": 6,
    "linkage": "single",
    "metric": "euclidean",
    "combined": 0.9360661253342201,
    "silhouette": 0.24284694182555702,
    "davies_bouldin": 0.613766044886392,
    "intra_dist_mean": 3.0794283581307527,
    "inter_dist_mean": 5.586823821043121,
    "ratio_intra_inter": 0.5511948213815767,
    "n_merge_steps": 1827,
    "total_runtime_sec": 79.33871006965637
}