{
    "core_count": 757,
    "border_count": 46,
    "noise_count": 81,
    "noise_ratio": 0.0916289592760181,
    "neighbor_hist": [
        0,
        28,
        38,
        30,
        31,
        35,
        35,
        32,
        18,
        12,
        12,
        2,
        3,
        7,
        15,
        5,
        7,
        12,
        10,
        7,
        10,
        10,
        8,
        13,
        22,
        10,
        9,
        15,
        16,
        13,
        13,
        10,
        14,
        16,
        10,
        11,
        11,
        7,
        6,
        5,
        8,
        4,
        3,
        3,
        1,
        3,
        1,
        10,
        3,
        280
    ],
    "combined_score": 0.3923574052824667,
    "silhouette": -0.014729268382271525,
    "davies_bouldin": 2.0087625347449785,
    "sse": 3211.4159433030977,
    "weights": {
        "alpha": 0.47,
        "beta": 0.53,
        "gamma": 0.0
    }
}