{
    "n_trials": 31,
    "avg_iterations": 5.870967741935484,
    "median_iterations": 6.0,
    "avg_auc_delta": 6.075751744614486,
    "avg_geo_decay": 0.404378677356095,
    "best_k": 10,
    "best_combined_score": 0.7078350456206748,
    "best_sse": 431.4879982856655,
    "weights": {
        "alpha": 0.47,
        "beta": 0.53,
        "gamma": 0.0
    },
    "total_runtime_sec": 2.5063936710357666
}