{
    "clean_state": "raw",
    "best_k": 15,
    "best_cov_type": "tied",
    "best_combined": 0.7549354252417534,
    "best_silhouette": 0.6366561284540936,
    "best_db": 0.41561287057061475,
    "best_sse": 127.84789457998824,
    "weights": {
        "alpha": 0.47,
        "beta": 0.53,
        "gamma": 0.0
    },
    "n_iter_final": 1,
    "ll_curve_final": [
        16.14746491345322,
        16.153650531725564,
        16.234683233094415,
        16.25540909707417,
        16.255739814038904
    ],
    "total_runtime_sec": 5.345994710922241
}