{
    "clean_state": "raw",
    "best_k": 8,
    "best_cov_type": "tied",
    "best_combined": 1.2173439099044545,
    "best_silhouette": 0.5534209565956744,
    "best_db": 0.5315566970078789,
    "n_iter_final": 1,
    "ll_curve_final": [
        13.493289383517272,
        13.539044999685276,
        13.566338528897264,
        13.569690027271502,
        13.569749919774951
    ],
    "total_runtime_sec": 0.5493228435516357
}