{
    "clean_state": "raw",
    "best_k": 15,
    "linkage": "single",
    "metric": "euclidean",
    "combined": 2.133389028125674,
    "silhouette": 0.4463391848168626,
    "davies_bouldin": 0.26175003282398374,
    "intra_dist_mean": 3.0944984432164953,
    "inter_dist_mean": 12.427035950279052,
    "ratio_intra_inter": 0.2490133975307892,
    "n_merge_steps": 2409,
    "total_runtime_sec": 108.47302985191345
}