{
    "clean_state": "raw",
    "best_k": 15,
    "linkage": "single",
    "metric": "euclidean",
    "combined": 2.133389027724724,
    "silhouette": 0.44633918481688784,
    "davies_bouldin": 0.2617500328789261,
    "intra_dist_mean": 3.0944984432163434,
    "inter_dist_mean": 12.427035950279052,
    "ratio_intra_inter": 0.24901339753077698,
    "n_merge_steps": 2409,
    "h_max": 47.96196536021554,
    "total_runtime_sec": 133.38021111488342
}