{
    "n_trials": 30,
    "avg_iterations": 10.5,
    "median_iterations": 9.5,
    "avg_auc_delta": 4.5404073915818834,
    "avg_geo_decay": 0.5809612814447571,
    "best_k": 28,
    "best_combined_score": 0.6241743577570563,
    "best_sse": 900.5874647513555,
    "weights": {
        "alpha": 0.47,
        "beta": 0.53,
        "gamma": 0.0
    },
    "total_runtime_sec": 5.219653129577637
}