{
    "n_trials": 30,
    "avg_iterations": 5.233333333333333,
    "median_iterations": 5.0,
    "avg_auc_delta": 6.298048092520645,
    "avg_geo_decay": 0.41968458348825927,
    "best_k": 8,
    "best_combined_score": 0.4369238954613798,
    "best_sse": 411.21707280878195,
    "total_runtime_sec": 0.1061699390411377
}