{
    "centroid_movements": [
        0.0
    ],
    "sse_list": [
        417.9333291132194,
        417.9333291132194
    ],
    "final_iteration": 2
}