{
    "n_trials": 31,
    "avg_iterations": 6.032258064516129,
    "median_iterations": 6.0,
    "avg_auc_delta": 9.857554681086109,
    "avg_geo_decay": 0.4789157347455672,
    "best_k": 8,
    "best_combined_score": 0.3593764601631935,
    "best_sse": 653.8688058380718,
    "total_runtime_sec": 1.7661526203155518
}