{
    "n_trials": 31,
    "avg_iterations": 9.67741935483871,
    "median_iterations": 8.0,
    "avg_auc_delta": 10.80614065525546,
    "avg_geo_decay": 0.6213497646281684,
    "best_k": 27,
    "best_combined_score": 0.5734958803049583,
    "best_sse": 1924.518494945354,
    "weights": {
        "alpha": 0.47,
        "beta": 0.53,
        "gamma": 0.0
    },
    "total_runtime_sec": 7.343939542770386
}