{
    "n_trials": 31,
    "avg_iterations": 9.838709677419354,
    "median_iterations": 9.0,
    "avg_auc_delta": 6.040805234304516,
    "avg_geo_decay": 0.5567975622995855,
    "best_k": 25,
    "best_combined_score": 0.5148166909357761,
    "best_sse": 1089.825748355894,
    "weights": {
        "alpha": 0.47,
        "beta": 0.53,
        "gamma": 0.0
    },
    "total_runtime_sec": 12.344696044921875
}