{
    "clean_state": "raw",
    "best_k": 15,
    "best_cov_type": "tied",
    "best_combined": 1.0226526307979538,
    "best_silhouette": 0.5436085065807524,
    "best_db": 0.6659134053931601,
    "n_iter_final": 1,
    "ll_curve_final": [
        -0.6365155423869431,
        -0.5310126656475348,
        -0.4884783331941456,
        -0.4844196980000867,
        -0.48434720237527285
    ],
    "total_runtime_sec": 12.007006883621216
}