{
    "n_trials": 31,
    "avg_iterations": 13.451612903225806,
    "median_iterations": 13.0,
    "avg_auc_delta": 8.104982414192632,
    "avg_geo_decay": 0.6463562155397045,
    "best_k": 45,
    "best_combined_score": 0.6481865924895531,
    "best_sse": 1021.7925310070189,
    "total_runtime_sec": 12.065780878067017
}