{
    "n_trials": 30,
    "avg_iterations": 8.833333333333334,
    "median_iterations": 8.0,
    "avg_auc_delta": 7.549845028249707,
    "avg_geo_decay": 0.49676031693114747,
    "best_k": 6,
    "best_combined_score": 0.5239233396712655,
    "best_sse": 2887.6825337391397,
    "weights": {
        "alpha": 0.47,
        "beta": 0.53,
        "gamma": 0.0
    },
    "total_runtime_sec": 1.4970951080322266
}