{
    "n_trials": 30,
    "avg_iterations": 10.7,
    "median_iterations": 10.0,
    "avg_auc_delta": 4.512885697539951,
    "avg_geo_decay": 0.5436704526812969,
    "best_k": 45,
    "best_combined_score": 0.7064241058109767,
    "best_sse": 885.0744522176103,
    "total_runtime_sec": 3.5183820724487305
}