{
    "clean_state": "raw",
    "best_k": 10,
    "best_cov_type": "tied",
    "best_combined": 0.8372437707866737,
    "best_silhouette": 0.4001490657966386,
    "best_db": 0.7847208720512817,
    "n_iter_final": 1,
    "ll_curve_final": [
        -3.8116103635672265,
        -3.656098360490266,
        -3.4908385561696753,
        -3.438086410642727,
        -3.4350965132342517,
        -3.432336312133517,
        -3.429021749048763,
        -3.4264515684235457,
        -3.4253521869191825,
        -3.424312067872759,
        -3.4226311850745725,
        -3.4195885951666507,
        -3.416412442512032,
        -3.41558070590971
    ],
    "total_runtime_sec": 10.860756874084473
}