{
    "clean_state": "raw",
    "best_k": 14,
    "best_cov_type": "full",
    "best_combined": 0.4650982722348121,
    "best_silhouette": 0.1516769649764393,
    "best_db": 1.5167587636422566,
    "best_sse": 3268.0155774288146,
    "weights": {
        "alpha": 0.47,
        "beta": 0.53,
        "gamma": 0.0
    },
    "n_iter_final": 1,
    "ll_curve_final": [
        8.82386195700045,
        8.99666592851182,
        9.065614699838319,
        9.065680509509624
    ],
    "total_runtime_sec": 4.285593271255493
}