{
    "core_count": 564,
    "border_count": 27,
    "noise_count": 28,
    "noise_ratio": 0.045234248788368334,
    "neighbor_hist": [
        0,
        16,
        8,
        9,
        7,
        15,
        17,
        3,
        11,
        11,
        6,
        9,
        3,
        8,
        5,
        5,
        8,
        6,
        7,
        9,
        1,
        3,
        5,
        2,
        2,
        2,
        1,
        3,
        5,
        4,
        5,
        5,
        1,
        6,
        8,
        6,
        3,
        1,
        0,
        2,
        5,
        2,
        3,
        2,
        2,
        1,
        1,
        7,
        1,
        367
    ],
    "combined_score": 0.5134860825307409,
    "silhouette": 0.4202921706877721,
    "davies_bouldin": 1.4257298036498274,
    "sse": 3286.9811539267807,
    "weights": {
        "alpha": 0.47,
        "beta": 0.53,
        "gamma": 0.0
    }
}