{
    "clean_state": "raw",
    "best_k": 19,
    "best_cov_type": "full",
    "best_combined": 0.31653251737036137,
    "best_silhouette": 0.12901631482362125,
    "best_db": 1.983935204050246,
    "n_iter_final": 1,
    "ll_curve_final": [
        4.98435929795918,
        6.42762256981065,
        6.948207352351829,
        6.989524506735553,
        7.0657555530208995,
        7.097903356843608,
        7.149834303497302,
        7.3748550391677,
        7.377009508789245,
        7.444147385562723,
        7.692605339903129,
        7.693728163617225,
        7.695126215973409,
        7.695160515204134
    ],
    "total_runtime_sec": 22.036738395690918
}