{
    "clean_state": "raw",
    "best_k": 12,
    "best_cov_type": "spherical",
    "best_combined": 0.528859106231548,
    "best_silhouette": 0.23901283629217115,
    "best_db": 1.1362156384357336,
    "best_sse": 891.1480940210172,
    "weights": {
        "alpha": 0.47,
        "beta": 0.53,
        "gamma": 0.0
    },
    "n_iter_final": 1,
    "ll_curve_final": [
        -6.77618592057182,
        -6.729308257112162,
        -6.684770626991019,
        -6.672227321740934,
        -6.667391330269473,
        -6.663048855829863,
        -6.658532269005079,
        -6.653870553551575,
        -6.649476829210258,
        -6.6454424930391705,
        -6.641534056595699,
        -6.637651350503959,
        -6.63381589379829,
        -6.6297489660264475,
        -6.624814929980689,
        -6.619249492983579,
        -6.615314829976328,
        -6.613659015662636,
        -6.613163365102845
    ],
    "total_runtime_sec": 7.273662090301514
}