{
    "n_trials": 31,
    "avg_iterations": 7.548387096774194,
    "median_iterations": 8.0,
    "avg_auc_delta": 7.7492966037386415,
    "avg_geo_decay": 0.4329742568021428,
    "best_k": 8,
    "best_combined_score": 0.5440615571353953,
    "best_sse": 3127.087307867209,
    "weights": {
        "alpha": 0.47,
        "beta": 0.53,
        "gamma": 0.0
    },
    "total_runtime_sec": 7.753796100616455
}