{
    "core_count": 1357,
    "border_count": 20,
    "noise_count": 25,
    "noise_ratio": 0.01783166904422254,
    "neighbor_hist": [
        0,
        14,
        7,
        10,
        7,
        7,
        3,
        9,
        9,
        16,
        25,
        12,
        24,
        10,
        3,
        12,
        8,
        10,
        9,
        11,
        11,
        2,
        15,
        6,
        10,
        10,
        7,
        13,
        18,
        14,
        2,
        2,
        4,
        14,
        6,
        15,
        11,
        10,
        5,
        5,
        4,
        5,
        6,
        10,
        4,
        8,
        4,
        4,
        7,
        964
    ],
    "combined_score": 0.5295413076239796,
    "silhouette": 0.38466563369626267,
    "davies_bouldin": 1.2821934969722073,
    "sse": 8439.630141878779,
    "weights": {
        "alpha": 0.47,
        "beta": 0.53,
        "gamma": 0.0
    }
}