{
    "n_trials": 30,
    "avg_iterations": 6.0,
    "median_iterations": 6.0,
    "avg_auc_delta": 7.47000992054912,
    "avg_geo_decay": 0.4646798654238649,
    "best_k": 31,
    "best_combined_score": 0.8447085061684432,
    "best_sse": 1364.7483606650876,
    "total_runtime_sec": 0.9200067520141602
}