{
    "n_trials": 30,
    "avg_iterations": 5.233333333333333,
    "median_iterations": 4.0,
    "avg_auc_delta": 5.471305884875583,
    "avg_geo_decay": 0.2834449699656083,
    "best_k": 24,
    "best_combined_score": 0.7236153898077609,
    "best_sse": 476.58767604273345,
    "weights": {
        "alpha": 0.47,
        "beta": 0.53,
        "gamma": 0.0
    },
    "total_runtime_sec": 1.5574681758880615
}