{
    "n_trials": 31,
    "avg_iterations": 6.774193548387097,
    "median_iterations": 6.0,
    "avg_auc_delta": 11.215952731156914,
    "avg_geo_decay": 0.4684416602901167,
    "best_k": 30,
    "best_combined_score": 0.7295578771866047,
    "best_sse": 1600.8351205033105,
    "total_runtime_sec": 6.10291600227356
}