{
    "n_trials": 31,
    "avg_iterations": 11.580645161290322,
    "median_iterations": 10.0,
    "avg_auc_delta": 6.844844705718129,
    "avg_geo_decay": 0.5321064593493893,
    "best_k": 7,
    "best_combined_score": 0.6698645003360661,
    "best_sse": 2427.4507548069196,
    "weights": {
        "alpha": 0.47,
        "beta": 0.53,
        "gamma": 0.0
    },
    "total_runtime_sec": 5.563234329223633
}