{
    "n_trials": 31,
    "avg_iterations": 10.903225806451612,
    "median_iterations": 10.0,
    "avg_auc_delta": 7.136860937564932,
    "avg_geo_decay": 0.6242349476011558,
    "best_k": 48,
    "best_combined_score": 0.6286710172011404,
    "best_sse": 731.4674221501143,
    "weights": {
        "alpha": 0.47,
        "beta": 0.53,
        "gamma": 0.0
    },
    "total_runtime_sec": 15.02110767364502
}