{
    "clean_state": "raw",
    "best_k": 15,
    "best_cov_type": "tied",
    "best_combined": 0.48565893186698295,
    "best_silhouette": 0.18110949812445415,
    "best_db": 1.2654890071034235,
    "n_iter_final": 1,
    "ll_curve_final": [
        10.09213374667055,
        10.238917463953358,
        10.497543406951051,
        10.656789252669656,
        10.675372592574895,
        10.695407092309983,
        10.70578782222318,
        10.713704203738038,
        10.717160842705331,
        10.719017767449765,
        10.720355538464688,
        10.72139298181385,
        10.722205797547879
    ],
    "total_runtime_sec": 16.854736328125
}