{
    "clean_state": "raw",
    "best_k": 32,
    "best_cov_type": "tied",
    "best_combined": 0.5712069477891287,
    "best_silhouette": 0.34105759421008736,
    "best_db": 0.9806408761647388,
    "best_sse": 1753.3739506360207,
    "weights": {
        "alpha": 0.47,
        "beta": 0.53,
        "gamma": 0.0
    },
    "n_iter_final": 1,
    "ll_curve_final": [
        -4.882773888809734,
        -4.805560060365329,
        -4.762763073750039,
        -4.741035678746245,
        -4.711013072573661,
        -4.666947330864409,
        -4.525913502913472,
        -4.448625209381089,
        -4.436994644696274,
        -4.408549440796622,
        -4.391823572172877,
        -4.385494940582093,
        -4.3783856978878415,
        -4.373254595557429,
        -4.372330567810918
    ],
    "total_runtime_sec": 35.45323467254639
}