{
    "n_trials": 30,
    "avg_iterations": 14.366666666666667,
    "median_iterations": 13.0,
    "avg_auc_delta": 16.354941880060025,
    "avg_geo_decay": 0.7254908388490714,
    "best_k": 23,
    "best_combined_score": 0.39518758289257966,
    "best_sse": 10385.517908010075,
    "weights": {
        "alpha": 0.47,
        "beta": 0.53,
        "gamma": 0.0
    },
    "total_runtime_sec": 2.8317744731903076
}