{
    "n_trials": 30,
    "avg_iterations": 8.7,
    "median_iterations": 9.0,
    "avg_auc_delta": 6.9041890981579845,
    "avg_geo_decay": 0.423268216175657,
    "best_k": 49,
    "best_combined_score": 0.8826299060316827,
    "best_sse": 1107.6416875365546,
    "total_runtime_sec": 4.297212362289429
}