{
    "n_trials": 31,
    "avg_iterations": 12.290322580645162,
    "median_iterations": 12.0,
    "avg_auc_delta": 20.16715668989679,
    "avg_geo_decay": 0.6547693349717685,
    "best_k": 48,
    "best_combined_score": 0.8152963251368377,
    "best_sse": 1266.267706183904,
    "total_runtime_sec": 9.087108135223389
}