{
    "clean_state": "raw",
    "best_k": 7,
    "linkage": "single",
    "metric": "euclidean",
    "combined": 1.09109432603936,
    "silhouette": 0.20133585209738458,
    "davies_bouldin": 0.5048330698825387,
    "intra_dist_mean": 5.819497721800148,
    "inter_dist_mean": 9.819411872124595,
    "ratio_intra_inter": 0.5926523703848272,
    "n_merge_steps": 999,
    "h_max": 7.435031624076766,
    "total_runtime_sec": 17.95983123779297
}