{
    "clean_state": "raw",
    "best_k": 48,
    "linkage": "average",
    "metric": "cosine",
    "combined": 0.8053032593385023,
    "silhouette": 0.8881426557355535,
    "davies_bouldin": 0.40363110765162585,
    "sse": 142.93573977672335,
    "weights": {
        "alpha": 0.47,
        "beta": 0.53,
        "gamma": 0.0
    },
    "intra_dist_mean": 0.27785853494806023,
    "inter_dist_mean": 3.6081351183957304,
    "ratio_intra_inter": 0.07700890510761312,
    "n_merge_steps": 2375,
    "h_max": 1.1695727879631932,
    "total_runtime_sec": 119.64225912094116
}