{
    "clean_state": "raw",
    "best_k": 34,
    "best_cov_type": "spherical",
    "best_combined": 0.5810882154940383,
    "best_silhouette": 0.3014309942836188,
    "best_db": 1.1617836788408744,
    "n_iter_final": 1,
    "ll_curve_final": [
        -5.016282310770691,
        -4.916215076889506,
        -4.846788817185022,
        -4.806798930221639,
        -4.784508482191581,
        -4.764622456617851,
        -4.740670905992247,
        -4.7269074955848405,
        -4.709941313720073,
        -4.697348494974334,
        -4.692256060778948,
        -4.680448083038766,
        -4.670356913528166,
        -4.665797083028096,
        -4.660420865046424,
        -4.6588451688506,
        -4.6569626599251555,
        -4.6547129398159575,
        -4.6529341463414005,
        -4.652022109121079
    ],
    "total_runtime_sec": 29.646857261657715
}