{
    "clean_state": "raw",
    "best_k": 6,
    "best_cov_type": "tied",
    "best_combined": 0.6243307134304336,
    "best_silhouette": 0.44122667330388976,
    "best_db": 0.7914962872912769,
    "best_sse": 2070.725199081943,
    "weights": {
        "alpha": 0.47,
        "beta": 0.53,
        "gamma": 0.0
    },
    "n_iter_final": 1,
    "ll_curve_final": [
        -5.712185923556558,
        -5.708620222509973,
        -5.707923671567256
    ],
    "total_runtime_sec": 9.306781768798828
}