{
    "core_count": 460,
    "border_count": 67,
    "noise_count": 473,
    "noise_ratio": 0.473,
    "neighbor_hist": [
        0,
        320,
        103,
        70,
        47,
        40,
        35,
        39,
        30,
        26,
        15,
        8,
        9,
        12,
        11,
        8,
        5,
        5,
        9,
        9,
        25,
        5,
        9,
        7,
        4,
        3,
        1,
        2,
        2,
        0,
        5,
        4,
        4,
        5,
        5,
        6,
        7,
        1,
        3,
        10,
        2,
        3,
        4,
        4,
        1,
        2,
        3,
        3,
        1,
        68
    ],
    "combined_score": 0.4080834739940683,
    "silhouette": -0.03258061921553456,
    "davies_bouldin": 1.7902299018567962,
    "sse": 1387.5842400392137,
    "weights": {
        "alpha": 0.47,
        "beta": 0.53,
        "gamma": 0.0
    }
}