{
    "n_trials": 31,
    "avg_iterations": 7.258064516129032,
    "median_iterations": 7.0,
    "avg_auc_delta": 17.337250868660384,
    "avg_geo_decay": 0.5846139717443338,
    "best_k": 17,
    "best_combined_score": 0.6686683511751471,
    "best_sse": 411.2164108694624,
    "weights": {
        "alpha": 0.47,
        "beta": 0.53,
        "gamma": 0.0
    },
    "total_runtime_sec": 0.9112644195556641
}