{
    "clean_state": "raw",
    "best_k": 47,
    "linkage": "average",
    "metric": "euclidean",
    "combined": 0.5812459103521945,
    "silhouette": 0.3071496442314438,
    "davies_bouldin": 0.8892835156990297,
    "sse": 3423.4669025767157,
    "weights": {
        "alpha": 0.47,
        "beta": 0.53,
        "gamma": 0.0
    },
    "intra_dist_mean": 1.6330315534088835,
    "inter_dist_mean": 3.544140998775902,
    "ratio_intra_inter": 0.4607693525659531,
    "n_merge_steps": 2375,
    "h_max": 5.181339687779511,
    "total_runtime_sec": 169.95960354804993
}