{
    "n_trials": 31,
    "avg_iterations": 7.032258064516129,
    "median_iterations": 8.0,
    "avg_auc_delta": 14.259874835107246,
    "avg_geo_decay": 0.6591608198852477,
    "best_k": 17,
    "best_combined_score": 0.7110304389525186,
    "best_sse": 277.56858545576506,
    "weights": {
        "alpha": 0.47,
        "beta": 0.53,
        "gamma": 0.0
    },
    "total_runtime_sec": 1.9111852645874023
}