{
    "core_count": 55,
    "border_count": 4,
    "noise_count": 19,
    "noise_ratio": 0.24358974358974358,
    "neighbor_hist": [
        0,
        15,
        5,
        1,
        2,
        4,
        2,
        2,
        0,
        0,
        1,
        1,
        7,
        3,
        1,
        0,
        0,
        0,
        0,
        0,
        0,
        0,
        0,
        0,
        1,
        0,
        0,
        1,
        1,
        1,
        3,
        0,
        5,
        6,
        14,
        2
    ],
    "combined_score": 0.4402170450355045,
    "silhouette": 0.4258325139912583,
    "davies_bouldin": 2.042156146605602,
    "sse": 45.665217577028244,
    "weights": {
        "alpha": 0.47,
        "beta": 0.53,
        "gamma": 0.0
    }
}