{
    "core_count": 48,
    "border_count": 7,
    "noise_count": 158,
    "noise_ratio": 0.7417840375586855,
    "neighbor_hist": [
        0,
        90,
        34,
        19,
        5,
        9,
        4,
        4,
        2,
        2,
        0,
        0,
        3,
        6,
        3,
        3,
        1,
        0,
        0,
        2,
        0,
        0,
        0,
        1,
        1,
        1,
        2,
        2,
        7,
        5,
        5,
        1,
        1
    ],
    "combined_score": 0.3307101110936788,
    "silhouette": -0.09905925183089281,
    "davies_bouldin": 2.736683805454431,
    "sse": 102.64777716104751,
    "weights": {
        "alpha": 0.47,
        "beta": 0.53,
        "gamma": 0.0
    }
}