{
    "clean_state": "raw",
    "best_k": 8,
    "linkage": "single",
    "metric": "euclidean",
    "combined": 2.7243655490812193,
    "silhouette": 0.6517818114074415,
    "davies_bouldin": 0.2084658269707229,
    "intra_dist_mean": 3.18975151301117,
    "inter_dist_mean": 12.464856080300498,
    "ratio_intra_inter": 0.25589958620156145,
    "n_merge_steps": 2278,
    "h_max": 12.545666841493226,
    "total_runtime_sec": 116.57734417915344
}