{
    "clean_state": "raw",
    "best_k": 41,
    "best_cov_type": "spherical",
    "best_combined": 0.47075216040109774,
    "best_silhouette": 0.21585199131634422,
    "best_db": 1.3780704055736075,
    "n_iter_final": 1,
    "ll_curve_final": [
        -6.4076640118168084,
        -6.3244669869597505,
        -6.2516227704350005,
        -6.221033128291629,
        -6.195592820522017,
        -6.177208991370235,
        -6.163335160453924,
        -6.154474483694919,
        -6.145980902846159,
        -6.136746564322652,
        -6.126923079174019,
        -6.111101463227005,
        -6.0879406955804924,
        -6.075941745879142,
        -6.068342763855105,
        -6.061263707433904,
        -6.054762991298034,
        -6.050048513006736,
        -6.04487498043296,
        -6.039503279929431,
        -6.033325705960025,
        -6.0269231005662105,
        -6.018719637910649,
        -6.01360298598312,
        -6.008508455115715,
        -6.005455015164141,
        -6.005171875467072
    ],
    "total_runtime_sec": 17.925577878952026
}