{
    "clean_state": "raw",
    "best_k": 8,
    "best_cov_type": "tied",
    "best_combined": 0.5656985116399172,
    "best_silhouette": 0.3016234873439,
    "best_db": 0.9727377611759759,
    "best_sse": 4495.7099716920475,
    "weights": {
        "alpha": 0.47,
        "beta": 0.53,
        "gamma": 0.0
    },
    "n_iter_final": 1,
    "ll_curve_final": [
        -8.294327719808646,
        -8.250813619881919,
        -8.235365647969845,
        -8.221809840427506,
        -8.20816380424029,
        -8.198610881268372,
        -8.19625603627615,
        -8.196117074569319
    ],
    "total_runtime_sec": 17.75202775001526
}