{
    "n_trials": 31,
    "avg_iterations": 15.67741935483871,
    "median_iterations": 15.0,
    "avg_auc_delta": 11.935835047598871,
    "avg_geo_decay": 0.6639291287407845,
    "best_k": 37,
    "best_combined_score": 0.5528963771118233,
    "best_sse": 1479.740675879255,
    "total_runtime_sec": 9.3441641330719
}