{
    "clean_state": "raw",
    "best_k": 27,
    "best_cov_type": "tied",
    "best_combined": 0.5960388293112416,
    "best_silhouette": 0.4262564368966896,
    "best_db": 0.9220283554809732,
    "best_sse": 1922.4679781257446,
    "weights": {
        "alpha": 0.47,
        "beta": 0.53,
        "gamma": 0.0
    },
    "n_iter_final": 1,
    "ll_curve_final": [
        -4.285120795466438,
        -4.182130943264486,
        -4.156736573989725,
        -4.133587978561384,
        -4.128186031858144,
        -4.125738533544208,
        -4.12377571643834,
        -4.121824350559025,
        -4.119864676058043,
        -4.118342572366698,
        -4.117623366029792
    ],
    "total_runtime_sec": 43.757067918777466
}