{
    "clean_state": "raw",
    "best_k": 23,
    "best_cov_type": "tied",
    "best_combined": 0.556274188139638,
    "best_silhouette": 0.25151042094219267,
    "best_db": 1.161388988489497,
    "n_iter_final": 1,
    "ll_curve_final": [
        -9.483415418933955,
        -9.212186665917205,
        -9.150908760624155,
        -9.045871082963352,
        -8.984432774307523,
        -8.94591587146486,
        -8.938300794828724,
        -8.93772785568826
    ],
    "total_runtime_sec": 13.197075128555298
}