{
    "n_trials": 31,
    "avg_iterations": 11.774193548387096,
    "median_iterations": 11.0,
    "avg_auc_delta": 19.771996721138173,
    "avg_geo_decay": 0.661441341996817,
    "best_k": 17,
    "best_combined_score": 0.45194185577915635,
    "best_sse": 5302.052972795036,
    "weights": {
        "alpha": 0.47,
        "beta": 0.53,
        "gamma": 0.0
    },
    "total_runtime_sec": 3.476609706878662
}