{
    "core_count": 232,
    "border_count": 35,
    "noise_count": 210,
    "noise_ratio": 0.44025157232704404,
    "neighbor_hist": [
        0,
        103,
        65,
        48,
        29,
        12,
        22,
        27,
        14,
        14,
        8,
        0,
        6,
        13,
        6,
        3,
        7,
        3,
        9,
        7,
        4,
        2,
        3,
        6,
        0,
        0,
        1,
        4,
        4,
        1,
        0,
        2,
        0,
        2,
        2,
        2,
        1,
        0,
        1,
        3,
        2,
        2,
        0,
        3,
        2,
        2,
        4,
        4,
        3,
        21
    ],
    "combined_score": 0.38912786416536027,
    "silhouette": -0.002933700893521614,
    "davies_bouldin": 2.0699690301007445,
    "sse": 671.5235868530459,
    "weights": {
        "alpha": 0.47,
        "beta": 0.53,
        "gamma": 0.0
    }
}