{
    "core_count": 1690,
    "border_count": 21,
    "noise_count": 85,
    "noise_ratio": 0.04732739420935412,
    "neighbor_hist": [
        0,
        32,
        37,
        29,
        8,
        11,
        15,
        10,
        5,
        25,
        24,
        21,
        13,
        15,
        18,
        15,
        13,
        10,
        12,
        17,
        15,
        13,
        25,
        21,
        13,
        18,
        21,
        40,
        19,
        13,
        9,
        10,
        11,
        17,
        20,
        12,
        12,
        6,
        6,
        7,
        6,
        4,
        6,
        7,
        0,
        5,
        5,
        3,
        1,
        1121
    ],
    "combined_score": 0.4736616608828619,
    "silhouette": 0.2961198851214692,
    "davies_bouldin": 1.615037850298572,
    "sse": 3822.1691350778706,
    "weights": {
        "alpha": 0.47,
        "beta": 0.53,
        "gamma": 0.0
    }
}