{
    "n_trials": 31,
    "avg_iterations": 10.935483870967742,
    "median_iterations": 9.0,
    "avg_auc_delta": 10.50696512301119,
    "avg_geo_decay": 0.5511345391259614,
    "best_k": 12,
    "best_combined_score": 0.5129854269141916,
    "best_sse": 6279.688247792376,
    "weights": {
        "alpha": 0.47,
        "beta": 0.53,
        "gamma": 0.0
    },
    "total_runtime_sec": 70.253000497818
}