{
    "clean_state": "raw",
    "best_k": 6,
    "linkage": "single",
    "metric": "euclidean",
    "combined": 1.2673586889923665,
    "silhouette": 0.3809673934342201,
    "davies_bouldin": 0.46430644558249395,
    "intra_dist_mean": 3.4560736515637633,
    "inter_dist_mean": 8.86783712717319,
    "ratio_intra_inter": 0.38973129546697816,
    "n_merge_steps": 906,
    "h_max": 7.014155414957793,
    "total_runtime_sec": 12.97266936302185
}