{
    "clean_state": "raw",
    "best_k": 5,
    "linkage": "single",
    "metric": "manhattan",
    "combined": 0.6927873276818123,
    "silhouette": 0.3870015305082397,
    "davies_bouldin": 0.44476125071695627,
    "sse": 8474.205658824494,
    "weights": {
        "alpha": 0.47,
        "beta": 0.53,
        "gamma": 0.0
    },
    "intra_dist_mean": 5.004417630818101,
    "inter_dist_mean": 10.066802380625251,
    "ratio_intra_inter": 0.4971208772757073,
    "n_merge_steps": 599,
    "h_max": 15.107095713586386,
    "total_runtime_sec": 12.387076139450073
}