{
    "clean_state": "raw",
    "best_k": 6,
    "linkage": "single",
    "metric": "euclidean",
    "combined": 1.2673586812624804,
    "silhouette": 0.380967393434115,
    "davies_bouldin": 0.46430644891529643,
    "intra_dist_mean": 3.456073651564407,
    "inter_dist_mean": 8.86783712717319,
    "ratio_intra_inter": 0.3897312954670507,
    "n_merge_steps": 906,
    "total_runtime_sec": 22.454310178756714
}