{
    "clean_state": "raw",
    "best_k": 5,
    "linkage": "single",
    "metric": "manhattan",
    "combined": 1.8224595520202853,
    "silhouette": 0.5729012388771267,
    "davies_bouldin": 0.32551894028350514,
    "intra_dist_mean": 3.3469136597395215,
    "inter_dist_mean": 10.139868025819528,
    "ratio_intra_inter": 0.33007467663453005,
    "n_merge_steps": 1092,
    "h_max": 9.904936160080277,
    "total_runtime_sec": 20.953638076782227
}