{
    "clean_state": "raw",
    "best_k": 6,
    "linkage": "single",
    "metric": "manhattan",
    "combined": 1.3187815267328522,
    "silhouette": 0.3523424042370615,
    "davies_bouldin": 0.43759450551855533,
    "intra_dist_mean": 5.632542930684939,
    "inter_dist_mean": 9.860413045496852,
    "ratio_intra_inter": 0.5712278892065978,
    "n_merge_steps": 999,
    "total_runtime_sec": 29.404005527496338
}