{
    "n_trials": 30,
    "avg_iterations": 12.333333333333334,
    "median_iterations": 13.5,
    "avg_auc_delta": 5.1153592591090264,
    "avg_geo_decay": 0.6299915332598661,
    "best_k": 38,
    "best_combined_score": 0.6251323133349731,
    "best_sse": 882.261424175955,
    "weights": {
        "alpha": 0.47,
        "beta": 0.53,
        "gamma": 0.0
    },
    "total_runtime_sec": 10.439469575881958
}