{
    "centroid_movements": [
        9.490161521778078e-16
    ],
    "sse_list": [
        1777.047325833786,
        1777.047325833786
    ],
    "final_iteration": 2
}