{
    "n_trials": 31,
    "avg_iterations": 12.258064516129032,
    "median_iterations": 12.0,
    "avg_auc_delta": 13.022241443905981,
    "avg_geo_decay": 0.6378950043105889,
    "best_k": 26,
    "best_combined_score": 0.5682011497914505,
    "best_sse": 1765.008642663131,
    "total_runtime_sec": 5.852352142333984
}