{
    "n_trials": 31,
    "avg_iterations": 10.96774193548387,
    "median_iterations": 10.0,
    "avg_auc_delta": 13.916600140929107,
    "avg_geo_decay": 0.6002304362192586,
    "best_k": 10,
    "best_combined_score": 0.5013070902416287,
    "best_sse": 3653.5485464281437,
    "weights": {
        "alpha": 0.47,
        "beta": 0.53,
        "gamma": 0.0
    },
    "total_runtime_sec": 5.206605434417725
}