{
    "n_trials": 30,
    "avg_iterations": 9.466666666666667,
    "median_iterations": 8.0,
    "avg_auc_delta": 4.689972395179141,
    "avg_geo_decay": 0.6010295334118975,
    "best_k": 48,
    "best_combined_score": 0.6756107848530529,
    "best_sse": 556.7081349252935,
    "weights": {
        "alpha": 0.47,
        "beta": 0.53,
        "gamma": 0.0
    },
    "total_runtime_sec": 10.364126920700073
}