{
    "n_trials": 31,
    "avg_iterations": 13.516129032258064,
    "median_iterations": 13.0,
    "avg_auc_delta": 9.357361915951595,
    "avg_geo_decay": 0.5969603500057026,
    "best_k": 46,
    "best_combined_score": 0.7472777083524971,
    "best_sse": 1179.474099109537,
    "total_runtime_sec": 8.358684062957764
}