{
    "centroid_movements": [
        1.4671618010952316e-15
    ],
    "sse_list": [
        1286.3616279847977,
        1286.3616279847977
    ],
    "final_iteration": 2
}