{
    "n_trials": 30,
    "avg_iterations": 10.533333333333333,
    "median_iterations": 10.0,
    "avg_auc_delta": 6.234612880955492,
    "avg_geo_decay": 0.51042446603272,
    "best_k": 46,
    "best_combined_score": 0.7522936405547935,
    "best_sse": 1108.7003476555378,
    "total_runtime_sec": 3.545376777648926
}