{
    "n_trials": 30,
    "avg_iterations": 11.333333333333334,
    "median_iterations": 11.0,
    "avg_auc_delta": 7.4985217780322015,
    "avg_geo_decay": 0.6046714100821322,
    "best_k": 28,
    "best_combined_score": 0.5737196737753947,
    "best_sse": 878.9276329808107,
    "weights": {
        "alpha": 0.47,
        "beta": 0.53,
        "gamma": 0.0
    },
    "total_runtime_sec": 1.9195334911346436
}