{
    "n_trials": 30,
    "avg_iterations": 13.033333333333333,
    "median_iterations": 12.0,
    "avg_auc_delta": 7.922732902303166,
    "avg_geo_decay": 0.6205140206131051,
    "best_k": 37,
    "best_combined_score": 0.5453536292393752,
    "best_sse": 1548.7036559915437,
    "total_runtime_sec": 2.184192657470703
}