{
    "n_trials": 30,
    "avg_iterations": 8.566666666666666,
    "median_iterations": 8.0,
    "avg_auc_delta": 11.325206216773427,
    "avg_geo_decay": 0.5206068311631304,
    "best_k": 30,
    "best_combined_score": 0.5204328860772525,
    "best_sse": 3217.923532247877,
    "weights": {
        "alpha": 0.47,
        "beta": 0.53,
        "gamma": 0.0
    },
    "total_runtime_sec": 4.670506954193115
}