{
    "n_trials": 31,
    "avg_iterations": 14.064516129032258,
    "median_iterations": 12.0,
    "avg_auc_delta": 11.182201010403261,
    "avg_geo_decay": 0.6178950094220377,
    "best_k": 37,
    "best_combined_score": 0.5275378271671978,
    "best_sse": 1615.7869677262483,
    "total_runtime_sec": 13.676989555358887
}