{
    "clean_state": "raw",
    "best_k": 31,
    "best_cov_type": "full",
    "best_combined": 0.6573776303012435,
    "best_silhouette": 0.6810470435433198,
    "best_db": 0.8151327429344976,
    "best_sse": 888.6841649620242,
    "weights": {
        "alpha": 0.47,
        "beta": 0.53,
        "gamma": 0.0
    },
    "n_iter_final": 1,
    "ll_curve_final": [
        32.01285031322584,
        32.01285740641442
    ],
    "total_runtime_sec": 8.865967035293579
}