{
    "clean_state": "raw",
    "best_k": 9,
    "best_cov_type": "tied",
    "best_combined": 0.5977053303549333,
    "best_silhouette": 0.35599638911881176,
    "best_db": 0.8487698769095711,
    "best_sse": 1925.050367679886,
    "weights": {
        "alpha": 0.47,
        "beta": 0.53,
        "gamma": 0.0
    },
    "n_iter_final": 1,
    "ll_curve_final": [
        -7.521959591886171,
        -7.376375803487317,
        -7.2975663648873175,
        -7.226279896715569,
        -7.221098763659662,
        -7.2203738433437055
    ],
    "total_runtime_sec": 7.198994398117065
}