{
    "n_trials": 31,
    "avg_iterations": 4.935483870967742,
    "median_iterations": 5.0,
    "avg_auc_delta": 3.769525948087992,
    "avg_geo_decay": 0.42638503073727435,
    "best_k": 8,
    "best_combined_score": 0.6816502410946143,
    "best_sse": 215.69868859773186,
    "weights": {
        "alpha": 0.47,
        "beta": 0.53,
        "gamma": 0.0
    },
    "total_runtime_sec": 1.0249912738800049
}