{
    "n_trials": 31,
    "avg_iterations": 14.64516129032258,
    "median_iterations": 10.0,
    "avg_auc_delta": 10.674596309324627,
    "avg_geo_decay": 0.5787001715091391,
    "best_k": 10,
    "best_combined_score": 0.6426870842137754,
    "best_sse": 4327.37939331758,
    "weights": {
        "alpha": 0.47,
        "beta": 0.53,
        "gamma": 0.0
    },
    "total_runtime_sec": 113.96106028556824
}