{
    "n_trials": 31,
    "avg_iterations": 4.612903225806452,
    "median_iterations": 4.0,
    "avg_auc_delta": 2.0708558734242875,
    "avg_geo_decay": 0.2757522843684607,
    "best_k": 17,
    "best_combined_score": 0.40577391693685416,
    "best_sse": 4475.133989735255,
    "weights": {
        "alpha": 0.47,
        "beta": 0.53,
        "gamma": 0.0
    },
    "total_runtime_sec": 2.139251708984375
}