{
    "n_trials": 31,
    "avg_iterations": 9.96774193548387,
    "median_iterations": 10.0,
    "avg_auc_delta": 10.698624740647963,
    "avg_geo_decay": 0.546426953030373,
    "best_k": 28,
    "best_combined_score": 0.5478356033913938,
    "best_sse": 2017.772112849437,
    "weights": {
        "alpha": 0.47,
        "beta": 0.53,
        "gamma": 0.0
    },
    "total_runtime_sec": 12.003245830535889
}