{
    "n_trials": 31,
    "avg_iterations": 15.387096774193548,
    "median_iterations": 15.0,
    "avg_auc_delta": 11.509332257997126,
    "avg_geo_decay": 0.63203722386502,
    "best_k": 21,
    "best_combined_score": 0.5901919757357629,
    "best_sse": 2778.5608723630244,
    "weights": {
        "alpha": 0.47,
        "beta": 0.53,
        "gamma": 0.0
    },
    "total_runtime_sec": 112.75940656661987
}