{
    "clean_state": "raw",
    "best_k": 5,
    "linkage": "single",
    "metric": "euclidean",
    "combined": 1.0234835534472582,
    "silhouette": 0.19306377181034615,
    "davies_bouldin": 0.5394024494565131,
    "intra_dist_mean": 5.8003469872416025,
    "inter_dist_mean": 9.7658111977665,
    "ratio_intra_inter": 0.5939442069663996,
    "n_merge_steps": 999,
    "total_runtime_sec": 35.32335114479065
}