{
    "clean_state": "raw",
    "best_k": 46,
    "linkage": "average",
    "metric": "euclidean",
    "combined": 0.6284305714410484,
    "silhouette": 0.41505511640510384,
    "davies_bouldin": 0.7490199998152655,
    "sse": 2899.230565882087,
    "weights": {
        "alpha": 0.47,
        "beta": 0.53,
        "gamma": 0.0
    },
    "intra_dist_mean": 1.2862790391969394,
    "inter_dist_mean": 3.6651283037791638,
    "ratio_intra_inter": 0.3509506168911709,
    "n_merge_steps": 2375,
    "h_max": 6.311952676324628,
    "total_runtime_sec": 146.38527822494507
}