{
    "clean_state": "raw",
    "best_k": 12,
    "linkage": "single",
    "metric": "manhattan",
    "combined": 1.944792536365724,
    "silhouette": 0.4606832059549671,
    "davies_bouldin": 0.29163855918107756,
    "intra_dist_mean": 3.3467051373176693,
    "inter_dist_mean": 9.765353515356997,
    "ratio_intra_inter": 0.3427121334680099,
    "n_merge_steps": 1232,
    "total_runtime_sec": 46.10074996948242
}