{
    "clean_state": "raw",
    "best_k": 12,
    "linkage": "single",
    "metric": "manhattan",
    "combined": 1.9447925363657985,
    "silhouette": 0.46068320595511664,
    "davies_bouldin": 0.29163855918107756,
    "intra_dist_mean": 3.346705137316732,
    "inter_dist_mean": 9.765353515356997,
    "ratio_intra_inter": 0.34271213346791385,
    "n_merge_steps": 1232,
    "h_max": 9.754090220365779,
    "total_runtime_sec": 35.323813915252686
}