{
    "n_trials": 30,
    "avg_iterations": 15.733333333333333,
    "median_iterations": 14.0,
    "avg_auc_delta": 8.887607298059132,
    "avg_geo_decay": 0.5866648063842096,
    "best_k": 9,
    "best_combined_score": 0.5596934954274725,
    "best_sse": 6300.890076149343,
    "weights": {
        "alpha": 0.47,
        "beta": 0.53,
        "gamma": 0.0
    },
    "total_runtime_sec": 7.750462055206299
}