{
    "n_trials": 31,
    "avg_iterations": 12.419354838709678,
    "median_iterations": 12.0,
    "avg_auc_delta": 9.167910426134764,
    "avg_geo_decay": 0.6101082144398788,
    "best_k": 48,
    "best_combined_score": 0.7887013154695811,
    "best_sse": 1126.968393495734,
    "total_runtime_sec": 13.5663423538208
}