{
    "n_trials": 31,
    "avg_iterations": 4.258064516129032,
    "median_iterations": 4.0,
    "avg_auc_delta": 3.8074413291860685,
    "avg_geo_decay": 0.4032791454621835,
    "best_k": 5,
    "best_combined_score": 0.59969872846038,
    "best_sse": 669.0764295047857,
    "weights": {
        "alpha": 0.47,
        "beta": 0.53,
        "gamma": 0.0
    },
    "total_runtime_sec": 1.5054941177368164
}