{
    "n_trials": 31,
    "avg_iterations": 4.193548387096774,
    "median_iterations": 4.0,
    "avg_auc_delta": 5.006758982950971,
    "avg_geo_decay": 0.3192826602081665,
    "best_k": 19,
    "best_combined_score": 0.5869350026359906,
    "best_sse": 2531.870616769619,
    "weights": {
        "alpha": 0.47,
        "beta": 0.53,
        "gamma": 0.0
    },
    "total_runtime_sec": 2.6232149600982666
}