{
    "clean_state": "raw",
    "best_k": 14,
    "best_cov_type": "tied",
    "best_combined": 0.6007967763635167,
    "best_silhouette": 0.27603351797464426,
    "best_db": 1.080426944177128,
    "n_iter_final": 1,
    "ll_curve_final": [
        -7.177426121910241,
        -7.124368122548303,
        -7.104207788843778,
        -7.094618042329419,
        -7.086282725902588,
        -7.076634716598077,
        -7.062252830189677,
        -7.029186407986885,
        -6.919201179773793,
        -6.661357087469345,
        -6.498023098004207,
        -6.272759115912173,
        -6.24822414472335,
        -6.242111622846683,
        -6.238589797749321,
        -6.236998702435652,
        -6.236263795933654
    ],
    "total_runtime_sec": 78.21807718276978
}