{
    "clean_state": "raw",
    "best_k": 13,
    "best_cov_type": "diag",
    "best_combined": 0.53599842949518,
    "best_silhouette": 0.2570645128441554,
    "best_db": 1.109251386449842,
    "best_sse": 1348.6570895475786,
    "weights": {
        "alpha": 0.47,
        "beta": 0.53,
        "gamma": 0.0
    },
    "n_iter_final": 1,
    "ll_curve_final": [
        31.256625813901273,
        31.844056213812703,
        32.19617885071914,
        32.21431822156389,
        32.21824505686252,
        32.21828738713089
    ],
    "total_runtime_sec": 2.0789794921875
}