{
    "clean_state": "raw",
    "best_k": 14,
    "best_cov_type": "tied",
    "best_combined": 0.6072263477997623,
    "best_silhouette": 0.29939633818803957,
    "best_db": 1.0928288644743194,
    "n_iter_final": 1,
    "ll_curve_final": [
        -7.298428008735023,
        -7.1876753559694535,
        -7.152020351577221,
        -7.127729352088642,
        -7.122192305108448,
        -7.118715860483927,
        -7.115364768485178,
        -7.110696922580845,
        -7.103999478709596,
        -7.096155022230358,
        -7.08937684978495,
        -7.081127175806946,
        -7.0473228869036815,
        -7.026106645362836,
        -7.024708298383292,
        -7.023998150610205
    ],
    "total_runtime_sec": 21.744441032409668
}