{
    "n_trials": 31,
    "avg_iterations": 6.225806451612903,
    "median_iterations": 6.0,
    "avg_auc_delta": 6.213126783703163,
    "avg_geo_decay": 0.5307538823100328,
    "best_k": 11,
    "best_combined_score": 0.5872272206943795,
    "best_sse": 281.0028297210674,
    "weights": {
        "alpha": 0.47,
        "beta": 0.53,
        "gamma": 0.0
    },
    "total_runtime_sec": 2.0141749382019043
}