{
    "clean_state": "raw",
    "best_k": 9,
    "best_cov_type": "tied",
    "best_combined": 0.6005080120128652,
    "best_silhouette": 0.3665375199456094,
    "best_db": 0.8441261054167442,
    "best_sse": 2786.099330768836,
    "weights": {
        "alpha": 0.47,
        "beta": 0.53,
        "gamma": 0.0
    },
    "n_iter_final": 1,
    "ll_curve_final": [
        -7.4832371726234905,
        -7.424421513275843,
        -7.403962719567578,
        -7.399290997226784,
        -7.397202540089865,
        -7.395776456373622,
        -7.394556900940065,
        -7.393390473709122,
        -7.392171354898512,
        -7.390787377636807,
        -7.38911334374556,
        -7.387031272645892,
        -7.384488066383506,
        -7.3815914947351455,
        -7.37865390704153,
        -7.3760373716873655,
        -7.373904166235532,
        -7.3721340970649845,
        -7.370354987934265,
        -7.368021624794562,
        -7.36529020489416,
        -7.362695100672535,
        -7.3595718773640035,
        -7.355048965391325,
        -7.3483164163778385,
        -7.3387989707691945,
        -7.324669509690646,
        -7.305348213932257,
        -7.283220561623469,
        -7.225091127608725,
        -7.100092698530837,
        -6.980222267573768,
        -6.917685836206434,
        -6.915124760017218,
        -6.9151104393140805
    ],
    "total_runtime_sec": 24.426660299301147
}