{
    "clean_state": "raw",
    "best_k": 47,
    "best_cov_type": "spherical",
    "best_combined": 0.5913672888612947,
    "best_silhouette": 0.3741381382812648,
    "best_db": 1.2367108624555903,
    "n_iter_final": 1,
    "ll_curve_final": [
        -2.945999375416684,
        -2.791669339618634,
        -2.6657900156205576,
        -2.5856034439838624,
        -2.55654982913122,
        -2.5265825048348023,
        -2.4991469555028196,
        -2.4598789969749637,
        -2.4332040820772742,
        -2.421201613889839,
        -2.40475713404122,
        -2.3911572689275267,
        -2.382254109238945,
        -2.378054519074938,
        -2.375284521037882,
        -2.3721979170037413,
        -2.369382049584888,
        -2.3662077435841455,
        -2.3496235478384238,
        -2.3047014754281663,
        -2.3020529568386405,
        -2.300166566706541,
        -2.299576051894827
    ],
    "total_runtime_sec": 49.9124550819397
}