{
    "n_trials": 31,
    "avg_iterations": 9.225806451612904,
    "median_iterations": 9.0,
    "avg_auc_delta": 8.678080955136044,
    "avg_geo_decay": 0.45175103522617505,
    "best_k": 11,
    "best_combined_score": 0.5660638151187058,
    "best_sse": 3140.7601742739266,
    "weights": {
        "alpha": 0.47,
        "beta": 0.53,
        "gamma": 0.0
    },
    "total_runtime_sec": 10.019994258880615
}