{
    "n_trials": 20,
    "avg_iterations": 2.0,
    "median_iterations": 2.0,
    "avg_auc_delta": 0.0,
    "avg_geo_decay": 0.0,
    "best_k": 8,
    "best_combined_score": 0.7461467384443715,
    "best_sse": 59.44726171706634,
    "weights": {
        "alpha": 0.47,
        "beta": 0.53,
        "gamma": 0.0
    },
    "total_runtime_sec": 0.2029716968536377
}