{
    "n_trials": 31,
    "avg_iterations": 4.096774193548387,
    "median_iterations": 4.0,
    "avg_auc_delta": 5.129592958188936,
    "avg_geo_decay": 0.3912731476082144,
    "best_k": 12,
    "best_combined_score": 1.1593805155062609,
    "best_sse": 238.29547466887828,
    "total_runtime_sec": 2.639042377471924
}