{
    "core_count": 759,
    "border_count": 40,
    "noise_count": 92,
    "noise_ratio": 0.10325476992143659,
    "neighbor_hist": [
        0,
        23,
        10,
        9,
        7,
        8,
        8,
        1,
        0,
        2,
        2,
        0,
        0,
        1,
        1,
        1,
        1,
        0,
        0,
        1,
        0,
        2,
        0,
        0,
        2,
        0,
        0,
        1,
        2,
        0,
        2,
        32,
        2,
        2,
        2,
        0,
        0,
        1,
        1,
        1,
        0,
        2,
        5,
        0,
        4,
        0,
        0,
        1,
        0,
        754
    ],
    "combined_score": 0.531380816715139,
    "silhouette": 0.38209153896599735,
    "davies_bouldin": 1.267473446527917,
    "sse": 1253.7063258476526,
    "weights": {
        "alpha": 0.47,
        "beta": 0.53,
        "gamma": 0.0
    }
}