{
    "n_trials": 31,
    "avg_iterations": 10.0,
    "median_iterations": 9.0,
    "avg_auc_delta": 7.137521721396354,
    "avg_geo_decay": 0.5382321017452275,
    "best_k": 32,
    "best_combined_score": 0.6224967104337342,
    "best_sse": 2649.723162545689,
    "weights": {
        "alpha": 0.47,
        "beta": 0.53,
        "gamma": 0.0
    },
    "total_runtime_sec": 70.80339455604553
}