{
    "n_trials": 31,
    "avg_iterations": 9.03225806451613,
    "median_iterations": 7.0,
    "avg_auc_delta": 9.44247849125856,
    "avg_geo_decay": 0.4594466234340158,
    "best_k": 11,
    "best_combined_score": 0.5471058140622814,
    "best_sse": 3382.243378112436,
    "weights": {
        "alpha": 0.47,
        "beta": 0.53,
        "gamma": 0.0
    },
    "total_runtime_sec": 17.223851919174194
}