{
    "n_trials": 31,
    "avg_iterations": 13.161290322580646,
    "median_iterations": 14.0,
    "avg_auc_delta": 16.964552902389325,
    "avg_geo_decay": 0.6572052672205012,
    "best_k": 38,
    "best_combined_score": 0.48540356391670947,
    "best_sse": 3865.2582924808526,
    "weights": {
        "alpha": 0.47,
        "beta": 0.53,
        "gamma": 0.0
    },
    "total_runtime_sec": 112.39837431907654
}