{
    "n_trials": 31,
    "avg_iterations": 18.903225806451612,
    "median_iterations": 18.0,
    "avg_auc_delta": 13.67805210253314,
    "avg_geo_decay": 0.7447173686606613,
    "best_k": 32,
    "best_combined_score": 0.5206717659004577,
    "best_sse": 2275.941968665329,
    "weights": {
        "alpha": 0.47,
        "beta": 0.53,
        "gamma": 0.0
    },
    "total_runtime_sec": 14.768318891525269
}