{
    "clean_state": "raw",
    "best_k": 5,
    "linkage": "single",
    "metric": "manhattan",
    "combined": 1.7714631444643842,
    "silhouette": 0.46739684631980893,
    "davies_bouldin": 0.3251472693272947,
    "intra_dist_mean": 3.3559635436508106,
    "inter_dist_mean": 9.744614111253034,
    "ratio_intra_inter": 0.3443916306316343,
    "n_merge_steps": 809,
    "h_max": 10.967610419243833,
    "total_runtime_sec": 7.855748176574707
}