{
    "clean_state": "raw",
    "best_k": 5,
    "linkage": "single",
    "metric": "euclidean",
    "combined": 0.6921505651569718,
    "silhouette": 0.34406809944982336,
    "davies_bouldin": 0.4064208050202394,
    "sse": 11161.44155283769,
    "weights": {
        "alpha": 0.47,
        "beta": 0.53,
        "gamma": 0.0
    },
    "intra_dist_mean": 5.712565728086649,
    "inter_dist_mean": 11.971337712209188,
    "ratio_intra_inter": 0.4771869164011727,
    "n_merge_steps": 649,
    "h_max": 11.099348882371903,
    "total_runtime_sec": 14.683640480041504
}