{
    "clean_state": "raw",
    "best_k": 5,
    "linkage": "single",
    "metric": "euclidean",
    "combined": 1.5690230562827998,
    "silhouette": 0.3732874322629073,
    "davies_bouldin": 0.36169522031865636,
    "intra_dist_mean": 3.3532353403397055,
    "inter_dist_mean": 9.853286976479476,
    "ratio_intra_inter": 0.3403164191141277,
    "n_merge_steps": 809,
    "total_runtime_sec": 20.939940929412842
}