{
    "clean_state": "raw",
    "best_k": 12,
    "best_cov_type": "full",
    "best_combined": 0.47643140134819667,
    "best_silhouette": 0.15620257538406992,
    "best_db": 1.4262862984732856,
    "best_sse": 1375.723300171742,
    "weights": {
        "alpha": 0.47,
        "beta": 0.53,
        "gamma": 0.0
    },
    "n_iter_final": 1,
    "ll_curve_final": [
        20.641311179623052,
        20.64131117962557
    ],
    "total_runtime_sec": 1.8456933498382568
}