{
    "clean_state": "raw",
    "best_k": 20,
    "best_cov_type": "tied",
    "best_combined": 0.5602517803247082,
    "best_silhouette": 0.24451633658245336,
    "best_db": 1.1415691605150133,
    "n_iter_final": 1,
    "ll_curve_final": [
        -7.528894315921611,
        -7.45850863093157,
        -7.420542555034538,
        -7.394171204888655,
        -7.37050302079287,
        -7.337700008073669,
        -7.286100520306134,
        -7.266006350971598,
        -7.262539620259446,
        -7.260369490427216,
        -7.25901960988909,
        -7.257982411076024,
        -7.256266525853912,
        -7.250948600164173,
        -7.245865255064125,
        -7.24293529622126,
        -7.23900375317424,
        -7.231424284353602,
        -7.201674411677237,
        -7.152425495229895,
        -7.146751801578766,
        -7.144597568824967,
        -7.141362694301428,
        -7.135950585682236,
        -7.126066097866908,
        -7.107443229203669,
        -7.08425594045322,
        -7.073635610024534,
        -7.0691326192228585,
        -7.068179836875106
    ],
    "total_runtime_sec": 9.970600843429565
}