{
    "clean_state": "raw",
    "best_k": 5,
    "linkage": "single",
    "metric": "manhattan",
    "combined": 0.681877808134413,
    "silhouette": 0.4262177630971804,
    "davies_bouldin": 0.5234953352127569,
    "sse": 14557.616634804352,
    "weights": {
        "alpha": 0.47,
        "beta": 0.53,
        "gamma": 0.0
    },
    "intra_dist_mean": 3.5632275229538566,
    "inter_dist_mean": 8.835031814205905,
    "ratio_intra_inter": 0.4033066997250781,
    "n_merge_steps": 2040,
    "h_max": 9.08894086620827,
    "total_runtime_sec": 83.03650689125061
}