{
    "n_trials": 31,
    "avg_iterations": 8.548387096774194,
    "median_iterations": 8.0,
    "avg_auc_delta": 5.993148861293954,
    "avg_geo_decay": 0.4845296059440973,
    "best_k": 6,
    "best_combined_score": 0.5494263096887239,
    "best_sse": 2776.92815297686,
    "weights": {
        "alpha": 0.47,
        "beta": 0.53,
        "gamma": 0.0
    },
    "total_runtime_sec": 33.59418249130249
}