{
    "n_trials": 31,
    "avg_iterations": 13.387096774193548,
    "median_iterations": 11.0,
    "avg_auc_delta": 23.307396008232562,
    "avg_geo_decay": 0.6699111468081276,
    "best_k": 28,
    "best_combined_score": 0.31567763477529287,
    "best_sse": 7151.986145480811,
    "total_runtime_sec": 5.365217924118042
}