{
    "n_trials": 30,
    "avg_iterations": 10.7,
    "median_iterations": 9.5,
    "avg_auc_delta": 15.630441628744153,
    "avg_geo_decay": 0.6269729360846557,
    "best_k": 28,
    "best_combined_score": 0.34197911987910623,
    "best_sse": 6922.210112084622,
    "total_runtime_sec": 1.316899061203003
}