{
    "centroid_movements": [
        8.467247748141253e-16
    ],
    "sse_list": [
        7519.308832151325,
        7519.308832151325
    ],
    "final_iteration": 2
}