{
    "clean_state": "raw",
    "best_k": 5,
    "linkage": "single",
    "metric": "manhattan",
    "combined": 1.670260799350553,
    "silhouette": 0.41445640065501504,
    "davies_bouldin": 0.34175588454685146,
    "intra_dist_mean": 3.366494921017681,
    "inter_dist_mean": 10.090969192754024,
    "ratio_intra_inter": 0.3336146267728883,
    "n_merge_steps": 670,
    "h_max": 13.093925009474903,
    "total_runtime_sec": 5.541943073272705
}