{
    "n_trials": 30,
    "avg_iterations": 14.4,
    "median_iterations": 15.0,
    "avg_auc_delta": 8.8113486016274,
    "avg_geo_decay": 0.676921199162012,
    "best_k": 37,
    "best_combined_score": 0.5174116320335806,
    "best_sse": 1975.3153094674092,
    "weights": {
        "alpha": 0.47,
        "beta": 0.53,
        "gamma": 0.0
    },
    "total_runtime_sec": 5.758620023727417
}