{
    "clean_state": "raw",
    "best_k": 44,
    "linkage": "single",
    "metric": "euclidean",
    "combined": 0.9992188667363298,
    "silhouette": 0.3394101806664202,
    "davies_bouldin": 0.6027627439390645,
    "intra_dist_mean": 1.8409914045622495,
    "inter_dist_mean": 3.8111543385751143,
    "ratio_intra_inter": 0.48305349010086596,
    "n_merge_steps": 2037,
    "total_runtime_sec": 98.67159366607666
}