{
    "clean_state": "raw",
    "best_k": 6,
    "linkage": "single",
    "metric": "manhattan",
    "combined": 0.7759433566799748,
    "silhouette": 0.5903679408961564,
    "davies_bouldin": 0.31640693004503134,
    "sse": 8233.447325030818,
    "weights": {
        "alpha": 0.47,
        "beta": 0.53,
        "gamma": 0.0
    },
    "intra_dist_mean": 3.8829158745636145,
    "inter_dist_mean": 14.800600610742304,
    "ratio_intra_inter": 0.2623485341361839,
    "n_merge_steps": 999,
    "h_max": 10.707886323130696,
    "total_runtime_sec": 21.738070964813232
}