{
    "clean_state": "raw",
    "best_k": 5,
    "linkage": "single",
    "metric": "euclidean",
    "combined": 2.8576767508610534,
    "silhouette": 0.593890001757404,
    "davies_bouldin": 0.195256687860197,
    "intra_dist_mean": 3.8886366920763202,
    "inter_dist_mean": 20.130673797261853,
    "ratio_intra_inter": 0.19316972353926148,
    "n_merge_steps": 999,
    "total_runtime_sec": 30.63615846633911
}