{
    "clean_state": "raw",
    "best_k": 5,
    "linkage": "single",
    "metric": "manhattan",
    "combined": 2.85767692852896,
    "silhouette": 0.5938900017595112,
    "davies_bouldin": 0.19525667431303853,
    "intra_dist_mean": 3.8886366920538964,
    "inter_dist_mean": 20.130673797261853,
    "ratio_intra_inter": 0.19316972353814757,
    "n_merge_steps": 999,
    "h_max": 29.953343831975275,
    "total_runtime_sec": 17.573055505752563
}