{
    "clean_state": "raw",
    "best_k": 10,
    "linkage": "single",
    "metric": "manhattan",
    "combined": 2.3581963545943143,
    "silhouette": 0.6116574851509547,
    "davies_bouldin": 0.24362107308259887,
    "intra_dist_mean": 2.2957345916182326,
    "inter_dist_mean": 9.003737072704448,
    "ratio_intra_inter": 0.25497574763457737,
    "n_merge_steps": 423,
    "total_runtime_sec": 7.6394712924957275
}