{
    "centroid_movements": [
        1.673930193871962e-15
    ],
    "sse_list": [
        1215.8247069220888,
        1215.8247069220888
    ],
    "final_iteration": 2
}