{
    "n_trials": 30,
    "avg_iterations": 16.7,
    "median_iterations": 17.0,
    "avg_auc_delta": 9.997247982072789,
    "avg_geo_decay": 0.7053866603368995,
    "best_k": 10,
    "best_combined_score": 0.5493767334810133,
    "best_sse": 3245.8251810483703,
    "weights": {
        "alpha": 0.47,
        "beta": 0.53,
        "gamma": 0.0
    },
    "total_runtime_sec": 3.029024362564087
}