{
    "n_trials": 30,
    "avg_iterations": 7.7,
    "median_iterations": 8.0,
    "avg_auc_delta": 4.994017983308494,
    "avg_geo_decay": 0.4216888194507799,
    "best_k": 44,
    "best_combined_score": 0.7051275060558098,
    "best_sse": 1086.8569957527425,
    "total_runtime_sec": 2.773527145385742
}