{
    "n_trials": 30,
    "avg_iterations": 11.933333333333334,
    "median_iterations": 10.0,
    "avg_auc_delta": 14.461389307728123,
    "avg_geo_decay": 0.5792873170445951,
    "best_k": 21,
    "best_combined_score": 0.4958130323908901,
    "best_sse": 7204.641431083343,
    "weights": {
        "alpha": 0.47,
        "beta": 0.53,
        "gamma": 0.0
    },
    "total_runtime_sec": 2.4060165882110596
}