{
    "n_trials": 31,
    "avg_iterations": 11.741935483870968,
    "median_iterations": 11.0,
    "avg_auc_delta": 12.244470850912016,
    "avg_geo_decay": 0.5293668196872967,
    "best_k": 48,
    "best_combined_score": 0.8398309345091914,
    "best_sse": 1363.0808871181393,
    "total_runtime_sec": 12.999539852142334
}