{
    "n_trials": 30,
    "avg_iterations": 7.833333333333333,
    "median_iterations": 7.0,
    "avg_auc_delta": 7.0900297119784135,
    "avg_geo_decay": 0.5766334168952972,
    "best_k": 49,
    "best_combined_score": 0.8078526097712667,
    "best_sse": 1157.0957529970667,
    "total_runtime_sec": 4.114420175552368
}