{
    "n_trials": 31,
    "avg_iterations": 12.838709677419354,
    "median_iterations": 11.0,
    "avg_auc_delta": 19.67199404462164,
    "avg_geo_decay": 0.6874069291839603,
    "best_k": 19,
    "best_combined_score": 0.4266091921224088,
    "best_sse": 3975.2066758013025,
    "weights": {
        "alpha": 0.47,
        "beta": 0.53,
        "gamma": 0.0
    },
    "total_runtime_sec": 3.563936471939087
}