{
    "clean_state": "raw",
    "best_k": 20,
    "best_cov_type": "full",
    "best_combined": 0.47217862041132885,
    "best_silhouette": 0.18838428532057067,
    "best_db": 1.322798643419512,
    "n_iter_final": 1,
    "ll_curve_final": [
        28.48829960670671,
        28.48852405466024
    ],
    "total_runtime_sec": 6.437735080718994
}