{
    "clean_state": "raw",
    "best_k": 46,
    "best_cov_type": "tied",
    "best_combined": 0.6220475527393018,
    "best_silhouette": 0.4661328138780375,
    "best_db": 0.8234937327573308,
    "best_sse": 871.3675878374634,
    "weights": {
        "alpha": 0.47,
        "beta": 0.53,
        "gamma": 0.0
    },
    "n_iter_final": 1,
    "ll_curve_final": [
        -0.9454992421559701,
        1.3919571575443803,
        1.616289539701472,
        1.6616728386172401,
        1.680132607944414,
        1.7062713494628774,
        1.7086679065468886,
        1.7088704978839808
    ],
    "total_runtime_sec": 35.836724519729614
}