{
    "n_trials": 30,
    "avg_iterations": 4.133333333333334,
    "median_iterations": 5.0,
    "avg_auc_delta": 2.204626713778454,
    "avg_geo_decay": 0.1953113959661283,
    "best_k": 29,
    "best_combined_score": 0.73867867556507,
    "best_sse": 558.8462719722933,
    "weights": {
        "alpha": 0.47,
        "beta": 0.53,
        "gamma": 0.0
    },
    "total_runtime_sec": 4.292207717895508
}