{
    "n_trials": 31,
    "avg_iterations": 13.870967741935484,
    "median_iterations": 14.0,
    "avg_auc_delta": 24.116927340134403,
    "avg_geo_decay": 0.6762193638399802,
    "best_k": 31,
    "best_combined_score": 0.27595386050337417,
    "best_sse": 9151.884030144203,
    "total_runtime_sec": 7.639437913894653
}