{
    "n_trials": 31,
    "avg_iterations": 12.35483870967742,
    "median_iterations": 11.0,
    "avg_auc_delta": 12.381727204954583,
    "avg_geo_decay": 0.610646155082865,
    "best_k": 10,
    "best_combined_score": 0.5597363421436464,
    "best_sse": 1971.236630289823,
    "weights": {
        "alpha": 0.47,
        "beta": 0.53,
        "gamma": 0.0
    },
    "total_runtime_sec": 2.9579012393951416
}