{
    "clean_state": "raw",
    "best_k": 12,
    "linkage": "single",
    "metric": "manhattan",
    "combined": 1.209856271695704,
    "silhouette": 0.39814279042928336,
    "davies_bouldin": 0.49466509801837916,
    "intra_dist_mean": 3.0651648326494456,
    "inter_dist_mean": 6.151638768433821,
    "ratio_intra_inter": 0.49826801410664173,
    "n_merge_steps": 2409,
    "total_runtime_sec": 146.33596873283386
}