{
    "clean_state": "raw",
    "best_k": 12,
    "linkage": "single",
    "metric": "manhattan",
    "combined": 1.2098562716977044,
    "silhouette": 0.39814279043328427,
    "davies_bouldin": 0.49466509801837916,
    "intra_dist_mean": 3.0651648326483234,
    "inter_dist_mean": 6.151638768433821,
    "ratio_intra_inter": 0.4982680141064593,
    "n_merge_steps": 2409,
    "h_max": 63.70121272718787,
    "total_runtime_sec": 133.6428782939911
}