{
    "clean_state": "raw",
    "best_k": 5,
    "linkage": "single",
    "metric": "euclidean",
    "combined": 0.6421705462399513,
    "silhouette": 0.2578316414753341,
    "davies_bouldin": 0.5281149176544173,
    "sse": 17751.935104299762,
    "weights": {
        "alpha": 0.47,
        "beta": 0.53,
        "gamma": 0.0
    },
    "intra_dist_mean": 5.794248693364785,
    "inter_dist_mean": 8.890125156476337,
    "ratio_intra_inter": 0.6517623308309782,
    "n_merge_steps": 999,
    "h_max": 6.545078705568165,
    "total_runtime_sec": 24.62413787841797
}