{
    "n_trials": 31,
    "avg_iterations": 16.193548387096776,
    "median_iterations": 15.0,
    "avg_auc_delta": 10.58629565877851,
    "avg_geo_decay": 0.6948575816060983,
    "best_k": 9,
    "best_combined_score": 0.5281526867936505,
    "best_sse": 4595.949480089464,
    "weights": {
        "alpha": 0.47,
        "beta": 0.53,
        "gamma": 0.0
    },
    "total_runtime_sec": 6.163224697113037
}