{
    "clean_state": "raw",
    "best_k": 25,
    "best_cov_type": "full",
    "best_combined": 0.3270581502746757,
    "best_silhouette": 0.11410719075109478,
    "best_db": 1.8518206116441118,
    "n_iter_final": 1,
    "ll_curve_final": [
        6.837653114907632,
        8.311453538117597,
        8.85450258939699,
        9.548838132720988,
        9.777715414888272,
        10.077242895763197,
        10.143252769206267,
        10.293372613853952,
        10.581684298390996,
        10.765001790839932,
        10.853181363175684,
        10.853181274440203
    ],
    "total_runtime_sec": 13.593221426010132
}