{
    "clean_state": "raw",
    "best_k": 44,
    "best_cov_type": "spherical",
    "best_combined": 0.543267511931675,
    "best_silhouette": 0.36437838568421155,
    "best_db": 1.1731233046272636,
    "best_sse": 1734.8522324481858,
    "weights": {
        "alpha": 0.47,
        "beta": 0.53,
        "gamma": 0.0
    },
    "n_iter_final": 1,
    "ll_curve_final": [
        -3.7610405994762064,
        -3.624941877769966,
        -3.5717968185824125,
        -3.536624393654957,
        -3.493370406274403,
        -3.447216599022133,
        -3.4295347505351828,
        -3.4163803778035513,
        -3.403650273658718,
        -3.3998141329817075,
        -3.398778934645209,
        -3.39821835490205
    ],
    "total_runtime_sec": 20.09727144241333
}