{
    "n_trials": 31,
    "avg_iterations": 4.32258064516129,
    "median_iterations": 5.0,
    "avg_auc_delta": 2.2124807613832758,
    "avg_geo_decay": 0.23250989390950022,
    "best_k": 16,
    "best_combined_score": 0.47562071235085274,
    "best_sse": 8658.311485278819,
    "weights": {
        "alpha": 0.47,
        "beta": 0.53,
        "gamma": 0.0
    },
    "total_runtime_sec": 5.085543394088745
}