{
    "n_trials": 31,
    "avg_iterations": 15.03225806451613,
    "median_iterations": 14.0,
    "avg_auc_delta": 10.73060951673475,
    "avg_geo_decay": 0.7057834886008286,
    "best_k": 30,
    "best_combined_score": 0.5254979173431431,
    "best_sse": 1281.3265535580929,
    "weights": {
        "alpha": 0.47,
        "beta": 0.53,
        "gamma": 0.0
    },
    "total_runtime_sec": 6.025540828704834
}