{
    "n_trials": 30,
    "avg_iterations": 3.3333333333333335,
    "median_iterations": 3.0,
    "avg_auc_delta": 4.096690066404038,
    "avg_geo_decay": 0.18501700854192274,
    "best_k": 12,
    "best_combined_score": 1.0097805392542207,
    "best_sse": 159.70904598931347,
    "total_runtime_sec": 0.15204429626464844
}