{
    "n_trials": 31,
    "avg_iterations": 4.387096774193548,
    "median_iterations": 4.0,
    "avg_auc_delta": 6.93785160495948,
    "avg_geo_decay": 0.4201028162211963,
    "best_k": 12,
    "best_combined_score": 0.9734974523100004,
    "best_sse": 198.60685773679887,
    "total_runtime_sec": 1.9561922550201416
}