{
    "n_trials": 20,
    "avg_iterations": 3.4,
    "median_iterations": 3.0,
    "avg_auc_delta": 3.1951133538517693,
    "avg_geo_decay": 0.3074086895125436,
    "best_k": 8,
    "best_combined_score": 0.7196709187991286,
    "best_sse": 223.91147498393548,
    "weights": {
        "alpha": 0.47,
        "beta": 0.53,
        "gamma": 0.0
    },
    "total_runtime_sec": 0.24119329452514648
}