{
    "n_trials": 31,
    "avg_iterations": 3.7419354838709675,
    "median_iterations": 4.0,
    "avg_auc_delta": 4.6475263293725995,
    "avg_geo_decay": 0.38795295539255475,
    "best_k": 10,
    "best_combined_score": 0.7164131703538962,
    "best_sse": 91.7146323162563,
    "weights": {
        "alpha": 0.47,
        "beta": 0.53,
        "gamma": 0.0
    },
    "total_runtime_sec": 1.6101939678192139
}