{
    "n_trials": 31,
    "avg_iterations": 11.870967741935484,
    "median_iterations": 10.0,
    "avg_auc_delta": 21.61695319561627,
    "avg_geo_decay": 0.6703276919160309,
    "best_k": 18,
    "best_combined_score": 0.45924646358972815,
    "best_sse": 3819.173507789599,
    "weights": {
        "alpha": 0.47,
        "beta": 0.53,
        "gamma": 0.0
    },
    "total_runtime_sec": 2.69427227973938
}