{
    "n_trials": 31,
    "avg_iterations": 9.161290322580646,
    "median_iterations": 9.0,
    "avg_auc_delta": 20.175552457792666,
    "avg_geo_decay": 0.532641153302427,
    "best_k": 6,
    "best_combined_score": 0.6191861347793732,
    "best_sse": 3127.488455139107,
    "weights": {
        "alpha": 0.47,
        "beta": 0.53,
        "gamma": 0.0
    },
    "total_runtime_sec": 2.9611806869506836
}