{
    "centroid_movements": [
        1.2418216224893049e-15
    ],
    "sse_list": [
        10902.530686852313,
        10902.530686852313
    ],
    "final_iteration": 2
}