{
    "n_trials": 30,
    "avg_iterations": 14.833333333333334,
    "median_iterations": 14.5,
    "avg_auc_delta": 18.449545032089294,
    "avg_geo_decay": 0.7219826239613841,
    "best_k": 31,
    "best_combined_score": 0.24968268903825813,
    "best_sse": 10136.64251904242,
    "total_runtime_sec": 2.1734397411346436
}