{
    "n_trials": 30,
    "avg_iterations": 8.033333333333333,
    "median_iterations": 6.5,
    "avg_auc_delta": 4.375871112299872,
    "avg_geo_decay": 0.37040927169562265,
    "best_k": 7,
    "best_combined_score": 0.698434907027215,
    "best_sse": 3352.969062223975,
    "weights": {
        "alpha": 0.47,
        "beta": 0.53,
        "gamma": 0.0
    },
    "total_runtime_sec": 5.923089504241943
}