{
    "n_trials": 31,
    "avg_iterations": 17.06451612903226,
    "median_iterations": 15.0,
    "avg_auc_delta": 25.6509397143747,
    "avg_geo_decay": 0.747598973485711,
    "best_k": 31,
    "best_combined_score": 0.253759730632101,
    "best_sse": 10263.574485987172,
    "total_runtime_sec": 9.156489610671997
}