{
    "n_trials": 31,
    "avg_iterations": 14.419354838709678,
    "median_iterations": 13.0,
    "avg_auc_delta": 9.880946276028089,
    "avg_geo_decay": 0.6560576832358073,
    "best_k": 40,
    "best_combined_score": 0.5991030377737145,
    "best_sse": 1288.9439936045487,
    "weights": {
        "alpha": 0.47,
        "beta": 0.53,
        "gamma": 0.0
    },
    "total_runtime_sec": 10.881149053573608
}