{
    "n_trials": 31,
    "avg_iterations": 12.935483870967742,
    "median_iterations": 12.0,
    "avg_auc_delta": 23.44612397213268,
    "avg_geo_decay": 0.6536531865243553,
    "best_k": 31,
    "best_combined_score": 0.38292942815700753,
    "best_sse": 7115.696678764762,
    "total_runtime_sec": 6.968873500823975
}