{
    "n_trials": 30,
    "avg_iterations": 12.8,
    "median_iterations": 12.0,
    "avg_auc_delta": 17.044654678292325,
    "avg_geo_decay": 0.6690296072591848,
    "best_k": 31,
    "best_combined_score": 0.4066584092067549,
    "best_sse": 6881.637387744788,
    "total_runtime_sec": 1.9575915336608887
}