{
    "n_trials": 31,
    "avg_iterations": 9.0,
    "median_iterations": 8.0,
    "avg_auc_delta": 17.973408038619073,
    "avg_geo_decay": 0.5422763734077424,
    "best_k": 17,
    "best_combined_score": 0.4812037503118804,
    "best_sse": 3426.767528666376,
    "weights": {
        "alpha": 0.47,
        "beta": 0.53,
        "gamma": 0.0
    },
    "total_runtime_sec": 3.905733346939087
}