{
    "n_trials": 31,
    "avg_iterations": 7.064516129032258,
    "median_iterations": 7.0,
    "avg_auc_delta": 6.508093314086214,
    "avg_geo_decay": 0.3081371877618592,
    "best_k": 31,
    "best_combined_score": 0.5838289030626913,
    "best_sse": 1639.456847848312,
    "weights": {
        "alpha": 0.47,
        "beta": 0.53,
        "gamma": 0.0
    },
    "total_runtime_sec": 20.877161026000977
}