{
    "core_count": 1124,
    "border_count": 32,
    "noise_count": 115,
    "noise_ratio": 0.0904799370574351,
    "neighbor_hist": [
        0,
        48,
        29,
        42,
        28,
        26,
        36,
        14,
        14,
        17,
        34,
        16,
        10,
        7,
        14,
        28,
        27,
        20,
        23,
        22,
        8,
        5,
        11,
        16,
        10,
        10,
        4,
        7,
        3,
        4,
        8,
        4,
        3,
        4,
        7,
        4,
        2,
        5,
        8,
        10,
        17,
        10,
        7,
        11,
        9,
        21,
        11,
        7,
        8,
        582
    ],
    "combined_score": 0.458907220506467,
    "silhouette": 0.2622757078778736,
    "davies_bouldin": 1.7064206625994327,
    "sse": 1757.0046964978985,
    "weights": {
        "alpha": 0.47,
        "beta": 0.53,
        "gamma": 0.0
    }
}