{
    "n_trials": 31,
    "avg_iterations": 13.129032258064516,
    "median_iterations": 13.0,
    "avg_auc_delta": 9.02476111840293,
    "avg_geo_decay": 0.6360040941904137,
    "best_k": 36,
    "best_combined_score": 0.5831357626853939,
    "best_sse": 1641.35089484538,
    "weights": {
        "alpha": 0.47,
        "beta": 0.53,
        "gamma": 0.0
    },
    "total_runtime_sec": 12.281105041503906
}