{
    "n_trials": 31,
    "avg_iterations": 12.451612903225806,
    "median_iterations": 11.0,
    "avg_auc_delta": 9.757888320208428,
    "avg_geo_decay": 0.6470042574761863,
    "best_k": 26,
    "best_combined_score": 0.5446832063157352,
    "best_sse": 1101.069942071471,
    "weights": {
        "alpha": 0.47,
        "beta": 0.53,
        "gamma": 0.0
    },
    "total_runtime_sec": 7.051771879196167
}