{
    "clean_state": "raw",
    "best_k": 29,
    "best_cov_type": "tied",
    "best_combined": 0.580917025244441,
    "best_silhouette": 0.3184659646541228,
    "best_db": 0.9027669290975214,
    "best_sse": 1582.0837479731545,
    "weights": {
        "alpha": 0.47,
        "beta": 0.53,
        "gamma": 0.0
    },
    "n_iter_final": 1,
    "ll_curve_final": [
        26.901915100586187,
        27.07211601784525,
        27.236015612097024,
        27.335299680608063,
        27.388545652837394,
        27.40509073702044,
        27.40858747259343,
        27.413850062162485,
        27.422823129448183,
        27.42679669807882,
        27.434015404965585,
        27.46014268119901,
        27.546729888781684,
        27.58062061976468,
        27.58091173150971
    ],
    "total_runtime_sec": 16.71023654937744
}