{
    "core_count": 2364,
    "border_count": 11,
    "noise_count": 1,
    "noise_ratio": 0.00042087542087542086,
    "neighbor_hist": [
        0,
        0,
        2,
        1,
        1,
        8,
        3,
        0,
        6,
        3,
        3,
        12,
        5,
        3,
        8,
        0,
        0,
        0,
        0,
        1,
        3,
        18,
        30,
        5,
        7,
        8,
        9,
        6,
        6,
        0,
        1,
        28,
        3,
        6,
        4,
        0,
        31,
        37,
        11,
        2,
        0,
        5,
        3,
        28,
        3,
        2,
        3,
        1,
        4,
        2056
    ],
    "combined_score": 0.5995790788288528,
    "silhouette": 0.33079895489333483,
    "davies_bouldin": 0.8141398271124115,
    "sse": 7018.511735932149,
    "weights": {
        "alpha": 0.47,
        "beta": 0.53,
        "gamma": 0.0
    }
}