{
    "n_trials": 30,
    "avg_iterations": 12.7,
    "median_iterations": 10.5,
    "avg_auc_delta": 9.298446245747321,
    "avg_geo_decay": 0.5578056351482231,
    "best_k": 32,
    "best_combined_score": 0.5321041795016652,
    "best_sse": 1281.1857553958305,
    "total_runtime_sec": 1.3631718158721924
}