{
    "n_trials": 30,
    "avg_iterations": 8.933333333333334,
    "median_iterations": 9.0,
    "avg_auc_delta": 7.251289599251003,
    "avg_geo_decay": 0.4971317519288664,
    "best_k": 13,
    "best_combined_score": 0.5368583867304423,
    "best_sse": 1313.2193678645272,
    "weights": {
        "alpha": 0.47,
        "beta": 0.53,
        "gamma": 0.0
    },
    "total_runtime_sec": 0.685859203338623
}