{
    "n_trials": 31,
    "avg_iterations": 15.32258064516129,
    "median_iterations": 14.0,
    "avg_auc_delta": 11.683946786470973,
    "avg_geo_decay": 0.6501975097291225,
    "best_k": 32,
    "best_combined_score": 0.61591476330014,
    "best_sse": 1381.904138256017,
    "total_runtime_sec": 6.802493572235107
}