{
    "n_trials": 30,
    "avg_iterations": 5.266666666666667,
    "median_iterations": 5.0,
    "avg_auc_delta": 9.828812472714253,
    "avg_geo_decay": 0.3270638999696347,
    "best_k": 14,
    "best_combined_score": 0.5231725067367062,
    "best_sse": 2308.782497155782,
    "weights": {
        "alpha": 0.47,
        "beta": 0.53,
        "gamma": 0.0
    },
    "total_runtime_sec": 0.6727406978607178
}