{
    "n_trials": 30,
    "avg_iterations": 10.066666666666666,
    "median_iterations": 9.0,
    "avg_auc_delta": 7.184666795530772,
    "avg_geo_decay": 0.5480883983685589,
    "best_k": 23,
    "best_combined_score": 0.5610216627504419,
    "best_sse": 577.3783994532907,
    "total_runtime_sec": 0.4161350727081299
}