{
    "n_trials": 31,
    "avg_iterations": 6.032258064516129,
    "median_iterations": 5.0,
    "avg_auc_delta": 6.191546568054391,
    "avg_geo_decay": 0.4663700814282585,
    "best_k": 16,
    "best_combined_score": 0.6789234499707152,
    "best_sse": 250.03933962448835,
    "weights": {
        "alpha": 0.47,
        "beta": 0.53,
        "gamma": 0.0
    },
    "total_runtime_sec": 4.4048662185668945
}