{
    "clean_state": "raw",
    "best_k": 7,
    "linkage": "single",
    "metric": "manhattan",
    "combined": 1.8033184351635285,
    "silhouette": 0.5321184894450143,
    "davies_bouldin": 0.3252541946791393,
    "intra_dist_mean": 3.830177810802755,
    "inter_dist_mean": 14.239288321832438,
    "ratio_intra_inter": 0.26898660412191056,
    "n_merge_steps": 999,
    "total_runtime_sec": 33.11231207847595
}