{
    "clean_state": "raw",
    "best_k": 7,
    "linkage": "single",
    "metric": "manhattan",
    "combined": 1.8033184860133233,
    "silhouette": 0.5321184894450284,
    "davies_bouldin": 0.3252541839203119,
    "intra_dist_mean": 3.830177810802634,
    "inter_dist_mean": 14.239288321832438,
    "ratio_intra_inter": 0.26898660412190206,
    "n_merge_steps": 999,
    "h_max": 24.064783409223995,
    "total_runtime_sec": 17.17008876800537
}