{
    "clean_state": "raw",
    "best_k": 7,
    "best_cov_type": "tied",
    "best_combined": 0.6974503687478625,
    "best_silhouette": 0.3650126095377097,
    "best_db": 0.970979247991454,
    "n_iter_final": 1,
    "ll_curve_final": [
        -5.849432247430485,
        -4.923590698783253,
        -4.919445889070822,
        -4.916983135377223,
        -4.914838123867792,
        -4.912895818601417,
        -4.911439470883405,
        -4.910633591450143
    ],
    "total_runtime_sec": 48.17264223098755
}