{
    "clean_state": "raw",
    "best_k": 9,
    "best_cov_type": "tied",
    "best_combined": 0.53059482976452,
    "best_silhouette": 0.24266801384040798,
    "best_db": 1.1287552699923502,
    "best_sse": 2604.562326042342,
    "weights": {
        "alpha": 0.47,
        "beta": 0.53,
        "gamma": 0.0
    },
    "n_iter_final": 1,
    "ll_curve_final": [
        -8.874160410249907,
        -8.65424661529865,
        -8.627967819186326,
        -8.605926429214314,
        -8.588434007145306,
        -8.558383160494689,
        -8.506538779362945,
        -8.472469526878468,
        -8.431986469469813,
        -8.343418022349244,
        -8.341900718507853,
        -8.341815750752398
    ],
    "total_runtime_sec": 8.583996534347534
}