{
    "clean_state": "raw",
    "best_k": 5,
    "linkage": "average",
    "metric": "euclidean",
    "combined": 1.2315792697852,
    "silhouette": 0.5246783509988637,
    "davies_bouldin": 0.5158680526608317,
    "intra_dist_mean": 3.9366629119296035,
    "inter_dist_mean": 9.021208818123903,
    "ratio_intra_inter": 0.43637864850443137,
    "n_merge_steps": 234,
    "total_runtime_sec": 2.65755295753479
}