{
    "clean_state": "raw",
    "best_k": 5,
    "linkage": "complete",
    "metric": "euclidean",
    "combined": 3.324472158149024,
    "silhouette": 0.781675625173232,
    "davies_bouldin": 0.17043705557794894,
    "intra_dist_mean": 2.3682649510524496,
    "inter_dist_mean": 13.037974050288542,
    "ratio_intra_inter": 0.18164363128179845,
    "n_merge_steps": 246,
    "total_runtime_sec": 3.431462526321411
}