{
    "clean_state": "raw",
    "best_k": 5,
    "linkage": "average",
    "metric": "euclidean",
    "combined": 0.7989807694960457,
    "silhouette": 0.6302162241524598,
    "davies_bouldin": 0.2735546258458075,
    "sse": 584.1119354787813,
    "weights": {
        "alpha": 0.47,
        "beta": 0.53,
        "gamma": 0.0
    },
    "intra_dist_mean": 2.3278051751417075,
    "inter_dist_mean": 8.961154861692771,
    "ratio_intra_inter": 0.25976620324824107,
    "n_merge_steps": 147,
    "h_max": 9.774204247280721,
    "total_runtime_sec": 1.2706835269927979
}