{
    "core_count": 1549,
    "border_count": 33,
    "noise_count": 22,
    "noise_ratio": 0.01371571072319202,
    "neighbor_hist": [
        0,
        2,
        3,
        2,
        1,
        0,
        3,
        0,
        0,
        2,
        0,
        8,
        0,
        8,
        4,
        1,
        2,
        12,
        2,
        4,
        0,
        1,
        1,
        0,
        15,
        5,
        4,
        0,
        5,
        2,
        2,
        1,
        2,
        3,
        0,
        1,
        0,
        0,
        0,
        3,
        0,
        0,
        0,
        7,
        21,
        1,
        5,
        2,
        0,
        1469
    ],
    "combined_score": 0.6414495122232867,
    "silhouette": 0.6672000710792803,
    "davies_bouldin": 0.8776407452741202,
    "sse": 3800.2638893257285,
    "weights": {
        "alpha": 0.47,
        "beta": 0.53,
        "gamma": 0.0
    }
}