{
    "n_trials": 31,
    "avg_iterations": 6.161290322580645,
    "median_iterations": 6.0,
    "avg_auc_delta": 5.1392290213546445,
    "avg_geo_decay": 0.3466899261473124,
    "best_k": 43,
    "best_combined_score": 0.6613075834407796,
    "best_sse": 325.8323556338375,
    "weights": {
        "alpha": 0.47,
        "beta": 0.53,
        "gamma": 0.0
    },
    "total_runtime_sec": 10.381920099258423
}