{
    "n_trials": 30,
    "avg_iterations": 8.266666666666667,
    "median_iterations": 8.0,
    "avg_auc_delta": 13.460490795264727,
    "avg_geo_decay": 0.5656314541787009,
    "best_k": 20,
    "best_combined_score": 0.46198454538841977,
    "best_sse": 2978.135949661393,
    "total_runtime_sec": 0.44167447090148926
}