{
    "n_trials": 30,
    "avg_iterations": 13.8,
    "median_iterations": 12.0,
    "avg_auc_delta": 6.634178862944177,
    "avg_geo_decay": 0.6585279548832297,
    "best_k": 13,
    "best_combined_score": 0.5622466329755496,
    "best_sse": 2935.169007766909,
    "weights": {
        "alpha": 0.47,
        "beta": 0.53,
        "gamma": 0.0
    },
    "total_runtime_sec": 4.212108135223389
}