{
    "n_trials": 31,
    "avg_iterations": 11.516129032258064,
    "median_iterations": 10.0,
    "avg_auc_delta": 13.372856709591328,
    "avg_geo_decay": 0.6382096535503265,
    "best_k": 28,
    "best_combined_score": 0.5777587063407481,
    "best_sse": 1777.8789241613777,
    "total_runtime_sec": 6.626736164093018
}