{
    "n_trials": 30,
    "avg_iterations": 9.7,
    "median_iterations": 11.0,
    "avg_auc_delta": 8.876326712413356,
    "avg_geo_decay": 0.5826100849345988,
    "best_k": 28,
    "best_combined_score": 0.6135261639442142,
    "best_sse": 1639.5859142562995,
    "total_runtime_sec": 1.1868760585784912
}