{
    "n_trials": 30,
    "avg_iterations": 17.066666666666666,
    "median_iterations": 16.0,
    "avg_auc_delta": 6.27283934021909,
    "avg_geo_decay": 0.6623909565084863,
    "best_k": 9,
    "best_combined_score": 0.5620884721210326,
    "best_sse": 4349.720298196938,
    "weights": {
        "alpha": 0.47,
        "beta": 0.53,
        "gamma": 0.0
    },
    "total_runtime_sec": 7.96291446685791
}