{
    "clean_state": "raw",
    "best_k": 24,
    "best_cov_type": "tied",
    "best_combined": 0.579658888207448,
    "best_silhouette": 0.2582184159026033,
    "best_db": 1.1097555317667525,
    "n_iter_final": 1,
    "ll_curve_final": [
        -10.210769254550577,
        -9.871093342398032,
        -9.816123574151886,
        -9.797828810444607,
        -9.776756199135084,
        -9.746519346168549,
        -9.666071038395382,
        -9.535897536305413,
        -9.449385484529648,
        -9.347081077442395,
        -9.096818196865962,
        -8.508398851852482,
        -8.137379044913086,
        -7.951765000785855,
        -7.950441955781228,
        -7.949020501324328,
        -7.9473959626100665,
        -7.945337085002681,
        -7.942178970672503,
        -7.9373460218439735,
        -7.925503337131849,
        -7.841912675886533,
        -7.812603041450478,
        -7.812044446305025
    ],
    "total_runtime_sec": 16.344947338104248
}