{
    "clean_state": "raw",
    "best_k": 5,
    "linkage": "single",
    "metric": "euclidean",
    "combined": 0.7565061949533536,
    "silhouette": 0.45899407734600856,
    "davies_bouldin": 0.2784655157414307,
    "sse": 18404.79033428047,
    "weights": {
        "alpha": 0.47,
        "beta": 0.53,
        "gamma": 0.0
    },
    "intra_dist_mean": 3.5863224045311695,
    "inter_dist_mean": 13.379932612317823,
    "ratio_intra_inter": 0.2680374041068984,
    "n_merge_steps": 2409,
    "h_max": 11.211640171718752,
    "total_runtime_sec": 124.53669667243958
}