{
    "clean_state": "raw",
    "best_k": 43,
    "linkage": "single",
    "metric": "euclidean",
    "combined": 1.8623440279149641,
    "silhouette": 0.631833023775115,
    "davies_bouldin": 0.32332585576622574,
    "intra_dist_mean": 1.071379681544006,
    "inter_dist_mean": 4.2882700050894105,
    "ratio_intra_inter": 0.2498396043794397,
    "n_merge_steps": 2375,
    "total_runtime_sec": 115.65801739692688
}