{
    "clean_state": "raw",
    "best_k": 43,
    "linkage": "single",
    "metric": "euclidean",
    "combined": 1.8623440409086351,
    "silhouette": 0.6318330237753002,
    "davies_bouldin": 0.32332585304953854,
    "intra_dist_mean": 1.0713796815438013,
    "inter_dist_mean": 4.2882700050894105,
    "ratio_intra_inter": 0.24983960437939196,
    "n_merge_steps": 2375,
    "h_max": 3.9372732946866713,
    "total_runtime_sec": 126.97723293304443
}