{
    "n_trials": 31,
    "avg_iterations": 16.29032258064516,
    "median_iterations": 16.0,
    "avg_auc_delta": 12.998003139099652,
    "avg_geo_decay": 0.7141246041934584,
    "best_k": 37,
    "best_combined_score": 0.5126899495725407,
    "best_sse": 2040.4282543842476,
    "weights": {
        "alpha": 0.47,
        "beta": 0.53,
        "gamma": 0.0
    },
    "total_runtime_sec": 7.0206849575042725
}