{
    "n_trials": 30,
    "avg_iterations": 12.166666666666666,
    "median_iterations": 10.0,
    "avg_auc_delta": 5.806829150296911,
    "avg_geo_decay": 0.6366872679079149,
    "best_k": 21,
    "best_combined_score": 0.7135478866962729,
    "best_sse": 513.4690448879924,
    "total_runtime_sec": 0.398221492767334
}