{
    "n_trials": 31,
    "avg_iterations": 11.483870967741936,
    "median_iterations": 10.0,
    "avg_auc_delta": 7.541861916828859,
    "avg_geo_decay": 0.5829677824949335,
    "best_k": 21,
    "best_combined_score": 0.5971432544779204,
    "best_sse": 577.665376730263,
    "total_runtime_sec": 3.724342107772827
}