{
    "clean_state": "raw",
    "best_k": 9,
    "best_cov_type": "full",
    "best_combined": 1.2886053092440595,
    "best_silhouette": 0.6167748534655338,
    "best_db": 0.5100906736357564,
    "n_iter_final": 1,
    "ll_curve_final": [
        32.99097349703625,
        32.994196666313556,
        32.99640307475156,
        32.99992239513629,
        33.04969498347588,
        34.44674037534453,
        35.61476883810381,
        35.61477010444392
    ],
    "total_runtime_sec": 1.8308625221252441
}