{
    "clean_state": "raw",
    "best_k": 11,
    "linkage": "single",
    "metric": "manhattan",
    "combined": 2.2803265873335326,
    "silhouette": 0.6034527445450886,
    "davies_bouldin": 0.25270390460590747,
    "intra_dist_mean": 2.4975365956824014,
    "inter_dist_mean": 10.830051349001197,
    "ratio_intra_inter": 0.23061170397059164,
    "n_merge_steps": 407,
    "h_max": 15.306871037719544,
    "total_runtime_sec": 2.4657044410705566
}