{
    "clean_state": "raw",
    "best_k": 16,
    "linkage": "single",
    "metric": "euclidean",
    "combined": 2.328183513518501,
    "silhouette": 0.5251834506504436,
    "davies_bouldin": 0.24206138059705268,
    "intra_dist_mean": 2.1735551894857124,
    "inter_dist_mean": 7.427505846451565,
    "ratio_intra_inter": 0.29263594461171905,
    "n_merge_steps": 407,
    "total_runtime_sec": 4.534275054931641
}