{
    "clean_state": "raw",
    "best_k": 5,
    "linkage": "single",
    "metric": "euclidean",
    "combined": 1.2323424943422872,
    "silhouette": 0.32582320807255793,
    "davies_bouldin": 0.467538393113864,
    "intra_dist_mean": 5.734074284027151,
    "inter_dist_mean": 9.799385252154256,
    "ratio_intra_inter": 0.5851463266806467,
    "n_merge_steps": 999,
    "total_runtime_sec": 34.56121873855591
}