{
    "clean_state": "raw",
    "best_k": 5,
    "linkage": "single",
    "metric": "euclidean",
    "combined": 1.2323425174872684,
    "silhouette": 0.32582320807255793,
    "davies_bouldin": 0.46753838299524186,
    "intra_dist_mean": 5.73407428402715,
    "inter_dist_mean": 9.799385252154256,
    "ratio_intra_inter": 0.5851463266806466,
    "n_merge_steps": 999,
    "h_max": 6.361035812821295,
    "total_runtime_sec": 20.13769555091858
}