{
    "n_trials": 31,
    "avg_iterations": 12.903225806451612,
    "median_iterations": 11.0,
    "avg_auc_delta": 10.441438149855877,
    "avg_geo_decay": 0.6295274062874298,
    "best_k": 25,
    "best_combined_score": 0.5378647528712386,
    "best_sse": 905.5338602024746,
    "weights": {
        "alpha": 0.47,
        "beta": 0.53,
        "gamma": 0.0
    },
    "total_runtime_sec": 5.738898754119873
}