{
    "n_trials": 30,
    "avg_iterations": 19.233333333333334,
    "median_iterations": 19.0,
    "avg_auc_delta": 9.007416480489695,
    "avg_geo_decay": 0.6865679236522055,
    "best_k": 49,
    "best_combined_score": 0.6303118424500564,
    "best_sse": 1258.3018434337241,
    "total_runtime_sec": 7.528435230255127
}