{
    "n_trials": 30,
    "avg_iterations": 10.033333333333333,
    "median_iterations": 9.0,
    "avg_auc_delta": 10.75015264805206,
    "avg_geo_decay": 0.5640029858281507,
    "best_k": 19,
    "best_combined_score": 0.49537390951784466,
    "best_sse": 4788.115844477522,
    "weights": {
        "alpha": 0.47,
        "beta": 0.53,
        "gamma": 0.0
    },
    "total_runtime_sec": 2.4909229278564453
}