{
    "n_trials": 31,
    "avg_iterations": 18.0,
    "median_iterations": 19.0,
    "avg_auc_delta": 19.11392208079247,
    "avg_geo_decay": 0.6602829752143818,
    "best_k": 48,
    "best_combined_score": 0.6867164177513723,
    "best_sse": 1277.260364279257,
    "total_runtime_sec": 17.56794261932373
}