{
    "clean_state": "raw",
    "best_k": 5,
    "best_cov_type": "full",
    "best_combined": 0.5796388872540752,
    "best_silhouette": 0.3327486233526708,
    "best_db": 0.9243448323402589,
    "best_sse": 3669.7492032703053,
    "weights": {
        "alpha": 0.47,
        "beta": 0.53,
        "gamma": 0.0
    },
    "n_iter_final": 1,
    "ll_curve_final": [
        -3.9306850029127296,
        -3.511675252509983,
        -3.1727504054822537,
        -3.071499877757031,
        -3.0644466933380423,
        -3.060426427126033,
        -3.0563507604666165,
        -3.0556894198511246
    ],
    "total_runtime_sec": 15.228016138076782
}