{
    "clean_state": "raw",
    "best_k": 25,
    "best_cov_type": "spherical",
    "best_combined": 0.52029273823987,
    "best_silhouette": 0.2844545280993214,
    "best_db": 1.3225222458384127,
    "n_iter_final": 1,
    "ll_curve_final": [
        -5.269620629428553,
        -5.222253891281181,
        -5.20224093446654,
        -5.192823185819542,
        -5.189367040802215,
        -5.185859831600873,
        -5.182465736745388,
        -5.180008261604695,
        -5.177716637977195,
        -5.175183202109766,
        -5.172950716418409,
        -5.1705777661792185,
        -5.169726673334914
    ],
    "total_runtime_sec": 68.47987651824951
}