{
    "clean_state": "raw",
    "best_k": 43,
    "linkage": "single",
    "metric": "euclidean",
    "combined": 2.197432457432809,
    "silhouette": 0.6761587532564421,
    "davies_bouldin": 0.2689107330726221,
    "intra_dist_mean": 0.9685998911359224,
    "inter_dist_mean": 4.267322024593465,
    "ratio_intra_inter": 0.22698073535426963,
    "n_merge_steps": 2375,
    "total_runtime_sec": 190.02701711654663
}