{
    "clean_state": "raw",
    "best_k": 42,
    "linkage": "single",
    "metric": "euclidean",
    "combined": 2.1814422945368555,
    "silhouette": 0.6768456759868469,
    "davies_bouldin": 0.2712939346488213,
    "intra_dist_mean": 0.9686022297692042,
    "inter_dist_mean": 4.267334150474841,
    "ratio_intra_inter": 0.22698063840657928,
    "n_merge_steps": 2375,
    "h_max": 3.870456807407428,
    "total_runtime_sec": 127.1247022151947
}