{
    "n_trials": 30,
    "avg_iterations": 11.566666666666666,
    "median_iterations": 10.0,
    "avg_auc_delta": 5.404980835429766,
    "avg_geo_decay": 0.5775058859274783,
    "best_k": 48,
    "best_combined_score": 0.6263956259074386,
    "best_sse": 932.868428051649,
    "weights": {
        "alpha": 0.47,
        "beta": 0.53,
        "gamma": 0.0
    },
    "total_runtime_sec": 11.127387762069702
}