{
    "n_trials": 30,
    "avg_iterations": 14.666666666666666,
    "median_iterations": 13.0,
    "avg_auc_delta": 17.76741083327954,
    "avg_geo_decay": 0.7191858200009221,
    "best_k": 31,
    "best_combined_score": 0.28097065916901814,
    "best_sse": 9032.137621216385,
    "total_runtime_sec": 2.2348222732543945
}