{
    "centroid_movements": [
        1.997184357932886e-15
    ],
    "sse_list": [
        267.4139754802852,
        267.4139754802852
    ],
    "final_iteration": 2
}