{
    "n_trials": 31,
    "avg_iterations": 8.0,
    "median_iterations": 6.0,
    "avg_auc_delta": 4.668350000764542,
    "avg_geo_decay": 0.39193538832304325,
    "best_k": 48,
    "best_combined_score": 1.398104040637725,
    "best_sse": 221.14980673086225,
    "total_runtime_sec": 14.017953157424927
}