{
    "n_trials": 30,
    "avg_iterations": 3.7666666666666666,
    "median_iterations": 4.0,
    "avg_auc_delta": 2.0661291435566436,
    "avg_geo_decay": 0.12786683935276974,
    "best_k": 48,
    "best_combined_score": 1.5549384468236207,
    "best_sse": 158.7578325713929,
    "total_runtime_sec": 3.065685272216797
}