{
    "n_trials": 20,
    "avg_iterations": 11.9,
    "median_iterations": 11.0,
    "avg_auc_delta": 6.032529321411997,
    "avg_geo_decay": 0.4878330516153701,
    "best_k": 10,
    "best_combined_score": 0.67345005191814,
    "best_sse": 3972.231997171967,
    "weights": {
        "alpha": 0.47,
        "beta": 0.53,
        "gamma": 0.0
    },
    "total_runtime_sec": 6.83947229385376
}