{
    "n_trials": 31,
    "avg_iterations": 9.35483870967742,
    "median_iterations": 9.0,
    "avg_auc_delta": 12.8366719610197,
    "avg_geo_decay": 0.5414106134867044,
    "best_k": 30,
    "best_combined_score": 0.6078450268104705,
    "best_sse": 572.897844000313,
    "weights": {
        "alpha": 0.47,
        "beta": 0.53,
        "gamma": 0.0
    },
    "total_runtime_sec": 3.8874001502990723
}