{
    "centroid_movements": [
        2.4236985494082744e-15
    ],
    "sse_list": [
        7114.337976836335,
        7114.337976836335
    ],
    "final_iteration": 2
}