{
    "n_trials": 30,
    "avg_iterations": 8.133333333333333,
    "median_iterations": 8.0,
    "avg_auc_delta": 15.870506926354405,
    "avg_geo_decay": 0.5109530580062407,
    "best_k": 31,
    "best_combined_score": 0.354066454090855,
    "best_sse": 6825.897631543568,
    "total_runtime_sec": 1.4252197742462158
}