{
    "n_trials": 30,
    "avg_iterations": 7.633333333333334,
    "median_iterations": 7.5,
    "avg_auc_delta": 5.484614035615263,
    "avg_geo_decay": 0.5183988050311669,
    "best_k": 33,
    "best_combined_score": 0.6163855619517659,
    "best_sse": 1126.708872151115,
    "weights": {
        "alpha": 0.47,
        "beta": 0.53,
        "gamma": 0.0
    },
    "total_runtime_sec": 3.535989761352539
}