{
    "n_trials": 31,
    "avg_iterations": 12.290322580645162,
    "median_iterations": 12.0,
    "avg_auc_delta": 23.84872992800128,
    "avg_geo_decay": 0.6367216635179493,
    "best_k": 31,
    "best_combined_score": 0.3494117542863564,
    "best_sse": 7412.090403009663,
    "total_runtime_sec": 6.410360813140869
}