{
    "clean_state": "raw",
    "best_k": 5,
    "linkage": "single",
    "metric": "euclidean",
    "combined": 0.7475448202527641,
    "silhouette": 0.5591313515473949,
    "davies_bouldin": 0.3864389053129374,
    "sse": 16419.400491716096,
    "weights": {
        "alpha": 0.47,
        "beta": 0.53,
        "gamma": 0.0
    },
    "intra_dist_mean": 3.462890146928169,
    "inter_dist_mean": 10.389008527433813,
    "ratio_intra_inter": 0.3333224857582443,
    "n_merge_steps": 2284,
    "h_max": 6.169111019624621,
    "total_runtime_sec": 111.10153222084045
}