{
    "clean_state": "raw",
    "best_k": 26,
    "linkage": "single",
    "metric": "manhattan",
    "combined": 1.0502261585890815,
    "silhouette": 0.24511113043718538,
    "davies_bouldin": 0.5389844235369788,
    "intra_dist_mean": 2.668947183652282,
    "inter_dist_mean": 4.8792273922918925,
    "ratio_intra_inter": 0.5470020085286628,
    "n_merge_steps": 2375,
    "total_runtime_sec": 143.11337161064148
}