{
    "n_trials": 31,
    "avg_iterations": 8.483870967741936,
    "median_iterations": 8.0,
    "avg_auc_delta": 11.574971171672049,
    "avg_geo_decay": 0.5301443011157152,
    "best_k": 22,
    "best_combined_score": 0.5574649772510862,
    "best_sse": 1370.8721291109205,
    "weights": {
        "alpha": 0.47,
        "beta": 0.53,
        "gamma": 0.0
    },
    "total_runtime_sec": 4.003737926483154
}