{
    "clean_state": "raw",
    "best_k": 6,
    "best_cov_type": "tied",
    "best_combined": 0.7033075922258456,
    "best_silhouette": 0.30549184550286224,
    "best_db": 0.9081634769040815,
    "n_iter_final": 1,
    "ll_curve_final": [
        -6.8084736872465434,
        -6.782600214783648,
        -6.767403375077913,
        -6.757821963604661,
        -6.746430331418478,
        -6.727135056295066,
        -6.701053234115857,
        -6.681648870941062,
        -6.669267368658526,
        -6.659021879169576,
        -6.65442007195431,
        -6.650389664261504,
        -6.646233155566718,
        -6.641665423531257,
        -6.637047120925756,
        -6.633221963713732,
        -6.630416903615726,
        -6.628033916567266,
        -6.6251029209453804,
        -6.6196443772805145,
        -6.605634564182585,
        -6.5734702043935584,
        -6.469520190163295,
        -6.005387180525284,
        -5.986551956491494,
        -5.98648326069494
    ],
    "total_runtime_sec": 8.044613599777222
}