{
    "clean_state": "raw",
    "best_k": 31,
    "best_cov_type": "tied",
    "best_combined": 0.4452797454361767,
    "best_silhouette": 0.0796926598959876,
    "best_db": 1.5946435765554718,
    "best_sse": 8605.537227949479,
    "weights": {
        "alpha": 0.47,
        "beta": 0.53,
        "gamma": 0.0
    },
    "n_iter_final": 1,
    "ll_curve_final": [
        -20.51318426228316,
        -19.079348475287766,
        -8.99667195101124,
        -8.730408478686991,
        -8.64097060010465,
        -8.532430465327932,
        -8.48404818648672,
        -8.478957082901793,
        -8.47030991833466,
        -8.45742125482919,
        -8.440463771788902,
        -8.397248156563233,
        -8.37901071700552,
        -8.338422614177537,
        -8.287613323246322,
        -8.280271753560205,
        -8.224234654407486,
        -7.909044032921771,
        -7.789637799567971,
        -7.7896046340009395
    ],
    "total_runtime_sec": 60.713433504104614
}