{
    "n_trials": 31,
    "avg_iterations": 14.419354838709678,
    "median_iterations": 14.0,
    "avg_auc_delta": 11.967518377246208,
    "avg_geo_decay": 0.6540905297382589,
    "best_k": 22,
    "best_combined_score": 0.5563845582590381,
    "best_sse": 1133.5485294980795,
    "weights": {
        "alpha": 0.47,
        "beta": 0.53,
        "gamma": 0.0
    },
    "total_runtime_sec": 5.24655818939209
}