{
    "clean_state": "raw",
    "best_k": 14,
    "best_cov_type": "spherical",
    "best_combined": 0.5647240748509382,
    "best_silhouette": 0.2634126054067613,
    "best_db": 1.1546870178566648,
    "n_iter_final": 1,
    "ll_curve_final": [
        -6.773866945635831,
        -6.67604914098949,
        -6.648932751986581,
        -6.623253975449429,
        -6.5938145064782,
        -6.554577594705736,
        -6.500932038031211,
        -6.441470447089927,
        -6.41274948564124,
        -6.40275629861726,
        -6.3978197886728285,
        -6.3968635799059
    ],
    "total_runtime_sec": 21.312293767929077
}