{
    "clean_state": "raw",
    "best_k": 9,
    "best_cov_type": "full",
    "best_combined": 0.4748256428868629,
    "best_silhouette": 0.18336786420509846,
    "best_db": 1.474892826647003,
    "best_sse": 3655.1471679114675,
    "weights": {
        "alpha": 0.47,
        "beta": 0.53,
        "gamma": 0.0
    },
    "n_iter_final": 1,
    "ll_curve_final": [
        16.67971504570661,
        16.921547035999236,
        16.98288560432248,
        16.99431518124421,
        17.021715192470936,
        17.02250689478804
    ],
    "total_runtime_sec": 8.086030721664429
}