{
    "core_count": 250,
    "border_count": 6,
    "noise_count": 30,
    "noise_ratio": 0.1048951048951049,
    "neighbor_hist": [
        0,
        17,
        10,
        5,
        4,
        9,
        7,
        0,
        1,
        1,
        1,
        1,
        0,
        0,
        0,
        1,
        0,
        1,
        0,
        2,
        1,
        0,
        0,
        0,
        0,
        0,
        0,
        0,
        1,
        0,
        0,
        0,
        29,
        4,
        0,
        0,
        0,
        1,
        0,
        0,
        0,
        0,
        1,
        1,
        0,
        0,
        0,
        0,
        0,
        188
    ],
    "combined_score": 0.4956137152644591,
    "silhouette": 0.6641138066280797,
    "davies_bouldin": 1.7411984980808446,
    "sse": 63.168508490218755,
    "weights": {
        "alpha": 0.47,
        "beta": 0.53,
        "gamma": 0.0
    }
}