{
    "n_trials": 31,
    "avg_iterations": 4.258064516129032,
    "median_iterations": 4.0,
    "avg_auc_delta": 5.693536925681042,
    "avg_geo_decay": 0.5485531659100971,
    "best_k": 9,
    "best_combined_score": 0.6735844178165895,
    "best_sse": 176.69080649896298,
    "weights": {
        "alpha": 0.47,
        "beta": 0.53,
        "gamma": 0.0
    },
    "total_runtime_sec": 1.8089945316314697
}