{
    "clean_state": "raw",
    "best_k": 10,
    "best_cov_type": "tied",
    "best_combined": 0.5984450282067184,
    "best_silhouette": 0.4350208331384646,
    "best_db": 0.9168952849329685,
    "best_sse": 3857.0733770197926,
    "weights": {
        "alpha": 0.47,
        "beta": 0.53,
        "gamma": 0.0
    },
    "n_iter_final": 1,
    "ll_curve_final": [
        -4.801700830384045,
        -4.413342156091896,
        -4.077207431898983,
        -2.5765784565348007,
        -2.5735307457158294,
        -2.572509566423435,
        -2.5721016047991068
    ],
    "total_runtime_sec": 28.01910710334778
}