{
    "n_trials": 31,
    "avg_iterations": 12.774193548387096,
    "median_iterations": 12.0,
    "avg_auc_delta": 10.446808760948372,
    "avg_geo_decay": 0.616309499110726,
    "best_k": 8,
    "best_combined_score": 0.5811439771400967,
    "best_sse": 1925.5286438260423,
    "weights": {
        "alpha": 0.47,
        "beta": 0.53,
        "gamma": 0.0
    },
    "total_runtime_sec": 3.8788247108459473
}