{
    "core_count": 2125,
    "border_count": 3,
    "noise_count": 2,
    "noise_ratio": 0.0009389671361502347,
    "neighbor_hist": [
        0,
        2,
        0,
        0,
        0,
        3,
        3,
        4,
        2,
        3,
        5,
        1,
        5,
        6,
        0,
        5,
        3,
        10,
        5,
        14,
        10,
        6,
        12,
        5,
        2,
        2,
        6,
        1,
        1,
        0,
        4,
        20,
        22,
        4,
        6,
        2,
        0,
        1,
        5,
        4,
        0,
        3,
        5,
        16,
        9,
        6,
        6,
        11,
        6,
        1884
    ],
    "combined_score": 0.5917796789448709,
    "silhouette": 0.3439393745574463,
    "davies_bouldin": 0.8686448421162363,
    "sse": 8079.455098229915,
    "weights": {
        "alpha": 0.47,
        "beta": 0.53,
        "gamma": 0.0
    }
}