{
    "core_count": 2242,
    "border_count": 30,
    "noise_count": 56,
    "noise_ratio": 0.024054982817869417,
    "neighbor_hist": [
        0,
        36,
        21,
        18,
        11,
        15,
        18,
        13,
        5,
        7,
        12,
        22,
        8,
        10,
        5,
        6,
        5,
        5,
        9,
        7,
        14,
        6,
        11,
        5,
        3,
        8,
        7,
        7,
        7,
        14,
        8,
        3,
        5,
        4,
        8,
        4,
        4,
        5,
        2,
        8,
        5,
        31,
        15,
        8,
        3,
        4,
        2,
        1,
        3,
        1890
    ],
    "combined_score": 0.5175743685387036,
    "silhouette": 0.42827552219333376,
    "davies_bouldin": 1.4036852295058184,
    "sse": 12168.464208763979,
    "weights": {
        "alpha": 0.47,
        "beta": 0.53,
        "gamma": 0.0
    }
}