{
    "n_trials": 31,
    "avg_iterations": 8.387096774193548,
    "median_iterations": 8.0,
    "avg_auc_delta": 12.002318539531894,
    "avg_geo_decay": 0.5861484946011748,
    "best_k": 24,
    "best_combined_score": 0.5123740672314755,
    "best_sse": 1459.2238729453936,
    "weights": {
        "alpha": 0.47,
        "beta": 0.53,
        "gamma": 0.0
    },
    "total_runtime_sec": 5.823500156402588
}