{
    "core_count": 692,
    "border_count": 23,
    "noise_count": 30,
    "noise_ratio": 0.040268456375838924,
    "neighbor_hist": [
        0,
        20,
        9,
        11,
        13,
        12,
        10,
        7,
        5,
        18,
        7,
        11,
        8,
        18,
        4,
        5,
        1,
        6,
        1,
        1,
        5,
        1,
        0,
        0,
        0,
        0,
        2,
        5,
        0,
        0,
        0,
        0,
        0,
        1,
        0,
        0,
        0,
        0,
        0,
        0,
        0,
        0,
        0,
        0,
        0,
        1,
        0,
        0,
        1,
        562
    ],
    "combined_score": 0.5012723853126074,
    "silhouette": 0.39721839525804087,
    "davies_bouldin": 1.494637953613654,
    "sse": 2338.5207239027004,
    "weights": {
        "alpha": 0.47,
        "beta": 0.53,
        "gamma": 0.0
    }
}