{
    "core_count": 2239,
    "border_count": 77,
    "noise_count": 60,
    "noise_ratio": 0.025252525252525252,
    "neighbor_hist": [
        0,
        8,
        0,
        3,
        4,
        0,
        0,
        0,
        3,
        1,
        4,
        0,
        5,
        2,
        12,
        9,
        2,
        1,
        1,
        11,
        15,
        9,
        27,
        17,
        3,
        6,
        7,
        17,
        10,
        13,
        17,
        15,
        9,
        4,
        9,
        5,
        2,
        0,
        3,
        4,
        5,
        10,
        31,
        12,
        4,
        2,
        2,
        1,
        3,
        2048
    ],
    "combined_score": 0.5370296856912449,
    "silhouette": 0.3211914830218846,
    "davies_bouldin": 1.1709725500411423,
    "sse": 8064.6366249215525,
    "weights": {
        "alpha": 0.47,
        "beta": 0.53,
        "gamma": 0.0
    }
}