{
    "n_trials": 30,
    "avg_iterations": 7.3,
    "median_iterations": 6.5,
    "avg_auc_delta": 7.527495805885843,
    "avg_geo_decay": 0.47072397081343137,
    "best_k": 31,
    "best_combined_score": 0.5677924687638699,
    "best_sse": 1533.5217151911497,
    "weights": {
        "alpha": 0.47,
        "beta": 0.53,
        "gamma": 0.0
    },
    "total_runtime_sec": 3.473428726196289
}