{
    "clean_state": "raw",
    "best_k": 11,
    "best_cov_type": "full",
    "best_combined": 0.777102690127425,
    "best_silhouette": 0.6997193677643622,
    "best_db": 0.3845259368834743,
    "best_sse": 443.7804394456824,
    "weights": {
        "alpha": 0.47,
        "beta": 0.53,
        "gamma": 0.0
    },
    "n_iter_final": 1,
    "ll_curve_final": [
        20.921132035214033,
        20.921132035214033
    ],
    "total_runtime_sec": 3.7926032543182373
}