{
    "clean_state": "raw",
    "best_k": 15,
    "best_cov_type": "tied",
    "best_combined": 1.9276554871627831,
    "best_silhouette": 0.6754033420194909,
    "best_db": 0.31447454317243734,
    "n_iter_final": 1,
    "ll_curve_final": [
        11.13759488601561,
        11.200352999064185,
        11.218515658000296,
        11.225582633537943,
        11.225583372060518
    ],
    "total_runtime_sec": 2.930877685546875
}