{
    "n_trials": 31,
    "avg_iterations": 10.580645161290322,
    "median_iterations": 10.0,
    "avg_auc_delta": 14.59601621162918,
    "avg_geo_decay": 0.5794798172787805,
    "best_k": 30,
    "best_combined_score": 0.5129382746691796,
    "best_sse": 2287.6205725957284,
    "weights": {
        "alpha": 0.47,
        "beta": 0.53,
        "gamma": 0.0
    },
    "total_runtime_sec": 106.45490145683289
}