{
    "n_trials": 30,
    "avg_iterations": 9.0,
    "median_iterations": 10.0,
    "avg_auc_delta": 2.484123536891836,
    "avg_geo_decay": 0.36980043663513124,
    "best_k": 48,
    "best_combined_score": 0.9669219863946588,
    "best_sse": 222.8877401016469,
    "total_runtime_sec": 4.033697843551636
}