{
    "n_trials": 30,
    "avg_iterations": 9.7,
    "median_iterations": 9.0,
    "avg_auc_delta": 8.312595351432089,
    "avg_geo_decay": 0.6126111861231917,
    "best_k": 43,
    "best_combined_score": 0.6434283429427227,
    "best_sse": 1331.529390974288,
    "weights": {
        "alpha": 0.47,
        "beta": 0.53,
        "gamma": 0.0
    },
    "total_runtime_sec": 11.533066511154175
}