{
    "n_trials": 31,
    "avg_iterations": 14.35483870967742,
    "median_iterations": 13.0,
    "avg_auc_delta": 4.896467696721472,
    "avg_geo_decay": 0.5775469121580655,
    "best_k": 46,
    "best_combined_score": 0.8329229727399886,
    "best_sse": 327.0465520249517,
    "total_runtime_sec": 11.10648512840271
}