{
    "centroid_movements": [
        2.2440242347519866e-15
    ],
    "sse_list": [
        269.97403272406837,
        269.9740327240683
    ],
    "final_iteration": 2
}