{
    "n_trials": 30,
    "avg_iterations": 9.866666666666667,
    "median_iterations": 9.0,
    "avg_auc_delta": 14.545739724774405,
    "avg_geo_decay": 0.6015424615168973,
    "best_k": 17,
    "best_combined_score": 0.46979387505403714,
    "best_sse": 3095.697167191231,
    "weights": {
        "alpha": 0.47,
        "beta": 0.53,
        "gamma": 0.0
    },
    "total_runtime_sec": 0.7731277942657471
}