{
    "n_trials": 31,
    "avg_iterations": 10.0,
    "median_iterations": 10.0,
    "avg_auc_delta": 10.19106645461684,
    "avg_geo_decay": 0.5930240591644763,
    "best_k": 22,
    "best_combined_score": 0.6161057667469467,
    "best_sse": 584.6909015927754,
    "total_runtime_sec": 4.678246259689331
}