{
    "n_trials": 30,
    "avg_iterations": 5.833333333333333,
    "median_iterations": 6.0,
    "avg_auc_delta": 5.685805972388405,
    "avg_geo_decay": 0.43796982296268966,
    "best_k": 23,
    "best_combined_score": 0.6679974422250384,
    "best_sse": 542.1600761065326,
    "total_runtime_sec": 0.3724656105041504
}