{
    "clean_state": "raw",
    "best_k": 10,
    "best_cov_type": "tied",
    "best_combined": 1.415273748580264,
    "best_silhouette": 0.6557774837427537,
    "best_db": 0.45981873661594375,
    "n_iter_final": 1,
    "ll_curve_final": [
        6.488205416948439,
        6.488228770975923
    ],
    "total_runtime_sec": 2.690859317779541
}