{
    "clean_state": "raw",
    "best_k": 11,
    "best_cov_type": "tied",
    "best_combined": 0.8255982952839711,
    "best_silhouette": 0.7439916133928751,
    "best_db": 0.2683950819975373,
    "best_sse": 122.40623813339239,
    "weights": {
        "alpha": 0.47,
        "beta": 0.53,
        "gamma": 0.0
    },
    "n_iter_final": 1,
    "ll_curve_final": [
        11.621727774745189,
        11.645808981929036,
        11.645809693601564
    ],
    "total_runtime_sec": 2.9019038677215576
}