{
    "n_trials": 31,
    "avg_iterations": 3.3870967741935485,
    "median_iterations": 3.0,
    "avg_auc_delta": 5.820942305251516,
    "avg_geo_decay": 0.36109651542029025,
    "best_k": 5,
    "best_combined_score": 0.5108275296951214,
    "best_sse": 186.00220226383323,
    "weights": {
        "alpha": 0.47,
        "beta": 0.53,
        "gamma": 0.0
    },
    "total_runtime_sec": 0.8612616062164307
}