{
    "n_trials": 30,
    "avg_iterations": 2.2,
    "median_iterations": 2.0,
    "avg_auc_delta": 0.6799793891661724,
    "avg_geo_decay": 0.008747703680020254,
    "best_k": 13,
    "best_combined_score": 1.239890742304069,
    "best_sse": 120.79185049030892,
    "total_runtime_sec": 0.16104650497436523
}