{
    "n_trials": 31,
    "avg_iterations": 4.032258064516129,
    "median_iterations": 4.0,
    "avg_auc_delta": 4.707048126449722,
    "avg_geo_decay": 0.29449219223512996,
    "best_k": 13,
    "best_combined_score": 1.1440845077330346,
    "best_sse": 144.89957938380445,
    "total_runtime_sec": 4.217455625534058
}