{
    "n_trials": 20,
    "avg_iterations": 6.75,
    "median_iterations": 6.5,
    "avg_auc_delta": 10.801485135239679,
    "avg_geo_decay": 0.5539644773233351,
    "best_k": 12,
    "best_combined_score": 0.41021994258164074,
    "best_sse": 1803.5696659397377,
    "weights": {
        "alpha": 0.47,
        "beta": 0.53,
        "gamma": 0.0
    },
    "total_runtime_sec": 0.3377699851989746
}