{
    "n_trials": 31,
    "avg_iterations": 17.741935483870968,
    "median_iterations": 19.0,
    "avg_auc_delta": 13.589247452895743,
    "avg_geo_decay": 0.6880820750213195,
    "best_k": 36,
    "best_combined_score": 0.5212707803639499,
    "best_sse": 1920.9136501848943,
    "total_runtime_sec": 7.293344497680664
}