{
    "clean_state": "raw",
    "best_k": 44,
    "linkage": "average",
    "metric": "euclidean",
    "combined": 1.0082550950348312,
    "silhouette": 0.4377603562847891,
    "davies_bouldin": 0.6334125765844825,
    "intra_dist_mean": 1.2728787559008696,
    "inter_dist_mean": 3.617699699490327,
    "ratio_intra_inter": 0.3518475444713791,
    "n_merge_steps": 1989,
    "h_max": 5.380786577341571,
    "total_runtime_sec": 86.67838406562805
}