{
    "clean_state": "raw",
    "best_k": 5,
    "linkage": "single",
    "metric": "manhattan",
    "combined": 0.8369234078352739,
    "silhouette": 0.6960584694798341,
    "davies_bouldin": 0.20872885402141708,
    "sse": 7307.489711018651,
    "weights": {
        "alpha": 0.47,
        "beta": 0.53,
        "gamma": 0.0
    },
    "intra_dist_mean": 3.221374694718541,
    "inter_dist_mean": 12.2561258932006,
    "ratio_intra_inter": 0.2628379247071391,
    "n_merge_steps": 1156,
    "h_max": 13.185262642556498,
    "total_runtime_sec": 29.001851081848145
}