{
    "clean_state": "raw",
    "best_k": 7,
    "linkage": "single",
    "metric": "euclidean",
    "combined": 1.2986717718800698,
    "silhouette": 0.32007202569499654,
    "davies_bouldin": 0.4391219896561295,
    "intra_dist_mean": 3.1323478493505474,
    "inter_dist_mean": 6.09502849698137,
    "ratio_intra_inter": 0.5139184912591243,
    "n_merge_steps": 1989,
    "total_runtime_sec": 88.73108768463135
}