{
    "clean_state": "raw",
    "best_k": 38,
    "best_cov_type": "tied",
    "best_combined": 0.822289687902563,
    "best_silhouette": 0.3935994552940695,
    "best_db": 0.7993733421328417,
    "n_iter_final": 1,
    "ll_curve_final": [
        -3.2351805678411,
        -3.024149997204404,
        -2.9926086050582663,
        -2.9738028719131915,
        -2.9569774810954774,
        -2.9448914788267633,
        -2.9380099312216434,
        -2.9199335976103993,
        -2.9032357452131836,
        -2.8945328680847515,
        -2.88136451531086,
        -2.810934940765244,
        -2.7409157331072325,
        -2.7245146188182763,
        -2.7230932083358983,
        -2.7210379677393037,
        -2.720614594366641
    ],
    "total_runtime_sec": 40.11709928512573
}