{
    "n_trials": 30,
    "avg_iterations": 12.5,
    "median_iterations": 12.5,
    "avg_auc_delta": 7.887908940091363,
    "avg_geo_decay": 0.6547506223105358,
    "best_k": 21,
    "best_combined_score": 0.5181729627935017,
    "best_sse": 1763.6472496836557,
    "weights": {
        "alpha": 0.47,
        "beta": 0.53,
        "gamma": 0.0
    },
    "total_runtime_sec": 3.351288318634033
}