{
    "n_trials": 30,
    "avg_iterations": 14.833333333333334,
    "median_iterations": 16.0,
    "avg_auc_delta": 5.822339396625541,
    "avg_geo_decay": 0.7085206540599566,
    "best_k": 25,
    "best_combined_score": 0.5774504985779021,
    "best_sse": 755.8819620810389,
    "total_runtime_sec": 0.5813009738922119
}