{
    "centroid_movements": [
        5.967448757360216e-16
    ],
    "sse_list": [
        806.2798360575824,
        806.2798360575824
    ],
    "final_iteration": 2
}