{
    "n_trials": 31,
    "avg_iterations": 15.870967741935484,
    "median_iterations": 13.0,
    "avg_auc_delta": 9.784651015798977,
    "avg_geo_decay": 0.6774731022588324,
    "best_k": 25,
    "best_combined_score": 0.5679723582780137,
    "best_sse": 829.8246064195771,
    "total_runtime_sec": 6.060333728790283
}