{
    "clean_state": "raw",
    "best_k": 5,
    "linkage": "single",
    "metric": "euclidean",
    "combined": 1.4828790796323383,
    "silhouette": 0.5043170825908373,
    "davies_bouldin": 0.40626607294264633,
    "intra_dist_mean": 3.48402427268541,
    "inter_dist_mean": 10.040193546995134,
    "ratio_intra_inter": 0.3470076803178535,
    "n_merge_steps": 608,
    "h_max": 8.11066582013154,
    "total_runtime_sec": 4.84254002571106
}