{
    "clean_state": "raw",
    "best_k": 7,
    "linkage": "single",
    "metric": "manhattan",
    "combined": 1.3673140897099303,
    "silhouette": 0.3559092911896511,
    "davies_bouldin": 0.420394358050442,
    "intra_dist_mean": 3.46774092193044,
    "inter_dist_mean": 9.129336397847801,
    "ratio_intra_inter": 0.3798458913999011,
    "n_merge_steps": 608,
    "total_runtime_sec": 15.207159757614136
}