{
    "clean_state": "raw",
    "best_k": 2,
    "best_cov_type": "tied",
    "best_combined": 0.7289389312965163,
    "best_silhouette": 0.7000675245228286,
    "best_db": 0.5451656967925473,
    "best_sse": 5732.028583713753,
    "weights": {
        "alpha": 0.47,
        "beta": 0.53,
        "gamma": 0.0
    },
    "n_iter_final": 1,
    "ll_curve_final": [
        -10.683133642063876,
        -10.59905888217225,
        -10.444653167687287,
        -10.444648325320639
    ],
    "total_runtime_sec": 9.180529832839966
}