{
    "clean_state": "raw",
    "best_k": 11,
    "best_cov_type": "full",
    "best_combined": 0.40562037391963546,
    "best_silhouette": 0.08056700840227804,
    "best_db": 2.010274975359767,
    "best_sse": 1456.4671999124016,
    "weights": {
        "alpha": 0.47,
        "beta": 0.53,
        "gamma": 0.0
    },
    "n_iter_final": 1,
    "ll_curve_final": [
        19.096708732945928,
        19.33267096873462,
        19.33880605022708,
        19.339524411071253
    ],
    "total_runtime_sec": 1.3055992126464844
}