{
    "clean_state": "raw",
    "best_k": 12,
    "best_cov_type": "tied",
    "best_combined": 0.6500639310394168,
    "best_silhouette": 0.2795557898018058,
    "best_db": 0.9798426070673,
    "n_iter_final": 1,
    "ll_curve_final": [
        -8.24151992169179,
        -8.1856128482662,
        -8.137081601634334,
        -8.120937699050254,
        -8.118448384452401,
        -8.116845010444239,
        -8.115168710020418,
        -8.112875356806171,
        -8.10937126861491,
        -8.104341487213375,
        -8.09693224747289,
        -8.084987216442592,
        -8.069443406422481,
        -8.060489048998253,
        -8.058006440571795,
        -8.056681387471897,
        -8.05535827495808,
        -8.053277048254074,
        -8.048501878965025,
        -8.045224926157504,
        -8.043910857203505,
        -8.04268164159392,
        -8.041494305044349,
        -8.040362772296762,
        -8.039290592356762,
        -8.038248029129047,
        -8.037134218376917,
        -8.03566900892784,
        -8.03307593524507,
        -8.0276556832386,
        -8.019334264072508,
        -8.014464363865844,
        -8.013596337970894
    ],
    "total_runtime_sec": 6.5615925788879395
}