{
    "core_count": 1323,
    "border_count": 20,
    "noise_count": 61,
    "noise_ratio": 0.04344729344729345,
    "neighbor_hist": [
        0,
        36,
        19,
        15,
        11,
        5,
        6,
        9,
        5,
        2,
        17,
        13,
        2,
        5,
        9,
        4,
        5,
        8,
        3,
        12,
        11,
        11,
        6,
        8,
        10,
        5,
        4,
        3,
        6,
        4,
        7,
        9,
        12,
        6,
        2,
        3,
        2,
        3,
        3,
        4,
        2,
        2,
        3,
        3,
        3,
        1,
        4,
        1,
        0,
        1080
    ],
    "combined_score": 0.49821829794365674,
    "silhouette": 0.5200792331850578,
    "davies_bouldin": 1.6203084470249312,
    "sse": 7511.2960355712385,
    "weights": {
        "alpha": 0.47,
        "beta": 0.53,
        "gamma": 0.0
    }
}