{
    "n_trials": 31,
    "avg_iterations": 6.67741935483871,
    "median_iterations": 6.0,
    "avg_auc_delta": 14.585788531395057,
    "avg_geo_decay": 0.5171692720354809,
    "best_k": 14,
    "best_combined_score": 0.44598746515476095,
    "best_sse": 1601.6932563990606,
    "total_runtime_sec": 3.50595760345459
}