{
    "n_trials": 30,
    "avg_iterations": 6.2,
    "median_iterations": 5.0,
    "avg_auc_delta": 9.258834673161383,
    "avg_geo_decay": 0.3944191823225379,
    "best_k": 14,
    "best_combined_score": 0.5468397525106186,
    "best_sse": 1375.2469912486638,
    "total_runtime_sec": 0.20478129386901855
}