{
    "n_trials": 31,
    "avg_iterations": 5.806451612903226,
    "median_iterations": 6.0,
    "avg_auc_delta": 15.170761977105089,
    "avg_geo_decay": 0.45879508828694016,
    "best_k": 22,
    "best_combined_score": 0.6132904993036965,
    "best_sse": 1049.5661018289547,
    "weights": {
        "alpha": 0.47,
        "beta": 0.53,
        "gamma": 0.0
    },
    "total_runtime_sec": 2.8718042373657227
}