{
    "clean_state": "raw",
    "best_k": 27,
    "best_cov_type": "tied",
    "best_combined": 0.7524980463949515,
    "best_silhouette": 0.7998519206164311,
    "best_db": 0.5219658820219732,
    "best_sse": 664.4310501852382,
    "weights": {
        "alpha": 0.47,
        "beta": 0.53,
        "gamma": 0.0
    },
    "n_iter_final": 1,
    "ll_curve_final": [
        -0.5901400814879141,
        -0.08734138187111237,
        -0.04993965424790005,
        -0.04943857002860023
    ],
    "total_runtime_sec": 27.847285747528076
}