{
    "clean_state": "raw",
    "best_k": 14,
    "best_cov_type": "tied",
    "best_combined": 0.2805539828719663,
    "best_silhouette": 0.058315153037162226,
    "best_db": 1.9888908009971928,
    "n_iter_final": 1,
    "ll_curve_final": [
        -21.116739777931326,
        -16.802180898464652,
        -16.76003192249128,
        -16.723298191870256,
        -16.687036357163905,
        -16.65707059408332,
        -16.650490179951497,
        -16.649103135398228,
        -16.648222597849095
    ],
    "total_runtime_sec": 21.697033166885376
}