{
    "n_trials": 31,
    "avg_iterations": 14.548387096774194,
    "median_iterations": 15.0,
    "avg_auc_delta": 13.892827999064414,
    "avg_geo_decay": 0.6579835851043966,
    "best_k": 33,
    "best_combined_score": 0.5648168617517664,
    "best_sse": 1393.0770021386106,
    "total_runtime_sec": 5.535019397735596
}