{
    "n_trials": 30,
    "avg_iterations": 12.1,
    "median_iterations": 11.0,
    "avg_auc_delta": 7.295807384722107,
    "avg_geo_decay": 0.629865221188768,
    "best_k": 32,
    "best_combined_score": 0.5653140841864956,
    "best_sse": 1387.8089354761148,
    "total_runtime_sec": 1.3343822956085205
}