{
    "n_trials": 30,
    "avg_iterations": 10.833333333333334,
    "median_iterations": 10.0,
    "avg_auc_delta": 7.559604359034982,
    "avg_geo_decay": 0.5996659459651493,
    "best_k": 22,
    "best_combined_score": 0.5685240968014719,
    "best_sse": 1322.8536099503358,
    "weights": {
        "alpha": 0.47,
        "beta": 0.53,
        "gamma": 0.0
    },
    "total_runtime_sec": 1.7543985843658447
}