{
    "n_trials": 31,
    "avg_iterations": 10.03225806451613,
    "median_iterations": 10.0,
    "avg_auc_delta": 6.323529082546731,
    "avg_geo_decay": 0.46737860763470945,
    "best_k": 11,
    "best_combined_score": 0.5574593898405316,
    "best_sse": 4638.415473817155,
    "weights": {
        "alpha": 0.47,
        "beta": 0.53,
        "gamma": 0.0
    },
    "total_runtime_sec": 58.802289962768555
}