{
    "clean_state": "raw",
    "best_k": 5,
    "linkage": "single",
    "metric": "manhattan",
    "combined": 1.5124584089983641,
    "silhouette": 0.4053072455283574,
    "davies_bouldin": 0.3817362749433433,
    "intra_dist_mean": 5.65180247144461,
    "inter_dist_mean": 11.947092163375043,
    "ratio_intra_inter": 0.47306929536965314,
    "n_merge_steps": 680,
    "h_max": 18.123692593210986,
    "total_runtime_sec": 6.045717716217041
}