{
    "core_count": 2249,
    "border_count": 38,
    "noise_count": 123,
    "noise_ratio": 0.05103734439834025,
    "neighbor_hist": [
        0,
        81,
        30,
        29,
        21,
        30,
        17,
        39,
        25,
        23,
        15,
        7,
        6,
        7,
        10,
        8,
        5,
        11,
        9,
        6,
        3,
        5,
        9,
        4,
        9,
        11,
        12,
        10,
        9,
        11,
        29,
        12,
        16,
        8,
        7,
        11,
        4,
        4,
        5,
        16,
        2,
        5,
        4,
        4,
        4,
        5,
        23,
        8,
        2,
        1779
    ],
    "combined_score": 0.5374056014418952,
    "silhouette": 0.5242834903000718,
    "davies_bouldin": 1.34737496552781,
    "sse": 1964.6516997492229,
    "weights": {
        "alpha": 0.47,
        "beta": 0.53,
        "gamma": 0.0
    }
}