{
    "core_count": 828,
    "border_count": 3,
    "noise_count": 169,
    "noise_ratio": 0.169,
    "neighbor_hist": [
        0,
        52,
        55,
        27,
        38,
        59,
        42,
        14,
        8,
        27,
        0,
        22,
        0,
        34,
        47,
        15,
        0,
        51,
        18,
        19,
        20,
        21,
        0,
        23,
        0,
        25,
        26,
        0,
        0,
        29,
        0,
        0,
        0,
        0,
        0,
        0,
        0,
        0,
        38,
        0,
        0,
        0,
        0,
        0,
        0,
        45,
        0,
        0,
        0,
        245
    ],
    "combined_score": 0.5590989862911756,
    "silhouette": 0.6528390810001565,
    "davies_bouldin": 1.3016483865950783,
    "sse": 53.30439105852855,
    "weights": {
        "alpha": 0.47,
        "beta": 0.53,
        "gamma": 0.0
    }
}