{
    "n_trials": 31,
    "avg_iterations": 14.258064516129032,
    "median_iterations": 14.0,
    "avg_auc_delta": 13.103402452585899,
    "avg_geo_decay": 0.6062138126467371,
    "best_k": 49,
    "best_combined_score": 0.8189936327580994,
    "best_sse": 1497.659450200634,
    "total_runtime_sec": 15.692186832427979
}