{
    "clean_state": "raw",
    "best_k": 19,
    "best_cov_type": "spherical",
    "best_combined": 0.527118234373518,
    "best_silhouette": 0.2926718775895398,
    "best_db": 1.313086259013313,
    "n_iter_final": 1,
    "ll_curve_final": [
        -6.168893921599697,
        -6.069329946905383,
        -5.975617509785162,
        -5.901530725098641,
        -5.855494748203698,
        -5.8279596972376115,
        -5.804901492355806,
        -5.783065982339818,
        -5.762111745013593,
        -5.7443426032483975,
        -5.732038452232169,
        -5.724631564663174,
        -5.7223327145914515,
        -5.721816840576646
    ],
    "total_runtime_sec": 20.833579063415527
}