{
    "clean_state": "raw",
    "best_k": 9,
    "best_cov_type": "tied",
    "best_combined": 0.565482333534204,
    "best_silhouette": 0.30656607008063297,
    "best_db": 0.9791673557960164,
    "best_sse": 2685.51205851452,
    "weights": {
        "alpha": 0.47,
        "beta": 0.53,
        "gamma": 0.0
    },
    "n_iter_final": 1,
    "ll_curve_final": [
        -8.049664897468984,
        -7.996171208613154,
        -7.969764394583036,
        -7.9479597871809275,
        -7.9253975933260135,
        -7.900613191438679,
        -7.883602006757205,
        -7.872653534109598,
        -7.867543051398281,
        -7.8660244067882275,
        -7.865556119992486
    ],
    "total_runtime_sec": 16.86181354522705
}