{
    "n_trials": 30,
    "avg_iterations": 23.2,
    "median_iterations": 23.5,
    "avg_auc_delta": 10.951148032981262,
    "avg_geo_decay": 0.7583409798005974,
    "best_k": 47,
    "best_combined_score": 0.5009697146336851,
    "best_sse": 2237.399649480699,
    "total_runtime_sec": 7.141397714614868
}