{
    "n_trials": 31,
    "avg_iterations": 20.032258064516128,
    "median_iterations": 19.0,
    "avg_auc_delta": 13.996049214867107,
    "avg_geo_decay": 0.7122656605506601,
    "best_k": 47,
    "best_combined_score": 0.5090787209535712,
    "best_sse": 2306.384989328399,
    "total_runtime_sec": 15.273010730743408
}