{
    "clean_state": "raw",
    "best_k": 39,
    "linkage": "single",
    "metric": "euclidean",
    "combined": 0.9539648687015317,
    "silhouette": 0.19443590530484253,
    "davies_bouldin": 0.58360291777384,
    "intra_dist_mean": 2.275753454704796,
    "inter_dist_mean": 3.683793869418918,
    "ratio_intra_inter": 0.6177743748357873,
    "n_merge_steps": 1769,
    "h_max": 4.144386324859285,
    "total_runtime_sec": 66.35113334655762
}