{
    "clean_state": "raw",
    "best_k": 6,
    "linkage": "single",
    "metric": "euclidean",
    "combined": 0.7029848277650559,
    "silhouette": 0.3902762431247553,
    "davies_bouldin": 0.40826638664978354,
    "sse": 2997.7162245466293,
    "weights": {
        "alpha": 0.47,
        "beta": 0.53,
        "gamma": 0.0
    },
    "intra_dist_mean": 3.485755580076704,
    "inter_dist_mean": 8.214372569403064,
    "ratio_intra_inter": 0.42434836630858935,
    "n_merge_steps": 436,
    "h_max": 4.701560800984174,
    "total_runtime_sec": 4.798763275146484
}