{
    "clean_state": "raw",
    "best_k": 40,
    "linkage": "single",
    "metric": "euclidean",
    "combined": 0.9551186438605652,
    "silhouette": 0.191606578247419,
    "davies_bouldin": 0.5818585659430149,
    "intra_dist_mean": 2.2746487188288764,
    "inter_dist_mean": 3.683536012871583,
    "ratio_intra_inter": 0.617517708766747,
    "n_merge_steps": 1769,
    "total_runtime_sec": 102.28685545921326
}