{
    "n_trials": 31,
    "avg_iterations": 8.129032258064516,
    "median_iterations": 8.0,
    "avg_auc_delta": 11.265015958420983,
    "avg_geo_decay": 0.5410059921558242,
    "best_k": 11,
    "best_combined_score": 0.5259042494762394,
    "best_sse": 614.0646157138563,
    "weights": {
        "alpha": 0.47,
        "beta": 0.53,
        "gamma": 0.0
    },
    "total_runtime_sec": 10.528652429580688
}