{
    "n_trials": 31,
    "avg_iterations": 6.161290322580645,
    "median_iterations": 6.0,
    "avg_auc_delta": 10.504699001287554,
    "avg_geo_decay": 0.4332234739158423,
    "best_k": 31,
    "best_combined_score": 0.5707375372085864,
    "best_sse": 1992.886214230399,
    "weights": {
        "alpha": 0.47,
        "beta": 0.53,
        "gamma": 0.0
    },
    "total_runtime_sec": 4.431341886520386
}