{
    "n_trials": 31,
    "avg_iterations": 4.258064516129032,
    "median_iterations": 4.0,
    "avg_auc_delta": 2.863873232356655,
    "avg_geo_decay": 0.37293124231239616,
    "best_k": 19,
    "best_combined_score": 0.4659241592616425,
    "best_sse": 2986.713120312001,
    "weights": {
        "alpha": 0.47,
        "beta": 0.53,
        "gamma": 0.0
    },
    "total_runtime_sec": 1.0127356052398682
}