{
    "n_trials": 31,
    "avg_iterations": 11.419354838709678,
    "median_iterations": 11.0,
    "avg_auc_delta": 7.298775517443086,
    "avg_geo_decay": 0.595606109038137,
    "best_k": 7,
    "best_combined_score": 0.6078031051745335,
    "best_sse": 3322.0312736010433,
    "weights": {
        "alpha": 0.47,
        "beta": 0.53,
        "gamma": 0.0
    },
    "total_runtime_sec": 6.903533220291138
}