{
    "n_trials": 30,
    "avg_iterations": 7.733333333333333,
    "median_iterations": 7.0,
    "avg_auc_delta": 7.467631559866017,
    "avg_geo_decay": 0.4908201902173442,
    "best_k": 22,
    "best_combined_score": 0.5648896107483727,
    "best_sse": 2067.447457384293,
    "weights": {
        "alpha": 0.47,
        "beta": 0.53,
        "gamma": 0.0
    },
    "total_runtime_sec": 4.041315078735352
}