{
    "n_trials": 31,
    "avg_iterations": 11.129032258064516,
    "median_iterations": 10.0,
    "avg_auc_delta": 11.539480324412896,
    "avg_geo_decay": 0.6106012105994538,
    "best_k": 25,
    "best_combined_score": 0.5679199452222773,
    "best_sse": 1874.8227381327542,
    "weights": {
        "alpha": 0.47,
        "beta": 0.53,
        "gamma": 0.0
    },
    "total_runtime_sec": 12.955184936523438
}