{
    "n_trials": 31,
    "avg_iterations": 14.709677419354838,
    "median_iterations": 14.0,
    "avg_auc_delta": 10.212816305900905,
    "avg_geo_decay": 0.6412818277310917,
    "best_k": 14,
    "best_combined_score": 0.5304514657145744,
    "best_sse": 2951.9538431842357,
    "weights": {
        "alpha": 0.47,
        "beta": 0.53,
        "gamma": 0.0
    },
    "total_runtime_sec": 7.884350061416626
}