{
    "clean_state": "raw",
    "best_k": 6,
    "linkage": "single",
    "metric": "manhattan",
    "combined": 1.4544971949714436,
    "silhouette": 0.4799996976826524,
    "davies_bouldin": 0.41169295395597477,
    "intra_dist_mean": 3.419158718832219,
    "inter_dist_mean": 12.203129009738282,
    "ratio_intra_inter": 0.2801870500675194,
    "n_merge_steps": 2274,
    "h_max": 10.324612587312677,
    "total_runtime_sec": 117.17773985862732
}