{
    "clean_state": "raw",
    "best_k": 5,
    "linkage": "single",
    "metric": "euclidean",
    "combined": 1.4495586493561419,
    "silhouette": 0.5238412212773577,
    "davies_bouldin": 0.4210036927917472,
    "intra_dist_mean": 3.4223198601859077,
    "inter_dist_mean": 12.550028728438319,
    "ratio_intra_inter": 0.27269418534721523,
    "n_merge_steps": 2274,
    "total_runtime_sec": 103.39719033241272
}