{
    "n_trials": 31,
    "avg_iterations": 14.64516129032258,
    "median_iterations": 16.0,
    "avg_auc_delta": 10.581231661357508,
    "avg_geo_decay": 0.6470752844246141,
    "best_k": 32,
    "best_combined_score": 0.5678139657854269,
    "best_sse": 871.236621534775,
    "weights": {
        "alpha": 0.47,
        "beta": 0.53,
        "gamma": 0.0
    },
    "total_runtime_sec": 48.14276838302612
}