{
    "n_trials": 31,
    "avg_iterations": 7.419354838709677,
    "median_iterations": 7.0,
    "avg_auc_delta": 11.106922865434285,
    "avg_geo_decay": 0.5076779593738134,
    "best_k": 31,
    "best_combined_score": 0.6201881635645472,
    "best_sse": 2170.339302847461,
    "total_runtime_sec": 6.6652867794036865
}