{
    "n_trials": 30,
    "avg_iterations": 7.5,
    "median_iterations": 7.0,
    "avg_auc_delta": 8.737250145784019,
    "avg_geo_decay": 0.5140788579034211,
    "best_k": 30,
    "best_combined_score": 0.573548808840114,
    "best_sse": 1749.4274176836066,
    "weights": {
        "alpha": 0.47,
        "beta": 0.53,
        "gamma": 0.0
    },
    "total_runtime_sec": 1.914813756942749
}