{
    "clean_state": "raw",
    "best_k": 6,
    "linkage": "single",
    "metric": "manhattan",
    "combined": 1.305949396846021,
    "silhouette": 0.5467387452197315,
    "davies_bouldin": 0.48422397127997124,
    "intra_dist_mean": 4.807047948300537,
    "inter_dist_mean": 12.793349234731206,
    "ratio_intra_inter": 0.3757458551393293,
    "n_merge_steps": 999,
    "total_runtime_sec": 35.190104722976685
}