{
    "clean_state": "raw",
    "best_k": 5,
    "linkage": "single",
    "metric": "euclidean",
    "combined": 1.2994015129306937,
    "silhouette": 0.5471846195394132,
    "davies_bouldin": 0.4874200762278906,
    "intra_dist_mean": 4.807079575344486,
    "inter_dist_mean": 12.799078588046186,
    "ratio_intra_inter": 0.3755801280752917,
    "n_merge_steps": 999,
    "h_max": 9.506787773917846,
    "total_runtime_sec": 17.323428869247437
}