{
    "core_count": 52,
    "border_count": 33,
    "noise_count": 558,
    "noise_ratio": 0.8678071539657853,
    "neighbor_hist": [
        0,
        318,
        122,
        55,
        36,
        33,
        7,
        20,
        16,
        10,
        7,
        3,
        2,
        2,
        1,
        4,
        4,
        1,
        1,
        1
    ],
    "combined_score": 0.36276296388547863,
    "silhouette": -0.21986419562019172,
    "davies_bouldin": 1.9277406967093866,
    "sse": 51.829676820960344,
    "weights": {
        "alpha": 0.47,
        "beta": 0.53,
        "gamma": 0.0
    }
}