{
    "clean_state": "raw",
    "best_k": 7,
    "best_cov_type": "spherical",
    "best_combined": 0.5478852522727132,
    "best_silhouette": 0.20006414730459895,
    "best_db": 0.96586460728866,
    "best_sse": 122.69166402317803,
    "weights": {
        "alpha": 0.47,
        "beta": 0.53,
        "gamma": 0.0
    },
    "n_iter_final": 1,
    "ll_curve_final": [
        -1.683813949927001,
        -1.6506689282296376,
        -1.5747073510970353,
        -1.565011815539424,
        -1.5650100880037892
    ],
    "total_runtime_sec": 0.444141149520874
}