{
    "clean_state": "raw",
    "best_k": 10,
    "best_cov_type": "tied",
    "best_combined": 0.6981359801327472,
    "best_silhouette": 0.28336945696164245,
    "best_db": 0.8985513079818936,
    "n_iter_final": 1,
    "ll_curve_final": [
        -7.881575200258752,
        -7.807569689794723,
        -7.791418155518233,
        -7.781133118674243,
        -7.771950444531701,
        -7.759954313136101,
        -7.737235532611047,
        -7.715870762903691,
        -7.711953135731751,
        -7.711024171065946
    ],
    "total_runtime_sec": 54.21465492248535
}