{
    "n_trials": 30,
    "avg_iterations": 11.0,
    "median_iterations": 11.0,
    "avg_auc_delta": 6.658298663380565,
    "avg_geo_decay": 0.631428071780055,
    "best_k": 27,
    "best_combined_score": 0.5170860048264643,
    "best_sse": 1035.1864295478035,
    "weights": {
        "alpha": 0.47,
        "beta": 0.53,
        "gamma": 0.0
    },
    "total_runtime_sec": 1.937568187713623
}