{
    "n_trials": 31,
    "avg_iterations": 14.0,
    "median_iterations": 13.0,
    "avg_auc_delta": 23.673899744581377,
    "avg_geo_decay": 0.6715156831817584,
    "best_k": 31,
    "best_combined_score": 0.3450754258803348,
    "best_sse": 7987.479329970315,
    "total_runtime_sec": 7.383868217468262
}