{
    "n_trials": 30,
    "avg_iterations": 12.266666666666667,
    "median_iterations": 11.0,
    "avg_auc_delta": 15.998318113827098,
    "avg_geo_decay": 0.6577910310711561,
    "best_k": 31,
    "best_combined_score": 0.3418749647975924,
    "best_sse": 7744.910608009439,
    "total_runtime_sec": 1.798654317855835
}