{
    "n_trials": 31,
    "avg_iterations": 12.64516129032258,
    "median_iterations": 13.0,
    "avg_auc_delta": 35.73698272299211,
    "avg_geo_decay": 0.5602452979804369,
    "best_k": 9,
    "best_combined_score": 0.5364899555986754,
    "best_sse": 8187.045814376245,
    "weights": {
        "alpha": 0.47,
        "beta": 0.53,
        "gamma": 0.0
    },
    "total_runtime_sec": 102.9825701713562
}