{
    "n_trials": 30,
    "avg_iterations": 7.766666666666667,
    "median_iterations": 7.0,
    "avg_auc_delta": 14.354815561483834,
    "avg_geo_decay": 0.523629085900669,
    "best_k": 19,
    "best_combined_score": 0.44335025146144896,
    "best_sse": 3647.4840430843087,
    "weights": {
        "alpha": 0.47,
        "beta": 0.53,
        "gamma": 0.0
    },
    "total_runtime_sec": 0.8222177028656006
}