{
    "n_trials": 30,
    "avg_iterations": 12.633333333333333,
    "median_iterations": 12.0,
    "avg_auc_delta": 6.594514477374003,
    "avg_geo_decay": 0.6509743762844826,
    "best_k": 22,
    "best_combined_score": 0.5574038242235685,
    "best_sse": 773.6020864379766,
    "total_runtime_sec": 0.4340527057647705
}