{
    "n_trials": 31,
    "avg_iterations": 12.451612903225806,
    "median_iterations": 11.0,
    "avg_auc_delta": 9.9602476970275,
    "avg_geo_decay": 0.651302737431912,
    "best_k": 22,
    "best_combined_score": 0.5256690403462034,
    "best_sse": 759.8595661660112,
    "total_runtime_sec": 4.622462034225464
}