{
    "n_trials": 30,
    "avg_iterations": 10.166666666666666,
    "median_iterations": 10.0,
    "avg_auc_delta": 4.284758608924614,
    "avg_geo_decay": 0.5651966355003429,
    "best_k": 43,
    "best_combined_score": 0.7115219340715682,
    "best_sse": 457.3773469391667,
    "total_runtime_sec": 2.7704710960388184
}