{
    "n_trials": 31,
    "avg_iterations": 14.548387096774194,
    "median_iterations": 13.0,
    "avg_auc_delta": 6.243386362307785,
    "avg_geo_decay": 0.6707080137618807,
    "best_k": 43,
    "best_combined_score": 0.6435007654537588,
    "best_sse": 512.9207152738409,
    "total_runtime_sec": 8.62515902519226
}