{
    "centroid_movements": [
        7.667448194261881e-16
    ],
    "sse_list": [
        474.70740926692184,
        474.70740926692184
    ],
    "final_iteration": 2
}