{
    "clean_state": "raw",
    "best_k": 15,
    "best_cov_type": "tied",
    "best_combined": 0.39783711311746556,
    "best_silhouette": 0.1592820747394321,
    "best_db": 1.57135815966623,
    "n_iter_final": 1,
    "ll_curve_final": [
        -7.6341236586855885,
        -7.588384543070553,
        -7.5679434231195275,
        -7.558491968643436,
        -7.543964801243143,
        -7.528142952300006,
        -7.523673979775185,
        -7.518383544703851,
        -7.5093836298627545,
        -7.497452114787412,
        -7.478643357967663,
        -7.460896180413865,
        -7.445185989182739,
        -7.426466097006388,
        -7.40124651771466,
        -7.357528597277169,
        -7.3192676152498475,
        -7.3169462353179835,
        -7.316757706025125
    ],
    "total_runtime_sec": 2.738391637802124
}