{
    "n_trials": 31,
    "avg_iterations": 5.516129032258065,
    "median_iterations": 6.0,
    "avg_auc_delta": 3.9061286704813627,
    "avg_geo_decay": 0.26312041351196347,
    "best_k": 39,
    "best_combined_score": 0.6323293372354287,
    "best_sse": 1614.1785281428522,
    "weights": {
        "alpha": 0.47,
        "beta": 0.53,
        "gamma": 0.0
    },
    "total_runtime_sec": 27.19068431854248
}