{
    "n_trials": 31,
    "avg_iterations": 10.161290322580646,
    "median_iterations": 11.0,
    "avg_auc_delta": 6.761283060724909,
    "avg_geo_decay": 0.6192865814543942,
    "best_k": 48,
    "best_combined_score": 0.6332731866028429,
    "best_sse": 666.4250717888376,
    "weights": {
        "alpha": 0.47,
        "beta": 0.53,
        "gamma": 0.0
    },
    "total_runtime_sec": 17.494848489761353
}