{
    "n_trials": 31,
    "avg_iterations": 3.3225806451612905,
    "median_iterations": 3.0,
    "avg_auc_delta": 2.64991644614073,
    "avg_geo_decay": 0.3100065830106869,
    "best_k": 8,
    "best_combined_score": 0.8972188162991697,
    "best_sse": 123.0102922750736,
    "total_runtime_sec": 1.2722609043121338
}