{
    "n_trials": 30,
    "avg_iterations": 3.4,
    "median_iterations": 3.0,
    "avg_auc_delta": 5.053028074758484,
    "avg_geo_decay": 0.15765109757838658,
    "best_k": 29,
    "best_combined_score": 0.6621263429894113,
    "best_sse": 916.8294683613279,
    "weights": {
        "alpha": 0.47,
        "beta": 0.53,
        "gamma": 0.0
    },
    "total_runtime_sec": 1.4392015933990479
}