{
    "n_trials": 30,
    "avg_iterations": 5.833333333333333,
    "median_iterations": 6.0,
    "avg_auc_delta": 6.9187913181116585,
    "avg_geo_decay": 0.3932451789688361,
    "best_k": 31,
    "best_combined_score": 0.7697317164644993,
    "best_sse": 1645.1802857229088,
    "total_runtime_sec": 0.9321472644805908
}