{
    "n_trials": 31,
    "avg_iterations": 7.580645161290323,
    "median_iterations": 7.0,
    "avg_auc_delta": 12.064886446332146,
    "avg_geo_decay": 0.5504727250488465,
    "best_k": 31,
    "best_combined_score": 0.6971787682022266,
    "best_sse": 1911.0467466432724,
    "total_runtime_sec": 9.647512674331665
}