{
    "clean_state": "raw",
    "best_k": 5,
    "linkage": "single",
    "metric": "euclidean",
    "combined": 1.5116702494644523,
    "silhouette": 0.4520256075839153,
    "davies_bouldin": 0.38890608200729765,
    "intra_dist_mean": 3.5866709808750885,
    "inter_dist_mean": 9.245355489773933,
    "ratio_intra_inter": 0.38794300390523995,
    "n_merge_steps": 1945,
    "total_runtime_sec": 105.29696226119995
}