{
    "clean_state": "raw",
    "best_k": 5,
    "linkage": "single",
    "metric": "manhattan",
    "combined": 0.6233969060567107,
    "silhouette": 0.21180000248859884,
    "davies_bouldin": 0.5630356859152064,
    "sse": 14404.4579880016,
    "weights": {
        "alpha": 0.47,
        "beta": 0.53,
        "gamma": 0.0
    },
    "intra_dist_mean": 5.770085306598167,
    "inter_dist_mean": 8.365911102076725,
    "ratio_intra_inter": 0.6897139159373964,
    "n_merge_steps": 811,
    "h_max": 13.831788803447154,
    "total_runtime_sec": 14.866440296173096
}