{
    "clean_state": "raw",
    "best_k": 22,
    "linkage": "single",
    "metric": "euclidean",
    "combined": 1.0512800342857684,
    "silhouette": 0.20192000071566094,
    "davies_bouldin": 0.5261385450681918,
    "intra_dist_mean": 3.343313147747724,
    "inter_dist_mean": 6.548125590750449,
    "ratio_intra_inter": 0.5105755992936067,
    "n_merge_steps": 1945,
    "h_max": 4.565862830411138,
    "total_runtime_sec": 86.8631865978241
}