{
    "n_trials": 31,
    "avg_iterations": 7.645161290322581,
    "median_iterations": 8.0,
    "avg_auc_delta": 5.452717423100357,
    "avg_geo_decay": 0.4884976831843214,
    "best_k": 7,
    "best_combined_score": 0.516144398735592,
    "best_sse": 2089.2833295059754,
    "weights": {
        "alpha": 0.47,
        "beta": 0.53,
        "gamma": 0.0
    },
    "total_runtime_sec": 25.229682683944702
}