{
    "n_trials": 31,
    "avg_iterations": 8.129032258064516,
    "median_iterations": 8.0,
    "avg_auc_delta": 7.778748720815581,
    "avg_geo_decay": 0.4775523403086478,
    "best_k": 11,
    "best_combined_score": 0.5577892452266072,
    "best_sse": 2089.7075136514263,
    "weights": {
        "alpha": 0.47,
        "beta": 0.53,
        "gamma": 0.0
    },
    "total_runtime_sec": 34.52496838569641
}