{
    "n_trials": 31,
    "avg_iterations": 4.838709677419355,
    "median_iterations": 4.0,
    "avg_auc_delta": 6.548814288663027,
    "avg_geo_decay": 0.3094270774466713,
    "best_k": 17,
    "best_combined_score": 0.7690276258236888,
    "best_sse": 301.80319515807014,
    "weights": {
        "alpha": 0.47,
        "beta": 0.53,
        "gamma": 0.0
    },
    "total_runtime_sec": 2.5282933712005615
}