{
    "n_trials": 31,
    "avg_iterations": 3.4516129032258065,
    "median_iterations": 3.0,
    "avg_auc_delta": 0.8455964399168818,
    "avg_geo_decay": 0.06655692991018233,
    "best_k": 12,
    "best_combined_score": 0.43629611531317153,
    "best_sse": 1725.1111631623758,
    "weights": {
        "alpha": 0.47,
        "beta": 0.53,
        "gamma": 0.0
    },
    "total_runtime_sec": 0.7969229221343994
}