{
    "core_count": 2,
    "border_count": 12,
    "noise_count": 129,
    "noise_ratio": 0.9020979020979021,
    "neighbor_hist": [
        0,
        92,
        23,
        7,
        6,
        9,
        4,
        1,
        1
    ],
    "combined_score": 0.3068512432671603,
    "silhouette": -0.22893374505678551,
    "davies_bouldin": 2.8487113291664894,
    "sse": 14.996109286177802,
    "weights": {
        "alpha": 0.47,
        "beta": 0.53,
        "gamma": 0.0
    }
}