{
    "clean_state": "raw",
    "best_k": 6,
    "linkage": "single",
    "metric": "manhattan",
    "combined": 0.8493297948592617,
    "silhouette": 0.691186559685523,
    "davies_bouldin": 0.1727852240022714,
    "sse": 952.3104183368284,
    "weights": {
        "alpha": 0.47,
        "beta": 0.53,
        "gamma": 0.0
    },
    "intra_dist_mean": 2.6631803361932476,
    "inter_dist_mean": 12.003096000872532,
    "ratio_intra_inter": 0.2218744510582464,
    "n_merge_steps": 183,
    "h_max": 13.602658321993497,
    "total_runtime_sec": 1.550349235534668
}