{
    "clean_state": "raw",
    "best_k": 8,
    "linkage": "single",
    "metric": "manhattan",
    "combined": 2.241549371031153,
    "silhouette": 0.65376814028796,
    "davies_bouldin": 0.26114224756061627,
    "intra_dist_mean": 2.240943443038449,
    "inter_dist_mean": 8.786800143782676,
    "ratio_intra_inter": 0.25503521263355816,
    "n_merge_steps": 195,
    "total_runtime_sec": 1.9687647819519043
}