{
    "n_trials": 31,
    "avg_iterations": 21.161290322580644,
    "median_iterations": 19.0,
    "avg_auc_delta": 16.74843376938692,
    "avg_geo_decay": 0.7128609148867977,
    "best_k": 49,
    "best_combined_score": 0.5309837222315354,
    "best_sse": 1895.31824886527,
    "total_runtime_sec": 12.103658676147461
}