{
    "n_trials": 30,
    "avg_iterations": 17.133333333333333,
    "median_iterations": 18.0,
    "avg_auc_delta": 11.384179312798953,
    "avg_geo_decay": 0.720553282402627,
    "best_k": 49,
    "best_combined_score": 0.5555239212152775,
    "best_sse": 1902.282617484728,
    "total_runtime_sec": 6.3274664878845215
}