{
    "n_trials": 30,
    "avg_iterations": 10.9,
    "median_iterations": 11.0,
    "avg_auc_delta": 15.713690980888478,
    "avg_geo_decay": 0.635105928978538,
    "best_k": 19,
    "best_combined_score": 0.4071370110818193,
    "best_sse": 10219.834883302248,
    "weights": {
        "alpha": 0.47,
        "beta": 0.53,
        "gamma": 0.0
    },
    "total_runtime_sec": 2.3632283210754395
}