{
    "clean_state": "raw",
    "best_k": 9,
    "best_cov_type": "full",
    "best_combined": 1.1237226805998635,
    "best_silhouette": 0.514240969318797,
    "best_db": 0.5769659970194094,
    "n_iter_final": 1,
    "ll_curve_final": [
        21.11076434627339,
        26.242462143886428,
        27.084553583519973,
        27.08455358350951
    ],
    "total_runtime_sec": 1.6648857593536377
}