{
    "core_count": 2179,
    "border_count": 34,
    "noise_count": 70,
    "noise_ratio": 0.030661410424879545,
    "neighbor_hist": [
        0,
        28,
        31,
        25,
        12,
        8,
        13,
        4,
        10,
        10,
        9,
        11,
        10,
        13,
        12,
        11,
        4,
        3,
        8,
        8,
        2,
        6,
        10,
        7,
        7,
        11,
        8,
        4,
        7,
        2,
        3,
        8,
        0,
        4,
        1,
        6,
        4,
        5,
        4,
        6,
        2,
        8,
        3,
        7,
        4,
        3,
        2,
        6,
        2,
        1911
    ],
    "combined_score": 0.49788422080737543,
    "silhouette": 0.47993487764788995,
    "davies_bouldin": 1.591199995864664,
    "sse": 11782.863978865571,
    "weights": {
        "alpha": 0.47,
        "beta": 0.53,
        "gamma": 0.0
    }
}