{
    "core_count": 203,
    "border_count": 53,
    "noise_count": 64,
    "noise_ratio": 0.2,
    "neighbor_hist": [
        0,
        21,
        13,
        17,
        8,
        11,
        11,
        9,
        19,
        8,
        11,
        13,
        9,
        17,
        5,
        8,
        5,
        6,
        6,
        7,
        3,
        5,
        5,
        8,
        6,
        5,
        6,
        2,
        4,
        2,
        5,
        6,
        2,
        0,
        2,
        3,
        4,
        3,
        3,
        5,
        2,
        4,
        4,
        2,
        2,
        1,
        2,
        1,
        2,
        17
    ],
    "combined_score": 0.39297285289662937,
    "silhouette": 0.1540666387162571,
    "davies_bouldin": 2.264517013897643,
    "sse": 1079.9252178420652,
    "weights": {
        "alpha": 0.47,
        "beta": 0.53,
        "gamma": 0.0
    }
}