{
    "n_trials": 31,
    "avg_iterations": 3.3870967741935485,
    "median_iterations": 3.0,
    "avg_auc_delta": 1.0277922585052743,
    "avg_geo_decay": 0.29687427904836416,
    "best_k": 8,
    "best_combined_score": 0.6544590808599593,
    "best_sse": 262.06380127959915,
    "weights": {
        "alpha": 0.47,
        "beta": 0.53,
        "gamma": 0.0
    },
    "total_runtime_sec": 0.39820003509521484
}