{
    "n_trials": 31,
    "avg_iterations": 10.741935483870968,
    "median_iterations": 10.0,
    "avg_auc_delta": 16.305590978498532,
    "avg_geo_decay": 0.5928289902775777,
    "best_k": 26,
    "best_combined_score": 0.5081715250179166,
    "best_sse": 2645.9702792224793,
    "total_runtime_sec": 5.563034296035767
}