{
    "n_trials": 30,
    "avg_iterations": 10.566666666666666,
    "median_iterations": 9.0,
    "avg_auc_delta": 13.390497641443806,
    "avg_geo_decay": 0.5465859040103639,
    "best_k": 26,
    "best_combined_score": 0.5267422101898159,
    "best_sse": 2525.9875695987585,
    "total_runtime_sec": 1.0276155471801758
}