{
    "n_trials": 30,
    "avg_iterations": 11.366666666666667,
    "median_iterations": 12.0,
    "avg_auc_delta": 4.7917118665565575,
    "avg_geo_decay": 0.5883872984279138,
    "best_k": 38,
    "best_combined_score": 0.6251323133349731,
    "best_sse": 882.261424175955,
    "weights": {
        "alpha": 0.47,
        "beta": 0.53,
        "gamma": 0.0
    },
    "total_runtime_sec": 9.623990774154663
}