{
    "centroid_movements": [
        0.0
    ],
    "sse_list": [
        3090.032586472406,
        3090.032586472406
    ],
    "final_iteration": 2
}