{
    "n_trials": 31,
    "avg_iterations": 3.4838709677419355,
    "median_iterations": 3.0,
    "avg_auc_delta": 2.2619756507297875,
    "avg_geo_decay": 0.12125422684735886,
    "best_k": 15,
    "best_combined_score": 0.7821193305867169,
    "best_sse": 106.79691009124184,
    "weights": {
        "alpha": 0.47,
        "beta": 0.53,
        "gamma": 0.0
    },
    "total_runtime_sec": 0.43660449981689453
}