{
    "n_trials": 20,
    "avg_iterations": 7.4,
    "median_iterations": 7.0,
    "avg_auc_delta": 5.703793132786521,
    "avg_geo_decay": 0.4726432629027456,
    "best_k": 8,
    "best_combined_score": 0.5660129853400081,
    "best_sse": 1237.3574070376849,
    "weights": {
        "alpha": 0.47,
        "beta": 0.53,
        "gamma": 0.0
    },
    "total_runtime_sec": 0.541151762008667
}