{
    "centroid_movements": [
        1.600051093407533e-15
    ],
    "sse_list": [
        1580.372047531023,
        1580.372047531023
    ],
    "final_iteration": 2
}