{
    "n_trials": 30,
    "avg_iterations": 10.8,
    "median_iterations": 11.0,
    "avg_auc_delta": 7.285260152086619,
    "avg_geo_decay": 0.7019257354627917,
    "best_k": 43,
    "best_combined_score": 0.6831370531804549,
    "best_sse": 1331.3702317279028,
    "total_runtime_sec": 2.9962167739868164
}