{
    "n_trials": 30,
    "avg_iterations": 9.633333333333333,
    "median_iterations": 8.5,
    "avg_auc_delta": 13.313464486383547,
    "avg_geo_decay": 0.6207930688563316,
    "best_k": 16,
    "best_combined_score": 0.4003215394040423,
    "best_sse": 4571.647165059941,
    "weights": {
        "alpha": 0.47,
        "beta": 0.53,
        "gamma": 0.0
    },
    "total_runtime_sec": 1.1045145988464355
}