{
    "n_trials": 31,
    "avg_iterations": 12.67741935483871,
    "median_iterations": 12.0,
    "avg_auc_delta": 10.8728124487895,
    "avg_geo_decay": 0.6213013567151671,
    "best_k": 25,
    "best_combined_score": 0.5411635161380758,
    "best_sse": 1020.74791636278,
    "total_runtime_sec": 4.9776694774627686
}