{
    "n_trials": 30,
    "avg_iterations": 10.6,
    "median_iterations": 11.0,
    "avg_auc_delta": 8.227463069023495,
    "avg_geo_decay": 0.5516730792160839,
    "best_k": 25,
    "best_combined_score": 0.5197321943733428,
    "best_sse": 984.8144570571103,
    "total_runtime_sec": 0.5538425445556641
}