{
    "n_trials": 30,
    "avg_iterations": 5.5,
    "median_iterations": 5.0,
    "avg_auc_delta": 3.764106817985757,
    "avg_geo_decay": 0.39032617346454407,
    "best_k": 21,
    "best_combined_score": 1.4770538169300258,
    "best_sse": 117.26279286475072,
    "total_runtime_sec": 0.32038354873657227
}