{
    "n_trials": 20,
    "avg_iterations": 2.4,
    "median_iterations": 2.0,
    "avg_auc_delta": 0.3822397825510548,
    "avg_geo_decay": 0.05706561442589778,
    "best_k": 9,
    "best_combined_score": 0.8501273517405136,
    "best_sse": 58.351767557635604,
    "weights": {
        "alpha": 0.47,
        "beta": 0.53,
        "gamma": 0.0
    },
    "total_runtime_sec": 0.2391371726989746
}