{
    "core_count": 372,
    "border_count": 5,
    "noise_count": 15,
    "noise_ratio": 0.03826530612244898,
    "neighbor_hist": [
        0,
        15,
        1,
        2,
        2,
        6,
        1,
        3,
        0,
        1,
        2,
        6,
        7,
        6,
        3,
        0,
        0,
        0,
        2,
        1,
        0,
        0,
        1,
        0,
        0,
        0,
        5,
        2,
        2,
        6,
        0,
        0,
        0,
        0,
        0,
        0,
        0,
        0,
        1,
        0,
        3,
        8,
        7,
        0,
        0,
        9,
        0,
        0,
        0,
        290
    ],
    "combined_score": 0.49686986036220765,
    "silhouette": 0.5044188162159849,
    "davies_bouldin": 1.618440431549309,
    "sse": 733.899843374787,
    "weights": {
        "alpha": 0.47,
        "beta": 0.53,
        "gamma": 0.0
    }
}