{
    "n_trials": 30,
    "avg_iterations": 16.666666666666668,
    "median_iterations": 15.5,
    "avg_auc_delta": 18.385340190770556,
    "avg_geo_decay": 0.7613536228909871,
    "best_k": 25,
    "best_combined_score": 0.32686289498081456,
    "best_sse": 5851.320892584568,
    "total_runtime_sec": 1.278604507446289
}