{
    "n_trials": 30,
    "avg_iterations": 11.4,
    "median_iterations": 11.0,
    "avg_auc_delta": 5.898730869565261,
    "avg_geo_decay": 0.6097271899081558,
    "best_k": 24,
    "best_combined_score": 0.6001602834416885,
    "best_sse": 2098.0339100606525,
    "weights": {
        "alpha": 0.47,
        "beta": 0.53,
        "gamma": 0.0
    },
    "total_runtime_sec": 4.839275121688843
}