{
    "core_count": 1108,
    "border_count": 47,
    "noise_count": 81,
    "noise_ratio": 0.06553398058252427,
    "neighbor_hist": [
        0,
        33,
        29,
        38,
        28,
        27,
        26,
        31,
        23,
        20,
        18,
        14,
        15,
        12,
        17,
        15,
        34,
        23,
        23,
        15,
        7,
        9,
        9,
        4,
        9,
        10,
        10,
        10,
        15,
        9,
        8,
        12,
        13,
        3,
        11,
        12,
        3,
        5,
        6,
        7,
        12,
        14,
        12,
        12,
        15,
        10,
        8,
        11,
        8,
        521
    ],
    "combined_score": 0.41688505042953916,
    "silhouette": 0.02324001366043129,
    "davies_bouldin": 1.7926268297514534,
    "sse": 5920.021009338337,
    "weights": {
        "alpha": 0.47,
        "beta": 0.53,
        "gamma": 0.0
    }
}