{
    "clean_state": "raw",
    "best_k": 13,
    "best_cov_type": "tied",
    "best_combined": 0.5258823884023696,
    "best_silhouette": 0.26361837569959784,
    "best_db": 1.1842837468267153,
    "best_sse": 6645.602944696353,
    "weights": {
        "alpha": 0.47,
        "beta": 0.53,
        "gamma": 0.0
    },
    "n_iter_final": 1,
    "ll_curve_final": [
        -8.825844020149871,
        -8.779538347975805,
        -8.762084473813717,
        -8.756430682737248,
        -8.754313449559447,
        -8.753001579972423,
        -8.751961664817575,
        -8.751050646531437
    ],
    "total_runtime_sec": 38.308160066604614
}