{
    "n_trials": 31,
    "avg_iterations": 3.5483870967741935,
    "median_iterations": 2.0,
    "avg_auc_delta": 3.1159976096367386,
    "avg_geo_decay": 0.2857252925264756,
    "best_k": 16,
    "best_combined_score": 2.129417305657935,
    "best_sse": 91.88320058377903,
    "total_runtime_sec": 3.436924934387207
}