{
    "n_trials": 30,
    "avg_iterations": 2.3333333333333335,
    "median_iterations": 2.0,
    "avg_auc_delta": 1.0558114324693106,
    "avg_geo_decay": 0.02302563711830981,
    "best_k": 17,
    "best_combined_score": 2.208414052735402,
    "best_sse": 65.32515110081044,
    "total_runtime_sec": 0.20104503631591797
}