{
    "clean_state": "raw",
    "best_k": 7,
    "linkage": "single",
    "metric": "euclidean",
    "combined": 1.5222936346231497,
    "silhouette": 0.5563484077617383,
    "davies_bouldin": 0.4018906767670081,
    "intra_dist_mean": 2.6307412234061758,
    "inter_dist_mean": 6.795292204717573,
    "ratio_intra_inter": 0.3871417363891165,
    "n_merge_steps": 2113,
    "total_runtime_sec": 151.48662877082825
}