{
    "clean_state": "raw",
    "best_k": 7,
    "linkage": "single",
    "metric": "manhattan",
    "combined": 1.52229363462321,
    "silhouette": 0.5563484077618112,
    "davies_bouldin": 0.40189067676700035,
    "intra_dist_mean": 2.6307412234057415,
    "inter_dist_mean": 6.795292204717573,
    "ratio_intra_inter": 0.3871417363890526,
    "n_merge_steps": 2113,
    "h_max": 6.722351044357464,
    "total_runtime_sec": 98.4681510925293
}