{
    "clean_state": "raw",
    "best_k": 12,
    "best_cov_type": "tied",
    "best_combined": 0.7595196081408706,
    "best_silhouette": 0.36719952317897697,
    "best_db": 0.8681763668920399,
    "n_iter_final": 1,
    "ll_curve_final": [
        -7.214194692299512,
        -7.184495539115625,
        -7.176601333025692,
        -7.169390251486164,
        -7.166236020323173,
        -7.161293684715899,
        -7.16020842606948,
        -7.159651406484843
    ],
    "total_runtime_sec": 7.6014392375946045
}