{
    "clean_state": "raw",
    "best_k": 17,
    "best_cov_type": "spherical",
    "best_combined": 0.46636598884199093,
    "best_silhouette": 0.13468408016281705,
    "best_db": 1.4826684478499057,
    "best_sse": 5244.255254661302,
    "weights": {
        "alpha": 0.47,
        "beta": 0.53,
        "gamma": 0.0
    },
    "n_iter_final": 1,
    "ll_curve_final": [
        -20.414867464286726,
        -20.288200015667357,
        -20.23052163529848,
        -20.195534158895498,
        -20.160202271051304,
        -20.133298139750487,
        -20.105829307653625,
        -20.075320029669392,
        -20.06147694525123,
        -20.059986007890853,
        -20.059355616046005
    ],
    "total_runtime_sec": 7.626173257827759
}