{
    "clean_state": "raw",
    "best_k": 7,
    "best_cov_type": "tied",
    "best_combined": 0.5401688087997859,
    "best_silhouette": 0.2721794152898898,
    "best_db": 1.0988370507695604,
    "best_sse": 4002.727453729476,
    "weights": {
        "alpha": 0.47,
        "beta": 0.53,
        "gamma": 0.0
    },
    "n_iter_final": 1,
    "ll_curve_final": [
        -8.511410995591442,
        -7.921078966066036,
        -7.799397181177976,
        -7.491098585630743,
        -7.483713149572005,
        -7.479320862921199,
        -7.476445638445679,
        -7.474777640915806,
        -7.473823033569294
    ],
    "total_runtime_sec": 12.059775829315186
}