{
    "n_trials": 31,
    "avg_iterations": 6.096774193548387,
    "median_iterations": 6.0,
    "avg_auc_delta": 9.19292555029221,
    "avg_geo_decay": 0.28509428084994226,
    "best_k": 24,
    "best_combined_score": 0.5543386044952634,
    "best_sse": 1277.9220735225308,
    "weights": {
        "alpha": 0.47,
        "beta": 0.53,
        "gamma": 0.0
    },
    "total_runtime_sec": 4.2494142055511475
}