{
    "n_trials": 31,
    "avg_iterations": 13.516129032258064,
    "median_iterations": 13.0,
    "avg_auc_delta": 26.202190900859957,
    "avg_geo_decay": 0.7006918985916486,
    "best_k": 31,
    "best_combined_score": 0.4130884211593967,
    "best_sse": 8458.303919767855,
    "weights": {
        "alpha": 0.47,
        "beta": 0.53,
        "gamma": 0.0
    },
    "total_runtime_sec": 5.888062953948975
}