{
    "n_trials": 31,
    "avg_iterations": 13.838709677419354,
    "median_iterations": 12.0,
    "avg_auc_delta": 10.772976966366747,
    "avg_geo_decay": 0.6381550280927691,
    "best_k": 41,
    "best_combined_score": 0.5584253663351922,
    "best_sse": 2181.5449776196565,
    "weights": {
        "alpha": 0.47,
        "beta": 0.53,
        "gamma": 0.0
    },
    "total_runtime_sec": 13.416303396224976
}