{
    "clean_state": "raw",
    "best_k": 13,
    "linkage": "single",
    "metric": "euclidean",
    "combined": 1.8208947829484268,
    "silhouette": 0.6253297070000299,
    "davies_bouldin": 0.3315144397000923,
    "intra_dist_mean": 2.394144797343819,
    "inter_dist_mean": 7.860836807665184,
    "ratio_intra_inter": 0.30456614937088616,
    "n_merge_steps": 1853,
    "h_max": 19.529072079546363,
    "total_runtime_sec": 73.05310344696045
}