{
    "clean_state": "raw",
    "best_k": 13,
    "linkage": "single",
    "metric": "euclidean",
    "combined": 1.820894754574945,
    "silhouette": 0.6253297069703905,
    "davies_bouldin": 0.33151444593342977,
    "intra_dist_mean": 2.3941447973450893,
    "inter_dist_mean": 7.860836807665184,
    "ratio_intra_inter": 0.3045661493710478,
    "n_merge_steps": 1853,
    "total_runtime_sec": 78.81345224380493
}