{
    "clean_state": "raw",
    "best_k": 8,
    "linkage": "single",
    "metric": "euclidean",
    "combined": 0.7055205925549577,
    "silhouette": 0.38198253697478024,
    "davies_bouldin": 0.39096380332621483,
    "sse": 2977.8589340773897,
    "weights": {
        "alpha": 0.47,
        "beta": 0.53,
        "gamma": 0.0
    },
    "intra_dist_mean": 3.229080098748773,
    "inter_dist_mean": 8.301379374510967,
    "ratio_intra_inter": 0.38898115036919495,
    "n_merge_steps": 491,
    "h_max": 6.191046430785996,
    "total_runtime_sec": 5.905943393707275
}