{
    "clean_state": "raw",
    "best_k": 6,
    "linkage": "single",
    "metric": "euclidean",
    "combined": 1.7772782885203116,
    "silhouette": 0.5128067173567189,
    "davies_bouldin": 0.32875813138162485,
    "intra_dist_mean": 3.432129802642955,
    "inter_dist_mean": 10.414334874674914,
    "ratio_intra_inter": 0.32955823333362516,
    "n_merge_steps": 1495,
    "h_max": 5.632835018267698,
    "total_runtime_sec": 44.74115443229675
}