{
    "n_trials": 31,
    "avg_iterations": 11.096774193548388,
    "median_iterations": 10.0,
    "avg_auc_delta": 18.77981075687362,
    "avg_geo_decay": 0.618653533416214,
    "best_k": 18,
    "best_combined_score": 0.4633203208286674,
    "best_sse": 4777.023060571575,
    "weights": {
        "alpha": 0.47,
        "beta": 0.53,
        "gamma": 0.0
    },
    "total_runtime_sec": 4.972299575805664
}