{
    "clean_state": "raw",
    "best_k": 6,
    "best_cov_type": "tied",
    "best_combined": 0.7630758867114812,
    "best_silhouette": 0.6077991915051091,
    "best_db": 0.3695009900498028,
    "best_sse": 286.1727076229632,
    "weights": {
        "alpha": 0.47,
        "beta": 0.53,
        "gamma": 0.0
    },
    "n_iter_final": 1,
    "ll_curve_final": [
        16.61861344669066,
        16.61861344669067
    ],
    "total_runtime_sec": 1.2562813758850098
}