{
    "clean_state": "raw",
    "best_k": 11,
    "best_cov_type": "tied",
    "best_combined": 1.2963375827701322,
    "best_silhouette": 0.601569512362128,
    "best_db": 0.5022335195542403,
    "n_iter_final": 1,
    "ll_curve_final": [
        13.886705673068452,
        14.159932098596567,
        14.193274814702756,
        14.273334077794864,
        14.647659511336055,
        14.682627766071526,
        14.68282678232088
    ],
    "total_runtime_sec": 1.36582612991333
}