{
    "clean_state": "raw",
    "best_k": 27,
    "best_cov_type": "tied",
    "best_combined": 0.6436918136555776,
    "best_silhouette": 0.3093251810274712,
    "best_db": 1.0224337858332364,
    "n_iter_final": 1,
    "ll_curve_final": [
        24.916618611300034,
        25.07236056337596,
        25.14305803490615,
        25.20400356851693,
        25.24707273546105,
        25.292739164088804,
        25.31471032368218,
        25.31662301303411,
        25.320117045665075,
        25.337804976452038,
        25.366951345434227,
        25.368379210319638,
        25.368390122233492
    ],
    "total_runtime_sec": 14.407451152801514
}