{
    "clean_state": "raw",
    "best_k": 45,
    "best_cov_type": "spherical",
    "best_combined": 0.6149074630052634,
    "best_silhouette": 0.40751784653675976,
    "best_db": 0.8083370318833691,
    "best_sse": 790.355367847573,
    "weights": {
        "alpha": 0.47,
        "beta": 0.53,
        "gamma": 0.0
    },
    "n_iter_final": 1,
    "ll_curve_final": [
        -2.751303834296961,
        -2.654526432935108,
        -2.5464955612216804,
        -2.4745725302537394,
        -2.4410373208338605,
        -2.402631516908135,
        -2.3882253231672816,
        -2.3805611086716403,
        -2.376366072649679,
        -2.3725845977832845,
        -2.367844360742121,
        -2.363226789281781,
        -2.358441919859021,
        -2.3555523596939536,
        -2.3551152881577715
    ],
    "total_runtime_sec": 21.262468814849854
}