{
    "clean_state": "raw",
    "best_k": 25,
    "best_cov_type": "tied",
    "best_combined": 0.8326229904843105,
    "best_silhouette": 0.37651602922997396,
    "best_db": 0.7759577548817604,
    "n_iter_final": 1,
    "ll_curve_final": [
        -3.7236620260815965,
        -2.409372527934716,
        -2.354098225092329,
        -2.334195949465091,
        -2.2910831103453724,
        -2.2633209968083463,
        -2.262760151036475
    ],
    "total_runtime_sec": 9.402388572692871
}