{
    "core_count": 831,
    "border_count": 24,
    "noise_count": 145,
    "noise_ratio": 0.145,
    "neighbor_hist": [
        0,
        30,
        27,
        68,
        44,
        42,
        65,
        56,
        59,
        27,
        51,
        34,
        39,
        37,
        50,
        39,
        27,
        24,
        25,
        24,
        25,
        24,
        13,
        19,
        18,
        13,
        14,
        17,
        16,
        11,
        5,
        9,
        4,
        10,
        5,
        8,
        7,
        3,
        0,
        1,
        1,
        0,
        1,
        4,
        2,
        2
    ],
    "combined_score": 0.4647673748693246,
    "silhouette": 0.2685098870607784,
    "davies_bouldin": 1.6614850573385105,
    "sse": 631.2024933727968,
    "weights": {
        "alpha": 0.47,
        "beta": 0.53,
        "gamma": 0.0
    }
}