{
    "n_trials": 30,
    "avg_iterations": 16.4,
    "median_iterations": 17.5,
    "avg_auc_delta": 10.931620263172313,
    "avg_geo_decay": 0.7278806503205463,
    "best_k": 39,
    "best_combined_score": 0.5257348152964152,
    "best_sse": 2322.1815011728754,
    "total_runtime_sec": 2.8048648834228516
}