{
    "n_trials": 31,
    "avg_iterations": 16.70967741935484,
    "median_iterations": 17.0,
    "avg_auc_delta": 14.588613422762169,
    "avg_geo_decay": 0.7014577399607831,
    "best_k": 39,
    "best_combined_score": 0.5298677932245254,
    "best_sse": 2397.1789928900475,
    "total_runtime_sec": 11.905771493911743
}