{
    "n_trials": 31,
    "avg_iterations": 13.161290322580646,
    "median_iterations": 13.0,
    "avg_auc_delta": 13.882009159547732,
    "avg_geo_decay": 0.6827923496924542,
    "best_k": 32,
    "best_combined_score": 0.5670284278509887,
    "best_sse": 926.4082996447903,
    "weights": {
        "alpha": 0.47,
        "beta": 0.53,
        "gamma": 0.0
    },
    "total_runtime_sec": 127.31937217712402
}