{
    "core_count": 189,
    "border_count": 18,
    "noise_count": 21,
    "noise_ratio": 0.09210526315789473,
    "neighbor_hist": [
        0,
        9,
        2,
        3,
        2,
        4,
        1,
        11,
        1,
        6,
        2,
        0,
        0,
        3,
        0,
        1,
        2,
        2,
        4,
        3,
        12,
        6,
        11,
        1,
        2,
        2,
        9,
        0,
        0,
        0,
        0,
        0,
        0,
        2,
        0,
        1,
        0,
        0,
        0,
        0,
        0,
        0,
        0,
        0,
        0,
        0,
        0,
        0,
        0,
        126
    ],
    "combined_score": 0.5187380519888766,
    "silhouette": 0.5192862683034817,
    "davies_bouldin": 1.4698937150757974,
    "sse": 366.58873502653665,
    "weights": {
        "alpha": 0.47,
        "beta": 0.53,
        "gamma": 0.0
    }
}