{
    "n_trials": 31,
    "avg_iterations": 12.35483870967742,
    "median_iterations": 11.0,
    "avg_auc_delta": 8.790731310306516,
    "avg_geo_decay": 0.5921404026256328,
    "best_k": 48,
    "best_combined_score": 0.7627554743336977,
    "best_sse": 1140.2859128641658,
    "total_runtime_sec": 8.722150087356567
}