{
    "n_trials": 30,
    "avg_iterations": 10.466666666666667,
    "median_iterations": 8.5,
    "avg_auc_delta": 5.718808431144866,
    "avg_geo_decay": 0.5364528398296134,
    "best_k": 48,
    "best_combined_score": 0.7903845261673882,
    "best_sse": 1006.549057453849,
    "total_runtime_sec": 4.082373142242432
}