{
    "n_trials": 30,
    "avg_iterations": 11.166666666666666,
    "median_iterations": 10.0,
    "avg_auc_delta": 5.772122896740025,
    "avg_geo_decay": 0.598990506853415,
    "best_k": 48,
    "best_combined_score": 0.7903845261673882,
    "best_sse": 1006.549057453849,
    "total_runtime_sec": 4.322681665420532
}