{
    "n_trials": 30,
    "avg_iterations": 24.0,
    "median_iterations": 23.0,
    "avg_auc_delta": 12.68761197836256,
    "avg_geo_decay": 0.7841644178916933,
    "best_k": 40,
    "best_combined_score": 0.502245297285084,
    "best_sse": 3209.2187043978456,
    "weights": {
        "alpha": 0.47,
        "beta": 0.53,
        "gamma": 0.0
    },
    "total_runtime_sec": 6.682506799697876
}