{
    "core_count": 2212,
    "border_count": 63,
    "noise_count": 101,
    "noise_ratio": 0.04250841750841751,
    "neighbor_hist": [
        0,
        35,
        34,
        28,
        17,
        50,
        32,
        34,
        20,
        24,
        30,
        16,
        18,
        27,
        30,
        8,
        30,
        34,
        35,
        11,
        10,
        17,
        20,
        10,
        26,
        13,
        32,
        20,
        20,
        28,
        17,
        12,
        47,
        33,
        32,
        8,
        11,
        16,
        18,
        14,
        11,
        7,
        26,
        28,
        34,
        11,
        7,
        6,
        19,
        1310
    ],
    "combined_score": 0.5421124133078397,
    "silhouette": 0.30875310489269286,
    "davies_bouldin": 1.1252735287450013,
    "sse": 2803.8823368552175,
    "weights": {
        "alpha": 0.47,
        "beta": 0.53,
        "gamma": 0.0
    }
}