{
    "clean_state": "raw",
    "best_k": 5,
    "linkage": "single",
    "metric": "manhattan",
    "combined": 1.0666655197609565,
    "silhouette": 0.2454415504248556,
    "davies_bouldin": 0.5296920215802894,
    "intra_dist_mean": 5.792971990448355,
    "inter_dist_mean": 9.045995663428815,
    "ratio_intra_inter": 0.6403907547587673,
    "n_merge_steps": 999,
    "h_max": 14.611691784310791,
    "total_runtime_sec": 17.616813898086548
}