{
    "clean_state": "raw",
    "best_k": 6,
    "linkage": "single",
    "metric": "manhattan",
    "combined": 1.0478444929498583,
    "silhouette": 0.23040092075931762,
    "davies_bouldin": 0.5361102226988895,
    "intra_dist_mean": 5.788114664820204,
    "inter_dist_mean": 8.878545679154316,
    "ratio_intra_inter": 0.6519214828628186,
    "n_merge_steps": 999,
    "total_runtime_sec": 35.7367377281189
}