{
    "clean_state": "raw",
    "best_k": 44,
    "best_cov_type": "spherical",
    "best_combined": 0.6157627640664987,
    "best_silhouette": 0.41044593570377425,
    "best_db": 0.8066908968599967,
    "best_sse": 796.7859492532851,
    "weights": {
        "alpha": 0.47,
        "beta": 0.53,
        "gamma": 0.0
    },
    "n_iter_final": 1,
    "ll_curve_final": [
        -2.8677828884643786,
        -2.791318536731288,
        -2.711482790049315,
        -2.6822410756059023,
        -2.6664195711365792,
        -2.643024231797005,
        -2.633277784073507,
        -2.625675969413039,
        -2.621572651082393,
        -2.6177237796697783,
        -2.6124485614393325,
        -2.6063679590624127,
        -2.59828843358754,
        -2.589556538023296,
        -2.5804477484349846,
        -2.5606699448758694,
        -2.5466992034366394,
        -2.5448279285550726,
        -2.5445605054741174
    ],
    "total_runtime_sec": 33.0862078666687
}