{
    "clean_state": "raw",
    "best_k": 28,
    "best_cov_type": "spherical",
    "best_combined": 0.5918211912241983,
    "best_silhouette": 0.2770762527037492,
    "best_db": 1.1030634911119723,
    "n_iter_final": 1,
    "ll_curve_final": [
        -10.625975977385119,
        -10.40761797706025,
        -10.298642487126537,
        -10.22162774631523,
        -10.191802610804192,
        -10.180313687421084,
        -10.178554989849063,
        -10.178098214501697
    ],
    "total_runtime_sec": 10.468761682510376
}