{
    "n_trials": 31,
    "avg_iterations": 3.806451612903226,
    "median_iterations": 3.0,
    "avg_auc_delta": 3.6935824548806515,
    "avg_geo_decay": 0.4990828021878071,
    "best_k": 8,
    "best_combined_score": 0.6532722415030914,
    "best_sse": 98.47582049408503,
    "weights": {
        "alpha": 0.47,
        "beta": 0.53,
        "gamma": 0.0
    },
    "total_runtime_sec": 1.5869901180267334
}