{
    "clean_state": "raw",
    "best_k": 7,
    "best_cov_type": "spherical",
    "best_combined": 0.5772418865398452,
    "best_silhouette": 0.25388644305001307,
    "best_db": 1.1103741557473272,
    "n_iter_final": 1,
    "ll_curve_final": [
        -14.721310470373107,
        -14.593911140683963,
        -14.341963767789315,
        -14.341792404342604
    ],
    "total_runtime_sec": 0.3642110824584961
}