{
    "clean_state": "raw",
    "best_k": 25,
    "best_cov_type": "spherical",
    "best_combined": 0.5872284016735484,
    "best_silhouette": 0.41838924307987624,
    "best_db": 0.9626251444391317,
    "best_sse": 1857.5939909003214,
    "weights": {
        "alpha": 0.47,
        "beta": 0.53,
        "gamma": 0.0
    },
    "n_iter_final": 1,
    "ll_curve_final": [
        -3.976313575892485,
        -3.8182755461324853,
        -3.7075022476279376,
        -3.645170276231439,
        -3.6213508317429874,
        -3.618233647075983,
        -3.6173754554287085
    ],
    "total_runtime_sec": 64.8059401512146
}