{
    "n_trials": 30,
    "avg_iterations": 12.766666666666667,
    "median_iterations": 13.5,
    "avg_auc_delta": 7.07539244624434,
    "avg_geo_decay": 0.6035085231534839,
    "best_k": 28,
    "best_combined_score": 0.508504251090435,
    "best_sse": 970.7963386678413,
    "total_runtime_sec": 0.8930280208587646
}