{
    "n_trials": 31,
    "avg_iterations": 12.096774193548388,
    "median_iterations": 12.0,
    "avg_auc_delta": 10.520652011348366,
    "avg_geo_decay": 0.5758610870668202,
    "best_k": 28,
    "best_combined_score": 0.5503776989488914,
    "best_sse": 1066.0674426247097,
    "total_runtime_sec": 9.077528476715088
}