{
    "n_trials": 30,
    "avg_iterations": 9.033333333333333,
    "median_iterations": 8.5,
    "avg_auc_delta": 14.266558938044659,
    "avg_geo_decay": 0.5475360359653656,
    "best_k": 16,
    "best_combined_score": 0.4588950218370843,
    "best_sse": 5325.053401670011,
    "weights": {
        "alpha": 0.47,
        "beta": 0.53,
        "gamma": 0.0
    },
    "total_runtime_sec": 1.58219575881958
}