{
    "n_trials": 31,
    "avg_iterations": 16.64516129032258,
    "median_iterations": 16.0,
    "avg_auc_delta": 10.48586858479277,
    "avg_geo_decay": 0.6683942148187365,
    "best_k": 42,
    "best_combined_score": 0.5856994914852652,
    "best_sse": 1750.5600537840319,
    "total_runtime_sec": 8.476870059967041
}