{
    "n_trials": 30,
    "avg_iterations": 19.433333333333334,
    "median_iterations": 17.5,
    "avg_auc_delta": 7.800948442756399,
    "avg_geo_decay": 0.7284026954428376,
    "best_k": 42,
    "best_combined_score": 0.5858311237867886,
    "best_sse": 1671.8836442634097,
    "total_runtime_sec": 3.694401741027832
}