{
    "clean_state": "raw",
    "best_k": 5,
    "linkage": "single",
    "metric": "manhattan",
    "combined": 0.6911960136643054,
    "silhouette": 0.3986281894221659,
    "davies_bouldin": 0.46166127788371314,
    "sse": 17310.509481542365,
    "weights": {
        "alpha": 0.47,
        "beta": 0.53,
        "gamma": 0.0
    },
    "intra_dist_mean": 5.667487101763586,
    "inter_dist_mean": 12.464417184943075,
    "ratio_intra_inter": 0.4546933095764329,
    "n_merge_steps": 999,
    "h_max": 17.788554834798234,
    "total_runtime_sec": 23.07991933822632
}