{
    "clean_state": "raw",
    "best_k": 5,
    "linkage": "single",
    "metric": "manhattan",
    "combined": 1.7899733388130803,
    "silhouette": 0.514625832198488,
    "davies_bouldin": 0.3262301241619229,
    "intra_dist_mean": 3.4686088127347237,
    "inter_dist_mean": 11.145396273178168,
    "ratio_intra_inter": 0.31121448961682546,
    "n_merge_steps": 1541,
    "h_max": 10.208810193173367,
    "total_runtime_sec": 50.537633180618286
}