{
    "clean_state": "raw",
    "best_k": 5,
    "linkage": "single",
    "metric": "euclidean",
    "combined": 0.618248788544714,
    "silhouette": 0.1765284697992895,
    "davies_bouldin": 0.5443606401818065,
    "sse": 4336.763311571912,
    "weights": {
        "alpha": 0.47,
        "beta": 0.53,
        "gamma": 0.0
    },
    "intra_dist_mean": 3.2556597815745967,
    "inter_dist_mean": 4.942938819267147,
    "ratio_intra_inter": 0.6586486097872906,
    "n_merge_steps": 738,
    "h_max": 2.7606104753170233,
    "total_runtime_sec": 21.708203077316284
}