{
    "clean_state": "raw",
    "best_k": 5,
    "linkage": "average",
    "metric": "manhattan",
    "combined": 2.5372123583417063,
    "silhouette": 0.6228555426758181,
    "davies_bouldin": 0.22463988784874583,
    "intra_dist_mean": 2.5989194116310617,
    "inter_dist_mean": 8.959978962769522,
    "ratio_intra_inter": 0.29005865107828865,
    "n_merge_steps": 95,
    "h_max": 19.063649656829103,
    "total_runtime_sec": 0.4472777843475342
}