{
    "n_trials": 20,
    "avg_iterations": 17.8,
    "median_iterations": 18.0,
    "avg_auc_delta": 11.359470628187859,
    "avg_geo_decay": 0.6957071848861018,
    "best_k": 12,
    "best_combined_score": 0.5256738569541631,
    "best_sse": 6292.549720538708,
    "weights": {
        "alpha": 0.47,
        "beta": 0.53,
        "gamma": 0.0
    },
    "total_runtime_sec": 6.42320442199707
}