{
    "n_trials": 30,
    "avg_iterations": 10.966666666666667,
    "median_iterations": 9.5,
    "avg_auc_delta": 5.698953319525628,
    "avg_geo_decay": 0.5607627616297522,
    "best_k": 48,
    "best_combined_score": 0.7903845261673882,
    "best_sse": 1006.549057453849,
    "total_runtime_sec": 4.114745140075684
}