{
    "n_trials": 31,
    "avg_iterations": 11.612903225806452,
    "median_iterations": 10.0,
    "avg_auc_delta": 8.804987910875312,
    "avg_geo_decay": 0.5817878694613355,
    "best_k": 48,
    "best_combined_score": 0.7217551576389658,
    "best_sse": 1113.8935377880596,
    "total_runtime_sec": 18.590497970581055
}