{
    "centroid_movements": [
        1.6667867346793028e-15
    ],
    "sse_list": [
        1564.7585871039103,
        1564.7585871039103
    ],
    "final_iteration": 2
}