{
    "n_trials": 31,
    "avg_iterations": 4.516129032258065,
    "median_iterations": 4.0,
    "avg_auc_delta": 3.0561731751973125,
    "avg_geo_decay": 0.1811178378499147,
    "best_k": 25,
    "best_combined_score": 0.39631674373462006,
    "best_sse": 10033.99153171603,
    "weights": {
        "alpha": 0.47,
        "beta": 0.53,
        "gamma": 0.0
    },
    "total_runtime_sec": 3.779334545135498
}