{
    "n_trials": 31,
    "avg_iterations": 11.741935483870968,
    "median_iterations": 11.0,
    "avg_auc_delta": 8.40516912788271,
    "avg_geo_decay": 0.5966051367952796,
    "best_k": 7,
    "best_combined_score": 0.5318660142532262,
    "best_sse": 5103.508251317358,
    "weights": {
        "alpha": 0.47,
        "beta": 0.53,
        "gamma": 0.0
    },
    "total_runtime_sec": 7.100391149520874
}