{
    "clean_state": "raw",
    "best_k": 8,
    "linkage": "single",
    "metric": "manhattan",
    "combined": 1.375095148420335,
    "silhouette": 0.41153491718336144,
    "davies_bouldin": 0.42759613438493593,
    "intra_dist_mean": 3.165780302650942,
    "inter_dist_mean": 7.4095230813309545,
    "ratio_intra_inter": 0.42725830905730217,
    "n_merge_steps": 437,
    "total_runtime_sec": 8.017258882522583
}