{
    "clean_state": "raw",
    "best_k": 6,
    "linkage": "single",
    "metric": "euclidean",
    "combined": 1.5098701212055483,
    "silhouette": 0.40123471328798305,
    "davies_bouldin": 0.3818972268257461,
    "intra_dist_mean": 3.3456119816212158,
    "inter_dist_mean": 9.27694810439009,
    "ratio_intra_inter": 0.3606371345375561,
    "n_merge_steps": 437,
    "h_max": 8.245545866233805,
    "total_runtime_sec": 2.8382575511932373
}