{
    "clean_state": "raw",
    "best_k": 5,
    "linkage": "average",
    "metric": "manhattan",
    "combined": 0.8274519613475781,
    "silhouette": 0.7517185635449246,
    "davies_bouldin": 0.2677613058398237,
    "sse": 1706.3115702831585,
    "weights": {
        "alpha": 0.47,
        "beta": 0.53,
        "gamma": 0.0
    },
    "intra_dist_mean": 2.4700766110213097,
    "inter_dist_mean": 11.489621545709737,
    "ratio_intra_inter": 0.21498328741240652,
    "n_merge_steps": 391,
    "h_max": 22.647055722140482,
    "total_runtime_sec": 6.775796890258789
}