{
    "clean_state": "raw",
    "best_k": 8,
    "best_cov_type": "tied",
    "best_combined": 1.813601157097264,
    "best_silhouette": 0.589388109335934,
    "best_db": 0.32918405556226193,
    "n_iter_final": 1,
    "ll_curve_final": [
        21.359822073895167,
        21.359844464241736
    ],
    "total_runtime_sec": 0.49724292755126953
}