{
    "clean_state": "raw",
    "best_k": 5,
    "best_cov_type": "tied",
    "best_combined": 0.8473752286950709,
    "best_silhouette": 0.6907259032686426,
    "best_db": 0.1776236448545633,
    "best_sse": 291.03511684601125,
    "weights": {
        "alpha": 0.47,
        "beta": 0.53,
        "gamma": 0.0
    },
    "n_iter_final": 1,
    "ll_curve_final": [
        27.24990726712687,
        27.24990726712687
    ],
    "total_runtime_sec": 0.5267486572265625
}