{
    "n_trials": 31,
    "avg_iterations": 11.35483870967742,
    "median_iterations": 11.0,
    "avg_auc_delta": 13.912364642473959,
    "avg_geo_decay": 0.5534436372525267,
    "best_k": 6,
    "best_combined_score": 0.5487810179656777,
    "best_sse": 9064.385454776217,
    "weights": {
        "alpha": 0.47,
        "beta": 0.53,
        "gamma": 0.0
    },
    "total_runtime_sec": 82.85169410705566
}