{
    "n_trials": 31,
    "avg_iterations": 8.774193548387096,
    "median_iterations": 8.0,
    "avg_auc_delta": 8.4432904049278,
    "avg_geo_decay": 0.4531409269247052,
    "best_k": 9,
    "best_combined_score": 0.5485388526551209,
    "best_sse": 3813.4931862441945,
    "weights": {
        "alpha": 0.47,
        "beta": 0.53,
        "gamma": 0.0
    },
    "total_runtime_sec": 56.22413372993469
}