{
    "clean_state": "raw",
    "best_k": 11,
    "best_cov_type": "tied",
    "best_combined": 2.011246052759164,
    "best_silhouette": 0.724521292051763,
    "best_db": 0.30321675253058994,
    "n_iter_final": 1,
    "ll_curve_final": [
        8.263720748769222,
        9.50298791633536,
        9.502987916943498
    ],
    "total_runtime_sec": 2.898064613342285
}