{
    "clean_state": "raw",
    "best_k": 11,
    "best_cov_type": "tied",
    "best_combined": 0.6858176868094615,
    "best_silhouette": 0.5023073340127955,
    "best_db": 0.5705835195447488,
    "best_sse": 162.64818830766245,
    "weights": {
        "alpha": 0.47,
        "beta": 0.53,
        "gamma": 0.0
    },
    "n_iter_final": 1,
    "ll_curve_final": [
        13.443508839536976,
        13.444588131703576,
        13.445659778192365,
        13.447415905024332,
        13.449718614851337,
        13.450739003319505,
        13.450826417735593
    ],
    "total_runtime_sec": 1.3807284832000732
}