{
    "clean_state": "raw",
    "best_k": 16,
    "best_cov_type": "tied",
    "best_combined": 1.573601981639874,
    "best_silhouette": 0.654339847891486,
    "best_db": 0.40114500980100576,
    "n_iter_final": 1,
    "ll_curve_final": [
        9.48502777369094,
        9.486316452931757,
        9.486316490637876
    ],
    "total_runtime_sec": 3.1876981258392334
}