{
    "n_trials": 31,
    "avg_iterations": 18.93548387096774,
    "median_iterations": 17.0,
    "avg_auc_delta": 13.034351514064921,
    "avg_geo_decay": 0.7295257028779306,
    "best_k": 36,
    "best_combined_score": 0.5060189389186112,
    "best_sse": 2132.6612924275246,
    "weights": {
        "alpha": 0.47,
        "beta": 0.53,
        "gamma": 0.0
    },
    "total_runtime_sec": 9.067718267440796
}