{
    "n_trials": 31,
    "avg_iterations": 12.580645161290322,
    "median_iterations": 10.0,
    "avg_auc_delta": 23.13027434460504,
    "avg_geo_decay": 0.6268624364099314,
    "best_k": 29,
    "best_combined_score": 0.4226833774453722,
    "best_sse": 6995.970830388051,
    "total_runtime_sec": 8.116775512695312
}