{
    "n_trials": 30,
    "avg_iterations": 10.466666666666667,
    "median_iterations": 9.0,
    "avg_auc_delta": 5.699139661862518,
    "avg_geo_decay": 0.6286512853888965,
    "best_k": 48,
    "best_combined_score": 0.6164477152283429,
    "best_sse": 873.1238358432328,
    "weights": {
        "alpha": 0.47,
        "beta": 0.53,
        "gamma": 0.0
    },
    "total_runtime_sec": 25.589090824127197
}