{
    "n_trials": 30,
    "avg_iterations": 11.133333333333333,
    "median_iterations": 11.0,
    "avg_auc_delta": 14.898113821125712,
    "avg_geo_decay": 0.6735106591578287,
    "best_k": 31,
    "best_combined_score": 0.512914508826009,
    "best_sse": 6172.9498729599545,
    "total_runtime_sec": 1.9865307807922363
}