{
    "n_trials": 31,
    "avg_iterations": 11.548387096774194,
    "median_iterations": 11.0,
    "avg_auc_delta": 26.697793568720925,
    "avg_geo_decay": 0.657934793252582,
    "best_k": 31,
    "best_combined_score": 0.47080853515193505,
    "best_sse": 5516.567207582349,
    "total_runtime_sec": 7.715653419494629
}