{
    "n_trials": 30,
    "avg_iterations": 9.466666666666667,
    "median_iterations": 9.0,
    "avg_auc_delta": 5.562149387901841,
    "avg_geo_decay": 0.5107594185591876,
    "best_k": 22,
    "best_combined_score": 0.6027334723392906,
    "best_sse": 2089.791132722237,
    "weights": {
        "alpha": 0.47,
        "beta": 0.53,
        "gamma": 0.0
    },
    "total_runtime_sec": 5.126932144165039
}