{
    "n_trials": 30,
    "avg_iterations": 8.5,
    "median_iterations": 9.0,
    "avg_auc_delta": 14.652741973193228,
    "avg_geo_decay": 0.47362539028384304,
    "best_k": 31,
    "best_combined_score": 0.43951433689110386,
    "best_sse": 5240.367414215367,
    "total_runtime_sec": 1.516592025756836
}