{
    "core_count": 623,
    "border_count": 57,
    "noise_count": 320,
    "noise_ratio": 0.32,
    "neighbor_hist": [
        0,
        183,
        86,
        52,
        56,
        25,
        32,
        28,
        37,
        23,
        38,
        28,
        16,
        10,
        10,
        18,
        11,
        19,
        10,
        19,
        5,
        15,
        13,
        2,
        2,
        12,
        1,
        11,
        4,
        7,
        3,
        4,
        1,
        1,
        2,
        3,
        4,
        1,
        6,
        1,
        2,
        2,
        4,
        1,
        6,
        0,
        3,
        3,
        5,
        175
    ],
    "combined_score": 0.4283784412150283,
    "silhouette": 0.05569267700678852,
    "davies_bouldin": 1.7244789966316596,
    "sse": 2160.293334934573,
    "weights": {
        "alpha": 0.47,
        "beta": 0.53,
        "gamma": 0.0
    }
}