{
    "n_trials": 30,
    "avg_iterations": 5.333333333333333,
    "median_iterations": 5.0,
    "avg_auc_delta": 3.6211687676411843,
    "avg_geo_decay": 0.2611561051111615,
    "best_k": 10,
    "best_combined_score": 0.7511397440379808,
    "best_sse": 374.4176518402511,
    "weights": {
        "alpha": 0.47,
        "beta": 0.53,
        "gamma": 0.0
    },
    "total_runtime_sec": 1.4446830749511719
}