{
    "clean_state": "raw",
    "best_k": 27,
    "best_cov_type": "tied",
    "best_combined": 0.5890162342332977,
    "best_silhouette": 0.2664075746389188,
    "best_db": 1.0969424011681592,
    "n_iter_final": 1,
    "ll_curve_final": [
        -5.789100282383633,
        -0.4878921365399411,
        -0.2832009009116704,
        -0.17939009036811998,
        -0.12492582039826457,
        -0.09775639382411047,
        -0.0684292768468503,
        -0.0529439275014107,
        -0.0394963966981024,
        -0.03928050452147897
    ],
    "total_runtime_sec": 15.524194717407227
}