{
    "n_trials": 31,
    "avg_iterations": 6.032258064516129,
    "median_iterations": 6.0,
    "avg_auc_delta": 4.991136192769922,
    "avg_geo_decay": 0.4007513002783761,
    "best_k": 19,
    "best_combined_score": 0.7393378645891759,
    "best_sse": 154.40359498399073,
    "weights": {
        "alpha": 0.47,
        "beta": 0.53,
        "gamma": 0.0
    },
    "total_runtime_sec": 2.348803758621216
}