{
    "n_trials": 31,
    "avg_iterations": 11.290322580645162,
    "median_iterations": 12.0,
    "avg_auc_delta": 10.306220860985881,
    "avg_geo_decay": 0.6200095658767472,
    "best_k": 9,
    "best_combined_score": 0.5672739170172586,
    "best_sse": 1235.138373528956,
    "weights": {
        "alpha": 0.47,
        "beta": 0.53,
        "gamma": 0.0
    },
    "total_runtime_sec": 2.0822956562042236
}