{
    "core_count": 2202,
    "border_count": 52,
    "noise_count": 122,
    "noise_ratio": 0.05134680134680135,
    "neighbor_hist": [
        0,
        35,
        42,
        56,
        41,
        31,
        23,
        36,
        19,
        26,
        31,
        32,
        20,
        18,
        22,
        26,
        18,
        21,
        20,
        12,
        24,
        8,
        15,
        7,
        18,
        20,
        35,
        28,
        22,
        7,
        16,
        29,
        6,
        9,
        6,
        22,
        5,
        11,
        16,
        12,
        11,
        6,
        6,
        8,
        6,
        10,
        4,
        9,
        7,
        1464
    ],
    "combined_score": 0.47456126438649887,
    "silhouette": 0.23834693088245582,
    "davies_bouldin": 1.543647233732843,
    "sse": 4732.226261530673,
    "weights": {
        "alpha": 0.47,
        "beta": 0.53,
        "gamma": 0.0
    }
}