{
    "n_trials": 31,
    "avg_iterations": 4.903225806451613,
    "median_iterations": 4.0,
    "avg_auc_delta": 4.71774154267534,
    "avg_geo_decay": 0.32263644627757077,
    "best_k": 12,
    "best_combined_score": 0.7351021702807348,
    "best_sse": 623.5500654739855,
    "weights": {
        "alpha": 0.47,
        "beta": 0.53,
        "gamma": 0.0
    },
    "total_runtime_sec": 2.177478075027466
}