{
    "clean_state": "raw",
    "best_k": 8,
    "linkage": "single",
    "metric": "euclidean",
    "combined": 2.0326621472622723,
    "silhouette": 0.5338874797607586,
    "davies_bouldin": 0.28317086003615466,
    "intra_dist_mean": 3.1305192068288994,
    "inter_dist_mean": 11.54043983801284,
    "ratio_intra_inter": 0.27126515546808444,
    "n_merge_steps": 1496,
    "h_max": 38.73234519882347,
    "total_runtime_sec": 49.22462439537048
}