{
    "clean_state": "raw",
    "best_k": 8,
    "linkage": "single",
    "metric": "euclidean",
    "combined": 2.032662133724454,
    "silhouette": 0.5338874797606723,
    "davies_bouldin": 0.28317086220722765,
    "intra_dist_mean": 3.1305192068295065,
    "inter_dist_mean": 11.54043983801284,
    "ratio_intra_inter": 0.271265155468137,
    "n_merge_steps": 1496,
    "total_runtime_sec": 65.98639822006226
}