{
    "n_trials": 31,
    "avg_iterations": 9.483870967741936,
    "median_iterations": 9.0,
    "avg_auc_delta": 7.312466066719516,
    "avg_geo_decay": 0.5608560879856119,
    "best_k": 44,
    "best_combined_score": 0.627339108451221,
    "best_sse": 2037.4703937959544,
    "weights": {
        "alpha": 0.47,
        "beta": 0.53,
        "gamma": 0.0
    },
    "total_runtime_sec": 78.59334397315979
}