{
    "n_trials": 31,
    "avg_iterations": 4.451612903225806,
    "median_iterations": 4.0,
    "avg_auc_delta": 6.8521133453117224,
    "avg_geo_decay": 0.28112299468006197,
    "best_k": 19,
    "best_combined_score": 0.5192667676246533,
    "best_sse": 4919.362034517066,
    "weights": {
        "alpha": 0.47,
        "beta": 0.53,
        "gamma": 0.0
    },
    "total_runtime_sec": 4.025243043899536
}