{
    "clean_state": "raw",
    "best_k": 5,
    "linkage": "single",
    "metric": "manhattan",
    "combined": 3.7566126971978546,
    "silhouette": 0.7260012085085094,
    "davies_bouldin": 0.14733563716361667,
    "intra_dist_mean": 2.8935976612775507,
    "inter_dist_mean": 14.252720362386103,
    "ratio_intra_inter": 0.20302072781233738,
    "n_merge_steps": 539,
    "total_runtime_sec": 11.825172424316406
}