{
    "clean_state": "raw",
    "best_k": 4,
    "best_cov_type": "tied",
    "best_combined": 1.0637437666033087,
    "best_silhouette": 0.5320388221168004,
    "best_db": 0.6267829188422618,
    "n_iter_final": 1,
    "ll_curve_final": [
        -2.921785046168239,
        -2.8719049816584468,
        -2.869535199741898,
        -2.869535196720205
    ],
    "total_runtime_sec": 0.8399510383605957
}