{
    "clean_state": "raw",
    "best_k": 8,
    "linkage": "single",
    "metric": "euclidean",
    "combined": 0.8771894675569425,
    "silhouette": 0.18548507230066014,
    "davies_bouldin": 0.6373917469514946,
    "intra_dist_mean": 3.0085410288758245,
    "inter_dist_mean": 4.9792993084482475,
    "ratio_intra_inter": 0.6042097175742593,
    "n_merge_steps": 869,
    "total_runtime_sec": 20.54743480682373
}