{
    "clean_state": "raw",
    "best_k": 5,
    "linkage": "single",
    "metric": "euclidean",
    "combined": 0.7280584564934446,
    "silhouette": 0.45185395627279595,
    "davies_bouldin": 0.36993970329989495,
    "sse": 6714.192742801476,
    "weights": {
        "alpha": 0.47,
        "beta": 0.53,
        "gamma": 0.0
    },
    "intra_dist_mean": 3.4447594617134603,
    "inter_dist_mean": 9.560348846990408,
    "ratio_intra_inter": 0.3603173395495404,
    "n_merge_steps": 976,
    "h_max": 5.157555639789291,
    "total_runtime_sec": 84.32301926612854
}