{
    "clean_state": "raw",
    "best_k": 12,
    "best_cov_type": "tied",
    "best_combined": 0.3261281626940873,
    "best_silhouette": 0.10678500056383805,
    "best_db": 1.8332769377419427,
    "n_iter_final": 1,
    "ll_curve_final": [
        -21.263076123417928,
        -15.44450930541923,
        -15.392958306595698,
        -15.386441089427484,
        -15.383311053530498,
        -15.381781798601175,
        -15.380302988542262,
        -15.378960686804477,
        -15.37792469665292,
        -15.376936429627094
    ],
    "total_runtime_sec": 18.141539096832275
}