{
    "clean_state": "raw",
    "best_k": 23,
    "best_cov_type": "full",
    "best_combined": 0.728859808167268,
    "best_silhouette": 0.8025790289520078,
    "best_db": 0.6047752885396437,
    "best_sse": 783.2032432837145,
    "weights": {
        "alpha": 0.47,
        "beta": 0.53,
        "gamma": 0.0
    },
    "n_iter_final": 1,
    "ll_curve_final": [
        5.6628368939602804,
        5.662836893960127
    ],
    "total_runtime_sec": 24.675323247909546
}