{
    "n_trials": 31,
    "avg_iterations": 13.838709677419354,
    "median_iterations": 12.0,
    "avg_auc_delta": 8.859527050472282,
    "avg_geo_decay": 0.6828992416167974,
    "best_k": 27,
    "best_combined_score": 0.513218207639941,
    "best_sse": 1082.8977728985465,
    "weights": {
        "alpha": 0.47,
        "beta": 0.53,
        "gamma": 0.0
    },
    "total_runtime_sec": 5.338135242462158
}