{
    "clean_state": "raw",
    "best_k": 30,
    "best_cov_type": "tied",
    "best_combined": 1.0794210167396767,
    "best_silhouette": 0.6805765420428727,
    "best_db": 0.6764684732160433,
    "n_iter_final": 1,
    "ll_curve_final": [
        7.677173017613628,
        8.067413962319426,
        8.145627598975569,
        8.178670912485739,
        8.180170253950967,
        8.180583289728936
    ],
    "total_runtime_sec": 12.860308647155762
}