{
    "clean_state": "raw",
    "best_k": 29,
    "best_cov_type": "tied",
    "best_combined": 0.6052530229588745,
    "best_silhouette": 0.531080090737252,
    "best_db": 0.9589734028025942,
    "best_sse": 1613.695056169462,
    "weights": {
        "alpha": 0.47,
        "beta": 0.53,
        "gamma": 0.0
    },
    "n_iter_final": 1,
    "ll_curve_final": [
        -6.1028621655276005,
        0.7420668243280488,
        0.7826386257454093,
        0.8368768456255848,
        0.9149990434254263,
        1.070751654399257,
        1.3530161788329742,
        1.632399174734789,
        1.6325044721838167
    ],
    "total_runtime_sec": 9.934030055999756
}