{
    "clean_state": "raw",
    "best_k": 18,
    "best_cov_type": "tied",
    "best_combined": 0.535473813308744,
    "best_silhouette": 0.2753153560478694,
    "best_db": 1.2568620416616183,
    "n_iter_final": 1,
    "ll_curve_final": [
        -7.25533204014137,
        -7.197319942068431,
        -7.181461345878081,
        -7.174581094645078,
        -7.1685790547981165,
        -7.161211116128403,
        -7.152212239182547,
        -7.140440953664816,
        -7.126367267201003,
        -7.115999781878063,
        -7.103486370330749,
        -7.088657544660855,
        -7.066069794364185,
        -6.986839205876533,
        -6.813065634735189,
        -6.692870016688302,
        -6.65396732295127,
        -6.6475506687700525,
        -6.642060932413892,
        -6.639786789455198,
        -6.639282360528024
    ],
    "total_runtime_sec": 7.83421516418457
}