{
    "clean_state": "raw",
    "best_k": 5,
    "linkage": "single",
    "metric": "manhattan",
    "combined": 0.7328933590256304,
    "silhouette": 0.48147214480093475,
    "davies_bouldin": 0.37726601890051914,
    "sse": 1198.2344986347193,
    "weights": {
        "alpha": 0.47,
        "beta": 0.53,
        "gamma": 0.0
    },
    "intra_dist_mean": 3.9631043736550713,
    "inter_dist_mean": 11.476778271133186,
    "ratio_intra_inter": 0.3453150596821123,
    "n_merge_steps": 147,
    "h_max": 27.474130174637995,
    "total_runtime_sec": 7.456130504608154
}