{
    "clean_state": "raw",
    "best_k": 14,
    "linkage": "single",
    "metric": "manhattan",
    "combined": 1.6204926719722235,
    "silhouette": 0.34338351494032276,
    "davies_bouldin": 0.34511297928870016,
    "intra_dist_mean": 3.1854169741799674,
    "inter_dist_mean": 8.594809341023682,
    "ratio_intra_inter": 0.370621016451797,
    "n_merge_steps": 996,
    "h_max": 9.846288481264578,
    "total_runtime_sec": 16.76112198829651
}