{
    "n_trials": 31,
    "avg_iterations": 10.96774193548387,
    "median_iterations": 10.0,
    "avg_auc_delta": 12.371501035705132,
    "avg_geo_decay": 0.6283106386810186,
    "best_k": 10,
    "best_combined_score": 0.5909887174306644,
    "best_sse": 2527.276382827573,
    "weights": {
        "alpha": 0.47,
        "beta": 0.53,
        "gamma": 0.0
    },
    "total_runtime_sec": 59.22996258735657
}