{
    "clean_state": "raw",
    "best_k": 5,
    "linkage": "single",
    "metric": "manhattan",
    "combined": 1.957154847403371,
    "silhouette": 0.4689190873400355,
    "davies_bouldin": 0.290242853113038,
    "intra_dist_mean": 3.3158081502937646,
    "inter_dist_mean": 10.897994826378982,
    "ratio_intra_inter": 0.30425855426793097,
    "n_merge_steps": 1118,
    "total_runtime_sec": 55.51135277748108
}