{
    "n_trials": 31,
    "avg_iterations": 8.64516129032258,
    "median_iterations": 7.0,
    "avg_auc_delta": 5.981931451292481,
    "avg_geo_decay": 0.4901688320541456,
    "best_k": 24,
    "best_combined_score": 0.6265620032259647,
    "best_sse": 1124.1457485676763,
    "weights": {
        "alpha": 0.47,
        "beta": 0.53,
        "gamma": 0.0
    },
    "total_runtime_sec": 10.1910982131958
}