{
    "n_trials": 31,
    "avg_iterations": 14.03225806451613,
    "median_iterations": 13.0,
    "avg_auc_delta": 5.364991778758762,
    "avg_geo_decay": 0.6317558474548316,
    "best_k": 7,
    "best_combined_score": 0.6737481194104153,
    "best_sse": 1437.0947745584035,
    "weights": {
        "alpha": 0.47,
        "beta": 0.53,
        "gamma": 0.0
    },
    "total_runtime_sec": 6.128703832626343
}