{
    "n_trials": 30,
    "avg_iterations": 2.1,
    "median_iterations": 2.0,
    "avg_auc_delta": 0.3809396859854888,
    "avg_geo_decay": 0.009662994861102352,
    "best_k": 14,
    "best_combined_score": 1.9846269098686424,
    "best_sse": 67.17586200375204,
    "total_runtime_sec": 0.1645205020904541
}