{
    "n_trials": 31,
    "avg_iterations": 3.2903225806451615,
    "median_iterations": 3.0,
    "avg_auc_delta": 5.201284206306573,
    "avg_geo_decay": 0.424243227516359,
    "best_k": 14,
    "best_combined_score": 2.089038899979487,
    "best_sse": 71.2360716756638,
    "total_runtime_sec": 2.9843523502349854
}