{
    "n_trials": 31,
    "avg_iterations": 3.967741935483871,
    "median_iterations": 4.0,
    "avg_auc_delta": 3.942188157323962,
    "avg_geo_decay": 0.1213943288587652,
    "best_k": 16,
    "best_combined_score": 0.5541092894829772,
    "best_sse": 1142.689700301611,
    "weights": {
        "alpha": 0.47,
        "beta": 0.53,
        "gamma": 0.0
    },
    "total_runtime_sec": 0.7114882469177246
}