{
    "n_trials": 31,
    "avg_iterations": 14.387096774193548,
    "median_iterations": 13.0,
    "avg_auc_delta": 10.265458014472495,
    "avg_geo_decay": 0.6813870264292554,
    "best_k": 29,
    "best_combined_score": 0.5168254919320212,
    "best_sse": 1206.2195382639754,
    "weights": {
        "alpha": 0.47,
        "beta": 0.53,
        "gamma": 0.0
    },
    "total_runtime_sec": 5.328712463378906
}