{
    "clean_state": "raw",
    "best_k": 5,
    "linkage": "single",
    "metric": "manhattan",
    "combined": 2.7866181824917895,
    "silhouette": 0.6663228527003162,
    "davies_bouldin": 0.2037940953099629,
    "intra_dist_mean": 2.593285559986545,
    "inter_dist_mean": 9.75659406309423,
    "ratio_intra_inter": 0.26579824303603733,
    "n_merge_steps": 120,
    "h_max": 17.476538669959115,
    "total_runtime_sec": 0.6672635078430176
}