{
    "clean_state": "raw",
    "best_k": 5,
    "linkage": "complete",
    "metric": "manhattan",
    "combined": 2.786618223337344,
    "silhouette": 0.6663228527003162,
    "davies_bouldin": 0.20379409191716508,
    "intra_dist_mean": 2.593285559986545,
    "inter_dist_mean": 9.75659406309423,
    "ratio_intra_inter": 0.26579824303603733,
    "n_merge_steps": 120,
    "total_runtime_sec": 2.041536808013916
}