{
    "clean_state": "raw",
    "best_k": 13,
    "best_cov_type": "tied",
    "best_combined": 1.7891811919317313,
    "best_silhouette": 0.6730815722781824,
    "best_db": 0.3442008070312299,
    "n_iter_final": 1,
    "ll_curve_final": [
        17.89705932764377,
        17.897060338756326
    ],
    "total_runtime_sec": 0.7813103199005127
}