{
    "clean_state": "raw",
    "best_k": 16,
    "best_cov_type": "tied",
    "best_combined": 0.7663475962119356,
    "best_silhouette": 0.7194176513283693,
    "best_db": 0.4305550347874646,
    "best_sse": 134.96908964435127,
    "weights": {
        "alpha": 0.47,
        "beta": 0.53,
        "gamma": 0.0
    },
    "n_iter_final": 1,
    "ll_curve_final": [
        12.771544793495949,
        12.858946344932694,
        12.860968865476224,
        12.861611726386348
    ],
    "total_runtime_sec": 2.4167935848236084
}