{
    "clean_state": "raw",
    "best_k": 24,
    "best_cov_type": "spherical",
    "best_combined": 0.5015843220255712,
    "best_silhouette": 0.17925268496723165,
    "best_db": 1.2137160216096214,
    "n_iter_final": 1,
    "ll_curve_final": [
        -7.310273443776813,
        -7.236922018245813,
        -7.199377382670252,
        -7.165310995564216,
        -7.144158543695198,
        -7.120664283575242,
        -7.0940802765907485,
        -7.070169361593426,
        -7.046696043911284,
        -7.040009290374035,
        -7.034677555333031,
        -7.0290007358276085,
        -7.021734718705748,
        -7.011860557710979,
        -6.999391886682962,
        -6.986135322378161,
        -6.9749662675411335,
        -6.960735454111174,
        -6.943446655095291,
        -6.9406424575074706,
        -6.9301923140840715,
        -6.897300301890494,
        -6.8965885670909834
    ],
    "total_runtime_sec": 5.756973028182983
}