{
    "n_trials": 31,
    "avg_iterations": 15.903225806451612,
    "median_iterations": 15.0,
    "avg_auc_delta": 11.4334323514738,
    "avg_geo_decay": 0.7176749112938411,
    "best_k": 42,
    "best_combined_score": 0.5521013551278084,
    "best_sse": 2320.4879458035903,
    "weights": {
        "alpha": 0.47,
        "beta": 0.53,
        "gamma": 0.0
    },
    "total_runtime_sec": 15.71292233467102
}