{
    "core_count": 2022,
    "border_count": 37,
    "noise_count": 60,
    "noise_ratio": 0.028315243039169418,
    "neighbor_hist": [
        0,
        1,
        2,
        4,
        6,
        0,
        2,
        0,
        2,
        3,
        6,
        4,
        0,
        1,
        6,
        2,
        1,
        1,
        1,
        0,
        5,
        1,
        1,
        2,
        0,
        0,
        2,
        0,
        1,
        1,
        2,
        1,
        1,
        17,
        5,
        7,
        1,
        0,
        4,
        4,
        0,
        1,
        4,
        1,
        1,
        0,
        0,
        2,
        0,
        2013
    ],
    "combined_score": 0.6079918782610473,
    "silhouette": 0.5040882783950017,
    "davies_bouldin": 0.9241424446820377,
    "sse": 5970.315980905971,
    "weights": {
        "alpha": 0.47,
        "beta": 0.53,
        "gamma": 0.0
    }
}