{
    "n_trials": 31,
    "avg_iterations": 5.548387096774194,
    "median_iterations": 5.0,
    "avg_auc_delta": 6.836547240800069,
    "avg_geo_decay": 0.3960809951013721,
    "best_k": 12,
    "best_combined_score": 0.6481656514342747,
    "best_sse": 459.0735552232478,
    "weights": {
        "alpha": 0.47,
        "beta": 0.53,
        "gamma": 0.0
    },
    "total_runtime_sec": 12.873000383377075
}