{
    "clean_state": "raw",
    "best_k": 5,
    "linkage": "single",
    "metric": "manhattan",
    "combined": 1.6247879023901242,
    "silhouette": 0.5422798976606836,
    "davies_bouldin": 0.3693722571552782,
    "intra_dist_mean": 5.265391937033144,
    "inter_dist_mean": 16.401107593021027,
    "ratio_intra_inter": 0.3210388022375601,
    "n_merge_steps": 999,
    "total_runtime_sec": 30.183586359024048
}