{
    "clean_state": "raw",
    "best_k": 48,
    "linkage": "average",
    "metric": "euclidean",
    "combined": 0.6540944991749549,
    "silhouette": 0.47586638533667913,
    "davies_bouldin": 0.6828623688951329,
    "sse": 1711.3281489250967,
    "weights": {
        "alpha": 0.47,
        "beta": 0.53,
        "gamma": 0.0
    },
    "intra_dist_mean": 1.0518575476304988,
    "inter_dist_mean": 3.5792295315268228,
    "ratio_intra_inter": 0.29387820433564227,
    "n_merge_steps": 2375,
    "h_max": 5.385920185363709,
    "total_runtime_sec": 123.48064875602722
}