{
    "core_count": 813,
    "border_count": 32,
    "noise_count": 155,
    "noise_ratio": 0.155,
    "neighbor_hist": [
        0,
        79,
        38,
        32,
        20,
        18,
        18,
        20,
        19,
        20,
        11,
        8,
        12,
        19,
        15,
        15,
        23,
        13,
        12,
        14,
        23,
        6,
        5,
        8,
        4,
        9,
        6,
        5,
        3,
        8,
        9,
        5,
        8,
        1,
        9,
        3,
        3,
        5,
        7,
        2,
        2,
        6,
        8,
        5,
        12,
        6,
        9,
        10,
        4,
        403
    ],
    "combined_score": 0.41095721151648545,
    "silhouette": 0.12508801869335753,
    "davies_bouldin": 2.0148172974203584,
    "sse": 3634.500026193279,
    "weights": {
        "alpha": 0.47,
        "beta": 0.53,
        "gamma": 0.0
    }
}