{
    "n_trials": 31,
    "avg_iterations": 16.06451612903226,
    "median_iterations": 15.0,
    "avg_auc_delta": 12.37821828508167,
    "avg_geo_decay": 0.6544808992828898,
    "best_k": 37,
    "best_combined_score": 0.5199774242725674,
    "best_sse": 1831.3554546041187,
    "total_runtime_sec": 9.922625064849854
}