{
    "n_trials": 30,
    "avg_iterations": 15.8,
    "median_iterations": 15.0,
    "avg_auc_delta": 8.052994206820406,
    "avg_geo_decay": 0.6989189395982032,
    "best_k": 37,
    "best_combined_score": 0.512864419956936,
    "best_sse": 1850.9536916542743,
    "total_runtime_sec": 2.3718807697296143
}