{
    "clean_state": "raw",
    "best_k": 21,
    "best_cov_type": "spherical",
    "best_combined": 0.5017873953573321,
    "best_silhouette": 0.18800322785365134,
    "best_db": 1.2672306497916734,
    "best_sse": 2112.921125520549,
    "weights": {
        "alpha": 0.47,
        "beta": 0.53,
        "gamma": 0.0
    },
    "n_iter_final": 1,
    "ll_curve_final": [
        -7.520939700615736,
        -7.487510075040669,
        -7.463235151672297,
        -7.440461912231003,
        -7.4222586969148905,
        -7.4082445059336255,
        -7.397656360244767,
        -7.389878001115621,
        -7.38520586027085,
        -7.381787898285448,
        -7.378694203695515,
        -7.375290810831135,
        -7.371216188092303,
        -7.367532052549776,
        -7.365211370526076,
        -7.363559790795155,
        -7.3619950310394735,
        -7.360346727683044,
        -7.358608354483524,
        -7.356834596893594,
        -7.355068866614285,
        -7.3532735613238565,
        -7.351240724974635,
        -7.348458264221768,
        -7.344675385808489,
        -7.340729425677426,
        -7.337607646303779,
        -7.334461412899238,
        -7.328829650669406,
        -7.315852073551651,
        -7.301539901859357,
        -7.298410788066417,
        -7.295447834166393,
        -7.291933135599681,
        -7.287432245813806,
        -7.2814031417687355,
        -7.274868207381664,
        -7.2690071696756435,
        -7.264426553922632,
        -7.261794738447026,
        -7.260498670616229,
        -7.259777553704369
    ],
    "total_runtime_sec": 13.43589186668396
}