{
    "centroid_movements": [
        8.870439680643846e-16
    ],
    "sse_list": [
        359.29365151097625,
        359.29365151097625
    ],
    "final_iteration": 2
}