{
    "n_trials": 30,
    "avg_iterations": 11.566666666666666,
    "median_iterations": 9.0,
    "avg_auc_delta": 4.1652422306706365,
    "avg_geo_decay": 0.5856454740893818,
    "best_k": 40,
    "best_combined_score": 0.7622116362197487,
    "best_sse": 329.1194910396857,
    "total_runtime_sec": 2.3503499031066895
}