{
    "n_trials": 31,
    "avg_iterations": 12.67741935483871,
    "median_iterations": 12.0,
    "avg_auc_delta": 5.0504724243311365,
    "avg_geo_decay": 0.62248949732423,
    "best_k": 40,
    "best_combined_score": 0.6954808660156757,
    "best_sse": 341.1068589383986,
    "total_runtime_sec": 6.353039979934692
}