{
    "n_trials": 20,
    "avg_iterations": 10.6,
    "median_iterations": 9.5,
    "avg_auc_delta": 7.519389422898688,
    "avg_geo_decay": 0.5755150733710312,
    "best_k": 8,
    "best_combined_score": 0.5354960908359362,
    "best_sse": 3284.936536964534,
    "weights": {
        "alpha": 0.47,
        "beta": 0.53,
        "gamma": 0.0
    },
    "total_runtime_sec": 1.5346479415893555
}