{
    "n_trials": 31,
    "avg_iterations": 23.516129032258064,
    "median_iterations": 19.0,
    "avg_auc_delta": 13.401612629937265,
    "avg_geo_decay": 0.7287432804240742,
    "best_k": 9,
    "best_combined_score": 0.5246061879307656,
    "best_sse": 6972.21536150055,
    "weights": {
        "alpha": 0.47,
        "beta": 0.53,
        "gamma": 0.0
    },
    "total_runtime_sec": 8.47640585899353
}