{
    "n_trials": 31,
    "avg_iterations": 7.258064516129032,
    "median_iterations": 7.0,
    "avg_auc_delta": 8.292423274277121,
    "avg_geo_decay": 0.3505887253529901,
    "best_k": 8,
    "best_combined_score": 0.5346694637646998,
    "best_sse": 2853.8302182918464,
    "weights": {
        "alpha": 0.47,
        "beta": 0.53,
        "gamma": 0.0
    },
    "total_runtime_sec": 32.66013717651367
}