{
    "clean_state": "raw",
    "best_k": 7,
    "best_cov_type": "tied",
    "best_combined": 1.1305761663625349,
    "best_silhouette": 0.4572501983569673,
    "best_db": 0.5543537983285854,
    "n_iter_final": 1,
    "ll_curve_final": [
        -4.455773415152882,
        -4.440010333498192,
        -4.434030483235361,
        -4.431299903016866,
        -4.430142335770525,
        -4.429697592325494
    ],
    "total_runtime_sec": 31.861995220184326
}