{
    "clean_state": "raw",
    "best_k": 6,
    "best_cov_type": "tied",
    "best_combined": 0.5711603364487446,
    "best_silhouette": 0.37142124966911827,
    "best_db": 1.0101915649752107,
    "best_sse": 4251.062297605492,
    "weights": {
        "alpha": 0.47,
        "beta": 0.53,
        "gamma": 0.0
    },
    "n_iter_final": 1,
    "ll_curve_final": [
        -8.992828738310527,
        -8.963648846229592,
        -8.938645472797589,
        -8.924903300130657,
        -8.90229881069101,
        -8.838757573044006,
        -8.688933314491232,
        -8.603136513416759,
        -8.595401373774314,
        -8.595312695207463
    ],
    "total_runtime_sec": 19.966920375823975
}