{
    "n_trials": 31,
    "avg_iterations": 9.774193548387096,
    "median_iterations": 10.0,
    "avg_auc_delta": 16.890985294793637,
    "avg_geo_decay": 0.5717986907249536,
    "best_k": 24,
    "best_combined_score": 0.49626738173248186,
    "best_sse": 2218.644206637028,
    "total_runtime_sec": 4.998208284378052
}