{
    "n_trials": 31,
    "avg_iterations": 4.548387096774194,
    "median_iterations": 4.0,
    "avg_auc_delta": 7.305274747158275,
    "avg_geo_decay": 0.37318405478895106,
    "best_k": 29,
    "best_combined_score": 0.6440315766532402,
    "best_sse": 1806.9717792653155,
    "weights": {
        "alpha": 0.47,
        "beta": 0.53,
        "gamma": 0.0
    },
    "total_runtime_sec": 2.962590217590332
}