{
    "clean_state": "raw",
    "best_k": 10,
    "best_cov_type": "tied",
    "best_combined": 0.4755370961852899,
    "best_silhouette": 0.18888845208082522,
    "best_db": 1.4759072994819458,
    "best_sse": 1455.2634183352773,
    "weights": {
        "alpha": 0.47,
        "beta": 0.53,
        "gamma": 0.0
    },
    "n_iter_final": 1,
    "ll_curve_final": [
        -19.580870045257125,
        -13.998911244384974,
        -13.927399672682352,
        -13.90079145966361,
        -13.877967088710202,
        -13.81699769179861,
        -13.597695778229426,
        -13.521514028934117,
        -13.516519018742716,
        -13.516514546352843
    ],
    "total_runtime_sec": 8.383805990219116
}