{
    "clean_state": "raw",
    "best_k": 6,
    "linkage": "single",
    "metric": "manhattan",
    "combined": 1.5741086758298304,
    "silhouette": 0.3749412059746654,
    "davies_bouldin": 0.36058435852337434,
    "intra_dist_mean": 3.4946703288204692,
    "inter_dist_mean": 9.104146083929498,
    "ratio_intra_inter": 0.3838548169815536,
    "n_merge_steps": 521,
    "h_max": 12.351106726911944,
    "total_runtime_sec": 3.3302364349365234
}