{
    "n_trials": 31,
    "avg_iterations": 13.419354838709678,
    "median_iterations": 12.0,
    "avg_auc_delta": 17.522548592845073,
    "avg_geo_decay": 0.6339628458722982,
    "best_k": 31,
    "best_combined_score": 0.6183633998372999,
    "best_sse": 3174.7436533065643,
    "total_runtime_sec": 7.353207588195801
}