{
    "centroid_movements": [
        5.267621443664978e-16
    ],
    "sse_list": [
        3299.073028812967,
        3299.073028812967
    ],
    "final_iteration": 2
}