{
    "n_trials": 30,
    "avg_iterations": 9.133333333333333,
    "median_iterations": 7.0,
    "avg_auc_delta": 11.470074328461093,
    "avg_geo_decay": 0.4875159143030655,
    "best_k": 31,
    "best_combined_score": 0.5608095151915177,
    "best_sse": 2896.436556640097,
    "total_runtime_sec": 1.4679334163665771
}