{
    "n_trials": 30,
    "avg_iterations": 11.566666666666666,
    "median_iterations": 11.0,
    "avg_auc_delta": 4.8670315964192765,
    "avg_geo_decay": 0.6084114993913583,
    "best_k": 46,
    "best_combined_score": 0.6223171262908207,
    "best_sse": 704.273792402324,
    "weights": {
        "alpha": 0.47,
        "beta": 0.53,
        "gamma": 0.0
    },
    "total_runtime_sec": 8.569023370742798
}