{
    "n_trials": 31,
    "avg_iterations": 13.32258064516129,
    "median_iterations": 12.0,
    "avg_auc_delta": 18.31318797374883,
    "avg_geo_decay": 0.6383631647732142,
    "best_k": 20,
    "best_combined_score": 0.5302176576368788,
    "best_sse": 5156.365484647012,
    "weights": {
        "alpha": 0.47,
        "beta": 0.53,
        "gamma": 0.0
    },
    "total_runtime_sec": 5.7940521240234375
}