{
    "clean_state": "raw",
    "best_k": 30,
    "linkage": "single",
    "metric": "euclidean",
    "combined": 0.9289933964896802,
    "silhouette": 0.15858354938237196,
    "davies_bouldin": 0.5884418567328267,
    "intra_dist_mean": 2.323269875088863,
    "inter_dist_mean": 3.9570907217772824,
    "ratio_intra_inter": 0.5871156459220135,
    "n_merge_steps": 915,
    "h_max": 2.95534998823845,
    "total_runtime_sec": 12.617916107177734
}