{
    "clean_state": "raw",
    "best_k": 13,
    "best_cov_type": "tied",
    "best_combined": 0.31730731178264193,
    "best_silhouette": 0.0807647013826233,
    "best_db": 1.8055432707458219,
    "n_iter_final": 1,
    "ll_curve_final": [
        -22.35648878076849,
        -21.785596664850992,
        -15.945293639200067,
        -15.649720323883086,
        -15.53433707853753,
        -15.51202937189663,
        -15.488463845939334,
        -15.48137724055613,
        -15.480113137734989,
        -15.479369276783524
    ],
    "total_runtime_sec": 2.8771462440490723
}