{
    "clean_state": "raw",
    "best_k": 42,
    "best_cov_type": "tied",
    "best_combined": 0.6297518893710302,
    "best_silhouette": 0.4725418786061482,
    "best_db": 0.7916509264915426,
    "best_sse": 667.7936205899152,
    "weights": {
        "alpha": 0.47,
        "beta": 0.53,
        "gamma": 0.0
    },
    "n_iter_final": 1,
    "ll_curve_final": [
        -1.1838271174543227,
        -0.16438012956853415,
        2.8783432201816117,
        3.2627092076687374,
        3.271922971529881,
        3.278741865321412,
        3.286442227074171,
        3.323764985316478,
        3.3688474437923976,
        3.413591963544502,
        3.4169228602069004,
        3.4180065949737095,
        3.418313149300121
    ],
    "total_runtime_sec": 21.699774026870728
}