{
    "clean_state": "raw",
    "best_k": 34,
    "best_cov_type": "spherical",
    "best_combined": 0.5445755492942619,
    "best_silhouette": 0.2523926548948803,
    "best_db": 1.0485456169771237,
    "best_sse": 1488.2437586620715,
    "weights": {
        "alpha": 0.47,
        "beta": 0.53,
        "gamma": 0.0
    },
    "n_iter_final": 1,
    "ll_curve_final": [
        -5.165412416740149,
        -5.086872732529374,
        -5.0327486176733025,
        -5.014638419134257,
        -5.005462577261206,
        -4.998136078726375,
        -4.992919807053026,
        -4.989176617573211,
        -4.986061933811517,
        -4.983641877137374,
        -4.981535878649766,
        -4.980068496904692,
        -4.97899441688252,
        -4.97816268293941
    ],
    "total_runtime_sec": 60.50806999206543
}