{
    "clean_state": "raw",
    "best_k": 46,
    "best_cov_type": "spherical",
    "best_combined": 0.8405483954790636,
    "best_silhouette": 0.427333688002982,
    "best_db": 0.7975988427502609,
    "n_iter_final": 1,
    "ll_curve_final": [
        -3.1758257647882115,
        -3.0663332806906514,
        -3.019802165301701,
        -2.9966420827185436,
        -2.9770713855501243,
        -2.9574575510408345,
        -2.9349425522660124,
        -2.9150979743244916,
        -2.9062655009605036,
        -2.901286231919454,
        -2.898135238747332,
        -2.8969183462462262,
        -2.8960343948014966
    ],
    "total_runtime_sec": 32.11149525642395
}