{
    "n_trials": 31,
    "avg_iterations": 4.451612903225806,
    "median_iterations": 5.0,
    "avg_auc_delta": 3.234181062084235,
    "avg_geo_decay": 0.2943289282033262,
    "best_k": 15,
    "best_combined_score": 0.41186065372093056,
    "best_sse": 11312.847404203865,
    "weights": {
        "alpha": 0.47,
        "beta": 0.53,
        "gamma": 0.0
    },
    "total_runtime_sec": 3.407529592514038
}