{
    "clean_state": "raw",
    "best_k": 12,
    "best_cov_type": "spherical",
    "best_combined": 0.48695603424192063,
    "best_silhouette": 0.19417345360456528,
    "best_db": 1.3894682142363397,
    "best_sse": 6135.859850023189,
    "weights": {
        "alpha": 0.47,
        "beta": 0.53,
        "gamma": 0.0
    },
    "n_iter_final": 1,
    "ll_curve_final": [
        -9.099887651812962,
        -9.066456816768884,
        -9.048874908257746,
        -9.037170239894772,
        -9.028771996731706,
        -9.022220208875051,
        -9.015623986482561,
        -9.007070807769484,
        -8.995307506838639,
        -8.98612666158955,
        -8.985180260541043
    ],
    "total_runtime_sec": 23.420908451080322
}