{
    "clean_state": "raw",
    "best_k": 37,
    "best_cov_type": "tied",
    "best_combined": 0.9942100166307759,
    "best_silhouette": 0.6202082512637966,
    "best_db": 0.730881003334059,
    "n_iter_final": 1,
    "ll_curve_final": [
        -1.563757953719452,
        0.23367220073884193,
        1.9461435961960745,
        1.9553031542805148,
        1.9660734332096792,
        1.9733248356978779,
        1.979870061935419,
        1.9846696450860613,
        1.9882500905845155,
        1.9969233220080396,
        2.0045303155330427,
        2.013378804879029,
        2.015365664202636,
        2.0158075272781764
    ],
    "total_runtime_sec": 48.851686000823975
}