{
    "clean_state": "raw",
    "best_k": 26,
    "best_cov_type": "spherical",
    "best_combined": 0.5567833863761641,
    "best_silhouette": 0.24741553789278647,
    "best_db": 1.1545327879861116,
    "n_iter_final": 1,
    "ll_curve_final": [
        -6.057666674301955,
        -5.999186050199689,
        -5.977783916189023,
        -5.963114772511743,
        -5.957295754274112,
        -5.9543362171213685,
        -5.952517384361221,
        -5.951255470788142,
        -5.950503362371753
    ],
    "total_runtime_sec": 23.228822469711304
}