{
    "clean_state": "raw",
    "best_k": 11,
    "best_cov_type": "tied",
    "best_combined": 0.7273894203326133,
    "best_silhouette": 0.6358104702074291,
    "best_db": 0.5096994600538666,
    "best_sse": 355.22249360458943,
    "weights": {
        "alpha": 0.47,
        "beta": 0.53,
        "gamma": 0.0
    },
    "n_iter_final": 1,
    "ll_curve_final": [
        11.014349192063898,
        11.232068577322243,
        11.350312992709307,
        11.772894403983868,
        11.9902086449284,
        11.99033151693022
    ],
    "total_runtime_sec": 3.8757131099700928
}