{
    "core_count": 124,
    "border_count": 109,
    "noise_count": 767,
    "noise_ratio": 0.767,
    "neighbor_hist": [
        0,
        518,
        138,
        72,
        49,
        39,
        30,
        30,
        8,
        10,
        7,
        12,
        11,
        6,
        4,
        3,
        8,
        8,
        3,
        6,
        1,
        4,
        1,
        3,
        3,
        2,
        3,
        0,
        3,
        2,
        2,
        2,
        1,
        2,
        0,
        1,
        1,
        0,
        2,
        1,
        0,
        0,
        1,
        1,
        1,
        0,
        0,
        0,
        1
    ],
    "combined_score": 0.33057758943716353,
    "silhouette": -0.1570794103976072,
    "davies_bouldin": 2.603468214579713,
    "sse": 979.4551180195072,
    "weights": {
        "alpha": 0.47,
        "beta": 0.53,
        "gamma": 0.0
    }
}