{
    "n_trials": 30,
    "avg_iterations": 13.066666666666666,
    "median_iterations": 12.0,
    "avg_auc_delta": 17.37768001206143,
    "avg_geo_decay": 0.6827685399843654,
    "best_k": 31,
    "best_combined_score": 0.3188469257081296,
    "best_sse": 8221.302788816227,
    "total_runtime_sec": 2.043213367462158
}