{
    "n_trials": 31,
    "avg_iterations": 13.548387096774194,
    "median_iterations": 12.0,
    "avg_auc_delta": 23.364755534992625,
    "avg_geo_decay": 0.6989714841842126,
    "best_k": 31,
    "best_combined_score": 0.32368288562357966,
    "best_sse": 8507.41656598262,
    "total_runtime_sec": 5.458924770355225
}