{
    "centroid_movements": [
        8.370580046487898e-16
    ],
    "sse_list": [
        9471.010671820484,
        9471.010671820482
    ],
    "final_iteration": 2
}