{
    "n_trials": 31,
    "avg_iterations": 11.709677419354838,
    "median_iterations": 11.0,
    "avg_auc_delta": 21.62517766326802,
    "avg_geo_decay": 0.6181735362004209,
    "best_k": 31,
    "best_combined_score": 0.45603518712215385,
    "best_sse": 6856.14575277884,
    "weights": {
        "alpha": 0.47,
        "beta": 0.53,
        "gamma": 0.0
    },
    "total_runtime_sec": 6.725976467132568
}