{
    "core_count": 558,
    "border_count": 46,
    "noise_count": 347,
    "noise_ratio": 0.3648790746582545,
    "neighbor_hist": [
        0,
        253,
        70,
        38,
        32,
        24,
        28,
        21,
        30,
        22,
        30,
        38,
        15,
        12,
        14,
        7,
        13,
        14,
        8,
        8,
        3,
        3,
        1,
        3,
        2,
        8,
        7,
        5,
        7,
        2,
        5,
        6,
        1,
        2,
        2,
        0,
        2,
        3,
        2,
        1,
        1,
        0,
        2,
        2,
        2,
        1,
        3,
        5,
        2,
        191
    ],
    "combined_score": 0.4052836012784468,
    "silhouette": 0.020080769434540145,
    "davies_bouldin": 1.9168157390382086,
    "sse": 2295.7139217695267,
    "weights": {
        "alpha": 0.47,
        "beta": 0.53,
        "gamma": 0.0
    }
}