{
    "n_trials": 31,
    "avg_iterations": 15.838709677419354,
    "median_iterations": 16.0,
    "avg_auc_delta": 25.240129361463552,
    "avg_geo_decay": 0.7341950480378018,
    "best_k": 31,
    "best_combined_score": 0.283997278966467,
    "best_sse": 9732.543206233326,
    "total_runtime_sec": 6.526053190231323
}