{
    "n_trials": 30,
    "avg_iterations": 6.366666666666666,
    "median_iterations": 8.0,
    "avg_auc_delta": 2.358881100837625,
    "avg_geo_decay": 0.3659323001838572,
    "best_k": 43,
    "best_combined_score": 0.7819033007979,
    "best_sse": 223.45785155050487,
    "weights": {
        "alpha": 0.47,
        "beta": 0.53,
        "gamma": 0.0
    },
    "total_runtime_sec": 4.766590118408203
}