{
    "centroid_movements": [
        1.1267379782190246e-15
    ],
    "sse_list": [
        10477.191782894319,
        10477.191782894317
    ],
    "final_iteration": 2
}