{
    "n_trials": 31,
    "avg_iterations": 12.064516129032258,
    "median_iterations": 12.0,
    "avg_auc_delta": 21.090022380067726,
    "avg_geo_decay": 0.6584327763336373,
    "best_k": 24,
    "best_combined_score": 0.38193946066926887,
    "best_sse": 4671.283958574753,
    "total_runtime_sec": 9.487885236740112
}