{
    "n_trials": 30,
    "avg_iterations": 10.733333333333333,
    "median_iterations": 9.5,
    "avg_auc_delta": 14.425663422328443,
    "avg_geo_decay": 0.6199812693999921,
    "best_k": 24,
    "best_combined_score": 0.4023668522063065,
    "best_sse": 4642.005043668399,
    "total_runtime_sec": 0.8706569671630859
}