{
    "clean_state": "raw",
    "best_k": 5,
    "linkage": "single",
    "metric": "manhattan",
    "combined": 0.7533634605913208,
    "silhouette": 0.5015160271944263,
    "davies_bouldin": 0.32329547193172825,
    "sse": 2202.3563324479496,
    "weights": {
        "alpha": 0.47,
        "beta": 0.53,
        "gamma": 0.0
    },
    "intra_dist_mean": 3.229437768492052,
    "inter_dist_mean": 8.835644879023533,
    "ratio_intra_inter": 0.3655010825705103,
    "n_merge_steps": 346,
    "h_max": 10.950566220799013,
    "total_runtime_sec": 5.781585216522217
}