{
    "clean_state": "raw",
    "best_k": 5,
    "linkage": "single",
    "metric": "euclidean",
    "combined": 0.9083276156127531,
    "silhouette": 0.2842855999195883,
    "davies_bouldin": 0.652584062989932,
    "intra_dist_mean": 2.9745033932889036,
    "inter_dist_mean": 4.89548326045766,
    "ratio_intra_inter": 0.6076015859995445,
    "n_merge_steps": 325,
    "h_max": 2.7543857366896227,
    "total_runtime_sec": 1.6632883548736572
}