{
    "n_trials": 31,
    "avg_iterations": 11.774193548387096,
    "median_iterations": 12.0,
    "avg_auc_delta": 11.84865502507649,
    "avg_geo_decay": 0.6333874720431252,
    "best_k": 26,
    "best_combined_score": 0.5459454168139645,
    "best_sse": 1629.1518658411414,
    "weights": {
        "alpha": 0.47,
        "beta": 0.53,
        "gamma": 0.0
    },
    "total_runtime_sec": 5.9044225215911865
}