{
    "n_trials": 31,
    "avg_iterations": 9.709677419354838,
    "median_iterations": 9.0,
    "avg_auc_delta": 9.057830119896765,
    "avg_geo_decay": 0.49466832332359717,
    "best_k": 9,
    "best_combined_score": 0.5381955201279132,
    "best_sse": 6884.169793543188,
    "weights": {
        "alpha": 0.47,
        "beta": 0.53,
        "gamma": 0.0
    },
    "total_runtime_sec": 61.738150119781494
}