{
    "core_count": 50,
    "border_count": 64,
    "noise_count": 536,
    "noise_ratio": 0.8246153846153846,
    "neighbor_hist": [
        0,
        325,
        76,
        45,
        27,
        20,
        23,
        22,
        20,
        10,
        12,
        12,
        8,
        4,
        6,
        3,
        1,
        2,
        2,
        1,
        0,
        0,
        1,
        0,
        2,
        4,
        7,
        4,
        1,
        1,
        2,
        1,
        3,
        0,
        3,
        1,
        0,
        1
    ],
    "combined_score": 0.3283313303907063,
    "silhouette": -0.16333184442216975,
    "davies_bouldin": 2.6267922306778737,
    "sse": 288.6430539160958,
    "weights": {
        "alpha": 0.47,
        "beta": 0.53,
        "gamma": 0.0
    }
}