{
    "n_trials": 30,
    "avg_iterations": 13.033333333333333,
    "median_iterations": 12.0,
    "avg_auc_delta": 6.767114026295071,
    "avg_geo_decay": 0.5749277675720964,
    "best_k": 41,
    "best_combined_score": 0.726614860197133,
    "best_sse": 963.9811953353251,
    "total_runtime_sec": 2.739049196243286
}