{
    "n_trials": 30,
    "avg_iterations": 14.366666666666667,
    "median_iterations": 17.0,
    "avg_auc_delta": 5.530769350345322,
    "avg_geo_decay": 0.6303331480440882,
    "best_k": 9,
    "best_combined_score": 0.5714958530591132,
    "best_sse": 3474.869698125829,
    "weights": {
        "alpha": 0.47,
        "beta": 0.53,
        "gamma": 0.0
    },
    "total_runtime_sec": 11.849619388580322
}