{
    "n_trials": 31,
    "avg_iterations": 13.35483870967742,
    "median_iterations": 11.0,
    "avg_auc_delta": 8.266987619714234,
    "avg_geo_decay": 0.6252915477598945,
    "best_k": 41,
    "best_combined_score": 0.7073023382191573,
    "best_sse": 1101.8254101956031,
    "total_runtime_sec": 6.985382556915283
}