{
    "centroid_movements": [
        9.785132134592085e-16
    ],
    "sse_list": [
        1021.0802308568171,
        1021.0802308568171
    ],
    "final_iteration": 2
}