{
    "clean_state": "raw",
    "best_k": 10,
    "linkage": "single",
    "metric": "euclidean",
    "combined": 1.2475955554892066,
    "silhouette": 0.31546274975351024,
    "davies_bouldin": 0.4587727616839595,
    "intra_dist_mean": 2.9784884736837065,
    "inter_dist_mean": 6.07510882373734,
    "ratio_intra_inter": 0.49027738598613,
    "n_merge_steps": 1199,
    "total_runtime_sec": 30.794408798217773
}