{
    "clean_state": "raw",
    "best_k": 10,
    "linkage": "single",
    "metric": "euclidean",
    "combined": 1.2475955601088689,
    "silhouette": 0.315462749753838,
    "davies_bouldin": 0.4587727597394052,
    "intra_dist_mean": 2.978488473682219,
    "inter_dist_mean": 6.07510882373734,
    "ratio_intra_inter": 0.49027738598588516,
    "n_merge_steps": 1199,
    "h_max": 3.4263643060726854,
    "total_runtime_sec": 28.02372694015503
}