{
    "n_trials": 31,
    "avg_iterations": 15.03225806451613,
    "median_iterations": 15.0,
    "avg_auc_delta": 10.59313948584539,
    "avg_geo_decay": 0.6934982776667397,
    "best_k": 40,
    "best_combined_score": 0.5639053266433696,
    "best_sse": 1744.0368572031348,
    "weights": {
        "alpha": 0.47,
        "beta": 0.53,
        "gamma": 0.0
    },
    "total_runtime_sec": 9.336024045944214
}