{
    "clean_state": "raw",
    "best_k": 44,
    "linkage": "average",
    "metric": "euclidean",
    "combined": 0.9421530981471704,
    "silhouette": 0.37085453329390167,
    "davies_bouldin": 0.6607412872489671,
    "intra_dist_mean": 1.1458563552227723,
    "inter_dist_mean": 3.337237441559052,
    "ratio_intra_inter": 0.3433547583258328,
    "n_merge_steps": 2044,
    "total_runtime_sec": 95.05146741867065
}