{
    "clean_state": "raw",
    "best_k": 5,
    "linkage": "single",
    "metric": "euclidean",
    "combined": 1.3406655870562478,
    "silhouette": 0.6077261483342249,
    "davies_bouldin": 0.48225191758718733,
    "intra_dist_mean": 2.4342749308757945,
    "inter_dist_mean": 6.807173774517727,
    "ratio_intra_inter": 0.35760434675371566,
    "n_merge_steps": 2044,
    "h_max": 5.3865989893469814,
    "total_runtime_sec": 105.12855100631714
}