{
    "clean_state": "raw",
    "best_k": 5,
    "linkage": "single",
    "metric": "euclidean",
    "combined": 1.5764358082809502,
    "silhouette": 0.5342492070853775,
    "davies_bouldin": 0.38188018111397193,
    "intra_dist_mean": 3.4791483355382544,
    "inter_dist_mean": 10.36562313195289,
    "ratio_intra_inter": 0.3356429508625638,
    "n_merge_steps": 596,
    "total_runtime_sec": 18.333799123764038
}