{
    "clean_state": "raw",
    "best_k": 5,
    "linkage": "single",
    "metric": "manhattan",
    "combined": 0.546674521020727,
    "silhouette": 0.10991428034259086,
    "davies_bouldin": 0.8534523793767741,
    "sse": 720.6024671996526,
    "weights": {
        "alpha": 0.47,
        "beta": 0.53,
        "gamma": 0.0
    },
    "intra_dist_mean": 5.649138841969421,
    "inter_dist_mean": 7.1641264155409345,
    "ratio_intra_inter": 0.7885314292771436,
    "n_merge_steps": 48,
    "h_max": 16.65252619537632,
    "total_runtime_sec": 0.8221142292022705
}