{
    "core_count": 774,
    "border_count": 4,
    "noise_count": 37,
    "noise_ratio": 0.04539877300613497,
    "neighbor_hist": [
        0,
        13,
        9,
        5,
        6,
        8,
        10,
        2,
        2,
        0,
        0,
        0,
        2,
        1,
        0,
        1,
        5,
        3,
        6,
        3,
        0,
        1,
        0,
        0,
        0,
        25,
        0,
        2,
        0,
        0,
        0,
        0,
        0,
        0,
        0,
        0,
        0,
        1,
        1,
        0,
        0,
        1,
        1,
        1,
        0,
        0,
        0,
        1,
        0,
        705
    ],
    "combined_score": 0.51862685865616,
    "silhouette": 0.5075900625772817,
    "davies_bouldin": 1.4616167588128905,
    "sse": 1858.7740763138204,
    "weights": {
        "alpha": 0.47,
        "beta": 0.53,
        "gamma": 0.0
    }
}