{
    "clean_state": "raw",
    "best_k": 5,
    "linkage": "single",
    "metric": "manhattan",
    "combined": 0.7911133032859026,
    "silhouette": 0.6123562630010765,
    "davies_bouldin": 0.2849881825562398,
    "sse": 16407.22070661976,
    "weights": {
        "alpha": 0.47,
        "beta": 0.53,
        "gamma": 0.0
    },
    "intra_dist_mean": 3.381952619899529,
    "inter_dist_mean": 10.319870858954868,
    "ratio_intra_inter": 0.32771268808703913,
    "n_merge_steps": 2282,
    "h_max": 8.29864880590885,
    "total_runtime_sec": 106.0546350479126
}