{
    "clean_state": "raw",
    "best_k": 26,
    "linkage": "single",
    "metric": "manhattan",
    "combined": 1.0502261585935495,
    "silhouette": 0.2451111304461211,
    "davies_bouldin": 0.5389844235369787,
    "intra_dist_mean": 2.6689471836500953,
    "inter_dist_mean": 4.8792273922918925,
    "ratio_intra_inter": 0.5470020085282147,
    "n_merge_steps": 2375,
    "h_max": 6.268538468161883,
    "total_runtime_sec": 122.75597047805786
}