{
    "clean_state": "raw",
    "best_k": 7,
    "best_cov_type": "tied",
    "best_combined": 0.7876339874296537,
    "best_silhouette": 0.319515018114052,
    "best_db": 0.796334975465132,
    "n_iter_final": 1,
    "ll_curve_final": [
        -6.632838801934541,
        -6.309719970496984,
        -5.501115811062078,
        -3.353977251980654,
        -3.350307635447529,
        -3.3473428018244715,
        -3.3422606595223936,
        -3.337470656157085,
        -3.3358254056376695,
        -3.334685879143824,
        -3.333173123889556,
        -3.3304590699523433,
        -3.32732942316886,
        -3.326166517693124,
        -3.325925709406216
    ],
    "total_runtime_sec": 17.53481698036194
}