{
    "clean_state": "raw",
    "best_k": 25,
    "best_cov_type": "spherical",
    "best_combined": 0.579739276498678,
    "best_silhouette": 0.39980618215758024,
    "best_db": 0.9875316640952554,
    "best_sse": 704.8223739590009,
    "weights": {
        "alpha": 0.47,
        "beta": 0.53,
        "gamma": 0.0
    },
    "n_iter_final": 1,
    "ll_curve_final": [
        0.0728174210320733,
        0.35141204549301414,
        0.8608406154105899,
        3.0458598862678627,
        3.169336399541249,
        3.2130190881474925,
        3.239813579015446,
        3.2556786874847132,
        3.279631815169993,
        3.285367982004043,
        3.2862485497603466
    ],
    "total_runtime_sec": 7.821311950683594
}