{
    "n_trials": 31,
    "avg_iterations": 5.225806451612903,
    "median_iterations": 5.0,
    "avg_auc_delta": 8.799369795424317,
    "avg_geo_decay": 0.447915007955703,
    "best_k": 12,
    "best_combined_score": 0.4694427977908519,
    "best_sse": 3685.003159825774,
    "weights": {
        "alpha": 0.47,
        "beta": 0.53,
        "gamma": 0.0
    },
    "total_runtime_sec": 1.6263365745544434
}