{
    "clean_state": "raw",
    "best_k": 27,
    "best_cov_type": "tied",
    "best_combined": 0.5186826974489767,
    "best_silhouette": 0.23484175016382197,
    "best_db": 1.2460692050154993,
    "n_iter_final": 1,
    "ll_curve_final": [
        -6.88488737469062,
        -6.837640047792448,
        -6.799049588816924,
        -6.758433584368926,
        -6.7289237637383685,
        -6.680851131547075,
        -6.668446477687213,
        -6.661038915512995,
        -6.656299981097985,
        -6.653177788643436,
        -6.650751122607898,
        -6.648978094077398,
        -6.6479196486051695,
        -6.647138318438371
    ],
    "total_runtime_sec": 9.855413675308228
}