{
    "clean_state": "raw",
    "best_k": 19,
    "best_cov_type": "spherical",
    "best_combined": 0.5117933287928658,
    "best_silhouette": 0.2798443986684012,
    "best_db": 1.3008479667456632,
    "best_sse": 1548.4116974021138,
    "weights": {
        "alpha": 0.47,
        "beta": 0.53,
        "gamma": 0.0
    },
    "n_iter_final": 1,
    "ll_curve_final": [
        -7.1124762713788865,
        -7.013749189436613,
        -6.9902624610168695,
        -6.973405007679367,
        -6.956528625072335,
        -6.943538329047213,
        -6.934108298075593,
        -6.929281082306914,
        -6.92634858819115,
        -6.924425838517402,
        -6.922994333954897,
        -6.92252867549943
    ],
    "total_runtime_sec": 10.52072262763977
}