{
    "n_trials": 31,
    "avg_iterations": 5.612903225806452,
    "median_iterations": 6.0,
    "avg_auc_delta": 5.803412161313966,
    "avg_geo_decay": 0.38021933098762567,
    "best_k": 12,
    "best_combined_score": 0.7266431767140639,
    "best_sse": 304.3129650443984,
    "weights": {
        "alpha": 0.47,
        "beta": 0.53,
        "gamma": 0.0
    },
    "total_runtime_sec": 4.721830368041992
}