{
    "n_trials": 31,
    "avg_iterations": 6.064516129032258,
    "median_iterations": 6.0,
    "avg_auc_delta": 5.677061872589051,
    "avg_geo_decay": 0.4177758362385984,
    "best_k": 17,
    "best_combined_score": 0.7103114249401404,
    "best_sse": 188.53757538683442,
    "weights": {
        "alpha": 0.47,
        "beta": 0.53,
        "gamma": 0.0
    },
    "total_runtime_sec": 4.972700357437134
}