{
    "n_trials": 31,
    "avg_iterations": 9.096774193548388,
    "median_iterations": 8.0,
    "avg_auc_delta": 8.06253565625567,
    "avg_geo_decay": 0.45437239496126486,
    "best_k": 9,
    "best_combined_score": 0.5444738035934684,
    "best_sse": 3931.161850548081,
    "weights": {
        "alpha": 0.47,
        "beta": 0.53,
        "gamma": 0.0
    },
    "total_runtime_sec": 10.137072801589966
}