{
    "clean_state": "raw",
    "best_k": 5,
    "linkage": "single",
    "metric": "manhattan",
    "combined": 1.6845673471226517,
    "silhouette": 0.5655195810431689,
    "davies_bouldin": 0.356682340343734,
    "intra_dist_mean": 4.025296996000739,
    "inter_dist_mean": 14.167377160887876,
    "ratio_intra_inter": 0.28412436192587304,
    "n_merge_steps": 819,
    "h_max": 24.822592687756906,
    "total_runtime_sec": 10.545212268829346
}