{
    "clean_state": "raw",
    "best_k": 5,
    "linkage": "single",
    "metric": "manhattan",
    "combined": 1.6845673471148461,
    "silhouette": 0.5655195810275497,
    "davies_bouldin": 0.356682340343733,
    "intra_dist_mean": 4.025296996003416,
    "inter_dist_mean": 14.167377160887876,
    "ratio_intra_inter": 0.284124361926062,
    "n_merge_steps": 819,
    "total_runtime_sec": 25.646907806396484
}