{
    "clean_state": "raw",
    "best_k": 10,
    "linkage": "single",
    "metric": "manhattan",
    "combined": 2.3274769633499583,
    "silhouette": 0.6042959223579313,
    "davies_bouldin": 0.24687347066281054,
    "intra_dist_mean": 2.3276375135215988,
    "inter_dist_mean": 8.931719459855488,
    "ratio_intra_inter": 0.2606035180553016,
    "n_merge_steps": 423,
    "h_max": 20.62198281460283,
    "total_runtime_sec": 2.6050949096679688
}