{
    "clean_state": "raw",
    "best_k": 17,
    "linkage": "single",
    "metric": "euclidean",
    "combined": 2.3060158645498325,
    "silhouette": 0.4831102797029272,
    "davies_bouldin": 0.24219399963302923,
    "intra_dist_mean": 2.1631792663374014,
    "inter_dist_mean": 8.507238689528025,
    "ratio_intra_inter": 0.25427513500942556,
    "n_merge_steps": 423,
    "total_runtime_sec": 10.727484703063965
}