{
    "core_count": 2346,
    "border_count": 21,
    "noise_count": 43,
    "noise_ratio": 0.01784232365145228,
    "neighbor_hist": [
        0,
        18,
        19,
        16,
        11,
        4,
        11,
        9,
        7,
        2,
        6,
        14,
        2,
        4,
        9,
        2,
        5,
        5,
        2,
        5,
        3,
        2,
        5,
        4,
        4,
        2,
        3,
        2,
        7,
        1,
        3,
        3,
        3,
        2,
        3,
        3,
        2,
        4,
        1,
        2,
        3,
        5,
        2,
        3,
        7,
        4,
        52,
        5,
        5,
        2114
    ],
    "combined_score": 0.543695532007493,
    "silhouette": 0.49805118307247115,
    "davies_bouldin": 1.2863826463444212,
    "sse": 10980.135473081733,
    "weights": {
        "alpha": 0.47,
        "beta": 0.53,
        "gamma": 0.0
    }
}