{
    "clean_state": "raw",
    "best_k": 41,
    "linkage": "average",
    "metric": "euclidean",
    "combined": 0.6506173535658658,
    "silhouette": 0.40087568155838504,
    "davies_bouldin": 0.633948809156592,
    "sse": 1499.4796530172623,
    "weights": {
        "alpha": 0.47,
        "beta": 0.53,
        "gamma": 0.0
    },
    "intra_dist_mean": 1.293650418115185,
    "inter_dist_mean": 3.702036106653071,
    "ratio_intra_inter": 0.34944294999985737,
    "n_merge_steps": 1741,
    "h_max": 6.157847020592565,
    "total_runtime_sec": 275.308712720871
}