{
    "clean_state": "raw",
    "best_k": 20,
    "linkage": "single",
    "metric": "manhattan",
    "combined": 0.9386258108444054,
    "silhouette": 0.14657226004605128,
    "davies_bouldin": 0.5778077800909354,
    "intra_dist_mean": 5.303784278877669,
    "inter_dist_mean": 8.33548709879956,
    "ratio_intra_inter": 0.6362896632208644,
    "n_merge_steps": 404,
    "h_max": 13.08782616937669,
    "total_runtime_sec": 2.537175178527832
}