{
    "core_count": 363,
    "border_count": 4,
    "noise_count": 22,
    "noise_ratio": 0.056555269922879174,
    "neighbor_hist": [
        0,
        6,
        6,
        12,
        0,
        2,
        5,
        0,
        1,
        1,
        1,
        2,
        0,
        0,
        2,
        0,
        0,
        1,
        0,
        0,
        4,
        1,
        0,
        0,
        0,
        1,
        1,
        0,
        0,
        4,
        3,
        2,
        2,
        0,
        0,
        0,
        1,
        1,
        1,
        1,
        6,
        3,
        0,
        0,
        5,
        3,
        0,
        0,
        0,
        311
    ],
    "combined_score": 0.4628453360282738,
    "silhouette": 0.6432419967572311,
    "davies_bouldin": 1.9971868530027663,
    "sse": 1030.1701859344437,
    "weights": {
        "alpha": 0.47,
        "beta": 0.53,
        "gamma": 0.0
    }
}