{
    "core_count": 1314,
    "border_count": 30,
    "noise_count": 58,
    "noise_ratio": 0.04136947218259629,
    "neighbor_hist": [
        0,
        29,
        21,
        26,
        12,
        10,
        10,
        6,
        17,
        12,
        8,
        2,
        13,
        8,
        6,
        7,
        13,
        4,
        9,
        10,
        8,
        13,
        8,
        6,
        2,
        2,
        5,
        4,
        2,
        6,
        5,
        2,
        2,
        3,
        4,
        6,
        5,
        7,
        5,
        2,
        3,
        4,
        6,
        4,
        4,
        3,
        1,
        7,
        8,
        1042
    ],
    "combined_score": 0.47414474916502347,
    "silhouette": 0.4778909606690594,
    "davies_bouldin": 1.7792812631846904,
    "sse": 8104.274513165481,
    "weights": {
        "alpha": 0.47,
        "beta": 0.53,
        "gamma": 0.0
    }
}