{
    "clean_state": "raw",
    "best_k": 6,
    "linkage": "single",
    "metric": "manhattan",
    "combined": 2.8384526048319056,
    "silhouette": 0.6921975424566261,
    "davies_bouldin": 0.20061356989471693,
    "intra_dist_mean": 2.764707272032487,
    "inter_dist_mean": 11.237217977818323,
    "ratio_intra_inter": 0.24603129328714876,
    "n_merge_steps": 189,
    "total_runtime_sec": 2.2666683197021484
}