{
    "n_trials": 31,
    "avg_iterations": 6.161290322580645,
    "median_iterations": 6.0,
    "avg_auc_delta": 15.308366909131363,
    "avg_geo_decay": 0.5625348911359799,
    "best_k": 12,
    "best_combined_score": 0.7537783152427298,
    "best_sse": 114.45565620265084,
    "weights": {
        "alpha": 0.47,
        "beta": 0.53,
        "gamma": 0.0
    },
    "total_runtime_sec": 0.45889854431152344
}