{
    "n_trials": 31,
    "avg_iterations": 13.35483870967742,
    "median_iterations": 11.0,
    "avg_auc_delta": 17.256352542223492,
    "avg_geo_decay": 0.6248647016471125,
    "best_k": 14,
    "best_combined_score": 0.5545044148175724,
    "best_sse": 2577.9681682637597,
    "weights": {
        "alpha": 0.47,
        "beta": 0.53,
        "gamma": 0.0
    },
    "total_runtime_sec": 137.3130452632904
}