{
    "clean_state": "raw",
    "best_k": 13,
    "best_cov_type": "tied",
    "best_combined": 0.6456855111650791,
    "best_silhouette": 0.5398727787206405,
    "best_db": 0.7703802685991837,
    "best_sse": 3851.6616128908618,
    "weights": {
        "alpha": 0.47,
        "beta": 0.53,
        "gamma": 0.0
    },
    "n_iter_final": 1,
    "ll_curve_final": [
        -4.407283771670017,
        -1.145625613580441,
        -1.0578222989802597,
        -1.0490359508303315,
        -1.0447809614217398,
        -1.0396299734886054,
        -1.035707698949575,
        -1.0348649082780883
    ],
    "total_runtime_sec": 43.78982591629028
}