{
    "clean_state": "raw",
    "best_k": 11,
    "best_cov_type": "tied",
    "best_combined": 1.1700268126446207,
    "best_silhouette": 0.6740051110135448,
    "best_db": 0.6002226174276463,
    "n_iter_final": 1,
    "ll_curve_final": [
        -3.022076199156946,
        -2.510244067742812,
        -2.470657498609014,
        -2.428843146969757,
        -2.3959311146048283,
        -2.3955730684428045
    ],
    "total_runtime_sec": 39.496001958847046
}