{
    "clean_state": "raw",
    "best_k": 11,
    "best_cov_type": "tied",
    "best_combined": 1.170026812645001,
    "best_silhouette": 0.6740051110143062,
    "best_db": 0.6002226174276465,
    "n_iter_final": 1,
    "ll_curve_final": [
        -3.022076199156987,
        -2.510244067742812,
        -2.470657498609016,
        -2.42884314696976,
        -2.3959311146048266,
        -2.3955730684428045
    ],
    "total_runtime_sec": 18.442142009735107
}