{
    "n_trials": 30,
    "avg_iterations": 5.366666666666666,
    "median_iterations": 5.0,
    "avg_auc_delta": 3.486268334286262,
    "avg_geo_decay": 0.25071374406991814,
    "best_k": 10,
    "best_combined_score": 0.7511397440379808,
    "best_sse": 374.4176518402511,
    "weights": {
        "alpha": 0.47,
        "beta": 0.53,
        "gamma": 0.0
    },
    "total_runtime_sec": 0.8337469100952148
}