{
    "clean_state": "raw",
    "best_k": 5,
    "linkage": "single",
    "metric": "manhattan",
    "combined": 2.526025669509753,
    "silhouette": 0.6051738288331213,
    "davies_bouldin": 0.2248768934402437,
    "intra_dist_mean": 3.3533770929305784,
    "inter_dist_mean": 15.01553155837043,
    "ratio_intra_inter": 0.22332723153320602,
    "n_merge_steps": 841,
    "h_max": 14.061710360854208,
    "total_runtime_sec": 10.643291473388672
}