{
    "clean_state": "raw",
    "best_k": 5,
    "linkage": "single",
    "metric": "manhattan",
    "combined": 2.526025698854409,
    "silhouette": 0.6051738288330875,
    "davies_bouldin": 0.224876890472346,
    "intra_dist_mean": 3.3533770929310625,
    "inter_dist_mean": 15.01553155837043,
    "ratio_intra_inter": 0.22332723153323827,
    "n_merge_steps": 841,
    "total_runtime_sec": 20.967484712600708
}