{
    "n_trials": 30,
    "avg_iterations": 9.333333333333334,
    "median_iterations": 7.0,
    "avg_auc_delta": 2.965067231529219,
    "avg_geo_decay": 0.3709854657175761,
    "best_k": 7,
    "best_combined_score": 0.7129770321592321,
    "best_sse": 1745.6785661847744,
    "weights": {
        "alpha": 0.47,
        "beta": 0.53,
        "gamma": 0.0
    },
    "total_runtime_sec": 5.6046600341796875
}