{
    "centroid_movements": [
        0.0
    ],
    "sse_list": [
        2831.350267174044,
        2831.350267174044
    ],
    "final_iteration": 2
}