{
    "n_trials": 31,
    "avg_iterations": 12.935483870967742,
    "median_iterations": 12.0,
    "avg_auc_delta": 18.300335528096486,
    "avg_geo_decay": 0.691197865396976,
    "best_k": 17,
    "best_combined_score": 0.3937441702423581,
    "best_sse": 2629.7813913906753,
    "total_runtime_sec": 5.678398132324219
}