{
    "n_trials": 30,
    "avg_iterations": 9.233333333333333,
    "median_iterations": 9.0,
    "avg_auc_delta": 13.297593362783333,
    "avg_geo_decay": 0.6120889896791933,
    "best_k": 18,
    "best_combined_score": 0.4274833471637872,
    "best_sse": 2516.7012384650607,
    "total_runtime_sec": 0.3169593811035156
}