{
    "n_trials": 31,
    "avg_iterations": 11.741935483870968,
    "median_iterations": 11.0,
    "avg_auc_delta": 21.61251955827764,
    "avg_geo_decay": 0.6487684156843334,
    "best_k": 22,
    "best_combined_score": 0.4313211641330562,
    "best_sse": 5634.664481263291,
    "weights": {
        "alpha": 0.47,
        "beta": 0.53,
        "gamma": 0.0
    },
    "total_runtime_sec": 4.073412895202637
}