{
    "n_trials": 31,
    "avg_iterations": 3.5806451612903225,
    "median_iterations": 3.0,
    "avg_auc_delta": 2.675298191864614,
    "avg_geo_decay": 0.11696219831364216,
    "best_k": 14,
    "best_combined_score": 0.4865376672757199,
    "best_sse": 1552.4686762800645,
    "weights": {
        "alpha": 0.47,
        "beta": 0.53,
        "gamma": 0.0
    },
    "total_runtime_sec": 1.1097896099090576
}