{
    "n_trials": 31,
    "avg_iterations": 7.161290322580645,
    "median_iterations": 6.0,
    "avg_auc_delta": 5.23702703533501,
    "avg_geo_decay": 0.3456501803098216,
    "best_k": 36,
    "best_combined_score": 0.6165587791906165,
    "best_sse": 1940.0534792101657,
    "weights": {
        "alpha": 0.47,
        "beta": 0.53,
        "gamma": 0.0
    },
    "total_runtime_sec": 288.2487790584564
}