{
    "clean_state": "raw",
    "best_k": 20,
    "best_cov_type": "tied",
    "best_combined": 0.49375327783234013,
    "best_silhouette": 0.2115789218343028,
    "best_db": 1.2887799794724235,
    "n_iter_final": 1,
    "ll_curve_final": [
        9.06643730223954,
        9.735559061842885,
        10.00669214497538,
        10.024813560232806,
        10.041593257986944,
        10.061060363545677,
        10.074160638261189,
        10.083785305530137,
        10.091006594658046,
        10.098155045317817,
        10.108486132415365,
        10.128547384420036,
        10.160439184761506,
        10.206253988853629,
        10.216606054550617,
        10.216767401957409
    ],
    "total_runtime_sec": 16.651062488555908
}