{
    "n_trials": 30,
    "avg_iterations": 11.6,
    "median_iterations": 11.0,
    "avg_auc_delta": 6.941794937119422,
    "avg_geo_decay": 0.6110971837104971,
    "best_k": 48,
    "best_combined_score": 0.7901139259968759,
    "best_sse": 1124.0995035315614,
    "total_runtime_sec": 4.367181301116943
}