{
    "centroid_movements": [
        1.672676471544915e-15
    ],
    "sse_list": [
        1241.817092387611,
        1241.817092387611
    ],
    "final_iteration": 2
}