{
    "n_trials": 31,
    "avg_iterations": 13.193548387096774,
    "median_iterations": 10.0,
    "avg_auc_delta": 9.164347796900508,
    "avg_geo_decay": 0.6187337238935232,
    "best_k": 47,
    "best_combined_score": 0.7748110389032955,
    "best_sse": 1284.6714001527266,
    "total_runtime_sec": 18.343129873275757
}