{
    "n_trials": 30,
    "avg_iterations": 12.6,
    "median_iterations": 8.0,
    "avg_auc_delta": 6.267129067736909,
    "avg_geo_decay": 0.5333561797563429,
    "best_k": 22,
    "best_combined_score": 0.5670096831915776,
    "best_sse": 984.4216469123612,
    "weights": {
        "alpha": 0.47,
        "beta": 0.53,
        "gamma": 0.0
    },
    "total_runtime_sec": 1.2799391746520996
}