{
    "n_trials": 31,
    "avg_iterations": 13.419354838709678,
    "median_iterations": 13.0,
    "avg_auc_delta": 9.583349657097674,
    "avg_geo_decay": 0.6381839932718681,
    "best_k": 48,
    "best_combined_score": 0.6038035064971627,
    "best_sse": 1102.3960742285526,
    "weights": {
        "alpha": 0.47,
        "beta": 0.53,
        "gamma": 0.0
    },
    "total_runtime_sec": 13.962526559829712
}