{
    "clean_state": "raw",
    "best_k": 40,
    "best_cov_type": "tied",
    "best_combined": 0.5267293167902529,
    "best_silhouette": 0.2575580009745584,
    "best_db": 1.1717507635203464,
    "best_sse": 2050.700414907366,
    "weights": {
        "alpha": 0.47,
        "beta": 0.53,
        "gamma": 0.0
    },
    "n_iter_final": 1,
    "ll_curve_final": [
        -6.651190211787006,
        -6.576223195129345,
        -6.529523159477171,
        -6.46103421198641,
        -6.3770417139986995,
        -6.3062301504068845,
        -6.260926617391302,
        -6.233224228748267,
        -6.2214683250527,
        -6.214435368432096,
        -6.212306251610373,
        -6.21107918888435,
        -6.210227744305891
    ],
    "total_runtime_sec": 22.465359210968018
}