{
    "n_trials": 31,
    "avg_iterations": 15.225806451612904,
    "median_iterations": 15.0,
    "avg_auc_delta": 8.664160483492386,
    "avg_geo_decay": 0.6774631348582104,
    "best_k": 10,
    "best_combined_score": 0.5406092893260599,
    "best_sse": 1596.0282271753686,
    "weights": {
        "alpha": 0.47,
        "beta": 0.53,
        "gamma": 0.0
    },
    "total_runtime_sec": 15.914547204971313
}