{
    "n_trials": 31,
    "avg_iterations": 10.838709677419354,
    "median_iterations": 11.0,
    "avg_auc_delta": 15.856178932158056,
    "avg_geo_decay": 0.6410351629566874,
    "best_k": 20,
    "best_combined_score": 0.5530945146083058,
    "best_sse": 1493.9581650186785,
    "weights": {
        "alpha": 0.47,
        "beta": 0.53,
        "gamma": 0.0
    },
    "total_runtime_sec": 5.128111839294434
}