{
    "n_trials": 30,
    "avg_iterations": 15.366666666666667,
    "median_iterations": 14.0,
    "avg_auc_delta": 7.340852021538473,
    "avg_geo_decay": 0.6520444225733034,
    "best_k": 9,
    "best_combined_score": 0.5971303214032451,
    "best_sse": 5341.735562421921,
    "weights": {
        "alpha": 0.47,
        "beta": 0.53,
        "gamma": 0.0
    },
    "total_runtime_sec": 6.797152757644653
}