{
    "n_trials": 30,
    "avg_iterations": 16.166666666666668,
    "median_iterations": 15.5,
    "avg_auc_delta": 8.26496895198137,
    "avg_geo_decay": 0.7053156123684702,
    "best_k": 48,
    "best_combined_score": 0.5754268319292678,
    "best_sse": 2422.586024863526,
    "total_runtime_sec": 4.9222495555877686
}