{
    "centroid_movements": [
        1.8090448331305446e-15
    ],
    "sse_list": [
        2780.3929541394946,
        2780.3929541394946
    ],
    "final_iteration": 2
}