{
    "n_trials": 31,
    "avg_iterations": 16.612903225806452,
    "median_iterations": 16.0,
    "avg_auc_delta": 12.45748988014855,
    "avg_geo_decay": 0.7194386186493184,
    "best_k": 48,
    "best_combined_score": 0.5880283932812915,
    "best_sse": 2414.373657321934,
    "total_runtime_sec": 19.551748037338257
}