{
    "n_trials": 31,
    "avg_iterations": 6.774193548387097,
    "median_iterations": 6.0,
    "avg_auc_delta": 7.822350154054933,
    "avg_geo_decay": 0.431534934054169,
    "best_k": 29,
    "best_combined_score": 0.705520474742411,
    "best_sse": 436.9466405968743,
    "weights": {
        "alpha": 0.47,
        "beta": 0.53,
        "gamma": 0.0
    },
    "total_runtime_sec": 6.864819765090942
}