{
    "n_trials": 31,
    "avg_iterations": 17.096774193548388,
    "median_iterations": 15.0,
    "avg_auc_delta": 10.840481668411591,
    "avg_geo_decay": 0.7017257060036337,
    "best_k": 37,
    "best_combined_score": 0.5332381676333343,
    "best_sse": 1900.9250424804218,
    "weights": {
        "alpha": 0.47,
        "beta": 0.53,
        "gamma": 0.0
    },
    "total_runtime_sec": 8.426434516906738
}