{
    "n_trials": 31,
    "avg_iterations": 11.741935483870968,
    "median_iterations": 10.0,
    "avg_auc_delta": 18.072392560684882,
    "avg_geo_decay": 0.5872458102984994,
    "best_k": 27,
    "best_combined_score": 0.5216107730702588,
    "best_sse": 3546.4134291203472,
    "total_runtime_sec": 6.421808958053589
}