{
    "n_trials": 30,
    "avg_iterations": 10.233333333333333,
    "median_iterations": 9.0,
    "avg_auc_delta": 13.297523153972419,
    "avg_geo_decay": 0.5268265742716456,
    "best_k": 27,
    "best_combined_score": 0.5878589409771134,
    "best_sse": 2877.5271495786483,
    "total_runtime_sec": 1.1262202262878418
}