{
    "n_trials": 30,
    "avg_iterations": 13.233333333333333,
    "median_iterations": 14.0,
    "avg_auc_delta": 6.564684907621624,
    "avg_geo_decay": 0.6260358824047143,
    "best_k": 44,
    "best_combined_score": 0.6040066777718379,
    "best_sse": 1088.8284569727296,
    "weights": {
        "alpha": 0.47,
        "beta": 0.53,
        "gamma": 0.0
    },
    "total_runtime_sec": 5.601125001907349
}