{
    "centroid_movements": [
        1.4751281068518245e-15
    ],
    "sse_list": [
        3175.9027839882374,
        3175.9027839882374
    ],
    "final_iteration": 2
}