{
    "centroid_movements": [
        0.0
    ],
    "sse_list": [
        236.19287736420367,
        236.19287736420367
    ],
    "final_iteration": 2
}