{
    "n_trials": 30,
    "avg_iterations": 8.833333333333334,
    "median_iterations": 9.0,
    "avg_auc_delta": 4.950661084233465,
    "avg_geo_decay": 0.5029960511023165,
    "best_k": 48,
    "best_combined_score": 0.6328007223690385,
    "best_sse": 758.0823306010158,
    "weights": {
        "alpha": 0.47,
        "beta": 0.53,
        "gamma": 0.0
    },
    "total_runtime_sec": 23.802315950393677
}