{
    "n_trials": 31,
    "avg_iterations": 4.193548387096774,
    "median_iterations": 4.0,
    "avg_auc_delta": 7.768747735665792,
    "avg_geo_decay": 0.419721923372684,
    "best_k": 6,
    "best_combined_score": 0.4783099629867503,
    "best_sse": 223.44938107379784,
    "total_runtime_sec": 1.0123987197875977
}