{
    "clean_state": "raw",
    "best_k": 13,
    "best_cov_type": "spherical",
    "best_combined": 0.549679799722631,
    "best_silhouette": 0.22480001669961802,
    "best_db": 1.1434326714030631,
    "n_iter_final": 1,
    "ll_curve_final": [
        -7.083378552057608,
        -6.98952630584271,
        -6.939587279539075,
        -6.889933791251358,
        -6.858832111151902,
        -6.834278883633589,
        -6.819487920769399,
        -6.814106202848571,
        -6.811352933314783,
        -6.809522106100782,
        -6.8083236845294035,
        -6.807545580761467
    ],
    "total_runtime_sec": 9.530571937561035
}