{
    "clean_state": "raw",
    "best_k": 18,
    "best_cov_type": "tied",
    "best_combined": 0.43756333286805676,
    "best_silhouette": 0.10735078760932985,
    "best_db": 1.7103973940872652,
    "best_sse": 3947.6781577281226,
    "weights": {
        "alpha": 0.47,
        "beta": 0.53,
        "gamma": 0.0
    },
    "n_iter_final": 1,
    "ll_curve_final": [
        -19.66852616599667,
        -14.61288332240078,
        -13.738394741636478,
        -8.64330762602225,
        -8.62197256337227,
        -8.600292874783598,
        -8.571898577717752,
        -8.57161521798819
    ],
    "total_runtime_sec": 6.058130979537964
}