{
    "clean_state": "raw",
    "best_k": 9,
    "best_cov_type": "tied",
    "best_combined": 0.6657493100510721,
    "best_silhouette": 0.3560699152593297,
    "best_db": 1.0251902522810676,
    "n_iter_final": 1,
    "ll_curve_final": [
        -5.78968851509467,
        -4.8829543633651245,
        -4.830008088591808,
        -4.779253682332121,
        -4.7059580069601505,
        -4.634937387881847,
        -4.630363993333346,
        -4.6283818697931265,
        -4.628004585799753
    ],
    "total_runtime_sec": 39.500529289245605
}