{
    "clean_state": "raw",
    "best_k": 8,
    "best_cov_type": "tied",
    "best_combined": 0.554025321478677,
    "best_silhouette": 0.2894833185859069,
    "best_db": 1.0301839757912414,
    "best_sse": 4635.161976508986,
    "weights": {
        "alpha": 0.47,
        "beta": 0.53,
        "gamma": 0.0
    },
    "n_iter_final": 1,
    "ll_curve_final": [
        -8.399766600962458,
        -7.5785380489227405,
        -7.424503859118477,
        -7.419987285437107,
        -7.4182419998870905,
        -7.41751893158991
    ],
    "total_runtime_sec": 31.549400329589844
}