{
    "clean_state": "raw",
    "best_k": 32,
    "best_cov_type": "spherical",
    "best_combined": 0.5841794753368045,
    "best_silhouette": 0.46343920301825026,
    "best_db": 1.0178870660871484,
    "best_sse": 1979.0339851107565,
    "weights": {
        "alpha": 0.47,
        "beta": 0.53,
        "gamma": 0.0
    },
    "n_iter_final": 1,
    "ll_curve_final": [
        -2.780566469125884,
        -2.6878197323166,
        -2.621259635646825,
        -2.523796706778805,
        -2.4573296764826327,
        -2.4245078460511014,
        -2.4063508645359697,
        -2.3378923430871117,
        -2.308210776472308,
        -2.2678115957503415,
        -2.2522879946177397,
        -2.2224816604973054,
        -2.1873366551140863,
        -2.1715248827592357,
        -2.16680312059556,
        -2.1473004296840403,
        -2.0956784343975956,
        -2.0818781975432485,
        -2.0444879678774126,
        -2.0439665164488066
    ],
    "total_runtime_sec": 22.2422935962677
}