{
    "clean_state": "raw",
    "best_k": 20,
    "best_cov_type": "tied",
    "best_combined": 0.452380419518755,
    "best_silhouette": 0.17286864477744424,
    "best_db": 1.366321444391121,
    "n_iter_final": 1,
    "ll_curve_final": [
        -17.394609086303,
        -17.147565045077837,
        -16.756614641746648,
        -15.60374907160929,
        -15.535340229350464,
        -15.52811166474563,
        -15.510294283397691,
        -15.496173153096143,
        -15.49013771735239,
        -15.472941935595824,
        -15.470319061844567,
        -15.462096151891314,
        -15.448701350676389,
        -15.426729952776494,
        -15.26388695411259,
        -15.141174701220912,
        -14.679893644972822,
        -10.058465336320522,
        -10.04860545547935,
        -10.04652676518771,
        -10.046041596704274
    ],
    "total_runtime_sec": 12.64957308769226
}