{
    "clean_state": "raw",
    "best_k": 5,
    "best_cov_type": "spherical",
    "best_combined": 0.6669308921090762,
    "best_silhouette": 0.4359944303547897,
    "best_db": 0.5939756397989105,
    "best_sse": 4693.8937325186635,
    "weights": {
        "alpha": 0.47,
        "beta": 0.53,
        "gamma": 0.0
    },
    "n_iter_final": 1,
    "ll_curve_final": [
        -6.675356330535559,
        -6.569327938536564,
        -6.552883769294004,
        -6.549668562647104,
        -6.547420826696069,
        -6.545624468647712,
        -6.544093590089626,
        -6.542731771456577,
        -6.541482604612396,
        -6.5403093379883215,
        -6.539184778260016,
        -6.538085774860112,
        -6.536990159712795,
        -6.535875308688165,
        -6.534718114438235,
        -6.533496602554325,
        -6.532193711755676,
        -6.530803561866923,
        -6.529339419687044,
        -6.527840859125308,
        -6.526376811158452,
        -6.525041250603009,
        -6.523935545054793,
        -6.523131412958919
    ],
    "total_runtime_sec": 29.161004304885864
}