{
    "n_trials": 30,
    "avg_iterations": 7.833333333333333,
    "median_iterations": 7.0,
    "avg_auc_delta": 10.533325186611235,
    "avg_geo_decay": 0.5859506983182801,
    "best_k": 31,
    "best_combined_score": 0.4702578297599074,
    "best_sse": 3806.5515904627646,
    "total_runtime_sec": 1.4392509460449219
}