{
    "n_trials": 31,
    "avg_iterations": 10.548387096774194,
    "median_iterations": 10.0,
    "avg_auc_delta": 15.977593793579722,
    "avg_geo_decay": 0.6114795993953852,
    "best_k": 31,
    "best_combined_score": 0.4669012566980111,
    "best_sse": 3918.4261163369347,
    "total_runtime_sec": 7.388932704925537
}