{
    "n_trials": 30,
    "avg_iterations": 4.266666666666667,
    "median_iterations": 4.0,
    "avg_auc_delta": 3.276033794525362,
    "avg_geo_decay": 0.30019908300182085,
    "best_k": 36,
    "best_combined_score": 0.7484690906823356,
    "best_sse": 387.2226643634171,
    "weights": {
        "alpha": 0.47,
        "beta": 0.53,
        "gamma": 0.0
    },
    "total_runtime_sec": 4.356910467147827
}