{
    "n_trials": 30,
    "avg_iterations": 14.566666666666666,
    "median_iterations": 15.0,
    "avg_auc_delta": 9.671209906073841,
    "avg_geo_decay": 0.6870691694901937,
    "best_k": 31,
    "best_combined_score": 0.5190781987322783,
    "best_sse": 2172.1614942368506,
    "weights": {
        "alpha": 0.47,
        "beta": 0.53,
        "gamma": 0.0
    },
    "total_runtime_sec": 7.057200193405151
}