{
    "core_count": 520,
    "border_count": 69,
    "noise_count": 100,
    "noise_ratio": 0.14513788098693758,
    "neighbor_hist": [
        0,
        20,
        27,
        21,
        13,
        15,
        16,
        24,
        33,
        29,
        19,
        15,
        17,
        22,
        28,
        12,
        20,
        20,
        14,
        11,
        8,
        5,
        5,
        15,
        3,
        8,
        8,
        5,
        4,
        8,
        6,
        7,
        7,
        4,
        4,
        2,
        9,
        6,
        4,
        3,
        7,
        2,
        4,
        5,
        7,
        10,
        4,
        4,
        5,
        144
    ],
    "combined_score": 0.4341143385725952,
    "silhouette": 0.0858778034758863,
    "davies_bouldin": 1.7129839487132268,
    "sse": 1940.1978249784368,
    "weights": {
        "alpha": 0.47,
        "beta": 0.53,
        "gamma": 0.0
    }
}