{
    "n_trials": 31,
    "avg_iterations": 15.419354838709678,
    "median_iterations": 14.0,
    "avg_auc_delta": 5.9822498903409835,
    "avg_geo_decay": 0.6492607471210219,
    "best_k": 9,
    "best_combined_score": 0.623804559898722,
    "best_sse": 1218.8571363158244,
    "weights": {
        "alpha": 0.47,
        "beta": 0.53,
        "gamma": 0.0
    },
    "total_runtime_sec": 5.153971195220947
}