{
    "n_trials": 31,
    "avg_iterations": 13.35483870967742,
    "median_iterations": 11.0,
    "avg_auc_delta": 10.499588040780269,
    "avg_geo_decay": 0.6129659697589198,
    "best_k": 36,
    "best_combined_score": 0.5552253247692258,
    "best_sse": 2192.1588954507715,
    "weights": {
        "alpha": 0.47,
        "beta": 0.53,
        "gamma": 0.0
    },
    "total_runtime_sec": 11.176973104476929
}