{
    "clean_state": "raw",
    "best_k": 5,
    "linkage": "single",
    "metric": "euclidean",
    "combined": 0.6337690133134327,
    "silhouette": 0.19709631155703705,
    "davies_bouldin": 0.4955255435039854,
    "sse": 6428.857443263987,
    "weights": {
        "alpha": 0.47,
        "beta": 0.53,
        "gamma": 0.0
    },
    "intra_dist_mean": 3.23257710587534,
    "inter_dist_mean": 5.110879223359337,
    "ratio_intra_inter": 0.6324894337358187,
    "n_merge_steps": 1088,
    "h_max": 3.042760146706785,
    "total_runtime_sec": 46.65347981452942
}