{
    "n_trials": 31,
    "avg_iterations": 5.67741935483871,
    "median_iterations": 6.0,
    "avg_auc_delta": 5.7236200046228225,
    "avg_geo_decay": 0.39525014136382414,
    "best_k": 10,
    "best_combined_score": 0.5697083202248284,
    "best_sse": 658.3687893561082,
    "weights": {
        "alpha": 0.47,
        "beta": 0.53,
        "gamma": 0.0
    },
    "total_runtime_sec": 1.0876765251159668
}