{
    "core_count": 783,
    "border_count": 17,
    "noise_count": 58,
    "noise_ratio": 0.0675990675990676,
    "neighbor_hist": [
        0,
        17,
        5,
        9,
        10,
        7,
        2,
        5,
        10,
        10,
        0,
        0,
        0,
        1,
        5,
        4,
        0,
        4,
        16,
        1,
        0,
        1,
        0,
        1,
        3,
        0,
        0,
        0,
        1,
        1,
        0,
        0,
        0,
        1,
        0,
        0,
        0,
        0,
        0,
        0,
        0,
        0,
        3,
        1,
        0,
        0,
        4,
        4,
        4,
        728
    ],
    "combined_score": 0.5131261134880185,
    "silhouette": 0.6132407992508017,
    "davies_bouldin": 1.577661504625979,
    "sse": 2708.870038939445,
    "weights": {
        "alpha": 0.47,
        "beta": 0.53,
        "gamma": 0.0
    }
}