{
    "clean_state": "raw",
    "best_k": 9,
    "best_cov_type": "tied",
    "best_combined": 0.7110813053501359,
    "best_silhouette": 0.5920051130290037,
    "best_db": 0.5393558105115244,
    "best_sse": 325.7963978522566,
    "weights": {
        "alpha": 0.47,
        "beta": 0.53,
        "gamma": 0.0
    },
    "n_iter_final": 1,
    "ll_curve_final": [
        9.94702871978367,
        10.269448625017516,
        10.276442133198536,
        10.27758317287821,
        10.277607511124343
    ],
    "total_runtime_sec": 7.520666122436523
}