{
    "clean_state": "raw",
    "best_k": 8,
    "best_cov_type": "tied",
    "best_combined": 1.1279267716739747,
    "best_silhouette": 0.500276278224521,
    "best_db": 0.5696132092082506,
    "n_iter_final": 1,
    "ll_curve_final": [
        9.576663438778432,
        9.606575282296278,
        9.612451383286443,
        9.61263143976573
    ],
    "total_runtime_sec": 1.8416712284088135
}