{
    "n_trials": 31,
    "avg_iterations": 3.4516129032258065,
    "median_iterations": 3.0,
    "avg_auc_delta": 2.1100021950013006,
    "avg_geo_decay": 0.6533422064631236,
    "best_k": 16,
    "best_combined_score": 0.5516343639207815,
    "best_sse": 829.6929477677455,
    "weights": {
        "alpha": 0.47,
        "beta": 0.53,
        "gamma": 0.0
    },
    "total_runtime_sec": 1.2533185482025146
}