{
    "n_trials": 30,
    "avg_iterations": 4.633333333333334,
    "median_iterations": 4.0,
    "avg_auc_delta": 8.918634166028973,
    "avg_geo_decay": 0.29383769637825696,
    "best_k": 14,
    "best_combined_score": 0.4989739582957293,
    "best_sse": 1494.2890756278152,
    "weights": {
        "alpha": 0.47,
        "beta": 0.53,
        "gamma": 0.0
    },
    "total_runtime_sec": 0.4687974452972412
}