{
    "n_trials": 30,
    "avg_iterations": 9.666666666666666,
    "median_iterations": 8.0,
    "avg_auc_delta": 8.26321489740217,
    "avg_geo_decay": 0.5383105688437666,
    "best_k": 22,
    "best_combined_score": 0.5533407098900044,
    "best_sse": 953.69399256887,
    "total_runtime_sec": 0.3811159133911133
}