{
    "n_trials": 31,
    "avg_iterations": 12.064516129032258,
    "median_iterations": 12.0,
    "avg_auc_delta": 11.399673183749092,
    "avg_geo_decay": 0.631184116546976,
    "best_k": 22,
    "best_combined_score": 0.47762537567790797,
    "best_sse": 938.3951038981886,
    "total_runtime_sec": 7.891374111175537
}