{
    "clean_state": "raw",
    "best_k": 39,
    "best_cov_type": "tied",
    "best_combined": 0.5917177241016377,
    "best_silhouette": 0.2659979445069715,
    "best_db": 1.089992501910001,
    "n_iter_final": 1,
    "ll_curve_final": [
        -6.116139982464011,
        -6.039730835545138,
        -5.986482944280333,
        -5.956116133052153,
        -5.936089504838024,
        -5.923530753228776,
        -5.913153350298304,
        -5.890120739518273,
        -5.862471369650703,
        -5.843387631830025,
        -5.806142221578824,
        -5.7968819511941065,
        -5.795528029637854,
        -5.794692672492317
    ],
    "total_runtime_sec": 42.881001234054565
}