{
    "clean_state": "raw",
    "best_k": 13,
    "best_cov_type": "tied",
    "best_combined": 0.515585468538668,
    "best_silhouette": 0.23417244644059715,
    "best_db": 1.2224503205533954,
    "best_sse": 1987.230901007787,
    "weights": {
        "alpha": 0.47,
        "beta": 0.53,
        "gamma": 0.0
    },
    "n_iter_final": 1,
    "ll_curve_final": [
        -9.046268582506722,
        -8.737042773149525,
        -8.538307682270514,
        -8.478801904346213,
        -8.454010993451131,
        -8.435671188393332,
        -8.414765454132358,
        -8.411307167726644,
        -8.408634798113049,
        -8.405643903742666,
        -8.403832419357386,
        -8.40277715930192,
        -8.401762179128752,
        -8.400146383338855,
        -8.396366594706894,
        -8.386860729723029,
        -8.3747841951535,
        -8.370887420485833,
        -8.369741586269202,
        -8.369392628868574
    ],
    "total_runtime_sec": 9.046178102493286
}