{
    "clean_state": "raw",
    "best_k": 6,
    "linkage": "single",
    "metric": "euclidean",
    "combined": 2.121847419849189,
    "silhouette": 0.5330592161028458,
    "davies_bouldin": 0.2694956070709578,
    "intra_dist_mean": 3.255609311355487,
    "inter_dist_mean": 10.956042173214822,
    "ratio_intra_inter": 0.29715195139668754,
    "n_merge_steps": 1096,
    "total_runtime_sec": 30.39714026451111
}