{
    "clean_state": "raw",
    "best_k": 5,
    "linkage": "average",
    "metric": "manhattan",
    "combined": 0.7325551413914266,
    "silhouette": 0.5468960656499273,
    "davies_bouldin": 0.42908765969948737,
    "sse": 5366.879461202798,
    "weights": {
        "alpha": 0.47,
        "beta": 0.53,
        "gamma": 0.0
    },
    "intra_dist_mean": 3.991923852287848,
    "inter_dist_mean": 11.116261054266111,
    "ratio_intra_inter": 0.35910670258643307,
    "n_merge_steps": 622,
    "h_max": 34.02080668801035,
    "total_runtime_sec": 10.199025392532349
}