{
    "n_trials": 31,
    "avg_iterations": 14.096774193548388,
    "median_iterations": 11.0,
    "avg_auc_delta": 7.434933513946098,
    "avg_geo_decay": 0.641493629323025,
    "best_k": 46,
    "best_combined_score": 0.5911271855737141,
    "best_sse": 817.1784192135331,
    "weights": {
        "alpha": 0.47,
        "beta": 0.53,
        "gamma": 0.0
    },
    "total_runtime_sec": 9.558593511581421
}