{
    "n_trials": 31,
    "avg_iterations": 5.645161290322581,
    "median_iterations": 5.0,
    "avg_auc_delta": 6.669971390020831,
    "avg_geo_decay": 0.44239226393400294,
    "best_k": 10,
    "best_combined_score": 0.6815247249994766,
    "best_sse": 710.432869031708,
    "weights": {
        "alpha": 0.47,
        "beta": 0.53,
        "gamma": 0.0
    },
    "total_runtime_sec": 4.0070130825042725
}