{
    "n_trials": 31,
    "avg_iterations": 7.064516129032258,
    "median_iterations": 7.0,
    "avg_auc_delta": 12.989722970771078,
    "avg_geo_decay": 0.5981611063137288,
    "best_k": 14,
    "best_combined_score": 0.6837266082017887,
    "best_sse": 385.40757296811404,
    "weights": {
        "alpha": 0.47,
        "beta": 0.53,
        "gamma": 0.0
    },
    "total_runtime_sec": 0.9129033088684082
}