{
    "n_trials": 31,
    "avg_iterations": 3.6774193548387095,
    "median_iterations": 3.0,
    "avg_auc_delta": 4.328352908225198,
    "avg_geo_decay": 0.1536192501240882,
    "best_k": 30,
    "best_combined_score": 0.5592826284553183,
    "best_sse": 2309.3079847852414,
    "weights": {
        "alpha": 0.47,
        "beta": 0.53,
        "gamma": 0.0
    },
    "total_runtime_sec": 2.6363720893859863
}