{
    "clean_state": "raw",
    "best_k": 11,
    "best_cov_type": "tied",
    "best_combined": 0.5834028219158713,
    "best_silhouette": 0.2693378889730842,
    "best_db": 1.1142461604734637,
    "n_iter_final": 1,
    "ll_curve_final": [
        -8.801503799034634,
        -8.657996751915501,
        -8.601072337195967,
        -8.575638052777856,
        -8.552544240921604,
        -8.539666065116347,
        -8.526641266143425,
        -8.495580007576518,
        -8.458530909235343,
        -8.44197963914369,
        -8.352328328693133,
        -8.1773085743289,
        -8.175639803691434,
        -8.174384071900311,
        -8.173381406184129,
        -8.172743076800629
    ],
    "total_runtime_sec": 9.605395317077637
}