{
    "clean_state": "raw",
    "best_k": 19,
    "best_cov_type": "full",
    "best_combined": 0.4014387781062887,
    "best_silhouette": 0.08223071364614047,
    "best_db": 2.0612519223156682,
    "best_sse": 3870.615824265114,
    "weights": {
        "alpha": 0.47,
        "beta": 0.53,
        "gamma": 0.0
    },
    "n_iter_final": 1,
    "ll_curve_final": [
        11.383641408983914,
        11.404167918645253,
        11.4134463912771,
        11.413468367808166
    ],
    "total_runtime_sec": 5.203299283981323
}