{
    "n_trials": 31,
    "avg_iterations": 14.0,
    "median_iterations": 13.0,
    "avg_auc_delta": 9.347624341404956,
    "avg_geo_decay": 0.6404839769274959,
    "best_k": 41,
    "best_combined_score": 0.6060539989371312,
    "best_sse": 1188.8358300913585,
    "weights": {
        "alpha": 0.47,
        "beta": 0.53,
        "gamma": 0.0
    },
    "total_runtime_sec": 12.653513669967651
}