{
    "n_trials": 30,
    "avg_iterations": 3.066666666666667,
    "median_iterations": 2.0,
    "avg_auc_delta": 1.0503987098023537,
    "avg_geo_decay": 0.11078679052663978,
    "best_k": 16,
    "best_combined_score": 0.7647011669641172,
    "best_sse": 132.5795355582317,
    "weights": {
        "alpha": 0.47,
        "beta": 0.53,
        "gamma": 0.0
    },
    "total_runtime_sec": 0.43723630905151367
}