{
    "n_trials": 30,
    "avg_iterations": 2.033333333333333,
    "median_iterations": 2.0,
    "avg_auc_delta": 0.11904480422648755,
    "avg_geo_decay": 0.0007585665647358741,
    "best_k": 13,
    "best_combined_score": 1.7891811965612967,
    "best_sse": 118.7597841115277,
    "total_runtime_sec": 0.17008090019226074
}