{
    "n_trials": 31,
    "avg_iterations": 2.967741935483871,
    "median_iterations": 3.0,
    "avg_auc_delta": 3.3974708395916413,
    "avg_geo_decay": 0.22409703475342835,
    "best_k": 13,
    "best_combined_score": 1.1654854728046424,
    "best_sse": 139.17292614076854,
    "total_runtime_sec": 2.3580198287963867
}