{
    "n_trials": 31,
    "avg_iterations": 4.193548387096774,
    "median_iterations": 4.0,
    "avg_auc_delta": 2.6873780299130265,
    "avg_geo_decay": 0.1771670784588891,
    "best_k": 19,
    "best_combined_score": 0.4179734760982491,
    "best_sse": 10485.070410443645,
    "weights": {
        "alpha": 0.47,
        "beta": 0.53,
        "gamma": 0.0
    },
    "total_runtime_sec": 6.028721570968628
}