{
    "clean_state": "raw",
    "best_k": 5,
    "linkage": "single",
    "metric": "manhattan",
    "combined": 1.466340565714337,
    "silhouette": 0.47083166241404006,
    "davies_bouldin": 0.40619867810205895,
    "intra_dist_mean": 3.822443580733989,
    "inter_dist_mean": 14.193717943455084,
    "ratio_intra_inter": 0.26930530788068113,
    "n_merge_steps": 999,
    "h_max": 29.875492985412286,
    "total_runtime_sec": 16.524953842163086
}