{
    "clean_state": "raw",
    "best_k": 7,
    "linkage": "single",
    "metric": "euclidean",
    "combined": 0.8360268324946788,
    "silhouette": 0.6771789401155932,
    "davies_bouldin": 0.19937530905121517,
    "sse": 8238.495226208963,
    "weights": {
        "alpha": 0.47,
        "beta": 0.53,
        "gamma": 0.0
    },
    "intra_dist_mean": 3.895198026037877,
    "inter_dist_mean": 15.71580681729362,
    "ratio_intra_inter": 0.24785224655162894,
    "n_merge_steps": 999,
    "h_max": 10.667171231288492,
    "total_runtime_sec": 20.892917156219482
}