{
    "clean_state": "raw",
    "best_k": 5,
    "linkage": "single",
    "metric": "euclidean",
    "combined": 1.4663405537701872,
    "silhouette": 0.4708316624140401,
    "davies_bouldin": 0.40619868204356546,
    "intra_dist_mean": 3.822443580733989,
    "inter_dist_mean": 14.193717943455084,
    "ratio_intra_inter": 0.26930530788068113,
    "n_merge_steps": 999,
    "total_runtime_sec": 44.954965591430664
}