{
    "core_count": 328,
    "border_count": 84,
    "noise_count": 588,
    "noise_ratio": 0.588,
    "neighbor_hist": [
        0,
        422,
        131,
        69,
        50,
        34,
        36,
        36,
        21,
        11,
        10,
        23,
        11,
        11,
        3,
        3,
        9,
        5,
        5,
        1,
        3,
        0,
        8,
        1,
        3,
        1,
        4,
        4,
        7,
        0,
        5,
        4,
        3,
        3,
        0,
        3,
        6,
        8,
        6,
        1,
        3,
        3,
        4,
        1,
        3,
        4,
        2,
        0,
        1,
        18
    ],
    "combined_score": 0.3905783856421602,
    "silhouette": -0.10199120486078103,
    "davies_bouldin": 1.8557456209394825,
    "sse": 1098.0442588248993,
    "weights": {
        "alpha": 0.47,
        "beta": 0.53,
        "gamma": 0.0
    }
}