{
    "clean_state": "raw",
    "best_k": 13,
    "best_cov_type": "tied",
    "best_combined": 0.7856316547274267,
    "best_silhouette": 0.6849328131323145,
    "best_db": 0.349010167921116,
    "best_sse": 118.84124327281046,
    "weights": {
        "alpha": 0.47,
        "beta": 0.53,
        "gamma": 0.0
    },
    "n_iter_final": 1,
    "ll_curve_final": [
        10.636118265959153,
        10.648171283206999,
        10.650866065214036,
        10.651491369688648
    ],
    "total_runtime_sec": 1.189225673675537
}