{
    "clean_state": "raw",
    "best_k": 14,
    "best_cov_type": "tied",
    "best_combined": 2.596832020803318,
    "best_silhouette": 0.7202103318153745,
    "best_db": 0.22354092941908668,
    "n_iter_final": 1,
    "ll_curve_final": [
        16.134803953727516,
        16.31288868396697,
        16.399855055185288,
        16.410252531748288,
        16.410252531735583
    ],
    "total_runtime_sec": 1.0925159454345703
}