{
    "n_trials": 30,
    "avg_iterations": 14.866666666666667,
    "median_iterations": 13.0,
    "avg_auc_delta": 9.39769350152775,
    "avg_geo_decay": 0.6250027185184455,
    "best_k": 34,
    "best_combined_score": 0.5725982007463685,
    "best_sse": 1517.6302070983922,
    "total_runtime_sec": 1.5809681415557861
}