{
    "n_trials": 20,
    "avg_iterations": 10.4,
    "median_iterations": 9.5,
    "avg_auc_delta": 8.330307979927214,
    "avg_geo_decay": 0.5459849013107823,
    "best_k": 9,
    "best_combined_score": 0.5490901003310624,
    "best_sse": 3206.5931303209945,
    "weights": {
        "alpha": 0.47,
        "beta": 0.53,
        "gamma": 0.0
    },
    "total_runtime_sec": 1.564610481262207
}