{
    "n_trials": 31,
    "avg_iterations": 15.161290322580646,
    "median_iterations": 14.0,
    "avg_auc_delta": 13.03591569367441,
    "avg_geo_decay": 0.6670909833480481,
    "best_k": 33,
    "best_combined_score": 0.5098956626054363,
    "best_sse": 1643.9255321995086,
    "total_runtime_sec": 8.960551500320435
}