{
    "n_trials": 31,
    "avg_iterations": 13.548387096774194,
    "median_iterations": 12.0,
    "avg_auc_delta": 11.080448795700665,
    "avg_geo_decay": 0.6310903731645532,
    "best_k": 8,
    "best_combined_score": 0.5482034203064903,
    "best_sse": 2963.743004173898,
    "weights": {
        "alpha": 0.47,
        "beta": 0.53,
        "gamma": 0.0
    },
    "total_runtime_sec": 14.542165040969849
}