{
    "clean_state": "raw",
    "best_k": 45,
    "linkage": "single",
    "metric": "manhattan",
    "combined": 1.0614613391217715,
    "silhouette": 0.302868904670152,
    "davies_bouldin": 0.5494343159085109,
    "intra_dist_mean": 2.453422592630144,
    "inter_dist_mean": 4.443490455584581,
    "ratio_intra_inter": 0.5521385985078754,
    "n_merge_steps": 2409,
    "total_runtime_sec": 115.24923300743103
}