{
    "clean_state": "raw",
    "best_k": 5,
    "linkage": "single",
    "metric": "manhattan",
    "combined": 1.766336169923926,
    "silhouette": 0.4348685545784981,
    "davies_bouldin": 0.3228093414938642,
    "intra_dist_mean": 3.4170113296875044,
    "inter_dist_mean": 15.468880306022818,
    "ratio_intra_inter": 0.22089584133357526,
    "n_merge_steps": 2409,
    "h_max": 63.89960204975163,
    "total_runtime_sec": 131.73919701576233
}