{
    "n_trials": 31,
    "avg_iterations": 10.870967741935484,
    "median_iterations": 10.0,
    "avg_auc_delta": 9.564725805796181,
    "avg_geo_decay": 0.5969396390815249,
    "best_k": 45,
    "best_combined_score": 0.5847274937830443,
    "best_sse": 1548.747686911587,
    "weights": {
        "alpha": 0.47,
        "beta": 0.53,
        "gamma": 0.0
    },
    "total_runtime_sec": 82.2575569152832
}