{
    "n_trials": 31,
    "avg_iterations": 14.129032258064516,
    "median_iterations": 12.0,
    "avg_auc_delta": 10.071555154411305,
    "avg_geo_decay": 0.6853100698403966,
    "best_k": 34,
    "best_combined_score": 0.5584258484049864,
    "best_sse": 1342.2753965799714,
    "weights": {
        "alpha": 0.47,
        "beta": 0.53,
        "gamma": 0.0
    },
    "total_runtime_sec": 8.337287187576294
}