{
    "n_trials": 31,
    "avg_iterations": 13.96774193548387,
    "median_iterations": 14.0,
    "avg_auc_delta": 10.353818317317693,
    "avg_geo_decay": 0.6541022881627179,
    "best_k": 44,
    "best_combined_score": 0.5890844525616792,
    "best_sse": 1414.8043129014964,
    "weights": {
        "alpha": 0.47,
        "beta": 0.53,
        "gamma": 0.0
    },
    "total_runtime_sec": 8.916897296905518
}