{
    "clean_state": "raw",
    "best_k": 5,
    "linkage": "single",
    "metric": "manhattan",
    "combined": 2.3434138743074917,
    "silhouette": 0.5711385654005436,
    "davies_bouldin": 0.24297267249393673,
    "intra_dist_mean": 2.95159406139996,
    "inter_dist_mean": 9.720551918546727,
    "ratio_intra_inter": 0.30364469899780494,
    "n_merge_steps": 110,
    "total_runtime_sec": 1.1221816539764404
}