{
    "clean_state": "raw",
    "best_k": 9,
    "linkage": "ward",
    "metric": "euclidean",
    "combined": 0.72634051491282,
    "silhouette": 0.6124328458734106,
    "davies_bouldin": 0.4977258702241001,
    "sse": 107.11772325059492,
    "weights": {
        "alpha": 0.47,
        "beta": 0.53,
        "gamma": 0.0
    },
    "intra_dist_mean": 0.966265458904914,
    "inter_dist_mean": 4.104951884680152,
    "ratio_intra_inter": 0.23539020335678493,
    "n_merge_steps": 109,
    "h_max": 16.153422321789183,
    "total_runtime_sec": 1.16683030128479
}