{
    "n_trials": 31,
    "avg_iterations": 12.387096774193548,
    "median_iterations": 11.0,
    "avg_auc_delta": 10.889430604953738,
    "avg_geo_decay": 0.6507394008685295,
    "best_k": 12,
    "best_combined_score": 0.52594775145694,
    "best_sse": 2622.600045727674,
    "weights": {
        "alpha": 0.47,
        "beta": 0.53,
        "gamma": 0.0
    },
    "total_runtime_sec": 3.1992862224578857
}