{
    "n_trials": 30,
    "avg_iterations": 7.1,
    "median_iterations": 7.0,
    "avg_auc_delta": 7.340675807182139,
    "avg_geo_decay": 0.46694152479858875,
    "best_k": 31,
    "best_combined_score": 0.5677924687638699,
    "best_sse": 1533.5217151911497,
    "weights": {
        "alpha": 0.47,
        "beta": 0.53,
        "gamma": 0.0
    },
    "total_runtime_sec": 4.409988641738892
}