{
    "clean_state": "raw",
    "best_k": 8,
    "best_cov_type": "tied",
    "best_combined": 0.6815372045736598,
    "best_silhouette": 0.2989704466536356,
    "best_db": 0.9397578011612144,
    "n_iter_final": 1,
    "ll_curve_final": [
        -9.093619919549582,
        -9.04441864801015,
        -9.021698162621206,
        -9.010974104458054,
        -9.006074372105191,
        -9.001640333161925,
        -8.997178143582392,
        -8.992542453068138,
        -8.987553916088757,
        -8.981710923776197,
        -8.973187261903098,
        -8.95187045404435,
        -8.822116879119992,
        -7.76951590603635,
        -7.692217133564004,
        -7.69207944474554
    ],
    "total_runtime_sec": 69.6836314201355
}