{
    "n_trials": 31,
    "avg_iterations": 17.612903225806452,
    "median_iterations": 17.0,
    "avg_auc_delta": 14.315023810020861,
    "avg_geo_decay": 0.7099875641876986,
    "best_k": 45,
    "best_combined_score": 0.5569273052582844,
    "best_sse": 2408.555809100455,
    "weights": {
        "alpha": 0.47,
        "beta": 0.53,
        "gamma": 0.0
    },
    "total_runtime_sec": 461.0492572784424
}