{
    "clean_state": "raw",
    "best_k": 30,
    "best_cov_type": "tied",
    "best_combined": 0.5078513663994033,
    "best_silhouette": 0.20718433603514114,
    "best_db": 1.2460539493808556,
    "best_sse": 2002.6623614570126,
    "weights": {
        "alpha": 0.47,
        "beta": 0.53,
        "gamma": 0.0
    },
    "n_iter_final": 1,
    "ll_curve_final": [
        -7.034629229846632,
        -6.919323039509196,
        -6.855736358837158,
        -6.8414124066187165,
        -6.834538045341941,
        -6.829923448563464,
        -6.8259173879598345,
        -6.823001139448439,
        -6.821310307993425,
        -6.820182134244441,
        -6.819257229659089
    ],
    "total_runtime_sec": 19.41316819190979
}