{
    "clean_state": "raw",
    "best_k": 5,
    "best_cov_type": "spherical",
    "best_combined": 0.4210054999013949,
    "best_silhouette": 0.11568070360165576,
    "best_db": 1.3767840956520996,
    "n_iter_final": 1,
    "ll_curve_final": [
        -20.581900339528595,
        -20.57868294050774,
        -20.576975607115067,
        -20.575256627685683,
        -20.572703363953487,
        -20.56771825623866,
        -20.557295310802633,
        -20.54347852757468,
        -20.538440625486867,
        -20.537281291201598,
        -20.535320239460752,
        -20.531343226730094,
        -20.526543953115816,
        -20.524854477562513,
        -20.5247349821716
    ],
    "total_runtime_sec": 0.46294069290161133
}