{
    "clean_state": "raw",
    "best_k": 15,
    "best_cov_type": "tied",
    "best_combined": 0.46157738267165155,
    "best_silhouette": 0.19203661567695504,
    "best_db": 1.367767987234838,
    "n_iter_final": 1,
    "ll_curve_final": [
        12.059962010265947,
        12.288548942541032,
        12.352375739072887,
        12.491514667601674,
        12.92922840488335,
        13.028535489067247,
        13.079655094771006,
        13.080063467246399
    ],
    "total_runtime_sec": 8.221728086471558
}