{
    "clean_state": "raw",
    "best_k": 47,
    "best_cov_type": "tied",
    "best_combined": 0.6300173692296099,
    "best_silhouette": 0.43267627533596836,
    "best_db": 0.7568737765287057,
    "best_sse": 1014.4198918073346,
    "weights": {
        "alpha": 0.47,
        "beta": 0.53,
        "gamma": 0.0
    },
    "n_iter_final": 1,
    "ll_curve_final": [
        -2.9040813353206536,
        -2.8297423598820686,
        -2.8090176172612313,
        -2.8004915603626537,
        -2.7971988269321475,
        -2.794300350784292,
        -2.791099762190991,
        -2.7894655417708325,
        -2.7886609080043
    ],
    "total_runtime_sec": 29.819122076034546
}