{
    "clean_state": "raw",
    "best_k": 6,
    "linkage": "single",
    "metric": "euclidean",
    "combined": 0.7875487907631128,
    "silhouette": 0.564855350216257,
    "davies_bouldin": 0.26239264368028886,
    "sse": 6836.621717489653,
    "weights": {
        "alpha": 0.47,
        "beta": 0.53,
        "gamma": 0.0
    },
    "intra_dist_mean": 3.3098608216513,
    "inter_dist_mean": 10.57844546625864,
    "ratio_intra_inter": 0.3128872604399417,
    "n_merge_steps": 1000,
    "h_max": 6.0834516294711065,
    "total_runtime_sec": 23.236130714416504
}