{
    "clean_state": "raw",
    "best_k": 8,
    "linkage": "single",
    "metric": "manhattan",
    "combined": 1.5493185510220178,
    "silhouette": 0.5528469558661924,
    "davies_bouldin": 0.392805354165332,
    "intra_dist_mean": 2.483521748983374,
    "inter_dist_mean": 6.3984374019870165,
    "ratio_intra_inter": 0.3881450411957981,
    "n_merge_steps": 2075,
    "h_max": 6.45327508176711,
    "total_runtime_sec": 95.56322908401489
}