{
    "n_trials": 31,
    "avg_iterations": 9.258064516129032,
    "median_iterations": 9.0,
    "avg_auc_delta": 11.500571438015806,
    "avg_geo_decay": 0.5770914804176066,
    "best_k": 28,
    "best_combined_score": 0.5534559576595887,
    "best_sse": 1802.791305397373,
    "weights": {
        "alpha": 0.47,
        "beta": 0.53,
        "gamma": 0.0
    },
    "total_runtime_sec": 7.604969501495361
}