{
    "core_count": 1514,
    "border_count": 10,
    "noise_count": 1,
    "noise_ratio": 0.0006557377049180328,
    "neighbor_hist": [
        0,
        0,
        0,
        2,
        1,
        1,
        3,
        0,
        3,
        1,
        1,
        0,
        1,
        1,
        3,
        0,
        1,
        1,
        0,
        2,
        1,
        2,
        0,
        6,
        1,
        6,
        19,
        6,
        5,
        3,
        6,
        7,
        2,
        18,
        13,
        5,
        15,
        13,
        5,
        6,
        0,
        1,
        2,
        0,
        1,
        0,
        0,
        0,
        0,
        1361
    ],
    "combined_score": 0.7737853643927799,
    "silhouette": 0.6681623831866899,
    "davies_bouldin": 0.3751957318227121,
    "sse": 3327.0129392788344,
    "weights": {
        "alpha": 0.47,
        "beta": 0.53,
        "gamma": 0.0
    }
}