{
    "n_trials": 31,
    "avg_iterations": 15.806451612903226,
    "median_iterations": 15.0,
    "avg_auc_delta": 12.150305236584757,
    "avg_geo_decay": 0.7078637794951783,
    "best_k": 46,
    "best_combined_score": 0.5525382245527419,
    "best_sse": 2414.0837340651715,
    "weights": {
        "alpha": 0.47,
        "beta": 0.53,
        "gamma": 0.0
    },
    "total_runtime_sec": 11.152839422225952
}