{
    "n_trials": 31,
    "avg_iterations": 11.32258064516129,
    "median_iterations": 12.0,
    "avg_auc_delta": 8.808193424018931,
    "avg_geo_decay": 0.5567914137619413,
    "best_k": 30,
    "best_combined_score": 0.8781798503600473,
    "best_sse": 512.0434603191472,
    "total_runtime_sec": 6.3222668170928955
}