{
    "n_trials": 30,
    "avg_iterations": 10.666666666666666,
    "median_iterations": 13.0,
    "avg_auc_delta": 5.984918385803878,
    "avg_geo_decay": 0.5476476042164266,
    "best_k": 30,
    "best_combined_score": 0.9313349639012181,
    "best_sse": 473.1164263416401,
    "total_runtime_sec": 1.2988917827606201
}