{
    "clean_state": "raw",
    "best_k": 22,
    "best_cov_type": "tied",
    "best_combined": 0.5109632165811702,
    "best_silhouette": 0.19096536453955498,
    "best_db": 1.2034195437393895,
    "best_sse": 6277.352465737807,
    "weights": {
        "alpha": 0.47,
        "beta": 0.53,
        "gamma": 0.0
    },
    "n_iter_final": 1,
    "ll_curve_final": [
        -9.096194377945597,
        -2.570510973969589,
        1.8189796465948669,
        1.8367193506091288,
        1.8756358440833418,
        1.927299469312382,
        1.9344213752997494,
        1.9349452438070012
    ],
    "total_runtime_sec": 14.930529356002808
}