{
    "clean_state": "raw",
    "best_k": 10,
    "best_cov_type": "spherical",
    "best_combined": 0.6743019721066144,
    "best_silhouette": 0.2657106488487377,
    "best_db": 0.9234520190314873,
    "n_iter_final": 1,
    "ll_curve_final": [
        -7.033382584944039,
        -6.918570880343174,
        -6.890138022839378,
        -6.879368904383584,
        -6.875876524821011,
        -6.87453110770638,
        -6.873871371808273
    ],
    "total_runtime_sec": 8.588975429534912
}