{
    "core_count": 895,
    "border_count": 2,
    "noise_count": 103,
    "noise_ratio": 0.103,
    "neighbor_hist": [
        0,
        43,
        26,
        31,
        5,
        5,
        19,
        11,
        11,
        9,
        10,
        22,
        12,
        0,
        29,
        60,
        0,
        17,
        0,
        19,
        0,
        0,
        0,
        0,
        0,
        0,
        26,
        54,
        28,
        0,
        30,
        0,
        0,
        0,
        34,
        0,
        0,
        0,
        0,
        0,
        0,
        0,
        0,
        0,
        0,
        0,
        46,
        0,
        0,
        453
    ],
    "combined_score": 0.5457666842785025,
    "silhouette": 0.713710083989464,
    "davies_bouldin": 1.4222024210685895,
    "sse": 111.43740376157433,
    "weights": {
        "alpha": 0.47,
        "beta": 0.53,
        "gamma": 0.0
    }
}