{
    "n_trials": 31,
    "avg_iterations": 14.35483870967742,
    "median_iterations": 12.0,
    "avg_auc_delta": 11.168462631817535,
    "avg_geo_decay": 0.622828957230881,
    "best_k": 8,
    "best_combined_score": 0.5351150933469161,
    "best_sse": 2700.018587645988,
    "weights": {
        "alpha": 0.47,
        "beta": 0.53,
        "gamma": 0.0
    },
    "total_runtime_sec": 4.120307922363281
}