{
    "n_trials": 31,
    "avg_iterations": 3.7096774193548385,
    "median_iterations": 2.0,
    "avg_auc_delta": 2.7988540072969874,
    "avg_geo_decay": 0.26901031706208955,
    "best_k": 10,
    "best_combined_score": 0.8210816528810945,
    "best_sse": 52.7226668413796,
    "weights": {
        "alpha": 0.47,
        "beta": 0.53,
        "gamma": 0.0
    },
    "total_runtime_sec": 1.911423921585083
}