{
    "n_trials": 31,
    "avg_iterations": 12.096774193548388,
    "median_iterations": 12.0,
    "avg_auc_delta": 20.725664102127745,
    "avg_geo_decay": 0.6204808999358172,
    "best_k": 15,
    "best_combined_score": 0.48405684144690003,
    "best_sse": 9529.539427486934,
    "weights": {
        "alpha": 0.47,
        "beta": 0.53,
        "gamma": 0.0
    },
    "total_runtime_sec": 6.420480728149414
}