{
    "n_trials": 31,
    "avg_iterations": 5.064516129032258,
    "median_iterations": 5.0,
    "avg_auc_delta": 11.793590344814366,
    "avg_geo_decay": 0.8229148678787808,
    "best_k": 9,
    "best_combined_score": 0.7133162384067874,
    "best_sse": 156.12852627747023,
    "weights": {
        "alpha": 0.47,
        "beta": 0.53,
        "gamma": 0.0
    },
    "total_runtime_sec": 0.33673596382141113
}