{
    "n_trials": 30,
    "avg_iterations": 13.433333333333334,
    "median_iterations": 13.0,
    "avg_auc_delta": 17.211285844212522,
    "avg_geo_decay": 0.6878947158563938,
    "best_k": 31,
    "best_combined_score": 0.32168725933811504,
    "best_sse": 7630.410471677831,
    "total_runtime_sec": 1.9782533645629883
}