{
    "n_trials": 30,
    "avg_iterations": 10.9,
    "median_iterations": 10.0,
    "avg_auc_delta": 5.829142024100635,
    "avg_geo_decay": 0.5832697417018798,
    "best_k": 48,
    "best_combined_score": 0.5912938842726889,
    "best_sse": 1488.2070474123345,
    "weights": {
        "alpha": 0.47,
        "beta": 0.53,
        "gamma": 0.0
    },
    "total_runtime_sec": 9.812685012817383
}