{
    "n_trials": 31,
    "avg_iterations": 9.419354838709678,
    "median_iterations": 9.0,
    "avg_auc_delta": 10.958666560265511,
    "avg_geo_decay": 0.6234092747961169,
    "best_k": 16,
    "best_combined_score": 0.5194105487966527,
    "best_sse": 1225.7925559937366,
    "weights": {
        "alpha": 0.47,
        "beta": 0.53,
        "gamma": 0.0
    },
    "total_runtime_sec": 17.535684823989868
}