{
    "n_trials": 31,
    "avg_iterations": 5.645161290322581,
    "median_iterations": 5.0,
    "avg_auc_delta": 4.86632007468482,
    "avg_geo_decay": 0.3685632317208932,
    "best_k": 14,
    "best_combined_score": 0.7012120163359876,
    "best_sse": 234.12775902258602,
    "weights": {
        "alpha": 0.47,
        "beta": 0.53,
        "gamma": 0.0
    },
    "total_runtime_sec": 3.038893222808838
}