{
    "clean_state": "raw",
    "best_k": 12,
    "best_cov_type": "tied",
    "best_combined": 0.7720747513504895,
    "best_silhouette": 0.6737866118275663,
    "best_db": 0.38417078302976404,
    "best_sse": 48.677511247474364,
    "weights": {
        "alpha": 0.47,
        "beta": 0.53,
        "gamma": 0.0
    },
    "n_iter_final": 1,
    "ll_curve_final": [
        25.153463030093977,
        25.159582425099188,
        25.160113200643394
    ],
    "total_runtime_sec": 1.442455530166626
}