{
    "clean_state": "raw",
    "best_k": 15,
    "best_cov_type": "tied",
    "best_combined": 1.5604898600869688,
    "best_silhouette": 0.722885919628254,
    "best_db": 0.4169978671278209,
    "n_iter_final": 1,
    "ll_curve_final": [
        21.861544356658076,
        21.8981638870592,
        22.008924753472414,
        22.1617722270736,
        22.220564106302636,
        22.220565756746392
    ],
    "total_runtime_sec": 1.8312263488769531
}