{
    "n_trials": 20,
    "avg_iterations": 3.0,
    "median_iterations": 3.0,
    "avg_auc_delta": 3.5501227102682926,
    "avg_geo_decay": 0.11573900821091845,
    "best_k": 9,
    "best_combined_score": 1.199051315835786,
    "best_sse": 130.64643791688496,
    "total_runtime_sec": 0.07873249053955078
}