{
    "n_trials": 30,
    "avg_iterations": 3.3,
    "median_iterations": 3.0,
    "avg_auc_delta": 3.080270258766099,
    "avg_geo_decay": 0.15596280174831995,
    "best_k": 15,
    "best_combined_score": 0.7730472567784735,
    "best_sse": 117.30705490823877,
    "weights": {
        "alpha": 0.47,
        "beta": 0.53,
        "gamma": 0.0
    },
    "total_runtime_sec": 0.43398022651672363
}