{
    "n_trials": 31,
    "avg_iterations": 4.935483870967742,
    "median_iterations": 4.0,
    "avg_auc_delta": 5.764489267621241,
    "avg_geo_decay": 0.41272925402567395,
    "best_k": 9,
    "best_combined_score": 1.2171581445825022,
    "best_sse": 153.6577515766717,
    "total_runtime_sec": 1.1246347427368164
}