{
    "clean_state": "raw",
    "best_k": 8,
    "linkage": "single",
    "metric": "euclidean",
    "combined": 1.205615735198103,
    "silhouette": 0.284417291236914,
    "davies_bouldin": 0.4701868220548021,
    "intra_dist_mean": 5.39545883059194,
    "inter_dist_mean": 9.004328608531855,
    "ratio_intra_inter": 0.5992072330055781,
    "n_merge_steps": 153,
    "h_max": 8.048891725447481,
    "total_runtime_sec": 0.8809704780578613
}