{
    "clean_state": "raw",
    "best_k": 6,
    "linkage": "single",
    "metric": "euclidean",
    "combined": 0.59293425783201,
    "silhouette": 0.10259469569134075,
    "davies_bouldin": 0.5735719461140725,
    "sse": 5317.832347639685,
    "weights": {
        "alpha": 0.47,
        "beta": 0.53,
        "gamma": 0.0
    },
    "intra_dist_mean": 3.271923886193538,
    "inter_dist_mean": 4.773823353991324,
    "ratio_intra_inter": 0.6853885541150667,
    "n_merge_steps": 900,
    "h_max": 2.261848022643173,
    "total_runtime_sec": 18.92875385284424
}