{
    "n_trials": 31,
    "avg_iterations": 7.064516129032258,
    "median_iterations": 7.0,
    "avg_auc_delta": 12.515899335521404,
    "avg_geo_decay": 0.7535067745143113,
    "best_k": 15,
    "best_combined_score": 0.66140289738028,
    "best_sse": 405.8626610055962,
    "weights": {
        "alpha": 0.47,
        "beta": 0.53,
        "gamma": 0.0
    },
    "total_runtime_sec": 0.5300538539886475
}