{
    "clean_state": "raw",
    "best_k": 8,
    "best_cov_type": "tied",
    "best_combined": 0.5787360221736096,
    "best_silhouette": 0.3344161036679963,
    "best_db": 0.9310859494719267,
    "best_sse": 1626.7952339380454,
    "weights": {
        "alpha": 0.47,
        "beta": 0.53,
        "gamma": 0.0
    },
    "n_iter_final": 1,
    "ll_curve_final": [
        -5.22359976619006,
        -5.164912714554757,
        -5.1202391089754915,
        -5.093094599568862,
        -5.075674696182788,
        -5.060909906062015,
        -5.043399456146822,
        -5.018116778926069,
        -4.990925841510812,
        -4.976466987608415,
        -4.971537370799677,
        -4.970625495265542
    ],
    "total_runtime_sec": 7.625328540802002
}