{
    "clean_state": "raw",
    "best_k": 22,
    "best_cov_type": "tied",
    "best_combined": 0.5356451552537179,
    "best_silhouette": 0.24094221657380646,
    "best_db": 1.2043141994373399,
    "n_iter_final": 1,
    "ll_curve_final": [
        -9.790891979742513,
        -9.653319304943581,
        -9.61617478899649,
        -9.499928009946823,
        -9.424933500865095,
        -9.35847776682995,
        -9.322534349409834,
        -9.316807128676318,
        -9.316298304576607
    ],
    "total_runtime_sec": 14.612260818481445
}