{
    "clean_state": "raw",
    "best_k": 35,
    "best_cov_type": "tied",
    "best_combined": 0.7530365897727185,
    "best_silhouette": 0.8636222517316932,
    "best_db": 0.5538918056164078,
    "best_sse": 428.05544633284586,
    "weights": {
        "alpha": 0.47,
        "beta": 0.53,
        "gamma": 0.0
    },
    "n_iter_final": 1,
    "ll_curve_final": [
        0.9620409447735676,
        2.2278274845117467,
        2.7925373849305437,
        2.8211696017972914,
        2.8211696043585666
    ],
    "total_runtime_sec": 16.776643753051758
}