{
    "clean_state": "raw",
    "best_k": 14,
    "best_cov_type": "full",
    "best_combined": 0.487568775073058,
    "best_silhouette": 0.2214793653009667,
    "best_db": 1.3268614606838847,
    "n_iter_final": 1,
    "ll_curve_final": [
        27.292644872628188,
        27.628779584903363,
        28.1759213887159,
        28.219333640670072,
        28.245661866960578,
        28.260026100219694,
        28.28612255065025,
        28.297665411159613,
        28.29766541516929
    ],
    "total_runtime_sec": 19.955143928527832
}