{
    "n_trials": 31,
    "avg_iterations": 19.35483870967742,
    "median_iterations": 19.0,
    "avg_auc_delta": 14.161972235283246,
    "avg_geo_decay": 0.7462158895179613,
    "best_k": 35,
    "best_combined_score": 0.5097814989803077,
    "best_sse": 2127.2678877692533,
    "weights": {
        "alpha": 0.47,
        "beta": 0.53,
        "gamma": 0.0
    },
    "total_runtime_sec": 8.79509973526001
}