{
    "n_trials": 31,
    "avg_iterations": 7.516129032258065,
    "median_iterations": 7.0,
    "avg_auc_delta": 11.278190584282184,
    "avg_geo_decay": 0.5314871932039429,
    "best_k": 30,
    "best_combined_score": 0.6307964921696014,
    "best_sse": 2158.115599533716,
    "total_runtime_sec": 8.601570844650269
}