{
    "n_trials": 30,
    "avg_iterations": 5.333333333333333,
    "median_iterations": 4.0,
    "avg_auc_delta": 6.730257801885977,
    "avg_geo_decay": 0.3547910140032337,
    "best_k": 31,
    "best_combined_score": 0.5964792972770143,
    "best_sse": 1706.7087553720985,
    "weights": {
        "alpha": 0.47,
        "beta": 0.53,
        "gamma": 0.0
    },
    "total_runtime_sec": 1.5424375534057617
}