{
    "clean_state": "raw",
    "best_k": 5,
    "linkage": "single",
    "metric": "euclidean",
    "combined": 2.2415057608493534,
    "silhouette": 0.559033702735513,
    "davies_bouldin": 0.25484343850450797,
    "intra_dist_mean": 3.20018364999962,
    "inter_dist_mean": 11.971800690335254,
    "ratio_intra_inter": 0.26731013427101546,
    "n_merge_steps": 660,
    "h_max": 25.667263581126154,
    "total_runtime_sec": 5.830436944961548
}