{
    "clean_state": "raw",
    "best_k": 5,
    "linkage": "single",
    "metric": "manhattan",
    "combined": 2.2415056725768006,
    "silhouette": 0.5590337027354698,
    "davies_bouldin": 0.25484344997025904,
    "intra_dist_mean": 3.200183649999916,
    "inter_dist_mean": 11.971800690335254,
    "ratio_intra_inter": 0.2673101342710402,
    "n_merge_steps": 660,
    "total_runtime_sec": 15.487507104873657
}