{
    "clean_state": "raw",
    "best_k": 11,
    "best_cov_type": "tied",
    "best_combined": 0.5529620727354423,
    "best_silhouette": 0.28443186477552923,
    "best_db": 1.0313230521875658,
    "best_sse": 1019.3111077392756,
    "weights": {
        "alpha": 0.47,
        "beta": 0.53,
        "gamma": 0.0
    },
    "n_iter_final": 1,
    "ll_curve_final": [
        -8.649008037681234,
        -8.577956878277085,
        -8.550856310961963,
        -8.536630039237712,
        -8.520972930039063,
        -8.505010379682515,
        -8.498232989106143,
        -8.488990095246452,
        -8.374570462847279,
        -8.256376822368095,
        -8.251897830985044,
        -8.249811819843991,
        -8.248991021809886
    ],
    "total_runtime_sec": 4.7355382442474365
}