{
    "n_trials": 31,
    "avg_iterations": 3.2580645161290325,
    "median_iterations": 3.0,
    "avg_auc_delta": 3.2152617168419857,
    "avg_geo_decay": 0.23301042755271545,
    "best_k": 8,
    "best_combined_score": 0.741900311062151,
    "best_sse": 90.01132533319266,
    "weights": {
        "alpha": 0.47,
        "beta": 0.53,
        "gamma": 0.0
    },
    "total_runtime_sec": 1.4667298793792725
}