{
    "n_trials": 31,
    "avg_iterations": 5.67741935483871,
    "median_iterations": 5.0,
    "avg_auc_delta": 6.07658877970166,
    "avg_geo_decay": 0.20071646540276716,
    "best_k": 42,
    "best_combined_score": 0.5893810432843285,
    "best_sse": 1885.2778022630073,
    "weights": {
        "alpha": 0.47,
        "beta": 0.53,
        "gamma": 0.0
    },
    "total_runtime_sec": 43.23650598526001
}