{
    "n_trials": 31,
    "avg_iterations": 9.67741935483871,
    "median_iterations": 8.0,
    "avg_auc_delta": 11.578614569009595,
    "avg_geo_decay": 0.6785286126217999,
    "best_k": 6,
    "best_combined_score": 0.5338947793495327,
    "best_sse": 9524.772045081705,
    "weights": {
        "alpha": 0.47,
        "beta": 0.53,
        "gamma": 0.0
    },
    "total_runtime_sec": 70.98027920722961
}