{
    "core_count": 412,
    "border_count": 23,
    "noise_count": 45,
    "noise_ratio": 0.09375,
    "neighbor_hist": [
        0,
        21,
        16,
        14,
        17,
        9,
        10,
        13,
        11,
        6,
        7,
        2,
        1,
        6,
        4,
        2,
        4,
        0,
        3,
        10,
        3,
        3,
        5,
        2,
        3,
        2,
        8,
        3,
        4,
        1,
        3,
        2,
        4,
        7,
        6,
        6,
        5,
        7,
        4,
        8,
        6,
        6,
        3,
        4,
        0,
        0,
        2,
        0,
        1,
        216
    ],
    "combined_score": 0.38838892681929965,
    "silhouette": 0.029805097784521298,
    "davies_bouldin": 2.1357445576059866,
    "sse": 2165.5590127325486,
    "weights": {
        "alpha": 0.47,
        "beta": 0.53,
        "gamma": 0.0
    }
}