{
    "n_trials": 31,
    "avg_iterations": 6.354838709677419,
    "median_iterations": 6.0,
    "avg_auc_delta": 4.96061836793301,
    "avg_geo_decay": 0.6038282469222908,
    "best_k": 45,
    "best_combined_score": 0.5993059784284134,
    "best_sse": 2051.3459620394174,
    "weights": {
        "alpha": 0.47,
        "beta": 0.53,
        "gamma": 0.0
    },
    "total_runtime_sec": 56.91934943199158
}