{
    "core_count": 511,
    "border_count": 75,
    "noise_count": 414,
    "noise_ratio": 0.414,
    "neighbor_hist": [
        0,
        215,
        112,
        84,
        78,
        53,
        30,
        40,
        36,
        33,
        35,
        29,
        25,
        13,
        16,
        15,
        15,
        11,
        14,
        5,
        11,
        7,
        5,
        2,
        2,
        2,
        4,
        2,
        7,
        5,
        6,
        4,
        10,
        11,
        7,
        13,
        5,
        4,
        2,
        0,
        2,
        4,
        9,
        0,
        0,
        5,
        0,
        0,
        2,
        10
    ],
    "combined_score": 0.4124389727773376,
    "silhouette": -0.0005572868271726623,
    "davies_bouldin": 1.8001452634225164,
    "sse": 1514.7175024114017,
    "weights": {
        "alpha": 0.47,
        "beta": 0.53,
        "gamma": 0.0
    }
}