{
    "clean_state": "raw",
    "best_k": 20,
    "best_cov_type": "spherical",
    "best_combined": 0.4881607957859929,
    "best_silhouette": 0.18565507944523724,
    "best_db": 1.264755727810177,
    "n_iter_final": 1,
    "ll_curve_final": [
        -7.858387903002427,
        -7.811914678229423,
        -7.786976290643049,
        -7.768166934286925,
        -7.75735293019962,
        -7.7506162947617465,
        -7.744353190825549,
        -7.737668353262821,
        -7.730827110776082,
        -7.722999896538399,
        -7.716041287562155,
        -7.710549242432912,
        -7.70515034374167,
        -7.699646065546409,
        -7.694982553587762,
        -7.6910759967825495,
        -7.686845249100784,
        -7.681314261523744,
        -7.674728020818679,
        -7.667883923878832,
        -7.661024914639599,
        -7.653508825766918,
        -7.64352583693039,
        -7.628500411474414,
        -7.610072904012068,
        -7.595158194043755,
        -7.585687625860277,
        -7.579666900960036,
        -7.57566122292377,
        -7.572484872307073,
        -7.56950983700425,
        -7.566513460366916,
        -7.563439682955721,
        -7.560460325731178,
        -7.558029229130007,
        -7.556278113830524,
        -7.555074364364317,
        -7.554251933074332
    ],
    "total_runtime_sec": 7.883252143859863
}