{
    "clean_state": "raw",
    "best_k": 6,
    "best_cov_type": "diag",
    "best_combined": 0.5537906727179978,
    "best_silhouette": 0.29061942627990583,
    "best_db": 1.0328377370821615,
    "best_sse": 2757.5470908156904,
    "weights": {
        "alpha": 0.47,
        "beta": 0.53,
        "gamma": 0.0
    },
    "n_iter_final": 1,
    "ll_curve_final": [
        -5.048579406242059,
        -5.048579406243429
    ],
    "total_runtime_sec": 1.8197212219238281
}