{
    "clean_state": "raw",
    "best_k": 45,
    "linkage": "single",
    "metric": "euclidean",
    "combined": 1.4350925735381637,
    "silhouette": 0.3988055479246007,
    "davies_bouldin": 0.404632295396158,
    "intra_dist_mean": 1.80011695078497,
    "inter_dist_mean": 3.980076757386519,
    "ratio_intra_inter": 0.45228196854337754,
    "n_merge_steps": 2085,
    "total_runtime_sec": 103.64491868019104
}