{
    "n_trials": 31,
    "avg_iterations": 11.580645161290322,
    "median_iterations": 11.0,
    "avg_auc_delta": 7.200414514418884,
    "avg_geo_decay": 0.6326291431936003,
    "best_k": 48,
    "best_combined_score": 0.8278511798276968,
    "best_sse": 816.7982762373472,
    "total_runtime_sec": 9.035814046859741
}