{
    "n_trials": 30,
    "avg_iterations": 10.666666666666666,
    "median_iterations": 9.5,
    "avg_auc_delta": 5.144512644012562,
    "avg_geo_decay": 0.5838549740500156,
    "best_k": 48,
    "best_combined_score": 0.881566511179678,
    "best_sse": 798.8347718775753,
    "total_runtime_sec": 3.9456326961517334
}