{
    "centroid_movements": [
        1.5367897552427253e-15
    ],
    "sse_list": [
        1019.7081168464938,
        1019.7081168464939
    ],
    "final_iteration": 2
}