{
    "n_trials": 30,
    "avg_iterations": 12.966666666666667,
    "median_iterations": 12.0,
    "avg_auc_delta": 6.7114419861072285,
    "avg_geo_decay": 0.6058283182212019,
    "best_k": 8,
    "best_combined_score": 0.5520892940257425,
    "best_sse": 4023.0482173374958,
    "weights": {
        "alpha": 0.47,
        "beta": 0.53,
        "gamma": 0.0
    },
    "total_runtime_sec": 11.334884643554688
}