{
    "n_trials": 30,
    "avg_iterations": 17.3,
    "median_iterations": 16.5,
    "avg_auc_delta": 18.51840070198997,
    "avg_geo_decay": 0.7615441394490298,
    "best_k": 31,
    "best_combined_score": 0.3038716459649028,
    "best_sse": 8138.904409478485,
    "total_runtime_sec": 2.30237078666687
}