{
    "n_trials": 31,
    "avg_iterations": 15.483870967741936,
    "median_iterations": 16.0,
    "avg_auc_delta": 23.698114258141615,
    "avg_geo_decay": 0.7056456534824491,
    "best_k": 31,
    "best_combined_score": 0.29724508828068824,
    "best_sse": 8298.855032098189,
    "total_runtime_sec": 11.260850191116333
}