{
    "n_trials": 31,
    "avg_iterations": 7.258064516129032,
    "median_iterations": 7.0,
    "avg_auc_delta": 4.961545768969977,
    "avg_geo_decay": 0.36611651706367276,
    "best_k": 48,
    "best_combined_score": 0.7212198329879416,
    "best_sse": 184.11481386359236,
    "weights": {
        "alpha": 0.47,
        "beta": 0.53,
        "gamma": 0.0
    },
    "total_runtime_sec": 10.839120626449585
}