{
    "clean_state": "raw",
    "best_k": 29,
    "best_cov_type": "full",
    "best_combined": 0.5813427619607557,
    "best_silhouette": 0.2963136438887732,
    "best_db": 1.1542387547968571,
    "n_iter_final": 1,
    "ll_curve_final": [
        38.908648636476116,
        39.31200050161063,
        39.48862061728256,
        39.510818591096886,
        39.54507146172766,
        39.60112017346172,
        39.601157332708674
    ],
    "total_runtime_sec": 22.16546058654785
}