{
    "clean_state": "raw",
    "best_k": 9,
    "best_cov_type": "tied",
    "best_combined": 0.5779243198923464,
    "best_silhouette": 0.3992353638697106,
    "best_db": 0.9972356245252784,
    "best_sse": 4636.0122657828715,
    "weights": {
        "alpha": 0.47,
        "beta": 0.53,
        "gamma": 0.0
    },
    "n_iter_final": 1,
    "ll_curve_final": [
        -6.068197851333447,
        -5.986536343337074,
        -5.9389895257607135,
        -5.9270300494613934,
        -5.919096313462505,
        -5.9146852677944635,
        -5.898598185583569,
        -5.879742847930243,
        -5.874581499534231,
        -5.867952966391934,
        -5.843779164914736,
        -5.8171328746827875,
        -5.814558948832224,
        -5.814481509204787
    ],
    "total_runtime_sec": 37.13955760002136
}