{
    "clean_state": "raw",
    "best_k": 5,
    "linkage": "single",
    "metric": "euclidean",
    "combined": 2.124831349304566,
    "silhouette": 0.7129799565303576,
    "davies_bouldin": 0.2827508354374543,
    "intra_dist_mean": 3.81192728343607,
    "inter_dist_mean": 16.018486937822058,
    "ratio_intra_inter": 0.2379704961044291,
    "n_merge_steps": 999,
    "total_runtime_sec": 30.340537309646606
}