{
    "clean_state": "raw",
    "best_k": 14,
    "linkage": "single",
    "metric": "euclidean",
    "combined": 1.4811344742182322,
    "silhouette": 0.3289688829972497,
    "davies_bouldin": 0.37975163298877884,
    "intra_dist_mean": 3.199706560819334,
    "inter_dist_mean": 9.187332472012514,
    "ratio_intra_inter": 0.34827373131061623,
    "n_merge_steps": 1198,
    "h_max": 34.356966598865554,
    "total_runtime_sec": 27.83256483078003
}