{
    "clean_state": "raw",
    "best_k": 35,
    "best_cov_type": "tied",
    "best_combined": 0.6249945068533824,
    "best_silhouette": 0.5302094693937373,
    "best_db": 0.8598473199450498,
    "best_sse": 2444.6124553112877,
    "weights": {
        "alpha": 0.47,
        "beta": 0.53,
        "gamma": 0.0
    },
    "n_iter_final": 1,
    "ll_curve_final": [
        -1.209368047635684,
        2.9187798101394735,
        2.9576551790791985,
        2.973100359923553,
        2.9781169084423005,
        2.9842398210120744,
        2.98840667576466,
        2.989265642458127
    ],
    "total_runtime_sec": 34.92318820953369
}