{
    "clean_state": "raw",
    "best_k": 32,
    "best_cov_type": "diag",
    "best_combined": 1.2376356901194643,
    "best_silhouette": 0.6153564278775893,
    "best_db": 0.5376589928106146,
    "n_iter_final": 1,
    "ll_curve_final": [
        5.701245054968013,
        5.702840957732973,
        5.703018347016839
    ],
    "total_runtime_sec": 28.634966611862183
}