{
    "n_trials": 31,
    "avg_iterations": 4.838709677419355,
    "median_iterations": 4.0,
    "avg_auc_delta": 8.248881408500628,
    "avg_geo_decay": 0.4394094187581187,
    "best_k": 19,
    "best_combined_score": 0.492135561855647,
    "best_sse": 6623.263615282156,
    "weights": {
        "alpha": 0.47,
        "beta": 0.53,
        "gamma": 0.0
    },
    "total_runtime_sec": 4.046345949172974
}