{
    "clean_state": "raw",
    "best_k": 7,
    "linkage": "single",
    "metric": "manhattan",
    "combined": 1.5502343963045482,
    "silhouette": 0.4542237007106822,
    "davies_bouldin": 0.3778939460526692,
    "intra_dist_mean": 4.881928182136078,
    "inter_dist_mean": 13.21347779181238,
    "ratio_intra_inter": 0.3694658029516464,
    "n_merge_steps": 888,
    "total_runtime_sec": 27.331117391586304
}