{
    "n_trials": 31,
    "avg_iterations": 7.741935483870968,
    "median_iterations": 8.0,
    "avg_auc_delta": 8.910019201684932,
    "avg_geo_decay": 0.48816301598828293,
    "best_k": 9,
    "best_combined_score": 0.557948169444379,
    "best_sse": 2820.0063977204577,
    "weights": {
        "alpha": 0.47,
        "beta": 0.53,
        "gamma": 0.0
    },
    "total_runtime_sec": 5.221224546432495
}