{
    "core_count": 425,
    "border_count": 59,
    "noise_count": 516,
    "noise_ratio": 0.516,
    "neighbor_hist": [
        0,
        338,
        118,
        71,
        48,
        37,
        18,
        20,
        17,
        21,
        15,
        10,
        14,
        6,
        13,
        12,
        13,
        10,
        10,
        3,
        7,
        11,
        5,
        16,
        2,
        1,
        0,
        1,
        0,
        1,
        3,
        0,
        1,
        1,
        5,
        5,
        4,
        3,
        3,
        4,
        2,
        4,
        2,
        4,
        3,
        7,
        3,
        5,
        1,
        102
    ],
    "combined_score": 0.3953036996891721,
    "silhouette": -0.06651911692345074,
    "davies_bouldin": 1.8730507924656343,
    "sse": 1511.671784927504,
    "weights": {
        "alpha": 0.47,
        "beta": 0.53,
        "gamma": 0.0
    }
}