{
    "n_trials": 31,
    "avg_iterations": 7.838709677419355,
    "median_iterations": 7.0,
    "avg_auc_delta": 9.869543815108267,
    "avg_geo_decay": 0.573487948142847,
    "best_k": 9,
    "best_combined_score": 0.5505574869851407,
    "best_sse": 2545.5565837072704,
    "weights": {
        "alpha": 0.47,
        "beta": 0.53,
        "gamma": 0.0
    },
    "total_runtime_sec": 12.682013273239136
}