{
    "clean_state": "raw",
    "best_k": 19,
    "best_cov_type": "full",
    "best_combined": 0.5514408603882821,
    "best_silhouette": 0.28981693762127947,
    "best_db": 1.0465009384951476,
    "best_sse": 975.115955606901,
    "weights": {
        "alpha": 0.47,
        "beta": 0.53,
        "gamma": 0.0
    },
    "n_iter_final": 1,
    "ll_curve_final": [
        43.437839980240966,
        43.43784355486545
    ],
    "total_runtime_sec": 4.143256902694702
}