{
    "clean_state": "raw",
    "best_k": 13,
    "best_cov_type": "tied",
    "best_combined": 0.5504891305827505,
    "best_silhouette": 0.3172303097430787,
    "best_db": 1.081033456415383,
    "best_sse": 340.84639605468726,
    "weights": {
        "alpha": 0.47,
        "beta": 0.53,
        "gamma": 0.0
    },
    "n_iter_final": 1,
    "ll_curve_final": [
        -5.716747036626419,
        -5.55213491872555,
        -5.4819033935104375,
        -5.418822021277324,
        -5.390844434221361,
        -5.36643991402952,
        -5.315360386192503,
        -5.262394005027268,
        -5.250672499118823,
        -5.247212714323145,
        -5.246337595748919
    ],
    "total_runtime_sec": 3.4020493030548096
}