{
    "clean_state": "raw",
    "best_k": 5,
    "linkage": "single",
    "metric": "euclidean",
    "combined": 1.1541969673792236,
    "silhouette": 0.26509943760276244,
    "davies_bouldin": 0.4894057128779156,
    "intra_dist_mean": 3.2452687119503687,
    "inter_dist_mean": 5.285612079338025,
    "ratio_intra_inter": 0.6139816284732336,
    "n_merge_steps": 1274,
    "h_max": 2.323985724723792,
    "total_runtime_sec": 31.89298963546753
}