{
    "clean_state": "raw",
    "best_k": 5,
    "linkage": "single",
    "metric": "euclidean",
    "combined": 0.6826553180380458,
    "silhouette": 0.31236874985077756,
    "davies_bouldin": 0.41246414988275815,
    "sse": 2677.89051268591,
    "weights": {
        "alpha": 0.47,
        "beta": 0.53,
        "gamma": 0.0
    },
    "intra_dist_mean": 3.5173712128623724,
    "inter_dist_mean": 9.112272337874234,
    "ratio_intra_inter": 0.38600374115711955,
    "n_merge_steps": 390,
    "h_max": 10.346099327897306,
    "total_runtime_sec": 7.848987579345703
}