{
    "n_trials": 31,
    "avg_iterations": 12.64516129032258,
    "median_iterations": 11.0,
    "avg_auc_delta": 11.747937567898797,
    "avg_geo_decay": 0.585596216044679,
    "best_k": 9,
    "best_combined_score": 0.5368803367157874,
    "best_sse": 1995.9781080307348,
    "weights": {
        "alpha": 0.47,
        "beta": 0.53,
        "gamma": 0.0
    },
    "total_runtime_sec": 3.2091100215911865
}