{
    "core_count": 338,
    "border_count": 24,
    "noise_count": 26,
    "noise_ratio": 0.06701030927835051,
    "neighbor_hist": [
        0,
        15,
        6,
        17,
        12,
        9,
        16,
        11,
        8,
        5,
        6,
        8,
        8,
        10,
        6,
        5,
        7,
        8,
        8,
        3,
        3,
        4,
        3,
        12,
        2,
        4,
        1,
        3,
        4,
        5,
        8,
        7,
        5,
        2,
        3,
        2,
        3,
        2,
        4,
        5,
        3,
        1,
        2,
        3,
        4,
        2,
        3,
        4,
        3,
        113
    ],
    "combined_score": 0.41176512191432235,
    "silhouette": 0.2274596780496042,
    "davies_bouldin": 2.1372824619540345,
    "sse": 2048.976222392291,
    "weights": {
        "alpha": 0.47,
        "beta": 0.53,
        "gamma": 0.0
    }
}