{
    "n_trials": 31,
    "avg_iterations": 4.709677419354839,
    "median_iterations": 5.0,
    "avg_auc_delta": 6.224689030549508,
    "avg_geo_decay": 0.30517116010206397,
    "best_k": 25,
    "best_combined_score": 0.5033374994283698,
    "best_sse": 6772.332159789503,
    "weights": {
        "alpha": 0.47,
        "beta": 0.53,
        "gamma": 0.0
    },
    "total_runtime_sec": 4.512866020202637
}