{
    "clean_state": "raw",
    "best_k": 11,
    "linkage": "single",
    "metric": "manhattan",
    "combined": 2.3209649753834296,
    "silhouette": 0.6206342469281217,
    "davies_bouldin": 0.24867606703118048,
    "intra_dist_mean": 2.2097279427004546,
    "inter_dist_mean": 8.586051414468674,
    "ratio_intra_inter": 0.2573625332567311,
    "n_merge_steps": 300,
    "total_runtime_sec": 5.412235498428345
}