{
    "clean_state": "raw",
    "best_k": 6,
    "linkage": "single",
    "metric": "manhattan",
    "combined": 3.658225321480741,
    "silhouette": 0.7480921336113076,
    "davies_bouldin": 0.15224503939248785,
    "intra_dist_mean": 2.7410374594042186,
    "inter_dist_mean": 13.687171461015774,
    "ratio_intra_inter": 0.20026325141108417,
    "n_merge_steps": 300,
    "h_max": 17.097357486925347,
    "total_runtime_sec": 1.6841163635253906
}