{
    "n_trials": 31,
    "avg_iterations": 6.580645161290323,
    "median_iterations": 6.0,
    "avg_auc_delta": 7.012161298910774,
    "avg_geo_decay": 0.46119060939585904,
    "best_k": 17,
    "best_combined_score": 0.6771733150905106,
    "best_sse": 696.9359285208034,
    "weights": {
        "alpha": 0.47,
        "beta": 0.53,
        "gamma": 0.0
    },
    "total_runtime_sec": 2.410766363143921
}