{
    "core_count": 2328,
    "border_count": 7,
    "noise_count": 41,
    "noise_ratio": 0.017255892255892257,
    "neighbor_hist": [
        0,
        10,
        9,
        18,
        11,
        19,
        25,
        40,
        21,
        23,
        1,
        4,
        6,
        2,
        12,
        4,
        10,
        6,
        3,
        3,
        8,
        16,
        9,
        9,
        11,
        38,
        36,
        15,
        17,
        26,
        13,
        24,
        21,
        22,
        24,
        23,
        39,
        10,
        39,
        40,
        42,
        9,
        1,
        15,
        2,
        3,
        0,
        2,
        1,
        1634
    ],
    "combined_score": 0.6709418479027612,
    "silhouette": 0.8876202517605981,
    "davies_bouldin": 0.8725671995664585,
    "sse": 78.68204348488553,
    "weights": {
        "alpha": 0.47,
        "beta": 0.53,
        "gamma": 0.0
    }
}