{
    "n_trials": 31,
    "avg_iterations": 8.548387096774194,
    "median_iterations": 8.0,
    "avg_auc_delta": 10.132760606278774,
    "avg_geo_decay": 0.5162473725145035,
    "best_k": 20,
    "best_combined_score": 0.6090098874951441,
    "best_sse": 1101.897587281637,
    "weights": {
        "alpha": 0.47,
        "beta": 0.53,
        "gamma": 0.0
    },
    "total_runtime_sec": 3.9283618927001953
}