{
    "n_trials": 30,
    "avg_iterations": 11.033333333333333,
    "median_iterations": 11.0,
    "avg_auc_delta": 5.870629770446075,
    "avg_geo_decay": 0.5844577860671365,
    "best_k": 18,
    "best_combined_score": 0.6080775091325431,
    "best_sse": 861.0697314390345,
    "weights": {
        "alpha": 0.47,
        "beta": 0.53,
        "gamma": 0.0
    },
    "total_runtime_sec": 1.2736921310424805
}