{
    "n_trials": 30,
    "avg_iterations": 10.666666666666666,
    "median_iterations": 10.0,
    "avg_auc_delta": 5.217241110171815,
    "avg_geo_decay": 0.5452914341212426,
    "best_k": 30,
    "best_combined_score": 0.7755801466873946,
    "best_sse": 402.8719083572606,
    "total_runtime_sec": 1.2788646221160889
}