{
    "n_trials": 31,
    "avg_iterations": 8.838709677419354,
    "median_iterations": 8.0,
    "avg_auc_delta": 8.442490116354705,
    "avg_geo_decay": 0.519466101359043,
    "best_k": 30,
    "best_combined_score": 0.7319156337589001,
    "best_sse": 477.533399237085,
    "total_runtime_sec": 4.944958448410034
}