{
    "core_count": 151,
    "border_count": 38,
    "noise_count": 208,
    "noise_ratio": 0.5239294710327456,
    "neighbor_hist": [
        0,
        132,
        60,
        22,
        17,
        15,
        16,
        9,
        11,
        10,
        6,
        10,
        10,
        5,
        3,
        11,
        2,
        4,
        4,
        3,
        6,
        3,
        3,
        2,
        6,
        4,
        2,
        0,
        3,
        1,
        4,
        4,
        1,
        0,
        1,
        0,
        0,
        0,
        2,
        2,
        1,
        1,
        0,
        1
    ],
    "combined_score": 0.34159384598687464,
    "silhouette": -0.016193377572857194,
    "davies_bouldin": 2.7207186473825473,
    "sse": 701.7887600711754,
    "weights": {
        "alpha": 0.47,
        "beta": 0.53,
        "gamma": 0.0
    }
}