{
    "n_trials": 31,
    "avg_iterations": 9.870967741935484,
    "median_iterations": 9.0,
    "avg_auc_delta": 8.944573759153249,
    "avg_geo_decay": 0.5477352592007381,
    "best_k": 6,
    "best_combined_score": 0.5360023394876446,
    "best_sse": 2055.978345717742,
    "weights": {
        "alpha": 0.47,
        "beta": 0.53,
        "gamma": 0.0
    },
    "total_runtime_sec": 2.334346294403076
}