{
    "core_count": 66,
    "border_count": 133,
    "noise_count": 352,
    "noise_ratio": 0.6388384754990926,
    "neighbor_hist": [
        0,
        84,
        62,
        57,
        44,
        39,
        21,
        35,
        25,
        17,
        21,
        14,
        12,
        9,
        10,
        6,
        9,
        9,
        11,
        8,
        5,
        3,
        3,
        7,
        5,
        5,
        4,
        3,
        3,
        3,
        3,
        6,
        3,
        0,
        0,
        1,
        1,
        0,
        0,
        0,
        1,
        0,
        0,
        1,
        0,
        0,
        0,
        0,
        0,
        1
    ],
    "combined_score": 0.2983491546396639,
    "silhouette": -0.06388763680201194,
    "davies_bouldin": 3.4294803682556023,
    "sse": 879.7865181144781,
    "weights": {
        "alpha": 0.47,
        "beta": 0.53,
        "gamma": 0.0
    }
}