{
    "n_trials": 31,
    "avg_iterations": 4.548387096774194,
    "median_iterations": 4.0,
    "avg_auc_delta": 2.437161881058127,
    "avg_geo_decay": 0.29146547995079497,
    "best_k": 15,
    "best_combined_score": 0.4485167360003249,
    "best_sse": 3908.8774960021356,
    "weights": {
        "alpha": 0.47,
        "beta": 0.53,
        "gamma": 0.0
    },
    "total_runtime_sec": 0.805628776550293
}