{
    "clean_state": "raw",
    "best_k": 5,
    "linkage": "average",
    "metric": "euclidean",
    "combined": 2.7040994102468545,
    "silhouette": 0.7457674087399672,
    "davies_bouldin": 0.21448036693452543,
    "intra_dist_mean": 2.4956856762993684,
    "inter_dist_mean": 11.630691148931811,
    "ratio_intra_inter": 0.2145775899593347,
    "n_merge_steps": 297,
    "total_runtime_sec": 3.1621804237365723
}