{
    "core_count": 1303,
    "border_count": 40,
    "noise_count": 59,
    "noise_ratio": 0.04208273894436519,
    "neighbor_hist": [
        0,
        24,
        24,
        22,
        13,
        16,
        7,
        14,
        11,
        15,
        6,
        11,
        13,
        4,
        6,
        9,
        5,
        12,
        13,
        10,
        4,
        3,
        2,
        8,
        6,
        4,
        13,
        2,
        4,
        2,
        7,
        3,
        6,
        3,
        4,
        5,
        2,
        6,
        2,
        5,
        7,
        10,
        6,
        3,
        7,
        7,
        5,
        1,
        4,
        1026
    ],
    "combined_score": 0.4788858677600627,
    "silhouette": 0.2892576379155152,
    "davies_bouldin": 1.5642990130325458,
    "sse": 7332.249048765461,
    "weights": {
        "alpha": 0.47,
        "beta": 0.53,
        "gamma": 0.0
    }
}