{
    "n_trials": 31,
    "avg_iterations": 6.967741935483871,
    "median_iterations": 7.0,
    "avg_auc_delta": 13.913932044671686,
    "avg_geo_decay": 0.5915480173870157,
    "best_k": 17,
    "best_combined_score": 0.7110304389525186,
    "best_sse": 277.56858545576506,
    "weights": {
        "alpha": 0.47,
        "beta": 0.53,
        "gamma": 0.0
    },
    "total_runtime_sec": 2.1597652435302734
}