{
    "clean_state": "raw",
    "best_k": 43,
    "best_cov_type": "tied",
    "best_combined": 0.9644724232835918,
    "best_silhouette": 0.6526673744413258,
    "best_db": 0.7835286776114049,
    "n_iter_final": 1,
    "ll_curve_final": [
        -1.6521373229983196,
        2.6950204077857496,
        3.8932648854567633,
        4.388526420182621,
        4.404108110960709,
        4.407601833511667,
        4.408023273643075
    ],
    "total_runtime_sec": 38.036694288253784
}