{
    "clean_state": "raw",
    "best_k": 20,
    "best_cov_type": "spherical",
    "best_combined": 0.39612465545131237,
    "best_silhouette": -0.007582099163310055,
    "best_db": 1.975992896243476,
    "best_sse": 11126.829804493991,
    "weights": {
        "alpha": 0.47,
        "beta": 0.53,
        "gamma": 0.0
    },
    "n_iter_final": 1,
    "ll_curve_final": [
        -23.278674146202324,
        -23.18354321076385,
        -23.115404070847852,
        -23.073461171899158,
        -23.02232500802922,
        -22.959455210522727,
        -22.9207299558468,
        -22.89968888726377,
        -22.885449681011774,
        -22.8729783540367,
        -22.856592106255114,
        -22.84591356179998,
        -22.84218411087933,
        -22.83729993987839,
        -22.830028315809642,
        -22.827634719652227,
        -22.8264713606791,
        -22.82530640391362,
        -22.824026715132828,
        -22.82257621059477,
        -22.820946812018164,
        -22.819220566968216,
        -22.81763095761512,
        -22.81640679080603,
        -22.815530520192908
    ],
    "total_runtime_sec": 11.566678285598755
}