{
    "n_trials": 30,
    "avg_iterations": 14.5,
    "median_iterations": 14.5,
    "avg_auc_delta": 8.346712035359683,
    "avg_geo_decay": 0.6632456662905195,
    "best_k": 32,
    "best_combined_score": 0.5327666644894008,
    "best_sse": 1068.094866104276,
    "total_runtime_sec": 1.4037749767303467
}