{
    "n_trials": 31,
    "avg_iterations": 14.483870967741936,
    "median_iterations": 13.0,
    "avg_auc_delta": 11.864904257017466,
    "avg_geo_decay": 0.6755292282672668,
    "best_k": 32,
    "best_combined_score": 0.5187245323395072,
    "best_sse": 1176.728373484466,
    "total_runtime_sec": 5.570420503616333
}