{
    "clean_state": "raw",
    "best_k": 5,
    "linkage": "single",
    "metric": "euclidean",
    "combined": 2.2001254015343936,
    "silhouette": 0.5338557552377352,
    "davies_bouldin": 0.25863885806520837,
    "intra_dist_mean": 3.2833802204955376,
    "inter_dist_mean": 12.295869218172532,
    "ratio_intra_inter": 0.267031159996614,
    "n_merge_steps": 1015,
    "h_max": 24.344940909275305,
    "total_runtime_sec": 17.163606643676758
}