{
    "clean_state": "raw",
    "best_k": 5,
    "linkage": "single",
    "metric": "euclidean",
    "combined": 2.2001254015343683,
    "silhouette": 0.5338557552376842,
    "davies_bouldin": 0.25863885806520837,
    "intra_dist_mean": 3.2833802204958804,
    "inter_dist_mean": 12.295869218172532,
    "ratio_intra_inter": 0.2670311599966419,
    "n_merge_steps": 1015,
    "total_runtime_sec": 41.550710916519165
}