{
    "clean_state": "raw",
    "best_k": 6,
    "linkage": "single",
    "metric": "euclidean",
    "combined": 0.7471337787486158,
    "silhouette": 0.5403191818290333,
    "davies_bouldin": 0.37393445079484516,
    "sse": 3132.367277929498,
    "weights": {
        "alpha": 0.47,
        "beta": 0.53,
        "gamma": 0.0
    },
    "intra_dist_mean": 3.900557025067164,
    "inter_dist_mean": 12.851218665375738,
    "ratio_intra_inter": 0.3035165089499174,
    "n_merge_steps": 386,
    "h_max": 13.756960721917729,
    "total_runtime_sec": 4.296351432800293
}