{
    "n_trials": 31,
    "avg_iterations": 9.64516129032258,
    "median_iterations": 9.0,
    "avg_auc_delta": 13.07798976013214,
    "avg_geo_decay": 0.6378710876381581,
    "best_k": 16,
    "best_combined_score": 0.4678520827407881,
    "best_sse": 1597.5516558209204,
    "weights": {
        "alpha": 0.47,
        "beta": 0.53,
        "gamma": 0.0
    },
    "total_runtime_sec": 3.077468156814575
}