{
    "core_count": 994,
    "border_count": 24,
    "noise_count": 37,
    "noise_ratio": 0.035071090047393366,
    "neighbor_hist": [
        0,
        16,
        13,
        25,
        7,
        13,
        7,
        13,
        21,
        11,
        4,
        11,
        15,
        13,
        9,
        8,
        7,
        14,
        13,
        9,
        16,
        4,
        9,
        6,
        2,
        7,
        5,
        14,
        9,
        7,
        2,
        7,
        2,
        5,
        4,
        5,
        16,
        4,
        6,
        4,
        3,
        5,
        7,
        5,
        2,
        5,
        3,
        3,
        9,
        650
    ],
    "combined_score": 0.5089299884211141,
    "silhouette": 0.38415108831837275,
    "davies_bouldin": 1.4260192380015573,
    "sse": 5918.7259862233595,
    "weights": {
        "alpha": 0.47,
        "beta": 0.53,
        "gamma": 0.0
    }
}