{
    "n_trials": 31,
    "avg_iterations": 8.096774193548388,
    "median_iterations": 7.0,
    "avg_auc_delta": 13.450571021890463,
    "avg_geo_decay": 0.6314516929158509,
    "best_k": 8,
    "best_combined_score": 0.6245319623989574,
    "best_sse": 1930.0520878146276,
    "weights": {
        "alpha": 0.47,
        "beta": 0.53,
        "gamma": 0.0
    },
    "total_runtime_sec": 3.5532233715057373
}