{
    "clean_state": "raw",
    "best_k": 7,
    "best_cov_type": "spherical",
    "best_combined": 0.5338093647095997,
    "best_silhouette": 0.12189397092932355,
    "best_db": 0.9536964238177278,
    "best_sse": 95.80826880977824,
    "weights": {
        "alpha": 0.47,
        "beta": 0.53,
        "gamma": 0.0
    },
    "n_iter_final": 1,
    "ll_curve_final": [
        3.66610806161627,
        3.6661304895001465
    ],
    "total_runtime_sec": 0.5609116554260254
}