{
    "clean_state": "raw",
    "best_k": 40,
    "linkage": "average",
    "metric": "euclidean",
    "combined": 0.6470656544579694,
    "silhouette": 0.36796509959978635,
    "davies_bouldin": 0.6194079186699118,
    "sse": 1769.6256970003826,
    "weights": {
        "alpha": 0.47,
        "beta": 0.53,
        "gamma": 0.0
    },
    "intra_dist_mean": 1.373803496628934,
    "inter_dist_mean": 3.5432004350595814,
    "ratio_intra_inter": 0.38772954615688987,
    "n_merge_steps": 1728,
    "h_max": 7.228491821912388,
    "total_runtime_sec": 270.262247800827
}