{
    "centroid_movements": [
        2.349912664573597e-15
    ],
    "sse_list": [
        3957.050252763336,
        3957.050252763336
    ],
    "final_iteration": 2
}