{
    "n_trials": 30,
    "avg_iterations": 11.133333333333333,
    "median_iterations": 11.0,
    "avg_auc_delta": 13.184370333737581,
    "avg_geo_decay": 0.6197250896962478,
    "best_k": 28,
    "best_combined_score": 0.4420948087795663,
    "best_sse": 3571.947498752412,
    "total_runtime_sec": 1.294832468032837
}