{
    "n_trials": 31,
    "avg_iterations": 13.258064516129032,
    "median_iterations": 13.0,
    "avg_auc_delta": 21.10534003561146,
    "avg_geo_decay": 0.6813273010013466,
    "best_k": 28,
    "best_combined_score": 0.5193678032935309,
    "best_sse": 3460.810180485847,
    "total_runtime_sec": 6.005215406417847
}