{
    "n_trials": 30,
    "avg_iterations": 12.7,
    "median_iterations": 14.0,
    "avg_auc_delta": 5.048164075691478,
    "avg_geo_decay": 0.6462747647675167,
    "best_k": 38,
    "best_combined_score": 0.6251323133349731,
    "best_sse": 882.261424175955,
    "weights": {
        "alpha": 0.47,
        "beta": 0.53,
        "gamma": 0.0
    },
    "total_runtime_sec": 5.825343132019043
}