{
    "clean_state": "raw",
    "best_k": 14,
    "best_cov_type": "tied",
    "best_combined": 0.6626020150255534,
    "best_silhouette": 0.5004359204561175,
    "best_db": 0.6655037099001733,
    "best_sse": 1072.6061379131831,
    "weights": {
        "alpha": 0.47,
        "beta": 0.53,
        "gamma": 0.0
    },
    "n_iter_final": 1,
    "ll_curve_final": [
        -3.8728160993140834,
        -3.4608142111482607,
        -3.45368785517965,
        -3.443667569870353,
        -3.4122956162932794,
        -3.332129955181852,
        -3.2585074760983983,
        -3.254899757748866,
        -3.2506227089024735,
        -3.2494389473594367,
        -3.24935002694496
    ],
    "total_runtime_sec": 11.461913824081421
}