{
    "clean_state": "raw",
    "best_k": 5,
    "linkage": "single",
    "metric": "euclidean",
    "combined": 1.1778287121666138,
    "silhouette": 0.26063201839961303,
    "davies_bouldin": 0.47732118052972544,
    "intra_dist_mean": 3.2162672393080944,
    "inter_dist_mean": 5.253976701765188,
    "ratio_intra_inter": 0.6121586413253236,
    "n_merge_steps": 2375,
    "total_runtime_sec": 114.63653898239136
}