{
    "clean_state": "raw",
    "best_k": 5,
    "linkage": "single",
    "metric": "manhattan",
    "combined": 0.7580828525398539,
    "silhouette": 0.6019234120162066,
    "davies_bouldin": 0.3817404408009379,
    "sse": 9904.268897549466,
    "weights": {
        "alpha": 0.47,
        "beta": 0.53,
        "gamma": 0.0
    },
    "intra_dist_mean": 3.4866190177109853,
    "inter_dist_mean": 10.323743188113403,
    "ratio_intra_inter": 0.3377281819374475,
    "n_merge_steps": 1399,
    "h_max": 8.062725316222915,
    "total_runtime_sec": 71.40749955177307
}