{
    "clean_state": "raw",
    "best_k": 5,
    "linkage": "single",
    "metric": "euclidean",
    "combined": 1.177828735672265,
    "silhouette": 0.2606320183998153,
    "davies_bouldin": 0.4773211698189277,
    "intra_dist_mean": 3.2162672393071463,
    "inter_dist_mean": 5.253976701765188,
    "ratio_intra_inter": 0.6121586413251431,
    "n_merge_steps": 2375,
    "h_max": 2.607801969064481,
    "total_runtime_sec": 127.8934051990509
}