{
    "n_trials": 31,
    "avg_iterations": 5.32258064516129,
    "median_iterations": 5.0,
    "avg_auc_delta": 9.761978527453827,
    "avg_geo_decay": 0.4125691785072106,
    "best_k": 26,
    "best_combined_score": 0.6216217793451546,
    "best_sse": 1489.5640806091642,
    "weights": {
        "alpha": 0.47,
        "beta": 0.53,
        "gamma": 0.0
    },
    "total_runtime_sec": 4.4885094165802
}