{
    "core_count": 532,
    "border_count": 59,
    "noise_count": 98,
    "noise_ratio": 0.14223512336719885,
    "neighbor_hist": [
        0,
        19,
        27,
        14,
        16,
        14,
        18,
        20,
        29,
        20,
        17,
        18,
        20,
        23,
        19,
        24,
        19,
        20,
        12,
        8,
        14,
        11,
        3,
        7,
        4,
        10,
        5,
        6,
        8,
        4,
        3,
        6,
        9,
        5,
        6,
        4,
        0,
        3,
        9,
        7,
        5,
        3,
        7,
        4,
        2,
        5,
        3,
        5,
        7,
        167
    ],
    "combined_score": 0.44510660911713323,
    "silhouette": 0.16452798962532414,
    "davies_bouldin": 1.7159599688174587,
    "sse": 2045.654740164137,
    "weights": {
        "alpha": 0.47,
        "beta": 0.53,
        "gamma": 0.0
    }
}