{
    "core_count": 796,
    "border_count": 4,
    "noise_count": 200,
    "noise_ratio": 0.2,
    "neighbor_hist": [
        0,
        53,
        59,
        45,
        47,
        26,
        42,
        7,
        32,
        27,
        11,
        11,
        12,
        39,
        29,
        15,
        0,
        34,
        0,
        0,
        71,
        30,
        22,
        23,
        0,
        25,
        26,
        0,
        0,
        0,
        0,
        0,
        0,
        0,
        21,
        13,
        0,
        0,
        38,
        0,
        0,
        0,
        0,
        0,
        0,
        0,
        0,
        0,
        0,
        242
    ],
    "combined_score": 0.5569772150477708,
    "silhouette": 0.6024256685132482,
    "davies_bouldin": 1.2807451079347818,
    "sse": 64.4243568717761,
    "weights": {
        "alpha": 0.47,
        "beta": 0.53,
        "gamma": 0.0
    }
}