{
    "core_count": 2267,
    "border_count": 33,
    "noise_count": 69,
    "noise_ratio": 0.02912621359223301,
    "neighbor_hist": [
        0,
        34,
        35,
        16,
        17,
        17,
        18,
        13,
        16,
        14,
        26,
        14,
        10,
        9,
        8,
        2,
        8,
        7,
        7,
        14,
        13,
        7,
        5,
        9,
        8,
        8,
        6,
        2,
        4,
        2,
        1,
        7,
        6,
        5,
        5,
        6,
        9,
        14,
        6,
        5,
        7,
        5,
        4,
        5,
        6,
        3,
        7,
        43,
        1,
        1875
    ],
    "combined_score": 0.5090923724940274,
    "silhouette": 0.3963315717570722,
    "davies_bouldin": 1.436014200133911,
    "sse": 13641.11309266476,
    "weights": {
        "alpha": 0.47,
        "beta": 0.53,
        "gamma": 0.0
    }
}