{
    "n_trials": 31,
    "avg_iterations": 16.612903225806452,
    "median_iterations": 16.0,
    "avg_auc_delta": 11.705297307250317,
    "avg_geo_decay": 0.6998297435279323,
    "best_k": 27,
    "best_combined_score": 0.4965130180023875,
    "best_sse": 1700.4221711143573,
    "weights": {
        "alpha": 0.47,
        "beta": 0.53,
        "gamma": 0.0
    },
    "total_runtime_sec": 4.4674763679504395
}