{
    "n_trials": 31,
    "avg_iterations": 7.0,
    "median_iterations": 7.0,
    "avg_auc_delta": 12.21618961351805,
    "avg_geo_decay": 0.4789754563740049,
    "best_k": 28,
    "best_combined_score": 0.5436977479362923,
    "best_sse": 2243.430697570898,
    "weights": {
        "alpha": 0.47,
        "beta": 0.53,
        "gamma": 0.0
    },
    "total_runtime_sec": 4.622864007949829
}